station_name,borough,month,predicted_hotspot_prob,predicted_hotspot_label,confidence_bucket,scenario_mode
1 AVENUE,MANHATTAN,2027-01-01,0.000499,0,very_low,baseline
1 AVENUE,MANHATTAN,2027-02-01,0.000467,0,very_low,baseline
1 AVENUE,MANHATTAN,2027-03-01,0.00045,0,very_low,baseline
1 AVENUE,MANHATTAN,2027-04-01,0.000441,0,very_low,baseline
1 AVENUE,MANHATTAN,2027-05-01,0.00047,0,very_low,baseline
1 AVENUE,MANHATTAN,2027-06-01,0.00051,0,very_low,baseline
1 AVENUE,MANHATTAN,2027-07-01,0.00051,0,very_low,baseline
1 AVENUE,MANHATTAN,2027-08-01,0.00051,0,very_low,baseline
1 AVENUE,MANHATTAN,2027-09-01,0.000523,0,very_low,baseline
1 AVENUE,MANHATTAN,2027-10-01,0.000443,0,very_low,baseline
1 AVENUE,MANHATTAN,2027-11-01,0.000473,0,very_low,baseline
1 AVENUE,MANHATTAN,2027-12-01,0.000493,0,very_low,baseline
1 AVENUE,MANHATTAN,2028-01-01,0.000483,0,very_low,baseline
1 AVENUE,MANHATTAN,2028-02-01,0.00049,0,very_low,baseline
1 AVENUE,MANHATTAN,2028-03-01,0.000476,0,very_low,baseline
1 AVENUE,MANHATTAN,2028-04-01,0.000476,0,very_low,baseline
1 AVENUE,MANHATTAN,2028-05-01,0.000495,0,very_low,baseline
1 AVENUE,MANHATTAN,2028-06-01,0.00051,0,very_low,baseline
1 AVENUE,MANHATTAN,2028-07-01,0.00051,0,very_low,baseline
1 AVENUE,MANHATTAN,2028-08-01,0.00051,0,very_low,baseline
1 AVENUE,MANHATTAN,2028-09-01,0.000523,0,very_low,baseline
1 AVENUE,MANHATTAN,2028-10-01,0.000443,0,very_low,baseline
1 AVENUE,MANHATTAN,2028-11-01,0.000473,0,very_low,baseline
1 AVENUE,MANHATTAN,2028-12-01,0.000493,0,very_low,baseline
1 AVENUE,MANHATTAN,2029-01-01,0.000483,0,very_low,baseline
1 AVENUE,MANHATTAN,2029-02-01,0.00049,0,very_low,baseline
1 AVENUE,MANHATTAN,2029-03-01,0.000476,0,very_low,baseline
1 AVENUE,MANHATTAN,2029-04-01,0.000476,0,very_low,baseline
1 AVENUE,MANHATTAN,2029-05-01,0.000495,0,very_low,baseline
1 AVENUE,MANHATTAN,2029-06-01,0.00051,0,very_low,baseline
1 AVENUE,MANHATTAN,2029-07-01,0.00051,0,very_low,baseline
1 AVENUE,MANHATTAN,2029-08-01,0.00051,0,very_low,baseline
1 AVENUE,MANHATTAN,2029-09-01,0.000523,0,very_low,baseline
1 AVENUE,MANHATTAN,2029-10-01,0.000443,0,very_low,baseline
1 AVENUE,MANHATTAN,2029-11-01,0.000473,0,very_low,baseline
1 AVENUE,MANHATTAN,2029-12-01,0.000493,0,very_low,baseline
102 STREET,QUEENS,2027-01-01,0.00048,0,very_low,baseline
102 STREET,QUEENS,2027-02-01,0.000454,0,very_low,baseline
102 STREET,QUEENS,2027-03-01,0.0005,0,very_low,baseline
102 STREET,QUEENS,2027-04-01,0.000564,0,very_low,baseline
102 STREET,QUEENS,2027-05-01,0.000502,0,very_low,baseline
102 STREET,QUEENS,2027-06-01,0.000571,0,very_low,baseline
102 STREET,QUEENS,2027-07-01,0.000571,0,very_low,baseline
102 STREET,QUEENS,2027-08-01,0.000571,0,very_low,baseline
102 STREET,QUEENS,2027-09-01,0.000601,0,very_low,baseline
102 STREET,QUEENS,2027-10-01,0.000508,0,very_low,baseline
102 STREET,QUEENS,2027-11-01,0.000495,0,very_low,baseline
102 STREET,QUEENS,2027-12-01,0.000515,0,very_low,baseline
102 STREET,QUEENS,2028-01-01,0.000581,0,very_low,baseline
102 STREET,QUEENS,2028-02-01,0.000558,0,very_low,baseline
102 STREET,QUEENS,2028-03-01,0.000564,0,very_low,baseline
102 STREET,QUEENS,2028-04-01,0.000564,0,very_low,baseline
102 STREET,QUEENS,2028-05-01,0.000567,0,very_low,baseline
102 STREET,QUEENS,2028-06-01,0.000571,0,very_low,baseline
102 STREET,QUEENS,2028-07-01,0.000571,0,very_low,baseline
102 STREET,QUEENS,2028-08-01,0.000571,0,very_low,baseline
102 STREET,QUEENS,2028-09-01,0.000601,0,very_low,baseline
102 STREET,QUEENS,2028-10-01,0.000508,0,very_low,baseline
102 STREET,QUEENS,2028-11-01,0.000495,0,very_low,baseline
102 STREET,QUEENS,2028-12-01,0.000515,0,very_low,baseline
102 STREET,QUEENS,2029-01-01,0.000581,0,very_low,baseline
102 STREET,QUEENS,2029-02-01,0.000558,0,very_low,baseline
102 STREET,QUEENS,2029-03-01,0.000564,0,very_low,baseline
102 STREET,QUEENS,2029-04-01,0.000564,0,very_low,baseline
102 STREET,QUEENS,2029-05-01,0.000567,0,very_low,baseline
102 STREET,QUEENS,2029-06-01,0.000571,0,very_low,baseline
102 STREET,QUEENS,2029-07-01,0.000571,0,very_low,baseline
102 STREET,QUEENS,2029-08-01,0.000571,0,very_low,baseline
102 STREET,QUEENS,2029-09-01,0.000601,0,very_low,baseline
102 STREET,QUEENS,2029-10-01,0.000508,0,very_low,baseline
102 STREET,QUEENS,2029-11-01,0.000495,0,very_low,baseline
102 STREET,QUEENS,2029-12-01,0.000515,0,very_low,baseline
103 ST.-CORONA PLAZA,QUEENS,2027-01-01,0.008805,0,very_low,baseline
103 ST.-CORONA PLAZA,QUEENS,2027-02-01,0.009198,0,very_low,baseline
103 ST.-CORONA PLAZA,QUEENS,2027-03-01,0.0075,0,very_low,baseline
103 ST.-CORONA PLAZA,QUEENS,2027-04-01,0.007631,0,very_low,baseline
103 ST.-CORONA PLAZA,QUEENS,2027-05-01,0.007475,0,very_low,baseline
103 ST.-CORONA PLAZA,QUEENS,2027-06-01,0.007279,0,very_low,baseline
103 ST.-CORONA PLAZA,QUEENS,2027-07-01,0.007249,0,very_low,baseline
103 ST.-CORONA PLAZA,QUEENS,2027-08-01,0.007494,0,very_low,baseline
103 ST.-CORONA PLAZA,QUEENS,2027-09-01,0.007387,0,very_low,baseline
103 ST.-CORONA PLAZA,QUEENS,2027-10-01,0.004984,0,very_low,baseline
103 ST.-CORONA PLAZA,QUEENS,2027-11-01,0.004791,0,very_low,baseline
103 ST.-CORONA PLAZA,QUEENS,2027-12-01,0.004906,0,very_low,baseline
103 ST.-CORONA PLAZA,QUEENS,2028-01-01,0.007676,0,very_low,baseline
103 ST.-CORONA PLAZA,QUEENS,2028-02-01,0.007886,0,very_low,baseline
103 ST.-CORONA PLAZA,QUEENS,2028-03-01,0.007365,0,very_low,baseline
103 ST.-CORONA PLAZA,QUEENS,2028-04-01,0.007494,0,very_low,baseline
103 ST.-CORONA PLAZA,QUEENS,2028-05-01,0.007401,0,very_low,baseline
103 ST.-CORONA PLAZA,QUEENS,2028-06-01,0.007279,0,very_low,baseline
103 ST.-CORONA PLAZA,QUEENS,2028-07-01,0.007249,0,very_low,baseline
103 ST.-CORONA PLAZA,QUEENS,2028-08-01,0.007494,0,very_low,baseline
103 ST.-CORONA PLAZA,QUEENS,2028-09-01,0.007387,0,very_low,baseline
103 ST.-CORONA PLAZA,QUEENS,2028-10-01,0.004984,0,very_low,baseline
103 ST.-CORONA PLAZA,QUEENS,2028-11-01,0.004791,0,very_low,baseline
103 ST.-CORONA PLAZA,QUEENS,2028-12-01,0.004906,0,very_low,baseline
103 ST.-CORONA PLAZA,QUEENS,2029-01-01,0.007676,0,very_low,baseline
103 ST.-CORONA PLAZA,QUEENS,2029-02-01,0.007886,0,very_low,baseline
103 ST.-CORONA PLAZA,QUEENS,2029-03-01,0.007365,0,very_low,baseline
103 ST.-CORONA PLAZA,QUEENS,2029-04-01,0.007494,0,very_low,baseline
103 ST.-CORONA PLAZA,QUEENS,2029-05-01,0.007401,0,very_low,baseline
103 ST.-CORONA PLAZA,QUEENS,2029-06-01,0.007279,0,very_low,baseline
103 ST.-CORONA PLAZA,QUEENS,2029-07-01,0.007249,0,very_low,baseline
103 ST.-CORONA PLAZA,QUEENS,2029-08-01,0.007494,0,very_low,baseline
103 ST.-CORONA PLAZA,QUEENS,2029-09-01,0.007387,0,very_low,baseline
103 ST.-CORONA PLAZA,QUEENS,2029-10-01,0.004984,0,very_low,baseline
103 ST.-CORONA PLAZA,QUEENS,2029-11-01,0.004791,0,very_low,baseline
103 ST.-CORONA PLAZA,QUEENS,2029-12-01,0.004906,0,very_low,baseline
103 STREET,MANHATTAN,2027-01-01,0.00012,0,very_low,baseline
103 STREET,MANHATTAN,2027-02-01,0.000139,0,very_low,baseline
103 STREET,MANHATTAN,2027-03-01,0.00016,0,very_low,baseline
103 STREET,MANHATTAN,2027-04-01,0.000145,0,very_low,baseline
103 STREET,MANHATTAN,2027-05-01,0.000161,0,very_low,baseline
103 STREET,MANHATTAN,2027-06-01,0.000171,0,very_low,baseline
103 STREET,MANHATTAN,2027-07-01,0.000171,0,very_low,baseline
103 STREET,MANHATTAN,2027-08-01,0.000171,0,very_low,baseline
103 STREET,MANHATTAN,2027-09-01,0.000172,0,very_low,baseline
103 STREET,MANHATTAN,2027-10-01,0.000121,0,very_low,baseline
103 STREET,MANHATTAN,2027-11-01,0.000116,0,very_low,baseline
103 STREET,MANHATTAN,2027-12-01,0.000114,0,very_low,baseline
103 STREET,MANHATTAN,2028-01-01,0.00014,0,very_low,baseline
103 STREET,MANHATTAN,2028-02-01,0.000153,0,very_low,baseline
103 STREET,MANHATTAN,2028-03-01,0.000154,0,very_low,baseline
103 STREET,MANHATTAN,2028-04-01,0.000157,0,very_low,baseline
103 STREET,MANHATTAN,2028-05-01,0.000168,0,very_low,baseline
103 STREET,MANHATTAN,2028-06-01,0.000171,0,very_low,baseline
103 STREET,MANHATTAN,2028-07-01,0.000171,0,very_low,baseline
103 STREET,MANHATTAN,2028-08-01,0.000171,0,very_low,baseline
103 STREET,MANHATTAN,2028-09-01,0.000172,0,very_low,baseline
103 STREET,MANHATTAN,2028-10-01,0.000121,0,very_low,baseline
103 STREET,MANHATTAN,2028-11-01,0.000116,0,very_low,baseline
103 STREET,MANHATTAN,2028-12-01,0.000114,0,very_low,baseline
103 STREET,MANHATTAN,2029-01-01,0.00014,0,very_low,baseline
103 STREET,MANHATTAN,2029-02-01,0.000153,0,very_low,baseline
103 STREET,MANHATTAN,2029-03-01,0.000154,0,very_low,baseline
103 STREET,MANHATTAN,2029-04-01,0.000157,0,very_low,baseline
103 STREET,MANHATTAN,2029-05-01,0.000168,0,very_low,baseline
103 STREET,MANHATTAN,2029-06-01,0.000171,0,very_low,baseline
103 STREET,MANHATTAN,2029-07-01,0.000171,0,very_low,baseline
103 STREET,MANHATTAN,2029-08-01,0.000171,0,very_low,baseline
103 STREET,MANHATTAN,2029-09-01,0.000172,0,very_low,baseline
103 STREET,MANHATTAN,2029-10-01,0.000121,0,very_low,baseline
103 STREET,MANHATTAN,2029-11-01,0.000116,0,very_low,baseline
103 STREET,MANHATTAN,2029-12-01,0.000114,0,very_low,baseline
104 STREET,QUEENS,2027-01-01,0.000115,0,very_low,baseline
104 STREET,QUEENS,2027-02-01,0.000128,0,very_low,baseline
104 STREET,QUEENS,2027-03-01,0.000132,0,very_low,baseline
104 STREET,QUEENS,2027-04-01,0.000122,0,very_low,baseline
104 STREET,QUEENS,2027-05-01,0.000127,0,very_low,baseline
104 STREET,QUEENS,2027-06-01,0.000139,0,very_low,baseline
104 STREET,QUEENS,2027-07-01,0.000139,0,very_low,baseline
104 STREET,QUEENS,2027-08-01,0.000139,0,very_low,baseline
104 STREET,QUEENS,2027-09-01,0.000144,0,very_low,baseline
104 STREET,QUEENS,2027-10-01,0.000119,0,very_low,baseline
104 STREET,QUEENS,2027-11-01,0.000112,0,very_low,baseline
104 STREET,QUEENS,2027-12-01,0.000112,0,very_low,baseline
104 STREET,QUEENS,2028-01-01,0.000136,0,very_low,baseline
104 STREET,QUEENS,2028-02-01,0.000135,0,very_low,baseline
104 STREET,QUEENS,2028-03-01,0.000132,0,very_low,baseline
104 STREET,QUEENS,2028-04-01,0.000132,0,very_low,baseline
104 STREET,QUEENS,2028-05-01,0.000138,0,very_low,baseline
104 STREET,QUEENS,2028-06-01,0.000139,0,very_low,baseline
104 STREET,QUEENS,2028-07-01,0.000139,0,very_low,baseline
104 STREET,QUEENS,2028-08-01,0.000139,0,very_low,baseline
104 STREET,QUEENS,2028-09-01,0.000144,0,very_low,baseline
104 STREET,QUEENS,2028-10-01,0.000119,0,very_low,baseline
104 STREET,QUEENS,2028-11-01,0.000112,0,very_low,baseline
104 STREET,QUEENS,2028-12-01,0.000112,0,very_low,baseline
104 STREET,QUEENS,2029-01-01,0.000136,0,very_low,baseline
104 STREET,QUEENS,2029-02-01,0.000135,0,very_low,baseline
104 STREET,QUEENS,2029-03-01,0.000132,0,very_low,baseline
104 STREET,QUEENS,2029-04-01,0.000132,0,very_low,baseline
104 STREET,QUEENS,2029-05-01,0.000138,0,very_low,baseline
104 STREET,QUEENS,2029-06-01,0.000139,0,very_low,baseline
104 STREET,QUEENS,2029-07-01,0.000139,0,very_low,baseline
104 STREET,QUEENS,2029-08-01,0.000139,0,very_low,baseline
104 STREET,QUEENS,2029-09-01,0.000144,0,very_low,baseline
104 STREET,QUEENS,2029-10-01,0.000119,0,very_low,baseline
104 STREET,QUEENS,2029-11-01,0.000112,0,very_low,baseline
104 STREET,QUEENS,2029-12-01,0.000112,0,very_low,baseline
110 ST.-CATHEDRAL PKWY.,MANHATTAN,2027-01-01,9.3e-05,0,very_low,baseline
110 ST.-CATHEDRAL PKWY.,MANHATTAN,2027-02-01,0.0001,0,very_low,baseline
110 ST.-CATHEDRAL PKWY.,MANHATTAN,2027-03-01,8.7e-05,0,very_low,baseline
110 ST.-CATHEDRAL PKWY.,MANHATTAN,2027-04-01,8.5e-05,0,very_low,baseline
110 ST.-CATHEDRAL PKWY.,MANHATTAN,2027-05-01,6e-05,0,very_low,baseline
110 ST.-CATHEDRAL PKWY.,MANHATTAN,2027-06-01,5.5e-05,0,very_low,baseline
110 ST.-CATHEDRAL PKWY.,MANHATTAN,2027-07-01,5.5e-05,0,very_low,baseline
110 ST.-CATHEDRAL PKWY.,MANHATTAN,2027-08-01,5.5e-05,0,very_low,baseline
110 ST.-CATHEDRAL PKWY.,MANHATTAN,2027-09-01,5.5e-05,0,very_low,baseline
110 ST.-CATHEDRAL PKWY.,MANHATTAN,2027-10-01,4.6e-05,0,very_low,baseline
110 ST.-CATHEDRAL PKWY.,MANHATTAN,2027-11-01,4.3e-05,0,very_low,baseline
110 ST.-CATHEDRAL PKWY.,MANHATTAN,2027-12-01,4.2e-05,0,very_low,baseline
110 ST.-CATHEDRAL PKWY.,MANHATTAN,2028-01-01,5.3e-05,0,very_low,baseline
110 ST.-CATHEDRAL PKWY.,MANHATTAN,2028-02-01,5.2e-05,0,very_low,baseline
110 ST.-CATHEDRAL PKWY.,MANHATTAN,2028-03-01,5.2e-05,0,very_low,baseline
110 ST.-CATHEDRAL PKWY.,MANHATTAN,2028-04-01,5.2e-05,0,very_low,baseline
110 ST.-CATHEDRAL PKWY.,MANHATTAN,2028-05-01,5.4e-05,0,very_low,baseline
110 ST.-CATHEDRAL PKWY.,MANHATTAN,2028-06-01,5.5e-05,0,very_low,baseline
110 ST.-CATHEDRAL PKWY.,MANHATTAN,2028-07-01,5.5e-05,0,very_low,baseline
110 ST.-CATHEDRAL PKWY.,MANHATTAN,2028-08-01,5.5e-05,0,very_low,baseline
110 ST.-CATHEDRAL PKWY.,MANHATTAN,2028-09-01,5.5e-05,0,very_low,baseline
110 ST.-CATHEDRAL PKWY.,MANHATTAN,2028-10-01,4.6e-05,0,very_low,baseline
110 ST.-CATHEDRAL PKWY.,MANHATTAN,2028-11-01,4.3e-05,0,very_low,baseline
110 ST.-CATHEDRAL PKWY.,MANHATTAN,2028-12-01,4.2e-05,0,very_low,baseline
110 ST.-CATHEDRAL PKWY.,MANHATTAN,2029-01-01,5.3e-05,0,very_low,baseline
110 ST.-CATHEDRAL PKWY.,MANHATTAN,2029-02-01,5.2e-05,0,very_low,baseline
110 ST.-CATHEDRAL PKWY.,MANHATTAN,2029-03-01,5.2e-05,0,very_low,baseline
110 ST.-CATHEDRAL PKWY.,MANHATTAN,2029-04-01,5.2e-05,0,very_low,baseline
110 ST.-CATHEDRAL PKWY.,MANHATTAN,2029-05-01,5.4e-05,0,very_low,baseline
110 ST.-CATHEDRAL PKWY.,MANHATTAN,2029-06-01,5.5e-05,0,very_low,baseline
110 ST.-CATHEDRAL PKWY.,MANHATTAN,2029-07-01,5.5e-05,0,very_low,baseline
110 ST.-CATHEDRAL PKWY.,MANHATTAN,2029-08-01,5.5e-05,0,very_low,baseline
110 ST.-CATHEDRAL PKWY.,MANHATTAN,2029-09-01,5.5e-05,0,very_low,baseline
110 ST.-CATHEDRAL PKWY.,MANHATTAN,2029-10-01,4.6e-05,0,very_low,baseline
110 ST.-CATHEDRAL PKWY.,MANHATTAN,2029-11-01,4.3e-05,0,very_low,baseline
110 ST.-CATHEDRAL PKWY.,MANHATTAN,2029-12-01,4.2e-05,0,very_low,baseline
110 ST.-CENTRAL PARK NORTH,MANHATTAN,2027-01-01,0.00083,0,very_low,baseline
110 ST.-CENTRAL PARK NORTH,MANHATTAN,2027-02-01,0.000986,0,very_low,baseline
110 ST.-CENTRAL PARK NORTH,MANHATTAN,2027-03-01,0.001066,0,very_low,baseline
110 ST.-CENTRAL PARK NORTH,MANHATTAN,2027-04-01,0.001112,0,very_low,baseline
110 ST.-CENTRAL PARK NORTH,MANHATTAN,2027-05-01,0.001159,0,very_low,baseline
110 ST.-CENTRAL PARK NORTH,MANHATTAN,2027-06-01,0.001197,0,very_low,baseline
110 ST.-CENTRAL PARK NORTH,MANHATTAN,2027-07-01,0.001197,0,very_low,baseline
110 ST.-CENTRAL PARK NORTH,MANHATTAN,2027-08-01,0.001197,0,very_low,baseline
110 ST.-CENTRAL PARK NORTH,MANHATTAN,2027-09-01,0.001182,0,very_low,baseline
110 ST.-CENTRAL PARK NORTH,MANHATTAN,2027-10-01,0.000916,0,very_low,baseline
110 ST.-CENTRAL PARK NORTH,MANHATTAN,2027-11-01,0.00095,0,very_low,baseline
110 ST.-CENTRAL PARK NORTH,MANHATTAN,2027-12-01,0.000927,0,very_low,baseline
110 ST.-CENTRAL PARK NORTH,MANHATTAN,2028-01-01,0.000963,0,very_low,baseline
110 ST.-CENTRAL PARK NORTH,MANHATTAN,2028-02-01,0.001047,0,very_low,baseline
110 ST.-CENTRAL PARK NORTH,MANHATTAN,2028-03-01,0.001066,0,very_low,baseline
110 ST.-CENTRAL PARK NORTH,MANHATTAN,2028-04-01,0.001112,0,very_low,baseline
110 ST.-CENTRAL PARK NORTH,MANHATTAN,2028-05-01,0.001159,0,very_low,baseline
110 ST.-CENTRAL PARK NORTH,MANHATTAN,2028-06-01,0.001197,0,very_low,baseline
110 ST.-CENTRAL PARK NORTH,MANHATTAN,2028-07-01,0.001197,0,very_low,baseline
110 ST.-CENTRAL PARK NORTH,MANHATTAN,2028-08-01,0.001197,0,very_low,baseline
110 ST.-CENTRAL PARK NORTH,MANHATTAN,2028-09-01,0.001182,0,very_low,baseline
110 ST.-CENTRAL PARK NORTH,MANHATTAN,2028-10-01,0.000916,0,very_low,baseline
110 ST.-CENTRAL PARK NORTH,MANHATTAN,2028-11-01,0.00095,0,very_low,baseline
110 ST.-CENTRAL PARK NORTH,MANHATTAN,2028-12-01,0.000927,0,very_low,baseline
110 ST.-CENTRAL PARK NORTH,MANHATTAN,2029-01-01,0.000963,0,very_low,baseline
110 ST.-CENTRAL PARK NORTH,MANHATTAN,2029-02-01,0.001047,0,very_low,baseline
110 ST.-CENTRAL PARK NORTH,MANHATTAN,2029-03-01,0.001066,0,very_low,baseline
110 ST.-CENTRAL PARK NORTH,MANHATTAN,2029-04-01,0.001112,0,very_low,baseline
110 ST.-CENTRAL PARK NORTH,MANHATTAN,2029-05-01,0.001159,0,very_low,baseline
110 ST.-CENTRAL PARK NORTH,MANHATTAN,2029-06-01,0.001197,0,very_low,baseline
110 ST.-CENTRAL PARK NORTH,MANHATTAN,2029-07-01,0.001197,0,very_low,baseline
110 ST.-CENTRAL PARK NORTH,MANHATTAN,2029-08-01,0.001197,0,very_low,baseline
110 ST.-CENTRAL PARK NORTH,MANHATTAN,2029-09-01,0.001182,0,very_low,baseline
110 ST.-CENTRAL PARK NORTH,MANHATTAN,2029-10-01,0.000916,0,very_low,baseline
110 ST.-CENTRAL PARK NORTH,MANHATTAN,2029-11-01,0.00095,0,very_low,baseline
110 ST.-CENTRAL PARK NORTH,MANHATTAN,2029-12-01,0.000927,0,very_low,baseline
110 STREET,MANHATTAN,2027-01-01,0.00296,0,very_low,baseline
110 STREET,MANHATTAN,2027-02-01,0.002218,0,very_low,baseline
110 STREET,MANHATTAN,2027-03-01,0.002403,0,very_low,baseline
110 STREET,MANHATTAN,2027-04-01,0.003006,0,very_low,baseline
110 STREET,MANHATTAN,2027-05-01,0.003525,0,very_low,baseline
110 STREET,MANHATTAN,2027-06-01,0.002986,0,very_low,baseline
110 STREET,MANHATTAN,2027-07-01,0.003069,0,very_low,baseline
110 STREET,MANHATTAN,2027-08-01,0.003069,0,very_low,baseline
110 STREET,MANHATTAN,2027-09-01,0.003019,0,very_low,baseline
110 STREET,MANHATTAN,2027-10-01,0.001683,0,very_low,baseline
110 STREET,MANHATTAN,2027-11-01,0.001611,0,very_low,baseline
110 STREET,MANHATTAN,2027-12-01,0.001587,0,very_low,baseline
110 STREET,MANHATTAN,2028-01-01,0.002743,0,very_low,baseline
110 STREET,MANHATTAN,2028-02-01,0.002826,0,very_low,baseline
110 STREET,MANHATTAN,2028-03-01,0.002648,0,very_low,baseline
110 STREET,MANHATTAN,2028-04-01,0.002749,0,very_low,baseline
110 STREET,MANHATTAN,2028-05-01,0.002942,0,very_low,baseline
110 STREET,MANHATTAN,2028-06-01,0.002986,0,very_low,baseline
110 STREET,MANHATTAN,2028-07-01,0.003069,0,very_low,baseline
110 STREET,MANHATTAN,2028-08-01,0.003069,0,very_low,baseline
110 STREET,MANHATTAN,2028-09-01,0.003019,0,very_low,baseline
110 STREET,MANHATTAN,2028-10-01,0.001683,0,very_low,baseline
110 STREET,MANHATTAN,2028-11-01,0.001611,0,very_low,baseline
110 STREET,MANHATTAN,2028-12-01,0.001587,0,very_low,baseline
110 STREET,MANHATTAN,2029-01-01,0.002743,0,very_low,baseline
110 STREET,MANHATTAN,2029-02-01,0.002826,0,very_low,baseline
110 STREET,MANHATTAN,2029-03-01,0.002648,0,very_low,baseline
110 STREET,MANHATTAN,2029-04-01,0.002749,0,very_low,baseline
110 STREET,MANHATTAN,2029-05-01,0.002942,0,very_low,baseline
110 STREET,MANHATTAN,2029-06-01,0.002986,0,very_low,baseline
110 STREET,MANHATTAN,2029-07-01,0.003069,0,very_low,baseline
110 STREET,MANHATTAN,2029-08-01,0.003069,0,very_low,baseline
110 STREET,MANHATTAN,2029-09-01,0.003019,0,very_low,baseline
110 STREET,MANHATTAN,2029-10-01,0.001683,0,very_low,baseline
110 STREET,MANHATTAN,2029-11-01,0.001611,0,very_low,baseline
110 STREET,MANHATTAN,2029-12-01,0.001587,0,very_low,baseline
111 STREET,QUEENS,2027-01-01,0.119795,1,very_low,baseline
111 STREET,QUEENS,2027-02-01,0.069585,0,very_low,baseline
111 STREET,QUEENS,2027-03-01,0.061367,0,very_low,baseline
111 STREET,QUEENS,2027-04-01,0.052413,0,very_low,baseline
111 STREET,QUEENS,2027-05-01,0.069455,0,very_low,baseline
111 STREET,QUEENS,2027-06-01,0.045324,0,very_low,baseline
111 STREET,QUEENS,2027-07-01,0.046504,0,very_low,baseline
111 STREET,QUEENS,2027-08-01,0.044188,0,very_low,baseline
111 STREET,QUEENS,2027-09-01,0.042326,0,very_low,baseline
111 STREET,QUEENS,2027-10-01,0.027769,0,very_low,baseline
111 STREET,QUEENS,2027-11-01,0.028544,0,very_low,baseline
111 STREET,QUEENS,2027-12-01,0.027868,0,very_low,baseline
111 STREET,QUEENS,2028-01-01,0.046575,0,very_low,baseline
111 STREET,QUEENS,2028-02-01,0.045037,0,very_low,baseline
111 STREET,QUEENS,2028-03-01,0.043691,0,very_low,baseline
111 STREET,QUEENS,2028-04-01,0.041929,0,very_low,baseline
111 STREET,QUEENS,2028-05-01,0.042283,0,very_low,baseline
111 STREET,QUEENS,2028-06-01,0.042797,0,very_low,baseline
111 STREET,QUEENS,2028-07-01,0.042797,0,very_low,baseline
111 STREET,QUEENS,2028-08-01,0.041722,0,very_low,baseline
111 STREET,QUEENS,2028-09-01,0.040111,0,very_low,baseline
111 STREET,QUEENS,2028-10-01,0.024759,0,very_low,baseline
111 STREET,QUEENS,2028-11-01,0.02518,0,very_low,baseline
111 STREET,QUEENS,2028-12-01,0.024582,0,very_low,baseline
111 STREET,QUEENS,2029-01-01,0.043756,0,very_low,baseline
111 STREET,QUEENS,2029-02-01,0.045037,0,very_low,baseline
111 STREET,QUEENS,2029-03-01,0.043691,0,very_low,baseline
111 STREET,QUEENS,2029-04-01,0.041929,0,very_low,baseline
111 STREET,QUEENS,2029-05-01,0.042283,0,very_low,baseline
111 STREET,QUEENS,2029-06-01,0.042797,0,very_low,baseline
111 STREET,QUEENS,2029-07-01,0.042797,0,very_low,baseline
111 STREET,QUEENS,2029-08-01,0.041722,0,very_low,baseline
111 STREET,QUEENS,2029-09-01,0.040111,0,very_low,baseline
111 STREET,QUEENS,2029-10-01,0.024759,0,very_low,baseline
111 STREET,QUEENS,2029-11-01,0.02518,0,very_low,baseline
111 STREET,QUEENS,2029-12-01,0.024582,0,very_low,baseline
116 ST.-COLUMBIA UNIVERSITY,MANHATTAN,2027-01-01,6.5e-05,0,very_low,baseline
116 ST.-COLUMBIA UNIVERSITY,MANHATTAN,2027-02-01,6.7e-05,0,very_low,baseline
116 ST.-COLUMBIA UNIVERSITY,MANHATTAN,2027-03-01,5.8e-05,0,very_low,baseline
116 ST.-COLUMBIA UNIVERSITY,MANHATTAN,2027-04-01,5.8e-05,0,very_low,baseline
116 ST.-COLUMBIA UNIVERSITY,MANHATTAN,2027-05-01,6e-05,0,very_low,baseline
116 ST.-COLUMBIA UNIVERSITY,MANHATTAN,2027-06-01,5.6e-05,0,very_low,baseline
116 ST.-COLUMBIA UNIVERSITY,MANHATTAN,2027-07-01,5.6e-05,0,very_low,baseline
116 ST.-COLUMBIA UNIVERSITY,MANHATTAN,2027-08-01,5.6e-05,0,very_low,baseline
116 ST.-COLUMBIA UNIVERSITY,MANHATTAN,2027-09-01,5.9e-05,0,very_low,baseline
116 ST.-COLUMBIA UNIVERSITY,MANHATTAN,2027-10-01,5.2e-05,0,very_low,baseline
116 ST.-COLUMBIA UNIVERSITY,MANHATTAN,2027-11-01,4.9e-05,0,very_low,baseline
116 ST.-COLUMBIA UNIVERSITY,MANHATTAN,2027-12-01,4.9e-05,0,very_low,baseline
116 ST.-COLUMBIA UNIVERSITY,MANHATTAN,2028-01-01,5.4e-05,0,very_low,baseline
116 ST.-COLUMBIA UNIVERSITY,MANHATTAN,2028-02-01,5.3e-05,0,very_low,baseline
116 ST.-COLUMBIA UNIVERSITY,MANHATTAN,2028-03-01,5.3e-05,0,very_low,baseline
116 ST.-COLUMBIA UNIVERSITY,MANHATTAN,2028-04-01,5.3e-05,0,very_low,baseline
116 ST.-COLUMBIA UNIVERSITY,MANHATTAN,2028-05-01,5.5e-05,0,very_low,baseline
116 ST.-COLUMBIA UNIVERSITY,MANHATTAN,2028-06-01,5.6e-05,0,very_low,baseline
116 ST.-COLUMBIA UNIVERSITY,MANHATTAN,2028-07-01,5.6e-05,0,very_low,baseline
116 ST.-COLUMBIA UNIVERSITY,MANHATTAN,2028-08-01,5.6e-05,0,very_low,baseline
116 ST.-COLUMBIA UNIVERSITY,MANHATTAN,2028-09-01,5.9e-05,0,very_low,baseline
116 ST.-COLUMBIA UNIVERSITY,MANHATTAN,2028-10-01,5.2e-05,0,very_low,baseline
116 ST.-COLUMBIA UNIVERSITY,MANHATTAN,2028-11-01,4.9e-05,0,very_low,baseline
116 ST.-COLUMBIA UNIVERSITY,MANHATTAN,2028-12-01,4.9e-05,0,very_low,baseline
116 ST.-COLUMBIA UNIVERSITY,MANHATTAN,2029-01-01,5.4e-05,0,very_low,baseline
116 ST.-COLUMBIA UNIVERSITY,MANHATTAN,2029-02-01,5.3e-05,0,very_low,baseline
116 ST.-COLUMBIA UNIVERSITY,MANHATTAN,2029-03-01,5.3e-05,0,very_low,baseline
116 ST.-COLUMBIA UNIVERSITY,MANHATTAN,2029-04-01,5.3e-05,0,very_low,baseline
116 ST.-COLUMBIA UNIVERSITY,MANHATTAN,2029-05-01,5.5e-05,0,very_low,baseline
116 ST.-COLUMBIA UNIVERSITY,MANHATTAN,2029-06-01,5.6e-05,0,very_low,baseline
116 ST.-COLUMBIA UNIVERSITY,MANHATTAN,2029-07-01,5.6e-05,0,very_low,baseline
116 ST.-COLUMBIA UNIVERSITY,MANHATTAN,2029-08-01,5.6e-05,0,very_low,baseline
116 ST.-COLUMBIA UNIVERSITY,MANHATTAN,2029-09-01,5.9e-05,0,very_low,baseline
116 ST.-COLUMBIA UNIVERSITY,MANHATTAN,2029-10-01,5.2e-05,0,very_low,baseline
116 ST.-COLUMBIA UNIVERSITY,MANHATTAN,2029-11-01,4.9e-05,0,very_low,baseline
116 ST.-COLUMBIA UNIVERSITY,MANHATTAN,2029-12-01,4.9e-05,0,very_low,baseline
116 STREET,MANHATTAN,2027-01-01,0.001342,0,very_low,baseline
116 STREET,MANHATTAN,2027-02-01,0.001383,0,very_low,baseline
116 STREET,MANHATTAN,2027-03-01,0.001356,0,very_low,baseline
116 STREET,MANHATTAN,2027-04-01,0.001303,0,very_low,baseline
116 STREET,MANHATTAN,2027-05-01,0.001377,0,very_low,baseline
116 STREET,MANHATTAN,2027-06-01,0.001463,0,very_low,baseline
116 STREET,MANHATTAN,2027-07-01,0.001463,0,very_low,baseline
116 STREET,MANHATTAN,2027-08-01,0.001463,0,very_low,baseline
116 STREET,MANHATTAN,2027-09-01,0.001455,0,very_low,baseline
116 STREET,MANHATTAN,2027-10-01,0.001163,0,very_low,baseline
116 STREET,MANHATTAN,2027-11-01,0.001234,0,very_low,baseline
116 STREET,MANHATTAN,2027-12-01,0.001204,0,very_low,baseline
116 STREET,MANHATTAN,2028-01-01,0.001247,0,very_low,baseline
116 STREET,MANHATTAN,2028-02-01,0.001355,0,very_low,baseline
116 STREET,MANHATTAN,2028-03-01,0.001385,0,very_low,baseline
116 STREET,MANHATTAN,2028-04-01,0.001385,0,very_low,baseline
116 STREET,MANHATTAN,2028-05-01,0.001463,0,very_low,baseline
116 STREET,MANHATTAN,2028-06-01,0.001463,0,very_low,baseline
116 STREET,MANHATTAN,2028-07-01,0.001463,0,very_low,baseline
116 STREET,MANHATTAN,2028-08-01,0.001463,0,very_low,baseline
116 STREET,MANHATTAN,2028-09-01,0.001455,0,very_low,baseline
116 STREET,MANHATTAN,2028-10-01,0.001163,0,very_low,baseline
116 STREET,MANHATTAN,2028-11-01,0.001234,0,very_low,baseline
116 STREET,MANHATTAN,2028-12-01,0.001204,0,very_low,baseline
116 STREET,MANHATTAN,2029-01-01,0.001247,0,very_low,baseline
116 STREET,MANHATTAN,2029-02-01,0.001355,0,very_low,baseline
116 STREET,MANHATTAN,2029-03-01,0.001385,0,very_low,baseline
116 STREET,MANHATTAN,2029-04-01,0.001385,0,very_low,baseline
116 STREET,MANHATTAN,2029-05-01,0.001463,0,very_low,baseline
116 STREET,MANHATTAN,2029-06-01,0.001463,0,very_low,baseline
116 STREET,MANHATTAN,2029-07-01,0.001463,0,very_low,baseline
116 STREET,MANHATTAN,2029-08-01,0.001463,0,very_low,baseline
116 STREET,MANHATTAN,2029-09-01,0.001455,0,very_low,baseline
116 STREET,MANHATTAN,2029-10-01,0.001163,0,very_low,baseline
116 STREET,MANHATTAN,2029-11-01,0.001234,0,very_low,baseline
116 STREET,MANHATTAN,2029-12-01,0.001204,0,very_low,baseline
121 STREET,QUEENS,2027-01-01,0.010154,0,very_low,baseline
121 STREET,QUEENS,2027-02-01,0.00489,0,very_low,baseline
121 STREET,QUEENS,2027-03-01,0.004679,0,very_low,baseline
121 STREET,QUEENS,2027-04-01,0.004472,0,very_low,baseline
121 STREET,QUEENS,2027-05-01,0.004373,0,very_low,baseline
121 STREET,QUEENS,2027-06-01,0.004479,0,very_low,baseline
121 STREET,QUEENS,2027-07-01,0.004479,0,very_low,baseline
121 STREET,QUEENS,2027-08-01,0.004362,0,very_low,baseline
121 STREET,QUEENS,2027-09-01,0.004521,0,very_low,baseline
121 STREET,QUEENS,2027-10-01,0.003393,0,very_low,baseline
121 STREET,QUEENS,2027-11-01,0.003218,0,very_low,baseline
121 STREET,QUEENS,2027-12-01,0.003307,0,very_low,baseline
121 STREET,QUEENS,2028-01-01,0.005018,0,very_low,baseline
121 STREET,QUEENS,2028-02-01,0.00489,0,very_low,baseline
121 STREET,QUEENS,2028-03-01,0.004679,0,very_low,baseline
121 STREET,QUEENS,2028-04-01,0.004483,0,very_low,baseline
121 STREET,QUEENS,2028-05-01,0.004373,0,very_low,baseline
121 STREET,QUEENS,2028-06-01,0.004479,0,very_low,baseline
121 STREET,QUEENS,2028-07-01,0.004479,0,very_low,baseline
121 STREET,QUEENS,2028-08-01,0.004362,0,very_low,baseline
121 STREET,QUEENS,2028-09-01,0.004521,0,very_low,baseline
121 STREET,QUEENS,2028-10-01,0.003393,0,very_low,baseline
121 STREET,QUEENS,2028-11-01,0.003218,0,very_low,baseline
121 STREET,QUEENS,2028-12-01,0.003307,0,very_low,baseline
121 STREET,QUEENS,2029-01-01,0.005018,0,very_low,baseline
121 STREET,QUEENS,2029-02-01,0.00489,0,very_low,baseline
121 STREET,QUEENS,2029-03-01,0.004679,0,very_low,baseline
121 STREET,QUEENS,2029-04-01,0.004483,0,very_low,baseline
121 STREET,QUEENS,2029-05-01,0.004373,0,very_low,baseline
121 STREET,QUEENS,2029-06-01,0.004479,0,very_low,baseline
121 STREET,QUEENS,2029-07-01,0.004479,0,very_low,baseline
121 STREET,QUEENS,2029-08-01,0.004362,0,very_low,baseline
121 STREET,QUEENS,2029-09-01,0.004521,0,very_low,baseline
121 STREET,QUEENS,2029-10-01,0.003393,0,very_low,baseline
121 STREET,QUEENS,2029-11-01,0.003218,0,very_low,baseline
121 STREET,QUEENS,2029-12-01,0.003307,0,very_low,baseline
125 STREET,MANHATTAN,2027-01-01,0.94822,1,very_high,baseline
125 STREET,MANHATTAN,2027-02-01,0.955546,1,very_high,baseline
125 STREET,MANHATTAN,2027-03-01,0.962983,1,very_high,baseline
125 STREET,MANHATTAN,2027-04-01,0.957252,1,very_high,baseline
125 STREET,MANHATTAN,2027-05-01,0.957823,1,very_high,baseline
125 STREET,MANHATTAN,2027-06-01,0.957823,1,very_high,baseline
125 STREET,MANHATTAN,2027-07-01,0.957396,1,very_high,baseline
125 STREET,MANHATTAN,2027-08-01,0.955988,1,very_high,baseline
125 STREET,MANHATTAN,2027-09-01,0.952109,1,very_high,baseline
125 STREET,MANHATTAN,2027-10-01,0.946723,1,very_high,baseline
125 STREET,MANHATTAN,2027-11-01,0.945755,1,very_high,baseline
125 STREET,MANHATTAN,2027-12-01,0.945789,1,very_high,baseline
125 STREET,MANHATTAN,2028-01-01,0.957711,1,very_high,baseline
125 STREET,MANHATTAN,2028-02-01,0.957711,1,very_high,baseline
125 STREET,MANHATTAN,2028-03-01,0.957711,1,very_high,baseline
125 STREET,MANHATTAN,2028-04-01,0.958494,1,very_high,baseline
125 STREET,MANHATTAN,2028-05-01,0.957823,1,very_high,baseline
125 STREET,MANHATTAN,2028-06-01,0.957823,1,very_high,baseline
125 STREET,MANHATTAN,2028-07-01,0.957396,1,very_high,baseline
125 STREET,MANHATTAN,2028-08-01,0.955988,1,very_high,baseline
125 STREET,MANHATTAN,2028-09-01,0.952109,1,very_high,baseline
125 STREET,MANHATTAN,2028-10-01,0.946723,1,very_high,baseline
125 STREET,MANHATTAN,2028-11-01,0.945755,1,very_high,baseline
125 STREET,MANHATTAN,2028-12-01,0.945789,1,very_high,baseline
125 STREET,MANHATTAN,2029-01-01,0.957711,1,very_high,baseline
125 STREET,MANHATTAN,2029-02-01,0.957711,1,very_high,baseline
125 STREET,MANHATTAN,2029-03-01,0.957711,1,very_high,baseline
125 STREET,MANHATTAN,2029-04-01,0.958494,1,very_high,baseline
125 STREET,MANHATTAN,2029-05-01,0.957823,1,very_high,baseline
125 STREET,MANHATTAN,2029-06-01,0.957823,1,very_high,baseline
125 STREET,MANHATTAN,2029-07-01,0.957396,1,very_high,baseline
125 STREET,MANHATTAN,2029-08-01,0.955988,1,very_high,baseline
125 STREET,MANHATTAN,2029-09-01,0.952109,1,very_high,baseline
125 STREET,MANHATTAN,2029-10-01,0.946723,1,very_high,baseline
125 STREET,MANHATTAN,2029-11-01,0.945755,1,very_high,baseline
125 STREET,MANHATTAN,2029-12-01,0.945789,1,very_high,baseline
135 STREET,MANHATTAN,2027-01-01,0.001155,0,very_low,baseline
135 STREET,MANHATTAN,2027-02-01,0.001575,0,very_low,baseline
135 STREET,MANHATTAN,2027-03-01,0.001971,0,very_low,baseline
135 STREET,MANHATTAN,2027-04-01,0.00179,0,very_low,baseline
135 STREET,MANHATTAN,2027-05-01,0.001853,0,very_low,baseline
135 STREET,MANHATTAN,2027-06-01,0.002003,0,very_low,baseline
135 STREET,MANHATTAN,2027-07-01,0.002003,0,very_low,baseline
135 STREET,MANHATTAN,2027-08-01,0.002003,0,very_low,baseline
135 STREET,MANHATTAN,2027-09-01,0.002016,0,very_low,baseline
135 STREET,MANHATTAN,2027-10-01,0.001393,0,very_low,baseline
135 STREET,MANHATTAN,2027-11-01,0.001446,0,very_low,baseline
135 STREET,MANHATTAN,2027-12-01,0.001411,0,very_low,baseline
135 STREET,MANHATTAN,2028-01-01,0.001797,0,very_low,baseline
135 STREET,MANHATTAN,2028-02-01,0.001952,0,very_low,baseline
135 STREET,MANHATTAN,2028-03-01,0.001996,0,very_low,baseline
135 STREET,MANHATTAN,2028-04-01,0.001996,0,very_low,baseline
135 STREET,MANHATTAN,2028-05-01,0.002003,0,very_low,baseline
135 STREET,MANHATTAN,2028-06-01,0.002003,0,very_low,baseline
135 STREET,MANHATTAN,2028-07-01,0.002003,0,very_low,baseline
135 STREET,MANHATTAN,2028-08-01,0.002003,0,very_low,baseline
135 STREET,MANHATTAN,2028-09-01,0.002016,0,very_low,baseline
135 STREET,MANHATTAN,2028-10-01,0.001393,0,very_low,baseline
135 STREET,MANHATTAN,2028-11-01,0.001446,0,very_low,baseline
135 STREET,MANHATTAN,2028-12-01,0.001411,0,very_low,baseline
135 STREET,MANHATTAN,2029-01-01,0.001797,0,very_low,baseline
135 STREET,MANHATTAN,2029-02-01,0.001952,0,very_low,baseline
135 STREET,MANHATTAN,2029-03-01,0.001996,0,very_low,baseline
135 STREET,MANHATTAN,2029-04-01,0.001996,0,very_low,baseline
135 STREET,MANHATTAN,2029-05-01,0.002003,0,very_low,baseline
135 STREET,MANHATTAN,2029-06-01,0.002003,0,very_low,baseline
135 STREET,MANHATTAN,2029-07-01,0.002003,0,very_low,baseline
135 STREET,MANHATTAN,2029-08-01,0.002003,0,very_low,baseline
135 STREET,MANHATTAN,2029-09-01,0.002016,0,very_low,baseline
135 STREET,MANHATTAN,2029-10-01,0.001393,0,very_low,baseline
135 STREET,MANHATTAN,2029-11-01,0.001446,0,very_low,baseline
135 STREET,MANHATTAN,2029-12-01,0.001411,0,very_low,baseline
137 ST.-CITY COLLEGE,MANHATTAN,2027-01-01,0.000106,0,very_low,baseline
137 ST.-CITY COLLEGE,MANHATTAN,2027-02-01,0.000102,0,very_low,baseline
137 ST.-CITY COLLEGE,MANHATTAN,2027-03-01,0.00011,0,very_low,baseline
137 ST.-CITY COLLEGE,MANHATTAN,2027-04-01,8.5e-05,0,very_low,baseline
137 ST.-CITY COLLEGE,MANHATTAN,2027-05-01,0.000102,0,very_low,baseline
137 ST.-CITY COLLEGE,MANHATTAN,2027-06-01,0.000104,0,very_low,baseline
137 ST.-CITY COLLEGE,MANHATTAN,2027-07-01,0.000104,0,very_low,baseline
137 ST.-CITY COLLEGE,MANHATTAN,2027-08-01,0.000104,0,very_low,baseline
137 ST.-CITY COLLEGE,MANHATTAN,2027-09-01,0.000103,0,very_low,baseline
137 ST.-CITY COLLEGE,MANHATTAN,2027-10-01,9.1e-05,0,very_low,baseline
137 ST.-CITY COLLEGE,MANHATTAN,2027-11-01,8.6e-05,0,very_low,baseline
137 ST.-CITY COLLEGE,MANHATTAN,2027-12-01,8.6e-05,0,very_low,baseline
137 ST.-CITY COLLEGE,MANHATTAN,2028-01-01,9.7e-05,0,very_low,baseline
137 ST.-CITY COLLEGE,MANHATTAN,2028-02-01,0.000101,0,very_low,baseline
137 ST.-CITY COLLEGE,MANHATTAN,2028-03-01,9.9e-05,0,very_low,baseline
137 ST.-CITY COLLEGE,MANHATTAN,2028-04-01,9.9e-05,0,very_low,baseline
137 ST.-CITY COLLEGE,MANHATTAN,2028-05-01,0.000103,0,very_low,baseline
137 ST.-CITY COLLEGE,MANHATTAN,2028-06-01,0.000104,0,very_low,baseline
137 ST.-CITY COLLEGE,MANHATTAN,2028-07-01,0.000104,0,very_low,baseline
137 ST.-CITY COLLEGE,MANHATTAN,2028-08-01,0.000104,0,very_low,baseline
137 ST.-CITY COLLEGE,MANHATTAN,2028-09-01,0.000103,0,very_low,baseline
137 ST.-CITY COLLEGE,MANHATTAN,2028-10-01,9.1e-05,0,very_low,baseline
137 ST.-CITY COLLEGE,MANHATTAN,2028-11-01,8.6e-05,0,very_low,baseline
137 ST.-CITY COLLEGE,MANHATTAN,2028-12-01,8.6e-05,0,very_low,baseline
137 ST.-CITY COLLEGE,MANHATTAN,2029-01-01,9.7e-05,0,very_low,baseline
137 ST.-CITY COLLEGE,MANHATTAN,2029-02-01,0.000101,0,very_low,baseline
137 ST.-CITY COLLEGE,MANHATTAN,2029-03-01,9.9e-05,0,very_low,baseline
137 ST.-CITY COLLEGE,MANHATTAN,2029-04-01,9.9e-05,0,very_low,baseline
137 ST.-CITY COLLEGE,MANHATTAN,2029-05-01,0.000103,0,very_low,baseline
137 ST.-CITY COLLEGE,MANHATTAN,2029-06-01,0.000104,0,very_low,baseline
137 ST.-CITY COLLEGE,MANHATTAN,2029-07-01,0.000104,0,very_low,baseline
137 ST.-CITY COLLEGE,MANHATTAN,2029-08-01,0.000104,0,very_low,baseline
137 ST.-CITY COLLEGE,MANHATTAN,2029-09-01,0.000103,0,very_low,baseline
137 ST.-CITY COLLEGE,MANHATTAN,2029-10-01,9.1e-05,0,very_low,baseline
137 ST.-CITY COLLEGE,MANHATTAN,2029-11-01,8.6e-05,0,very_low,baseline
137 ST.-CITY COLLEGE,MANHATTAN,2029-12-01,8.6e-05,0,very_low,baseline
138 ST.-GRAND CONCOURSE,BRONX,2027-01-01,0.001233,0,very_low,baseline
138 ST.-GRAND CONCOURSE,BRONX,2027-02-01,0.000932,0,very_low,baseline
138 ST.-GRAND CONCOURSE,BRONX,2027-03-01,0.000766,0,very_low,baseline
138 ST.-GRAND CONCOURSE,BRONX,2027-04-01,0.000866,0,very_low,baseline
138 ST.-GRAND CONCOURSE,BRONX,2027-05-01,0.000818,0,very_low,baseline
138 ST.-GRAND CONCOURSE,BRONX,2027-06-01,0.000831,0,very_low,baseline
138 ST.-GRAND CONCOURSE,BRONX,2027-07-01,0.000854,0,very_low,baseline
138 ST.-GRAND CONCOURSE,BRONX,2027-08-01,0.000854,0,very_low,baseline
138 ST.-GRAND CONCOURSE,BRONX,2027-09-01,0.000822,0,very_low,baseline
138 ST.-GRAND CONCOURSE,BRONX,2027-10-01,0.000421,0,very_low,baseline
138 ST.-GRAND CONCOURSE,BRONX,2027-11-01,0.0004,0,very_low,baseline
138 ST.-GRAND CONCOURSE,BRONX,2027-12-01,0.000394,0,very_low,baseline
138 ST.-GRAND CONCOURSE,BRONX,2028-01-01,0.000783,0,very_low,baseline
138 ST.-GRAND CONCOURSE,BRONX,2028-02-01,0.000817,0,very_low,baseline
138 ST.-GRAND CONCOURSE,BRONX,2028-03-01,0.000746,0,very_low,baseline
138 ST.-GRAND CONCOURSE,BRONX,2028-04-01,0.000775,0,very_low,baseline
138 ST.-GRAND CONCOURSE,BRONX,2028-05-01,0.000818,0,very_low,baseline
138 ST.-GRAND CONCOURSE,BRONX,2028-06-01,0.000831,0,very_low,baseline
138 ST.-GRAND CONCOURSE,BRONX,2028-07-01,0.000854,0,very_low,baseline
138 ST.-GRAND CONCOURSE,BRONX,2028-08-01,0.000854,0,very_low,baseline
138 ST.-GRAND CONCOURSE,BRONX,2028-09-01,0.000822,0,very_low,baseline
138 ST.-GRAND CONCOURSE,BRONX,2028-10-01,0.000421,0,very_low,baseline
138 ST.-GRAND CONCOURSE,BRONX,2028-11-01,0.0004,0,very_low,baseline
138 ST.-GRAND CONCOURSE,BRONX,2028-12-01,0.000394,0,very_low,baseline
138 ST.-GRAND CONCOURSE,BRONX,2029-01-01,0.000783,0,very_low,baseline
138 ST.-GRAND CONCOURSE,BRONX,2029-02-01,0.000817,0,very_low,baseline
138 ST.-GRAND CONCOURSE,BRONX,2029-03-01,0.000746,0,very_low,baseline
138 ST.-GRAND CONCOURSE,BRONX,2029-04-01,0.000775,0,very_low,baseline
138 ST.-GRAND CONCOURSE,BRONX,2029-05-01,0.000818,0,very_low,baseline
138 ST.-GRAND CONCOURSE,BRONX,2029-06-01,0.000831,0,very_low,baseline
138 ST.-GRAND CONCOURSE,BRONX,2029-07-01,0.000854,0,very_low,baseline
138 ST.-GRAND CONCOURSE,BRONX,2029-08-01,0.000854,0,very_low,baseline
138 ST.-GRAND CONCOURSE,BRONX,2029-09-01,0.000822,0,very_low,baseline
138 ST.-GRAND CONCOURSE,BRONX,2029-10-01,0.000421,0,very_low,baseline
138 ST.-GRAND CONCOURSE,BRONX,2029-11-01,0.0004,0,very_low,baseline
138 ST.-GRAND CONCOURSE,BRONX,2029-12-01,0.000394,0,very_low,baseline
14 ST.-UNION SQUARE,MANHATTAN,2027-01-01,0.000495,0,very_low,baseline
14 ST.-UNION SQUARE,MANHATTAN,2027-02-01,0.000602,0,very_low,baseline
14 ST.-UNION SQUARE,MANHATTAN,2027-03-01,0.000554,0,very_low,baseline
14 ST.-UNION SQUARE,MANHATTAN,2027-04-01,0.000583,0,very_low,baseline
14 ST.-UNION SQUARE,MANHATTAN,2027-05-01,0.000635,0,very_low,baseline
14 ST.-UNION SQUARE,MANHATTAN,2027-06-01,0.0006,0,very_low,baseline
14 ST.-UNION SQUARE,MANHATTAN,2027-07-01,0.0006,0,very_low,baseline
14 ST.-UNION SQUARE,MANHATTAN,2027-08-01,0.0006,0,very_low,baseline
14 ST.-UNION SQUARE,MANHATTAN,2027-09-01,0.00058,0,very_low,baseline
14 ST.-UNION SQUARE,MANHATTAN,2027-10-01,0.000435,0,very_low,baseline
14 ST.-UNION SQUARE,MANHATTAN,2027-11-01,0.000438,0,very_low,baseline
14 ST.-UNION SQUARE,MANHATTAN,2027-12-01,0.000427,0,very_low,baseline
14 ST.-UNION SQUARE,MANHATTAN,2028-01-01,0.000542,0,very_low,baseline
14 ST.-UNION SQUARE,MANHATTAN,2028-02-01,0.000602,0,very_low,baseline
14 ST.-UNION SQUARE,MANHATTAN,2028-03-01,0.000602,0,very_low,baseline
14 ST.-UNION SQUARE,MANHATTAN,2028-04-01,0.000602,0,very_low,baseline
14 ST.-UNION SQUARE,MANHATTAN,2028-05-01,0.000624,0,very_low,baseline
14 ST.-UNION SQUARE,MANHATTAN,2028-06-01,0.0006,0,very_low,baseline
14 ST.-UNION SQUARE,MANHATTAN,2028-07-01,0.0006,0,very_low,baseline
14 ST.-UNION SQUARE,MANHATTAN,2028-08-01,0.0006,0,very_low,baseline
14 ST.-UNION SQUARE,MANHATTAN,2028-09-01,0.00058,0,very_low,baseline
14 ST.-UNION SQUARE,MANHATTAN,2028-10-01,0.000435,0,very_low,baseline
14 ST.-UNION SQUARE,MANHATTAN,2028-11-01,0.000438,0,very_low,baseline
14 ST.-UNION SQUARE,MANHATTAN,2028-12-01,0.000427,0,very_low,baseline
14 ST.-UNION SQUARE,MANHATTAN,2029-01-01,0.000542,0,very_low,baseline
14 ST.-UNION SQUARE,MANHATTAN,2029-02-01,0.000602,0,very_low,baseline
14 ST.-UNION SQUARE,MANHATTAN,2029-03-01,0.000602,0,very_low,baseline
14 ST.-UNION SQUARE,MANHATTAN,2029-04-01,0.000602,0,very_low,baseline
14 ST.-UNION SQUARE,MANHATTAN,2029-05-01,0.000624,0,very_low,baseline
14 ST.-UNION SQUARE,MANHATTAN,2029-06-01,0.0006,0,very_low,baseline
14 ST.-UNION SQUARE,MANHATTAN,2029-07-01,0.0006,0,very_low,baseline
14 ST.-UNION SQUARE,MANHATTAN,2029-08-01,0.0006,0,very_low,baseline
14 ST.-UNION SQUARE,MANHATTAN,2029-09-01,0.00058,0,very_low,baseline
14 ST.-UNION SQUARE,MANHATTAN,2029-10-01,0.000435,0,very_low,baseline
14 ST.-UNION SQUARE,MANHATTAN,2029-11-01,0.000438,0,very_low,baseline
14 ST.-UNION SQUARE,MANHATTAN,2029-12-01,0.000427,0,very_low,baseline
14 STREET,MANHATTAN,2027-01-01,0.974553,1,very_high,baseline
14 STREET,MANHATTAN,2027-02-01,0.979139,1,very_high,baseline
14 STREET,MANHATTAN,2027-03-01,0.979954,1,very_high,baseline
14 STREET,MANHATTAN,2027-04-01,0.978142,1,very_high,baseline
14 STREET,MANHATTAN,2027-05-01,0.981069,1,very_high,baseline
14 STREET,MANHATTAN,2027-06-01,0.98121,1,very_high,baseline
14 STREET,MANHATTAN,2027-07-01,0.981882,1,very_high,baseline
14 STREET,MANHATTAN,2027-08-01,0.982394,1,very_high,baseline
14 STREET,MANHATTAN,2027-09-01,0.98141,1,very_high,baseline
14 STREET,MANHATTAN,2027-10-01,0.982564,1,very_high,baseline
14 STREET,MANHATTAN,2027-11-01,0.982353,1,very_high,baseline
14 STREET,MANHATTAN,2027-12-01,0.982353,1,very_high,baseline
14 STREET,MANHATTAN,2028-01-01,0.976858,1,very_high,baseline
14 STREET,MANHATTAN,2028-02-01,0.976858,1,very_high,baseline
14 STREET,MANHATTAN,2028-03-01,0.976858,1,very_high,baseline
14 STREET,MANHATTAN,2028-04-01,0.978142,1,very_high,baseline
14 STREET,MANHATTAN,2028-05-01,0.980489,1,very_high,baseline
14 STREET,MANHATTAN,2028-06-01,0.98121,1,very_high,baseline
14 STREET,MANHATTAN,2028-07-01,0.981882,1,very_high,baseline
14 STREET,MANHATTAN,2028-08-01,0.982394,1,very_high,baseline
14 STREET,MANHATTAN,2028-09-01,0.98141,1,very_high,baseline
14 STREET,MANHATTAN,2028-10-01,0.982564,1,very_high,baseline
14 STREET,MANHATTAN,2028-11-01,0.982353,1,very_high,baseline
14 STREET,MANHATTAN,2028-12-01,0.982353,1,very_high,baseline
14 STREET,MANHATTAN,2029-01-01,0.976858,1,very_high,baseline
14 STREET,MANHATTAN,2029-02-01,0.976858,1,very_high,baseline
14 STREET,MANHATTAN,2029-03-01,0.976858,1,very_high,baseline
14 STREET,MANHATTAN,2029-04-01,0.978142,1,very_high,baseline
14 STREET,MANHATTAN,2029-05-01,0.980489,1,very_high,baseline
14 STREET,MANHATTAN,2029-06-01,0.98121,1,very_high,baseline
14 STREET,MANHATTAN,2029-07-01,0.981882,1,very_high,baseline
14 STREET,MANHATTAN,2029-08-01,0.982394,1,very_high,baseline
14 STREET,MANHATTAN,2029-09-01,0.98141,1,very_high,baseline
14 STREET,MANHATTAN,2029-10-01,0.982564,1,very_high,baseline
14 STREET,MANHATTAN,2029-11-01,0.982353,1,very_high,baseline
14 STREET,MANHATTAN,2029-12-01,0.982353,1,very_high,baseline
145 STREET,MANHATTAN,2027-01-01,0.150775,1,very_low,baseline
145 STREET,MANHATTAN,2027-02-01,0.174539,1,very_low,baseline
145 STREET,MANHATTAN,2027-03-01,0.167545,1,very_low,baseline
145 STREET,MANHATTAN,2027-04-01,0.118971,1,very_low,baseline
145 STREET,MANHATTAN,2027-05-01,0.120555,1,very_low,baseline
145 STREET,MANHATTAN,2027-06-01,0.121112,1,very_low,baseline
145 STREET,MANHATTAN,2027-07-01,0.134009,1,very_low,baseline
145 STREET,MANHATTAN,2027-08-01,0.140978,1,very_low,baseline
145 STREET,MANHATTAN,2027-09-01,0.151717,1,very_low,baseline
145 STREET,MANHATTAN,2027-10-01,0.100947,1,very_low,baseline
145 STREET,MANHATTAN,2027-11-01,0.11616,1,very_low,baseline
145 STREET,MANHATTAN,2027-12-01,0.117257,1,very_low,baseline
145 STREET,MANHATTAN,2028-01-01,0.160303,1,very_low,baseline
145 STREET,MANHATTAN,2028-02-01,0.155084,1,very_low,baseline
145 STREET,MANHATTAN,2028-03-01,0.155084,1,very_low,baseline
145 STREET,MANHATTAN,2028-04-01,0.15766,1,very_low,baseline
145 STREET,MANHATTAN,2028-05-01,0.154349,1,very_low,baseline
145 STREET,MANHATTAN,2028-06-01,0.154349,1,very_low,baseline
145 STREET,MANHATTAN,2028-07-01,0.154349,1,very_low,baseline
145 STREET,MANHATTAN,2028-08-01,0.160489,1,very_low,baseline
145 STREET,MANHATTAN,2028-09-01,0.160411,1,very_low,baseline
145 STREET,MANHATTAN,2028-10-01,0.107547,1,very_low,baseline
145 STREET,MANHATTAN,2028-11-01,0.117135,1,very_low,baseline
145 STREET,MANHATTAN,2028-12-01,0.117257,1,very_low,baseline
145 STREET,MANHATTAN,2029-01-01,0.160303,1,very_low,baseline
145 STREET,MANHATTAN,2029-02-01,0.155084,1,very_low,baseline
145 STREET,MANHATTAN,2029-03-01,0.155084,1,very_low,baseline
145 STREET,MANHATTAN,2029-04-01,0.15766,1,very_low,baseline
145 STREET,MANHATTAN,2029-05-01,0.154349,1,very_low,baseline
145 STREET,MANHATTAN,2029-06-01,0.154349,1,very_low,baseline
145 STREET,MANHATTAN,2029-07-01,0.154349,1,very_low,baseline
145 STREET,MANHATTAN,2029-08-01,0.160489,1,very_low,baseline
145 STREET,MANHATTAN,2029-09-01,0.160411,1,very_low,baseline
145 STREET,MANHATTAN,2029-10-01,0.107547,1,very_low,baseline
145 STREET,MANHATTAN,2029-11-01,0.117135,1,very_low,baseline
145 STREET,MANHATTAN,2029-12-01,0.117257,1,very_low,baseline
148 ST.-HARLEM,MANHATTAN,2027-01-01,5.3e-05,0,very_low,baseline
148 ST.-HARLEM,MANHATTAN,2027-02-01,6e-05,0,very_low,baseline
148 ST.-HARLEM,MANHATTAN,2027-03-01,5.9e-05,0,very_low,baseline
148 ST.-HARLEM,MANHATTAN,2027-04-01,5.7e-05,0,very_low,baseline
148 ST.-HARLEM,MANHATTAN,2027-05-01,5.8e-05,0,very_low,baseline
148 ST.-HARLEM,MANHATTAN,2027-06-01,5.6e-05,0,very_low,baseline
148 ST.-HARLEM,MANHATTAN,2027-07-01,5.6e-05,0,very_low,baseline
148 ST.-HARLEM,MANHATTAN,2027-08-01,5.6e-05,0,very_low,baseline
148 ST.-HARLEM,MANHATTAN,2027-09-01,5.7e-05,0,very_low,baseline
148 ST.-HARLEM,MANHATTAN,2027-10-01,4.7e-05,0,very_low,baseline
148 ST.-HARLEM,MANHATTAN,2027-11-01,4.4e-05,0,very_low,baseline
148 ST.-HARLEM,MANHATTAN,2027-12-01,4.3e-05,0,very_low,baseline
148 ST.-HARLEM,MANHATTAN,2028-01-01,5.4e-05,0,very_low,baseline
148 ST.-HARLEM,MANHATTAN,2028-02-01,5.3e-05,0,very_low,baseline
148 ST.-HARLEM,MANHATTAN,2028-03-01,5.3e-05,0,very_low,baseline
148 ST.-HARLEM,MANHATTAN,2028-04-01,5.3e-05,0,very_low,baseline
148 ST.-HARLEM,MANHATTAN,2028-05-01,5.5e-05,0,very_low,baseline
148 ST.-HARLEM,MANHATTAN,2028-06-01,5.6e-05,0,very_low,baseline
148 ST.-HARLEM,MANHATTAN,2028-07-01,5.6e-05,0,very_low,baseline
148 ST.-HARLEM,MANHATTAN,2028-08-01,5.6e-05,0,very_low,baseline
148 ST.-HARLEM,MANHATTAN,2028-09-01,5.7e-05,0,very_low,baseline
148 ST.-HARLEM,MANHATTAN,2028-10-01,4.7e-05,0,very_low,baseline
148 ST.-HARLEM,MANHATTAN,2028-11-01,4.4e-05,0,very_low,baseline
148 ST.-HARLEM,MANHATTAN,2028-12-01,4.3e-05,0,very_low,baseline
148 ST.-HARLEM,MANHATTAN,2029-01-01,5.4e-05,0,very_low,baseline
148 ST.-HARLEM,MANHATTAN,2029-02-01,5.3e-05,0,very_low,baseline
148 ST.-HARLEM,MANHATTAN,2029-03-01,5.3e-05,0,very_low,baseline
148 ST.-HARLEM,MANHATTAN,2029-04-01,5.3e-05,0,very_low,baseline
148 ST.-HARLEM,MANHATTAN,2029-05-01,5.5e-05,0,very_low,baseline
148 ST.-HARLEM,MANHATTAN,2029-06-01,5.6e-05,0,very_low,baseline
148 ST.-HARLEM,MANHATTAN,2029-07-01,5.6e-05,0,very_low,baseline
148 ST.-HARLEM,MANHATTAN,2029-08-01,5.6e-05,0,very_low,baseline
148 ST.-HARLEM,MANHATTAN,2029-09-01,5.7e-05,0,very_low,baseline
148 ST.-HARLEM,MANHATTAN,2029-10-01,4.7e-05,0,very_low,baseline
148 ST.-HARLEM,MANHATTAN,2029-11-01,4.4e-05,0,very_low,baseline
148 ST.-HARLEM,MANHATTAN,2029-12-01,4.3e-05,0,very_low,baseline
149 ST.-GRAND CONCOURSE,BRONX,2027-01-01,0.532264,1,medium,baseline
149 ST.-GRAND CONCOURSE,BRONX,2027-02-01,0.778144,1,high,baseline
149 ST.-GRAND CONCOURSE,BRONX,2027-03-01,0.933988,1,very_high,baseline
149 ST.-GRAND CONCOURSE,BRONX,2027-04-01,0.918104,1,very_high,baseline
149 ST.-GRAND CONCOURSE,BRONX,2027-05-01,0.892375,1,very_high,baseline
149 ST.-GRAND CONCOURSE,BRONX,2027-06-01,0.807644,1,very_high,baseline
149 ST.-GRAND CONCOURSE,BRONX,2027-07-01,0.821237,1,very_high,baseline
149 ST.-GRAND CONCOURSE,BRONX,2027-08-01,0.831922,1,very_high,baseline
149 ST.-GRAND CONCOURSE,BRONX,2027-09-01,0.835646,1,very_high,baseline
149 ST.-GRAND CONCOURSE,BRONX,2027-10-01,0.817157,1,very_high,baseline
149 ST.-GRAND CONCOURSE,BRONX,2027-11-01,0.828227,1,very_high,baseline
149 ST.-GRAND CONCOURSE,BRONX,2027-12-01,0.826073,1,very_high,baseline
149 ST.-GRAND CONCOURSE,BRONX,2028-01-01,0.833437,1,very_high,baseline
149 ST.-GRAND CONCOURSE,BRONX,2028-02-01,0.833437,1,very_high,baseline
149 ST.-GRAND CONCOURSE,BRONX,2028-03-01,0.833437,1,very_high,baseline
149 ST.-GRAND CONCOURSE,BRONX,2028-04-01,0.83613,1,very_high,baseline
149 ST.-GRAND CONCOURSE,BRONX,2028-05-01,0.83569,1,very_high,baseline
149 ST.-GRAND CONCOURSE,BRONX,2028-06-01,0.83569,1,very_high,baseline
149 ST.-GRAND CONCOURSE,BRONX,2028-07-01,0.83569,1,very_high,baseline
149 ST.-GRAND CONCOURSE,BRONX,2028-08-01,0.841948,1,very_high,baseline
149 ST.-GRAND CONCOURSE,BRONX,2028-09-01,0.839989,1,very_high,baseline
149 ST.-GRAND CONCOURSE,BRONX,2028-10-01,0.821125,1,very_high,baseline
149 ST.-GRAND CONCOURSE,BRONX,2028-11-01,0.826073,1,very_high,baseline
149 ST.-GRAND CONCOURSE,BRONX,2028-12-01,0.826073,1,very_high,baseline
149 ST.-GRAND CONCOURSE,BRONX,2029-01-01,0.833437,1,very_high,baseline
149 ST.-GRAND CONCOURSE,BRONX,2029-02-01,0.833437,1,very_high,baseline
149 ST.-GRAND CONCOURSE,BRONX,2029-03-01,0.833437,1,very_high,baseline
149 ST.-GRAND CONCOURSE,BRONX,2029-04-01,0.83613,1,very_high,baseline
149 ST.-GRAND CONCOURSE,BRONX,2029-05-01,0.83569,1,very_high,baseline
149 ST.-GRAND CONCOURSE,BRONX,2029-06-01,0.83569,1,very_high,baseline
149 ST.-GRAND CONCOURSE,BRONX,2029-07-01,0.83569,1,very_high,baseline
149 ST.-GRAND CONCOURSE,BRONX,2029-08-01,0.841948,1,very_high,baseline
149 ST.-GRAND CONCOURSE,BRONX,2029-09-01,0.839989,1,very_high,baseline
149 ST.-GRAND CONCOURSE,BRONX,2029-10-01,0.821125,1,very_high,baseline
149 ST.-GRAND CONCOURSE,BRONX,2029-11-01,0.826073,1,very_high,baseline
149 ST.-GRAND CONCOURSE,BRONX,2029-12-01,0.826073,1,very_high,baseline
15 ST.-PROSPECT PARK,BROOKLYN,2027-01-01,8.6e-05,0,very_low,baseline
15 ST.-PROSPECT PARK,BROOKLYN,2027-02-01,8.3e-05,0,very_low,baseline
15 ST.-PROSPECT PARK,BROOKLYN,2027-03-01,9.3e-05,0,very_low,baseline
15 ST.-PROSPECT PARK,BROOKLYN,2027-04-01,9.3e-05,0,very_low,baseline
15 ST.-PROSPECT PARK,BROOKLYN,2027-05-01,9.7e-05,0,very_low,baseline
15 ST.-PROSPECT PARK,BROOKLYN,2027-06-01,9.9e-05,0,very_low,baseline
15 ST.-PROSPECT PARK,BROOKLYN,2027-07-01,9.9e-05,0,very_low,baseline
15 ST.-PROSPECT PARK,BROOKLYN,2027-08-01,9.9e-05,0,very_low,baseline
15 ST.-PROSPECT PARK,BROOKLYN,2027-09-01,0.000104,0,very_low,baseline
15 ST.-PROSPECT PARK,BROOKLYN,2027-10-01,9.2e-05,0,very_low,baseline
15 ST.-PROSPECT PARK,BROOKLYN,2027-11-01,8.7e-05,0,very_low,baseline
15 ST.-PROSPECT PARK,BROOKLYN,2027-12-01,9e-05,0,very_low,baseline
15 ST.-PROSPECT PARK,BROOKLYN,2028-01-01,9.7e-05,0,very_low,baseline
15 ST.-PROSPECT PARK,BROOKLYN,2028-02-01,9.6e-05,0,very_low,baseline
15 ST.-PROSPECT PARK,BROOKLYN,2028-03-01,9.4e-05,0,very_low,baseline
15 ST.-PROSPECT PARK,BROOKLYN,2028-04-01,9.4e-05,0,very_low,baseline
15 ST.-PROSPECT PARK,BROOKLYN,2028-05-01,9.8e-05,0,very_low,baseline
15 ST.-PROSPECT PARK,BROOKLYN,2028-06-01,9.9e-05,0,very_low,baseline
15 ST.-PROSPECT PARK,BROOKLYN,2028-07-01,9.9e-05,0,very_low,baseline
15 ST.-PROSPECT PARK,BROOKLYN,2028-08-01,9.9e-05,0,very_low,baseline
15 ST.-PROSPECT PARK,BROOKLYN,2028-09-01,0.000104,0,very_low,baseline
15 ST.-PROSPECT PARK,BROOKLYN,2028-10-01,9.2e-05,0,very_low,baseline
15 ST.-PROSPECT PARK,BROOKLYN,2028-11-01,8.7e-05,0,very_low,baseline
15 ST.-PROSPECT PARK,BROOKLYN,2028-12-01,9e-05,0,very_low,baseline
15 ST.-PROSPECT PARK,BROOKLYN,2029-01-01,9.7e-05,0,very_low,baseline
15 ST.-PROSPECT PARK,BROOKLYN,2029-02-01,9.6e-05,0,very_low,baseline
15 ST.-PROSPECT PARK,BROOKLYN,2029-03-01,9.4e-05,0,very_low,baseline
15 ST.-PROSPECT PARK,BROOKLYN,2029-04-01,9.4e-05,0,very_low,baseline
15 ST.-PROSPECT PARK,BROOKLYN,2029-05-01,9.8e-05,0,very_low,baseline
15 ST.-PROSPECT PARK,BROOKLYN,2029-06-01,9.9e-05,0,very_low,baseline
15 ST.-PROSPECT PARK,BROOKLYN,2029-07-01,9.9e-05,0,very_low,baseline
15 ST.-PROSPECT PARK,BROOKLYN,2029-08-01,9.9e-05,0,very_low,baseline
15 ST.-PROSPECT PARK,BROOKLYN,2029-09-01,0.000104,0,very_low,baseline
15 ST.-PROSPECT PARK,BROOKLYN,2029-10-01,9.2e-05,0,very_low,baseline
15 ST.-PROSPECT PARK,BROOKLYN,2029-11-01,8.7e-05,0,very_low,baseline
15 ST.-PROSPECT PARK,BROOKLYN,2029-12-01,9e-05,0,very_low,baseline
155 STREET,MANHATTAN,2027-01-01,0.000368,0,very_low,baseline
155 STREET,MANHATTAN,2027-02-01,0.000684,0,very_low,baseline
155 STREET,MANHATTAN,2027-03-01,0.00047,0,very_low,baseline
155 STREET,MANHATTAN,2027-04-01,0.000543,0,very_low,baseline
155 STREET,MANHATTAN,2027-05-01,0.000402,0,very_low,baseline
155 STREET,MANHATTAN,2027-06-01,0.000514,0,very_low,baseline
155 STREET,MANHATTAN,2027-07-01,0.000514,0,very_low,baseline
155 STREET,MANHATTAN,2027-08-01,0.000514,0,very_low,baseline
155 STREET,MANHATTAN,2027-09-01,0.000519,0,very_low,baseline
155 STREET,MANHATTAN,2027-10-01,0.000317,0,very_low,baseline
155 STREET,MANHATTAN,2027-11-01,0.000308,0,very_low,baseline
155 STREET,MANHATTAN,2027-12-01,0.000303,0,very_low,baseline
155 STREET,MANHATTAN,2028-01-01,0.000494,0,very_low,baseline
155 STREET,MANHATTAN,2028-02-01,0.000491,0,very_low,baseline
155 STREET,MANHATTAN,2028-03-01,0.000475,0,very_low,baseline
155 STREET,MANHATTAN,2028-04-01,0.000485,0,very_low,baseline
155 STREET,MANHATTAN,2028-05-01,0.000506,0,very_low,baseline
155 STREET,MANHATTAN,2028-06-01,0.000514,0,very_low,baseline
155 STREET,MANHATTAN,2028-07-01,0.000514,0,very_low,baseline
155 STREET,MANHATTAN,2028-08-01,0.000514,0,very_low,baseline
155 STREET,MANHATTAN,2028-09-01,0.000519,0,very_low,baseline
155 STREET,MANHATTAN,2028-10-01,0.000317,0,very_low,baseline
155 STREET,MANHATTAN,2028-11-01,0.000308,0,very_low,baseline
155 STREET,MANHATTAN,2028-12-01,0.000303,0,very_low,baseline
155 STREET,MANHATTAN,2029-01-01,0.000494,0,very_low,baseline
155 STREET,MANHATTAN,2029-02-01,0.000491,0,very_low,baseline
155 STREET,MANHATTAN,2029-03-01,0.000475,0,very_low,baseline
155 STREET,MANHATTAN,2029-04-01,0.000485,0,very_low,baseline
155 STREET,MANHATTAN,2029-05-01,0.000506,0,very_low,baseline
155 STREET,MANHATTAN,2029-06-01,0.000514,0,very_low,baseline
155 STREET,MANHATTAN,2029-07-01,0.000514,0,very_low,baseline
155 STREET,MANHATTAN,2029-08-01,0.000514,0,very_low,baseline
155 STREET,MANHATTAN,2029-09-01,0.000519,0,very_low,baseline
155 STREET,MANHATTAN,2029-10-01,0.000317,0,very_low,baseline
155 STREET,MANHATTAN,2029-11-01,0.000308,0,very_low,baseline
155 STREET,MANHATTAN,2029-12-01,0.000303,0,very_low,baseline
157 STREET,MANHATTAN,2027-01-01,0.000115,0,very_low,baseline
157 STREET,MANHATTAN,2027-02-01,9.6e-05,0,very_low,baseline
157 STREET,MANHATTAN,2027-03-01,8.9e-05,0,very_low,baseline
157 STREET,MANHATTAN,2027-04-01,0.000102,0,very_low,baseline
157 STREET,MANHATTAN,2027-05-01,0.000102,0,very_low,baseline
157 STREET,MANHATTAN,2027-06-01,9.2e-05,0,very_low,baseline
157 STREET,MANHATTAN,2027-07-01,9.2e-05,0,very_low,baseline
157 STREET,MANHATTAN,2027-08-01,9.2e-05,0,very_low,baseline
157 STREET,MANHATTAN,2027-09-01,9.4e-05,0,very_low,baseline
157 STREET,MANHATTAN,2027-10-01,7.5e-05,0,very_low,baseline
157 STREET,MANHATTAN,2027-11-01,7.1e-05,0,very_low,baseline
157 STREET,MANHATTAN,2027-12-01,7.1e-05,0,very_low,baseline
157 STREET,MANHATTAN,2028-01-01,9.1e-05,0,very_low,baseline
157 STREET,MANHATTAN,2028-02-01,9e-05,0,very_low,baseline
157 STREET,MANHATTAN,2028-03-01,9e-05,0,very_low,baseline
157 STREET,MANHATTAN,2028-04-01,9e-05,0,very_low,baseline
157 STREET,MANHATTAN,2028-05-01,9.4e-05,0,very_low,baseline
157 STREET,MANHATTAN,2028-06-01,9.2e-05,0,very_low,baseline
157 STREET,MANHATTAN,2028-07-01,9.2e-05,0,very_low,baseline
157 STREET,MANHATTAN,2028-08-01,9.2e-05,0,very_low,baseline
157 STREET,MANHATTAN,2028-09-01,9.4e-05,0,very_low,baseline
157 STREET,MANHATTAN,2028-10-01,7.5e-05,0,very_low,baseline
157 STREET,MANHATTAN,2028-11-01,7.1e-05,0,very_low,baseline
157 STREET,MANHATTAN,2028-12-01,7.1e-05,0,very_low,baseline
157 STREET,MANHATTAN,2029-01-01,9.1e-05,0,very_low,baseline
157 STREET,MANHATTAN,2029-02-01,9e-05,0,very_low,baseline
157 STREET,MANHATTAN,2029-03-01,9e-05,0,very_low,baseline
157 STREET,MANHATTAN,2029-04-01,9e-05,0,very_low,baseline
157 STREET,MANHATTAN,2029-05-01,9.4e-05,0,very_low,baseline
157 STREET,MANHATTAN,2029-06-01,9.2e-05,0,very_low,baseline
157 STREET,MANHATTAN,2029-07-01,9.2e-05,0,very_low,baseline
157 STREET,MANHATTAN,2029-08-01,9.2e-05,0,very_low,baseline
157 STREET,MANHATTAN,2029-09-01,9.4e-05,0,very_low,baseline
157 STREET,MANHATTAN,2029-10-01,7.5e-05,0,very_low,baseline
157 STREET,MANHATTAN,2029-11-01,7.1e-05,0,very_low,baseline
157 STREET,MANHATTAN,2029-12-01,7.1e-05,0,very_low,baseline
161 ST.-YANKEE STADIUM,BRONX,2027-01-01,0.981778,1,very_high,baseline
161 ST.-YANKEE STADIUM,BRONX,2027-02-01,0.97247,1,very_high,baseline
161 ST.-YANKEE STADIUM,BRONX,2027-03-01,0.979594,1,very_high,baseline
161 ST.-YANKEE STADIUM,BRONX,2027-04-01,0.976254,1,very_high,baseline
161 ST.-YANKEE STADIUM,BRONX,2027-05-01,0.980612,1,very_high,baseline
161 ST.-YANKEE STADIUM,BRONX,2027-06-01,0.982071,1,very_high,baseline
161 ST.-YANKEE STADIUM,BRONX,2027-07-01,0.982071,1,very_high,baseline
161 ST.-YANKEE STADIUM,BRONX,2027-08-01,0.982353,1,very_high,baseline
161 ST.-YANKEE STADIUM,BRONX,2027-09-01,0.98152,1,very_high,baseline
161 ST.-YANKEE STADIUM,BRONX,2027-10-01,0.979242,1,very_high,baseline
161 ST.-YANKEE STADIUM,BRONX,2027-11-01,0.979498,1,very_high,baseline
161 ST.-YANKEE STADIUM,BRONX,2027-12-01,0.979498,1,very_high,baseline
161 ST.-YANKEE STADIUM,BRONX,2028-01-01,0.981486,1,very_high,baseline
161 ST.-YANKEE STADIUM,BRONX,2028-02-01,0.981486,1,very_high,baseline
161 ST.-YANKEE STADIUM,BRONX,2028-03-01,0.981486,1,very_high,baseline
161 ST.-YANKEE STADIUM,BRONX,2028-04-01,0.981837,1,very_high,baseline
161 ST.-YANKEE STADIUM,BRONX,2028-05-01,0.982071,1,very_high,baseline
161 ST.-YANKEE STADIUM,BRONX,2028-06-01,0.982071,1,very_high,baseline
161 ST.-YANKEE STADIUM,BRONX,2028-07-01,0.982071,1,very_high,baseline
161 ST.-YANKEE STADIUM,BRONX,2028-08-01,0.982353,1,very_high,baseline
161 ST.-YANKEE STADIUM,BRONX,2028-09-01,0.98152,1,very_high,baseline
161 ST.-YANKEE STADIUM,BRONX,2028-10-01,0.979242,1,very_high,baseline
161 ST.-YANKEE STADIUM,BRONX,2028-11-01,0.979498,1,very_high,baseline
161 ST.-YANKEE STADIUM,BRONX,2028-12-01,0.979498,1,very_high,baseline
161 ST.-YANKEE STADIUM,BRONX,2029-01-01,0.981486,1,very_high,baseline
161 ST.-YANKEE STADIUM,BRONX,2029-02-01,0.981486,1,very_high,baseline
161 ST.-YANKEE STADIUM,BRONX,2029-03-01,0.981486,1,very_high,baseline
161 ST.-YANKEE STADIUM,BRONX,2029-04-01,0.981837,1,very_high,baseline
161 ST.-YANKEE STADIUM,BRONX,2029-05-01,0.982071,1,very_high,baseline
161 ST.-YANKEE STADIUM,BRONX,2029-06-01,0.982071,1,very_high,baseline
161 ST.-YANKEE STADIUM,BRONX,2029-07-01,0.982071,1,very_high,baseline
161 ST.-YANKEE STADIUM,BRONX,2029-08-01,0.982353,1,very_high,baseline
161 ST.-YANKEE STADIUM,BRONX,2029-09-01,0.98152,1,very_high,baseline
161 ST.-YANKEE STADIUM,BRONX,2029-10-01,0.979242,1,very_high,baseline
161 ST.-YANKEE STADIUM,BRONX,2029-11-01,0.979498,1,very_high,baseline
161 ST.-YANKEE STADIUM,BRONX,2029-12-01,0.979498,1,very_high,baseline
163 ST.-AMSTERDAM AVE.,MANHATTAN,2027-01-01,0.000186,0,very_low,baseline
163 ST.-AMSTERDAM AVE.,MANHATTAN,2027-02-01,0.000209,0,very_low,baseline
163 ST.-AMSTERDAM AVE.,MANHATTAN,2027-03-01,0.000251,0,very_low,baseline
163 ST.-AMSTERDAM AVE.,MANHATTAN,2027-04-01,0.000211,0,very_low,baseline
163 ST.-AMSTERDAM AVE.,MANHATTAN,2027-05-01,0.000239,0,very_low,baseline
163 ST.-AMSTERDAM AVE.,MANHATTAN,2027-06-01,0.000224,0,very_low,baseline
163 ST.-AMSTERDAM AVE.,MANHATTAN,2027-07-01,0.000224,0,very_low,baseline
163 ST.-AMSTERDAM AVE.,MANHATTAN,2027-08-01,0.000224,0,very_low,baseline
163 ST.-AMSTERDAM AVE.,MANHATTAN,2027-09-01,0.000232,0,very_low,baseline
163 ST.-AMSTERDAM AVE.,MANHATTAN,2027-10-01,0.000186,0,very_low,baseline
163 ST.-AMSTERDAM AVE.,MANHATTAN,2027-11-01,0.000177,0,very_low,baseline
163 ST.-AMSTERDAM AVE.,MANHATTAN,2027-12-01,0.000174,0,very_low,baseline
163 ST.-AMSTERDAM AVE.,MANHATTAN,2028-01-01,0.000211,0,very_low,baseline
163 ST.-AMSTERDAM AVE.,MANHATTAN,2028-02-01,0.00021,0,very_low,baseline
163 ST.-AMSTERDAM AVE.,MANHATTAN,2028-03-01,0.000211,0,very_low,baseline
163 ST.-AMSTERDAM AVE.,MANHATTAN,2028-04-01,0.000211,0,very_low,baseline
163 ST.-AMSTERDAM AVE.,MANHATTAN,2028-05-01,0.000216,0,very_low,baseline
163 ST.-AMSTERDAM AVE.,MANHATTAN,2028-06-01,0.000224,0,very_low,baseline
163 ST.-AMSTERDAM AVE.,MANHATTAN,2028-07-01,0.000224,0,very_low,baseline
163 ST.-AMSTERDAM AVE.,MANHATTAN,2028-08-01,0.000224,0,very_low,baseline
163 ST.-AMSTERDAM AVE.,MANHATTAN,2028-09-01,0.000232,0,very_low,baseline
163 ST.-AMSTERDAM AVE.,MANHATTAN,2028-10-01,0.000186,0,very_low,baseline
163 ST.-AMSTERDAM AVE.,MANHATTAN,2028-11-01,0.000177,0,very_low,baseline
163 ST.-AMSTERDAM AVE.,MANHATTAN,2028-12-01,0.000174,0,very_low,baseline
163 ST.-AMSTERDAM AVE.,MANHATTAN,2029-01-01,0.000211,0,very_low,baseline
163 ST.-AMSTERDAM AVE.,MANHATTAN,2029-02-01,0.00021,0,very_low,baseline
163 ST.-AMSTERDAM AVE.,MANHATTAN,2029-03-01,0.000211,0,very_low,baseline
163 ST.-AMSTERDAM AVE.,MANHATTAN,2029-04-01,0.000211,0,very_low,baseline
163 ST.-AMSTERDAM AVE.,MANHATTAN,2029-05-01,0.000216,0,very_low,baseline
163 ST.-AMSTERDAM AVE.,MANHATTAN,2029-06-01,0.000224,0,very_low,baseline
163 ST.-AMSTERDAM AVE.,MANHATTAN,2029-07-01,0.000224,0,very_low,baseline
163 ST.-AMSTERDAM AVE.,MANHATTAN,2029-08-01,0.000224,0,very_low,baseline
163 ST.-AMSTERDAM AVE.,MANHATTAN,2029-09-01,0.000232,0,very_low,baseline
163 ST.-AMSTERDAM AVE.,MANHATTAN,2029-10-01,0.000186,0,very_low,baseline
163 ST.-AMSTERDAM AVE.,MANHATTAN,2029-11-01,0.000177,0,very_low,baseline
163 ST.-AMSTERDAM AVE.,MANHATTAN,2029-12-01,0.000174,0,very_low,baseline
167 STREET,BRONX,2027-01-01,0.036708,0,very_low,baseline
167 STREET,BRONX,2027-02-01,0.04058,0,very_low,baseline
167 STREET,BRONX,2027-03-01,0.04877,0,very_low,baseline
167 STREET,BRONX,2027-04-01,0.03405,0,very_low,baseline
167 STREET,BRONX,2027-05-01,0.036233,0,very_low,baseline
167 STREET,BRONX,2027-06-01,0.036332,0,very_low,baseline
167 STREET,BRONX,2027-07-01,0.036332,0,very_low,baseline
167 STREET,BRONX,2027-08-01,0.037303,0,very_low,baseline
167 STREET,BRONX,2027-09-01,0.037873,0,very_low,baseline
167 STREET,BRONX,2027-10-01,0.025095,0,very_low,baseline
167 STREET,BRONX,2027-11-01,0.026048,0,very_low,baseline
167 STREET,BRONX,2027-12-01,0.02543,0,very_low,baseline
167 STREET,BRONX,2028-01-01,0.031173,0,very_low,baseline
167 STREET,BRONX,2028-02-01,0.034469,0,very_low,baseline
167 STREET,BRONX,2028-03-01,0.035214,0,very_low,baseline
167 STREET,BRONX,2028-04-01,0.034759,0,very_low,baseline
167 STREET,BRONX,2028-05-01,0.036332,0,very_low,baseline
167 STREET,BRONX,2028-06-01,0.036332,0,very_low,baseline
167 STREET,BRONX,2028-07-01,0.036332,0,very_low,baseline
167 STREET,BRONX,2028-08-01,0.037303,0,very_low,baseline
167 STREET,BRONX,2028-09-01,0.037873,0,very_low,baseline
167 STREET,BRONX,2028-10-01,0.025095,0,very_low,baseline
167 STREET,BRONX,2028-11-01,0.026048,0,very_low,baseline
167 STREET,BRONX,2028-12-01,0.02543,0,very_low,baseline
167 STREET,BRONX,2029-01-01,0.031173,0,very_low,baseline
167 STREET,BRONX,2029-02-01,0.034469,0,very_low,baseline
167 STREET,BRONX,2029-03-01,0.035214,0,very_low,baseline
167 STREET,BRONX,2029-04-01,0.034759,0,very_low,baseline
167 STREET,BRONX,2029-05-01,0.036332,0,very_low,baseline
167 STREET,BRONX,2029-06-01,0.036332,0,very_low,baseline
167 STREET,BRONX,2029-07-01,0.036332,0,very_low,baseline
167 STREET,BRONX,2029-08-01,0.037303,0,very_low,baseline
167 STREET,BRONX,2029-09-01,0.037873,0,very_low,baseline
167 STREET,BRONX,2029-10-01,0.025095,0,very_low,baseline
167 STREET,BRONX,2029-11-01,0.026048,0,very_low,baseline
167 STREET,BRONX,2029-12-01,0.02543,0,very_low,baseline
168 ST.-WASHINGTON HTS.,MANHATTAN,2027-01-01,0.056111,0,very_low,baseline
168 ST.-WASHINGTON HTS.,MANHATTAN,2027-02-01,0.057418,0,very_low,baseline
168 ST.-WASHINGTON HTS.,MANHATTAN,2027-03-01,0.064632,0,very_low,baseline
168 ST.-WASHINGTON HTS.,MANHATTAN,2027-04-01,0.06132,0,very_low,baseline
168 ST.-WASHINGTON HTS.,MANHATTAN,2027-05-01,0.068125,0,very_low,baseline
168 ST.-WASHINGTON HTS.,MANHATTAN,2027-06-01,0.063155,0,very_low,baseline
168 ST.-WASHINGTON HTS.,MANHATTAN,2027-07-01,0.063155,0,very_low,baseline
168 ST.-WASHINGTON HTS.,MANHATTAN,2027-08-01,0.061601,0,very_low,baseline
168 ST.-WASHINGTON HTS.,MANHATTAN,2027-09-01,0.061977,0,very_low,baseline
168 ST.-WASHINGTON HTS.,MANHATTAN,2027-10-01,0.044732,0,very_low,baseline
168 ST.-WASHINGTON HTS.,MANHATTAN,2027-11-01,0.047382,0,very_low,baseline
168 ST.-WASHINGTON HTS.,MANHATTAN,2027-12-01,0.046282,0,very_low,baseline
168 ST.-WASHINGTON HTS.,MANHATTAN,2028-01-01,0.060662,0,very_low,baseline
168 ST.-WASHINGTON HTS.,MANHATTAN,2028-02-01,0.064052,0,very_low,baseline
168 ST.-WASHINGTON HTS.,MANHATTAN,2028-03-01,0.064052,0,very_low,baseline
168 ST.-WASHINGTON HTS.,MANHATTAN,2028-04-01,0.064052,0,very_low,baseline
168 ST.-WASHINGTON HTS.,MANHATTAN,2028-05-01,0.063155,0,very_low,baseline
168 ST.-WASHINGTON HTS.,MANHATTAN,2028-06-01,0.063155,0,very_low,baseline
168 ST.-WASHINGTON HTS.,MANHATTAN,2028-07-01,0.063155,0,very_low,baseline
168 ST.-WASHINGTON HTS.,MANHATTAN,2028-08-01,0.061601,0,very_low,baseline
168 ST.-WASHINGTON HTS.,MANHATTAN,2028-09-01,0.061977,0,very_low,baseline
168 ST.-WASHINGTON HTS.,MANHATTAN,2028-10-01,0.044732,0,very_low,baseline
168 ST.-WASHINGTON HTS.,MANHATTAN,2028-11-01,0.047382,0,very_low,baseline
168 ST.-WASHINGTON HTS.,MANHATTAN,2028-12-01,0.046282,0,very_low,baseline
168 ST.-WASHINGTON HTS.,MANHATTAN,2029-01-01,0.060662,0,very_low,baseline
168 ST.-WASHINGTON HTS.,MANHATTAN,2029-02-01,0.064052,0,very_low,baseline
168 ST.-WASHINGTON HTS.,MANHATTAN,2029-03-01,0.064052,0,very_low,baseline
168 ST.-WASHINGTON HTS.,MANHATTAN,2029-04-01,0.064052,0,very_low,baseline
168 ST.-WASHINGTON HTS.,MANHATTAN,2029-05-01,0.063155,0,very_low,baseline
168 ST.-WASHINGTON HTS.,MANHATTAN,2029-06-01,0.063155,0,very_low,baseline
168 ST.-WASHINGTON HTS.,MANHATTAN,2029-07-01,0.063155,0,very_low,baseline
168 ST.-WASHINGTON HTS.,MANHATTAN,2029-08-01,0.061601,0,very_low,baseline
168 ST.-WASHINGTON HTS.,MANHATTAN,2029-09-01,0.061977,0,very_low,baseline
168 ST.-WASHINGTON HTS.,MANHATTAN,2029-10-01,0.044732,0,very_low,baseline
168 ST.-WASHINGTON HTS.,MANHATTAN,2029-11-01,0.047382,0,very_low,baseline
168 ST.-WASHINGTON HTS.,MANHATTAN,2029-12-01,0.046282,0,very_low,baseline
169 STREET,QUEENS,2027-01-01,0.408386,1,medium,baseline
169 STREET,QUEENS,2027-02-01,0.236295,1,low,baseline
169 STREET,QUEENS,2027-03-01,0.353552,1,low,baseline
169 STREET,QUEENS,2027-04-01,0.167193,1,very_low,baseline
169 STREET,QUEENS,2027-05-01,0.188704,1,very_low,baseline
169 STREET,QUEENS,2027-06-01,0.194212,1,very_low,baseline
169 STREET,QUEENS,2027-07-01,0.192186,1,very_low,baseline
169 STREET,QUEENS,2027-08-01,0.200649,1,low,baseline
169 STREET,QUEENS,2027-09-01,0.202585,1,low,baseline
169 STREET,QUEENS,2027-10-01,0.115991,1,very_low,baseline
169 STREET,QUEENS,2027-11-01,0.121781,1,very_low,baseline
169 STREET,QUEENS,2027-12-01,0.126462,1,very_low,baseline
169 STREET,QUEENS,2028-01-01,0.219733,1,low,baseline
169 STREET,QUEENS,2028-02-01,0.209717,1,low,baseline
169 STREET,QUEENS,2028-03-01,0.209717,1,low,baseline
169 STREET,QUEENS,2028-04-01,0.209717,1,low,baseline
169 STREET,QUEENS,2028-05-01,0.212794,1,low,baseline
169 STREET,QUEENS,2028-06-01,0.218288,1,low,baseline
169 STREET,QUEENS,2028-07-01,0.218288,1,low,baseline
169 STREET,QUEENS,2028-08-01,0.218288,1,low,baseline
169 STREET,QUEENS,2028-09-01,0.207328,1,low,baseline
169 STREET,QUEENS,2028-10-01,0.120232,1,very_low,baseline
169 STREET,QUEENS,2028-11-01,0.126332,1,very_low,baseline
169 STREET,QUEENS,2028-12-01,0.126462,1,very_low,baseline
169 STREET,QUEENS,2029-01-01,0.219733,1,low,baseline
169 STREET,QUEENS,2029-02-01,0.209717,1,low,baseline
169 STREET,QUEENS,2029-03-01,0.209717,1,low,baseline
169 STREET,QUEENS,2029-04-01,0.209717,1,low,baseline
169 STREET,QUEENS,2029-05-01,0.212794,1,low,baseline
169 STREET,QUEENS,2029-06-01,0.218288,1,low,baseline
169 STREET,QUEENS,2029-07-01,0.218288,1,low,baseline
169 STREET,QUEENS,2029-08-01,0.218288,1,low,baseline
169 STREET,QUEENS,2029-09-01,0.207328,1,low,baseline
169 STREET,QUEENS,2029-10-01,0.120232,1,very_low,baseline
169 STREET,QUEENS,2029-11-01,0.126332,1,very_low,baseline
169 STREET,QUEENS,2029-12-01,0.126462,1,very_low,baseline
170 STREET,BRONX,2027-01-01,0.426371,1,medium,baseline
170 STREET,BRONX,2027-02-01,0.424697,1,medium,baseline
170 STREET,BRONX,2027-03-01,0.676866,1,high,baseline
170 STREET,BRONX,2027-04-01,0.547091,1,medium,baseline
170 STREET,BRONX,2027-05-01,0.557461,1,medium,baseline
170 STREET,BRONX,2027-06-01,0.716343,1,high,baseline
170 STREET,BRONX,2027-07-01,0.717518,1,high,baseline
170 STREET,BRONX,2027-08-01,0.717518,1,high,baseline
170 STREET,BRONX,2027-09-01,0.720373,1,high,baseline
170 STREET,BRONX,2027-10-01,0.695939,1,high,baseline
170 STREET,BRONX,2027-11-01,0.697939,1,high,baseline
170 STREET,BRONX,2027-12-01,0.697939,1,high,baseline
170 STREET,BRONX,2028-01-01,0.733599,1,high,baseline
170 STREET,BRONX,2028-02-01,0.733599,1,high,baseline
170 STREET,BRONX,2028-03-01,0.733599,1,high,baseline
170 STREET,BRONX,2028-04-01,0.733599,1,high,baseline
170 STREET,BRONX,2028-05-01,0.731462,1,high,baseline
170 STREET,BRONX,2028-06-01,0.731462,1,high,baseline
170 STREET,BRONX,2028-07-01,0.731462,1,high,baseline
170 STREET,BRONX,2028-08-01,0.731462,1,high,baseline
170 STREET,BRONX,2028-09-01,0.725275,1,high,baseline
170 STREET,BRONX,2028-10-01,0.695939,1,high,baseline
170 STREET,BRONX,2028-11-01,0.697939,1,high,baseline
170 STREET,BRONX,2028-12-01,0.697939,1,high,baseline
170 STREET,BRONX,2029-01-01,0.733599,1,high,baseline
170 STREET,BRONX,2029-02-01,0.733599,1,high,baseline
170 STREET,BRONX,2029-03-01,0.733599,1,high,baseline
170 STREET,BRONX,2029-04-01,0.733599,1,high,baseline
170 STREET,BRONX,2029-05-01,0.731462,1,high,baseline
170 STREET,BRONX,2029-06-01,0.731462,1,high,baseline
170 STREET,BRONX,2029-07-01,0.731462,1,high,baseline
170 STREET,BRONX,2029-08-01,0.731462,1,high,baseline
170 STREET,BRONX,2029-09-01,0.725275,1,high,baseline
170 STREET,BRONX,2029-10-01,0.695939,1,high,baseline
170 STREET,BRONX,2029-11-01,0.697939,1,high,baseline
170 STREET,BRONX,2029-12-01,0.697939,1,high,baseline
174-175 STREETS,BRONX,2027-01-01,0.094381,1,very_low,baseline
174-175 STREETS,BRONX,2027-02-01,0.092321,1,very_low,baseline
174-175 STREETS,BRONX,2027-03-01,0.058217,0,very_low,baseline
174-175 STREETS,BRONX,2027-04-01,0.035285,0,very_low,baseline
174-175 STREETS,BRONX,2027-05-01,0.041442,0,very_low,baseline
174-175 STREETS,BRONX,2027-06-01,0.043227,0,very_low,baseline
174-175 STREETS,BRONX,2027-07-01,0.045904,0,very_low,baseline
174-175 STREETS,BRONX,2027-08-01,0.04895,0,very_low,baseline
174-175 STREETS,BRONX,2027-09-01,0.048956,0,very_low,baseline
174-175 STREETS,BRONX,2027-10-01,0.041116,0,very_low,baseline
174-175 STREETS,BRONX,2027-11-01,0.043395,0,very_low,baseline
174-175 STREETS,BRONX,2027-12-01,0.046214,0,very_low,baseline
174-175 STREETS,BRONX,2028-01-01,0.042789,0,very_low,baseline
174-175 STREETS,BRONX,2028-02-01,0.041439,0,very_low,baseline
174-175 STREETS,BRONX,2028-03-01,0.064311,0,very_low,baseline
174-175 STREETS,BRONX,2028-04-01,0.065484,0,very_low,baseline
174-175 STREETS,BRONX,2028-05-01,0.068926,0,very_low,baseline
174-175 STREETS,BRONX,2028-06-01,0.068926,0,very_low,baseline
174-175 STREETS,BRONX,2028-07-01,0.069762,0,very_low,baseline
174-175 STREETS,BRONX,2028-08-01,0.074269,0,very_low,baseline
174-175 STREETS,BRONX,2028-09-01,0.077413,0,very_low,baseline
174-175 STREETS,BRONX,2028-10-01,0.059599,0,very_low,baseline
174-175 STREETS,BRONX,2028-11-01,0.063346,0,very_low,baseline
174-175 STREETS,BRONX,2028-12-01,0.067369,0,very_low,baseline
174-175 STREETS,BRONX,2029-01-01,0.064525,0,very_low,baseline
174-175 STREETS,BRONX,2029-02-01,0.066069,0,very_low,baseline
174-175 STREETS,BRONX,2029-03-01,0.064311,0,very_low,baseline
174-175 STREETS,BRONX,2029-04-01,0.065484,0,very_low,baseline
174-175 STREETS,BRONX,2029-05-01,0.068926,0,very_low,baseline
174-175 STREETS,BRONX,2029-06-01,0.068926,0,very_low,baseline
174-175 STREETS,BRONX,2029-07-01,0.069762,0,very_low,baseline
174-175 STREETS,BRONX,2029-08-01,0.074269,0,very_low,baseline
174-175 STREETS,BRONX,2029-09-01,0.077413,0,very_low,baseline
174-175 STREETS,BRONX,2029-10-01,0.059599,0,very_low,baseline
174-175 STREETS,BRONX,2029-11-01,0.063346,0,very_low,baseline
174-175 STREETS,BRONX,2029-12-01,0.067369,0,very_low,baseline
175 STREET,MANHATTAN,2027-01-01,0.000357,0,very_low,baseline
175 STREET,MANHATTAN,2027-02-01,0.000325,0,very_low,baseline
175 STREET,MANHATTAN,2027-03-01,0.000362,0,very_low,baseline
175 STREET,MANHATTAN,2027-04-01,0.000371,0,very_low,baseline
175 STREET,MANHATTAN,2027-05-01,0.000392,0,very_low,baseline
175 STREET,MANHATTAN,2027-06-01,0.000413,0,very_low,baseline
175 STREET,MANHATTAN,2027-07-01,0.000422,0,very_low,baseline
175 STREET,MANHATTAN,2027-08-01,0.000411,0,very_low,baseline
175 STREET,MANHATTAN,2027-09-01,0.000413,0,very_low,baseline
175 STREET,MANHATTAN,2027-10-01,0.000265,0,very_low,baseline
175 STREET,MANHATTAN,2027-11-01,0.000257,0,very_low,baseline
175 STREET,MANHATTAN,2027-12-01,0.00025,0,very_low,baseline
175 STREET,MANHATTAN,2028-01-01,0.000353,0,very_low,baseline
175 STREET,MANHATTAN,2028-02-01,0.000363,0,very_low,baseline
175 STREET,MANHATTAN,2028-03-01,0.000362,0,very_low,baseline
175 STREET,MANHATTAN,2028-04-01,0.000362,0,very_low,baseline
175 STREET,MANHATTAN,2028-05-01,0.000382,0,very_low,baseline
175 STREET,MANHATTAN,2028-06-01,0.000413,0,very_low,baseline
175 STREET,MANHATTAN,2028-07-01,0.000422,0,very_low,baseline
175 STREET,MANHATTAN,2028-08-01,0.000411,0,very_low,baseline
175 STREET,MANHATTAN,2028-09-01,0.000413,0,very_low,baseline
175 STREET,MANHATTAN,2028-10-01,0.000265,0,very_low,baseline
175 STREET,MANHATTAN,2028-11-01,0.000257,0,very_low,baseline
175 STREET,MANHATTAN,2028-12-01,0.00025,0,very_low,baseline
175 STREET,MANHATTAN,2029-01-01,0.000353,0,very_low,baseline
175 STREET,MANHATTAN,2029-02-01,0.000363,0,very_low,baseline
175 STREET,MANHATTAN,2029-03-01,0.000362,0,very_low,baseline
175 STREET,MANHATTAN,2029-04-01,0.000362,0,very_low,baseline
175 STREET,MANHATTAN,2029-05-01,0.000382,0,very_low,baseline
175 STREET,MANHATTAN,2029-06-01,0.000413,0,very_low,baseline
175 STREET,MANHATTAN,2029-07-01,0.000422,0,very_low,baseline
175 STREET,MANHATTAN,2029-08-01,0.000411,0,very_low,baseline
175 STREET,MANHATTAN,2029-09-01,0.000413,0,very_low,baseline
175 STREET,MANHATTAN,2029-10-01,0.000265,0,very_low,baseline
175 STREET,MANHATTAN,2029-11-01,0.000257,0,very_low,baseline
175 STREET,MANHATTAN,2029-12-01,0.00025,0,very_low,baseline
176 STREET,BRONX,2027-01-01,0.000526,0,very_low,baseline
176 STREET,BRONX,2027-02-01,0.000742,0,very_low,baseline
176 STREET,BRONX,2027-03-01,0.00033,0,very_low,baseline
176 STREET,BRONX,2027-04-01,0.000351,0,very_low,baseline
176 STREET,BRONX,2027-05-01,0.000424,0,very_low,baseline
176 STREET,BRONX,2027-06-01,0.000629,0,very_low,baseline
176 STREET,BRONX,2027-07-01,0.000629,0,very_low,baseline
176 STREET,BRONX,2027-08-01,0.000629,0,very_low,baseline
176 STREET,BRONX,2027-09-01,0.000609,0,very_low,baseline
176 STREET,BRONX,2027-10-01,0.000467,0,very_low,baseline
176 STREET,BRONX,2027-11-01,0.000449,0,very_low,baseline
176 STREET,BRONX,2027-12-01,0.000475,0,very_low,baseline
176 STREET,BRONX,2028-01-01,0.000574,0,very_low,baseline
176 STREET,BRONX,2028-02-01,0.000594,0,very_low,baseline
176 STREET,BRONX,2028-03-01,0.000601,0,very_low,baseline
176 STREET,BRONX,2028-04-01,0.000601,0,very_low,baseline
176 STREET,BRONX,2028-05-01,0.000624,0,very_low,baseline
176 STREET,BRONX,2028-06-01,0.000629,0,very_low,baseline
176 STREET,BRONX,2028-07-01,0.000629,0,very_low,baseline
176 STREET,BRONX,2028-08-01,0.000629,0,very_low,baseline
176 STREET,BRONX,2028-09-01,0.000609,0,very_low,baseline
176 STREET,BRONX,2028-10-01,0.000467,0,very_low,baseline
176 STREET,BRONX,2028-11-01,0.000449,0,very_low,baseline
176 STREET,BRONX,2028-12-01,0.000475,0,very_low,baseline
176 STREET,BRONX,2029-01-01,0.000574,0,very_low,baseline
176 STREET,BRONX,2029-02-01,0.000594,0,very_low,baseline
176 STREET,BRONX,2029-03-01,0.000601,0,very_low,baseline
176 STREET,BRONX,2029-04-01,0.000601,0,very_low,baseline
176 STREET,BRONX,2029-05-01,0.000624,0,very_low,baseline
176 STREET,BRONX,2029-06-01,0.000629,0,very_low,baseline
176 STREET,BRONX,2029-07-01,0.000629,0,very_low,baseline
176 STREET,BRONX,2029-08-01,0.000629,0,very_low,baseline
176 STREET,BRONX,2029-09-01,0.000609,0,very_low,baseline
176 STREET,BRONX,2029-10-01,0.000467,0,very_low,baseline
176 STREET,BRONX,2029-11-01,0.000449,0,very_low,baseline
176 STREET,BRONX,2029-12-01,0.000475,0,very_low,baseline
179 ST.-JAMAICA,QUEENS,2027-01-01,0.014582,0,very_low,baseline
179 ST.-JAMAICA,QUEENS,2027-02-01,0.028047,0,very_low,baseline
179 ST.-JAMAICA,QUEENS,2027-03-01,0.071805,0,very_low,baseline
179 ST.-JAMAICA,QUEENS,2027-04-01,0.109596,1,very_low,baseline
179 ST.-JAMAICA,QUEENS,2027-05-01,0.049775,0,very_low,baseline
179 ST.-JAMAICA,QUEENS,2027-06-01,0.0554,0,very_low,baseline
179 ST.-JAMAICA,QUEENS,2027-07-01,0.054307,0,very_low,baseline
179 ST.-JAMAICA,QUEENS,2027-08-01,0.059496,0,very_low,baseline
179 ST.-JAMAICA,QUEENS,2027-09-01,0.058485,0,very_low,baseline
179 ST.-JAMAICA,QUEENS,2027-10-01,0.029231,0,very_low,baseline
179 ST.-JAMAICA,QUEENS,2027-11-01,0.027975,0,very_low,baseline
179 ST.-JAMAICA,QUEENS,2027-12-01,0.027313,0,very_low,baseline
179 ST.-JAMAICA,QUEENS,2028-01-01,0.056445,0,very_low,baseline
179 ST.-JAMAICA,QUEENS,2028-02-01,0.057104,0,very_low,baseline
179 ST.-JAMAICA,QUEENS,2028-03-01,0.057104,0,very_low,baseline
179 ST.-JAMAICA,QUEENS,2028-04-01,0.057104,0,very_low,baseline
179 ST.-JAMAICA,QUEENS,2028-05-01,0.065465,0,very_low,baseline
179 ST.-JAMAICA,QUEENS,2028-06-01,0.066394,0,very_low,baseline
179 ST.-JAMAICA,QUEENS,2028-07-01,0.067073,0,very_low,baseline
179 ST.-JAMAICA,QUEENS,2028-08-01,0.06543,0,very_low,baseline
179 ST.-JAMAICA,QUEENS,2028-09-01,0.065413,0,very_low,baseline
179 ST.-JAMAICA,QUEENS,2028-10-01,0.029897,0,very_low,baseline
179 ST.-JAMAICA,QUEENS,2028-11-01,0.028265,0,very_low,baseline
179 ST.-JAMAICA,QUEENS,2028-12-01,0.027596,0,very_low,baseline
179 ST.-JAMAICA,QUEENS,2029-01-01,0.060511,0,very_low,baseline
179 ST.-JAMAICA,QUEENS,2029-02-01,0.061136,0,very_low,baseline
179 ST.-JAMAICA,QUEENS,2029-03-01,0.061136,0,very_low,baseline
179 ST.-JAMAICA,QUEENS,2029-04-01,0.061136,0,very_low,baseline
179 ST.-JAMAICA,QUEENS,2029-05-01,0.065465,0,very_low,baseline
179 ST.-JAMAICA,QUEENS,2029-06-01,0.066394,0,very_low,baseline
179 ST.-JAMAICA,QUEENS,2029-07-01,0.067073,0,very_low,baseline
179 ST.-JAMAICA,QUEENS,2029-08-01,0.06543,0,very_low,baseline
179 ST.-JAMAICA,QUEENS,2029-09-01,0.065413,0,very_low,baseline
179 ST.-JAMAICA,QUEENS,2029-10-01,0.029897,0,very_low,baseline
179 ST.-JAMAICA,QUEENS,2029-11-01,0.028265,0,very_low,baseline
179 ST.-JAMAICA,QUEENS,2029-12-01,0.027596,0,very_low,baseline
18 AVENUE,BROOKLYN,2027-01-01,0.000178,0,very_low,baseline
18 AVENUE,BROOKLYN,2027-02-01,8.5e-05,0,very_low,baseline
18 AVENUE,BROOKLYN,2027-03-01,9e-05,0,very_low,baseline
18 AVENUE,BROOKLYN,2027-04-01,9.4e-05,0,very_low,baseline
18 AVENUE,BROOKLYN,2027-05-01,0.000117,0,very_low,baseline
18 AVENUE,BROOKLYN,2027-06-01,0.000139,0,very_low,baseline
18 AVENUE,BROOKLYN,2027-07-01,0.000139,0,very_low,baseline
18 AVENUE,BROOKLYN,2027-08-01,0.000139,0,very_low,baseline
18 AVENUE,BROOKLYN,2027-09-01,0.000146,0,very_low,baseline
18 AVENUE,BROOKLYN,2027-10-01,0.000124,0,very_low,baseline
18 AVENUE,BROOKLYN,2027-11-01,0.000117,0,very_low,baseline
18 AVENUE,BROOKLYN,2027-12-01,0.000125,0,very_low,baseline
18 AVENUE,BROOKLYN,2028-01-01,0.000137,0,very_low,baseline
18 AVENUE,BROOKLYN,2028-02-01,0.000131,0,very_low,baseline
18 AVENUE,BROOKLYN,2028-03-01,0.000132,0,very_low,baseline
18 AVENUE,BROOKLYN,2028-04-01,0.000132,0,very_low,baseline
18 AVENUE,BROOKLYN,2028-05-01,0.000138,0,very_low,baseline
18 AVENUE,BROOKLYN,2028-06-01,0.000139,0,very_low,baseline
18 AVENUE,BROOKLYN,2028-07-01,0.000139,0,very_low,baseline
18 AVENUE,BROOKLYN,2028-08-01,0.000139,0,very_low,baseline
18 AVENUE,BROOKLYN,2028-09-01,0.000146,0,very_low,baseline
18 AVENUE,BROOKLYN,2028-10-01,0.000124,0,very_low,baseline
18 AVENUE,BROOKLYN,2028-11-01,0.000117,0,very_low,baseline
18 AVENUE,BROOKLYN,2028-12-01,0.000125,0,very_low,baseline
18 AVENUE,BROOKLYN,2029-01-01,0.000137,0,very_low,baseline
18 AVENUE,BROOKLYN,2029-02-01,0.000131,0,very_low,baseline
18 AVENUE,BROOKLYN,2029-03-01,0.000132,0,very_low,baseline
18 AVENUE,BROOKLYN,2029-04-01,0.000132,0,very_low,baseline
18 AVENUE,BROOKLYN,2029-05-01,0.000138,0,very_low,baseline
18 AVENUE,BROOKLYN,2029-06-01,0.000139,0,very_low,baseline
18 AVENUE,BROOKLYN,2029-07-01,0.000139,0,very_low,baseline
18 AVENUE,BROOKLYN,2029-08-01,0.000139,0,very_low,baseline
18 AVENUE,BROOKLYN,2029-09-01,0.000146,0,very_low,baseline
18 AVENUE,BROOKLYN,2029-10-01,0.000124,0,very_low,baseline
18 AVENUE,BROOKLYN,2029-11-01,0.000117,0,very_low,baseline
18 AVENUE,BROOKLYN,2029-12-01,0.000125,0,very_low,baseline
18 STREET,MANHATTAN,2027-01-01,7.3e-05,0,very_low,baseline
18 STREET,MANHATTAN,2027-02-01,8.8e-05,0,very_low,baseline
18 STREET,MANHATTAN,2027-03-01,7.6e-05,0,very_low,baseline
18 STREET,MANHATTAN,2027-04-01,7.7e-05,0,very_low,baseline
18 STREET,MANHATTAN,2027-05-01,8.7e-05,0,very_low,baseline
18 STREET,MANHATTAN,2027-06-01,8.7e-05,0,very_low,baseline
18 STREET,MANHATTAN,2027-07-01,8.7e-05,0,very_low,baseline
18 STREET,MANHATTAN,2027-08-01,8.7e-05,0,very_low,baseline
18 STREET,MANHATTAN,2027-09-01,9.2e-05,0,very_low,baseline
18 STREET,MANHATTAN,2027-10-01,8.1e-05,0,very_low,baseline
18 STREET,MANHATTAN,2027-11-01,7.6e-05,0,very_low,baseline
18 STREET,MANHATTAN,2027-12-01,7.6e-05,0,very_low,baseline
18 STREET,MANHATTAN,2028-01-01,8.6e-05,0,very_low,baseline
18 STREET,MANHATTAN,2028-02-01,8.5e-05,0,very_low,baseline
18 STREET,MANHATTAN,2028-03-01,8.3e-05,0,very_low,baseline
18 STREET,MANHATTAN,2028-04-01,8.3e-05,0,very_low,baseline
18 STREET,MANHATTAN,2028-05-01,8.6e-05,0,very_low,baseline
18 STREET,MANHATTAN,2028-06-01,8.7e-05,0,very_low,baseline
18 STREET,MANHATTAN,2028-07-01,8.7e-05,0,very_low,baseline
18 STREET,MANHATTAN,2028-08-01,8.7e-05,0,very_low,baseline
18 STREET,MANHATTAN,2028-09-01,9.2e-05,0,very_low,baseline
18 STREET,MANHATTAN,2028-10-01,8.1e-05,0,very_low,baseline
18 STREET,MANHATTAN,2028-11-01,7.6e-05,0,very_low,baseline
18 STREET,MANHATTAN,2028-12-01,7.6e-05,0,very_low,baseline
18 STREET,MANHATTAN,2029-01-01,8.6e-05,0,very_low,baseline
18 STREET,MANHATTAN,2029-02-01,8.5e-05,0,very_low,baseline
18 STREET,MANHATTAN,2029-03-01,8.3e-05,0,very_low,baseline
18 STREET,MANHATTAN,2029-04-01,8.3e-05,0,very_low,baseline
18 STREET,MANHATTAN,2029-05-01,8.6e-05,0,very_low,baseline
18 STREET,MANHATTAN,2029-06-01,8.7e-05,0,very_low,baseline
18 STREET,MANHATTAN,2029-07-01,8.7e-05,0,very_low,baseline
18 STREET,MANHATTAN,2029-08-01,8.7e-05,0,very_low,baseline
18 STREET,MANHATTAN,2029-09-01,9.2e-05,0,very_low,baseline
18 STREET,MANHATTAN,2029-10-01,8.1e-05,0,very_low,baseline
18 STREET,MANHATTAN,2029-11-01,7.6e-05,0,very_low,baseline
18 STREET,MANHATTAN,2029-12-01,7.6e-05,0,very_low,baseline
181 STREET,MANHATTAN,2027-01-01,0.000422,0,very_low,baseline
181 STREET,MANHATTAN,2027-02-01,0.000436,0,very_low,baseline
181 STREET,MANHATTAN,2027-03-01,0.00063,0,very_low,baseline
181 STREET,MANHATTAN,2027-04-01,0.000614,0,very_low,baseline
181 STREET,MANHATTAN,2027-05-01,0.000655,0,very_low,baseline
181 STREET,MANHATTAN,2027-06-01,0.000645,0,very_low,baseline
181 STREET,MANHATTAN,2027-07-01,0.000645,0,very_low,baseline
181 STREET,MANHATTAN,2027-08-01,0.000645,0,very_low,baseline
181 STREET,MANHATTAN,2027-09-01,0.000666,0,very_low,baseline
181 STREET,MANHATTAN,2027-10-01,0.000484,0,very_low,baseline
181 STREET,MANHATTAN,2027-11-01,0.000502,0,very_low,baseline
181 STREET,MANHATTAN,2027-12-01,0.000523,0,very_low,baseline
181 STREET,MANHATTAN,2028-01-01,0.000554,0,very_low,baseline
181 STREET,MANHATTAN,2028-02-01,0.000602,0,very_low,baseline
181 STREET,MANHATTAN,2028-03-01,0.000602,0,very_low,baseline
181 STREET,MANHATTAN,2028-04-01,0.000602,0,very_low,baseline
181 STREET,MANHATTAN,2028-05-01,0.000645,0,very_low,baseline
181 STREET,MANHATTAN,2028-06-01,0.000645,0,very_low,baseline
181 STREET,MANHATTAN,2028-07-01,0.000645,0,very_low,baseline
181 STREET,MANHATTAN,2028-08-01,0.000645,0,very_low,baseline
181 STREET,MANHATTAN,2028-09-01,0.000666,0,very_low,baseline
181 STREET,MANHATTAN,2028-10-01,0.000484,0,very_low,baseline
181 STREET,MANHATTAN,2028-11-01,0.000502,0,very_low,baseline
181 STREET,MANHATTAN,2028-12-01,0.000523,0,very_low,baseline
181 STREET,MANHATTAN,2029-01-01,0.000554,0,very_low,baseline
181 STREET,MANHATTAN,2029-02-01,0.000602,0,very_low,baseline
181 STREET,MANHATTAN,2029-03-01,0.000602,0,very_low,baseline
181 STREET,MANHATTAN,2029-04-01,0.000602,0,very_low,baseline
181 STREET,MANHATTAN,2029-05-01,0.000645,0,very_low,baseline
181 STREET,MANHATTAN,2029-06-01,0.000645,0,very_low,baseline
181 STREET,MANHATTAN,2029-07-01,0.000645,0,very_low,baseline
181 STREET,MANHATTAN,2029-08-01,0.000645,0,very_low,baseline
181 STREET,MANHATTAN,2029-09-01,0.000666,0,very_low,baseline
181 STREET,MANHATTAN,2029-10-01,0.000484,0,very_low,baseline
181 STREET,MANHATTAN,2029-11-01,0.000502,0,very_low,baseline
181 STREET,MANHATTAN,2029-12-01,0.000523,0,very_low,baseline
182-183 STREETS,BRONX,2027-01-01,0.003333,0,very_low,baseline
182-183 STREETS,BRONX,2027-02-01,0.003321,0,very_low,baseline
182-183 STREETS,BRONX,2027-03-01,0.001707,0,very_low,baseline
182-183 STREETS,BRONX,2027-04-01,0.001849,0,very_low,baseline
182-183 STREETS,BRONX,2027-05-01,0.002055,0,very_low,baseline
182-183 STREETS,BRONX,2027-06-01,0.00117,0,very_low,baseline
182-183 STREETS,BRONX,2027-07-01,0.00117,0,very_low,baseline
182-183 STREETS,BRONX,2027-08-01,0.00117,0,very_low,baseline
182-183 STREETS,BRONX,2027-09-01,0.001159,0,very_low,baseline
182-183 STREETS,BRONX,2027-10-01,0.000791,0,very_low,baseline
182-183 STREETS,BRONX,2027-11-01,0.000751,0,very_low,baseline
182-183 STREETS,BRONX,2027-12-01,0.000761,0,very_low,baseline
182-183 STREETS,BRONX,2028-01-01,0.001113,0,very_low,baseline
182-183 STREETS,BRONX,2028-02-01,0.001106,0,very_low,baseline
182-183 STREETS,BRONX,2028-03-01,0.001118,0,very_low,baseline
182-183 STREETS,BRONX,2028-04-01,0.001118,0,very_low,baseline
182-183 STREETS,BRONX,2028-05-01,0.001166,0,very_low,baseline
182-183 STREETS,BRONX,2028-06-01,0.00117,0,very_low,baseline
182-183 STREETS,BRONX,2028-07-01,0.00117,0,very_low,baseline
182-183 STREETS,BRONX,2028-08-01,0.00117,0,very_low,baseline
182-183 STREETS,BRONX,2028-09-01,0.001159,0,very_low,baseline
182-183 STREETS,BRONX,2028-10-01,0.000791,0,very_low,baseline
182-183 STREETS,BRONX,2028-11-01,0.000751,0,very_low,baseline
182-183 STREETS,BRONX,2028-12-01,0.000761,0,very_low,baseline
182-183 STREETS,BRONX,2029-01-01,0.001113,0,very_low,baseline
182-183 STREETS,BRONX,2029-02-01,0.001106,0,very_low,baseline
182-183 STREETS,BRONX,2029-03-01,0.001118,0,very_low,baseline
182-183 STREETS,BRONX,2029-04-01,0.001118,0,very_low,baseline
182-183 STREETS,BRONX,2029-05-01,0.001166,0,very_low,baseline
182-183 STREETS,BRONX,2029-06-01,0.00117,0,very_low,baseline
182-183 STREETS,BRONX,2029-07-01,0.00117,0,very_low,baseline
182-183 STREETS,BRONX,2029-08-01,0.00117,0,very_low,baseline
182-183 STREETS,BRONX,2029-09-01,0.001159,0,very_low,baseline
182-183 STREETS,BRONX,2029-10-01,0.000791,0,very_low,baseline
182-183 STREETS,BRONX,2029-11-01,0.000751,0,very_low,baseline
182-183 STREETS,BRONX,2029-12-01,0.000761,0,very_low,baseline
183 STREET,BRONX,2027-01-01,0.01086,0,very_low,baseline
183 STREET,BRONX,2027-02-01,0.0069,0,very_low,baseline
183 STREET,BRONX,2027-03-01,0.008851,0,very_low,baseline
183 STREET,BRONX,2027-04-01,0.008992,0,very_low,baseline
183 STREET,BRONX,2027-05-01,0.007119,0,very_low,baseline
183 STREET,BRONX,2027-06-01,0.006533,0,very_low,baseline
183 STREET,BRONX,2027-07-01,0.006533,0,very_low,baseline
183 STREET,BRONX,2027-08-01,0.006713,0,very_low,baseline
183 STREET,BRONX,2027-09-01,0.006684,0,very_low,baseline
183 STREET,BRONX,2027-10-01,0.004951,0,very_low,baseline
183 STREET,BRONX,2027-11-01,0.004933,0,very_low,baseline
183 STREET,BRONX,2027-12-01,0.004933,0,very_low,baseline
183 STREET,BRONX,2028-01-01,0.006088,0,very_low,baseline
183 STREET,BRONX,2028-02-01,0.006234,0,very_low,baseline
183 STREET,BRONX,2028-03-01,0.006032,0,very_low,baseline
183 STREET,BRONX,2028-04-01,0.006017,0,very_low,baseline
183 STREET,BRONX,2028-05-01,0.006325,0,very_low,baseline
183 STREET,BRONX,2028-06-01,0.006533,0,very_low,baseline
183 STREET,BRONX,2028-07-01,0.006533,0,very_low,baseline
183 STREET,BRONX,2028-08-01,0.006713,0,very_low,baseline
183 STREET,BRONX,2028-09-01,0.006684,0,very_low,baseline
183 STREET,BRONX,2028-10-01,0.004951,0,very_low,baseline
183 STREET,BRONX,2028-11-01,0.004933,0,very_low,baseline
183 STREET,BRONX,2028-12-01,0.004933,0,very_low,baseline
183 STREET,BRONX,2029-01-01,0.006088,0,very_low,baseline
183 STREET,BRONX,2029-02-01,0.006234,0,very_low,baseline
183 STREET,BRONX,2029-03-01,0.006032,0,very_low,baseline
183 STREET,BRONX,2029-04-01,0.006017,0,very_low,baseline
183 STREET,BRONX,2029-05-01,0.006325,0,very_low,baseline
183 STREET,BRONX,2029-06-01,0.006533,0,very_low,baseline
183 STREET,BRONX,2029-07-01,0.006533,0,very_low,baseline
183 STREET,BRONX,2029-08-01,0.006713,0,very_low,baseline
183 STREET,BRONX,2029-09-01,0.006684,0,very_low,baseline
183 STREET,BRONX,2029-10-01,0.004951,0,very_low,baseline
183 STREET,BRONX,2029-11-01,0.004933,0,very_low,baseline
183 STREET,BRONX,2029-12-01,0.004933,0,very_low,baseline
190 STREET,MANHATTAN,2027-01-01,0.000212,0,very_low,baseline
190 STREET,MANHATTAN,2027-02-01,0.000204,0,very_low,baseline
190 STREET,MANHATTAN,2027-03-01,0.00015,0,very_low,baseline
190 STREET,MANHATTAN,2027-04-01,0.00015,0,very_low,baseline
190 STREET,MANHATTAN,2027-05-01,0.000154,0,very_low,baseline
190 STREET,MANHATTAN,2027-06-01,0.000152,0,very_low,baseline
190 STREET,MANHATTAN,2027-07-01,0.000152,0,very_low,baseline
190 STREET,MANHATTAN,2027-08-01,0.000152,0,very_low,baseline
190 STREET,MANHATTAN,2027-09-01,0.000161,0,very_low,baseline
190 STREET,MANHATTAN,2027-10-01,0.000133,0,very_low,baseline
190 STREET,MANHATTAN,2027-11-01,0.000126,0,very_low,baseline
190 STREET,MANHATTAN,2027-12-01,0.000126,0,very_low,baseline
190 STREET,MANHATTAN,2028-01-01,0.000147,0,very_low,baseline
190 STREET,MANHATTAN,2028-02-01,0.000146,0,very_low,baseline
190 STREET,MANHATTAN,2028-03-01,0.000147,0,very_low,baseline
190 STREET,MANHATTAN,2028-04-01,0.000147,0,very_low,baseline
190 STREET,MANHATTAN,2028-05-01,0.00015,0,very_low,baseline
190 STREET,MANHATTAN,2028-06-01,0.000152,0,very_low,baseline
190 STREET,MANHATTAN,2028-07-01,0.000152,0,very_low,baseline
190 STREET,MANHATTAN,2028-08-01,0.000152,0,very_low,baseline
190 STREET,MANHATTAN,2028-09-01,0.000161,0,very_low,baseline
190 STREET,MANHATTAN,2028-10-01,0.000133,0,very_low,baseline
190 STREET,MANHATTAN,2028-11-01,0.000126,0,very_low,baseline
190 STREET,MANHATTAN,2028-12-01,0.000126,0,very_low,baseline
190 STREET,MANHATTAN,2029-01-01,0.000147,0,very_low,baseline
190 STREET,MANHATTAN,2029-02-01,0.000146,0,very_low,baseline
190 STREET,MANHATTAN,2029-03-01,0.000147,0,very_low,baseline
190 STREET,MANHATTAN,2029-04-01,0.000147,0,very_low,baseline
190 STREET,MANHATTAN,2029-05-01,0.00015,0,very_low,baseline
190 STREET,MANHATTAN,2029-06-01,0.000152,0,very_low,baseline
190 STREET,MANHATTAN,2029-07-01,0.000152,0,very_low,baseline
190 STREET,MANHATTAN,2029-08-01,0.000152,0,very_low,baseline
190 STREET,MANHATTAN,2029-09-01,0.000161,0,very_low,baseline
190 STREET,MANHATTAN,2029-10-01,0.000133,0,very_low,baseline
190 STREET,MANHATTAN,2029-11-01,0.000126,0,very_low,baseline
190 STREET,MANHATTAN,2029-12-01,0.000126,0,very_low,baseline
191 STREET,MANHATTAN,2027-01-01,0.003593,0,very_low,baseline
191 STREET,MANHATTAN,2027-02-01,0.005203,0,very_low,baseline
191 STREET,MANHATTAN,2027-03-01,0.004979,0,very_low,baseline
191 STREET,MANHATTAN,2027-04-01,0.004695,0,very_low,baseline
191 STREET,MANHATTAN,2027-05-01,0.005167,0,very_low,baseline
191 STREET,MANHATTAN,2027-06-01,0.004669,0,very_low,baseline
191 STREET,MANHATTAN,2027-07-01,0.004729,0,very_low,baseline
191 STREET,MANHATTAN,2027-08-01,0.00509,0,very_low,baseline
191 STREET,MANHATTAN,2027-09-01,0.005526,0,very_low,baseline
191 STREET,MANHATTAN,2027-10-01,0.005332,0,very_low,baseline
191 STREET,MANHATTAN,2027-11-01,0.005303,0,very_low,baseline
191 STREET,MANHATTAN,2027-12-01,0.005491,0,very_low,baseline
191 STREET,MANHATTAN,2028-01-01,0.00447,0,very_low,baseline
191 STREET,MANHATTAN,2028-02-01,0.004584,0,very_low,baseline
191 STREET,MANHATTAN,2028-03-01,0.004343,0,very_low,baseline
191 STREET,MANHATTAN,2028-04-01,0.004419,0,very_low,baseline
191 STREET,MANHATTAN,2028-05-01,0.004669,0,very_low,baseline
191 STREET,MANHATTAN,2028-06-01,0.004669,0,very_low,baseline
191 STREET,MANHATTAN,2028-07-01,0.004729,0,very_low,baseline
191 STREET,MANHATTAN,2028-08-01,0.00509,0,very_low,baseline
191 STREET,MANHATTAN,2028-09-01,0.005526,0,very_low,baseline
191 STREET,MANHATTAN,2028-10-01,0.005332,0,very_low,baseline
191 STREET,MANHATTAN,2028-11-01,0.005303,0,very_low,baseline
191 STREET,MANHATTAN,2028-12-01,0.005491,0,very_low,baseline
191 STREET,MANHATTAN,2029-01-01,0.00447,0,very_low,baseline
191 STREET,MANHATTAN,2029-02-01,0.004584,0,very_low,baseline
191 STREET,MANHATTAN,2029-03-01,0.004343,0,very_low,baseline
191 STREET,MANHATTAN,2029-04-01,0.004419,0,very_low,baseline
191 STREET,MANHATTAN,2029-05-01,0.004669,0,very_low,baseline
191 STREET,MANHATTAN,2029-06-01,0.004669,0,very_low,baseline
191 STREET,MANHATTAN,2029-07-01,0.004729,0,very_low,baseline
191 STREET,MANHATTAN,2029-08-01,0.00509,0,very_low,baseline
191 STREET,MANHATTAN,2029-09-01,0.005526,0,very_low,baseline
191 STREET,MANHATTAN,2029-10-01,0.005332,0,very_low,baseline
191 STREET,MANHATTAN,2029-11-01,0.005303,0,very_low,baseline
191 STREET,MANHATTAN,2029-12-01,0.005491,0,very_low,baseline
2 AVENUE,MANHATTAN,2027-01-01,0.000982,0,very_low,baseline
2 AVENUE,MANHATTAN,2027-02-01,0.000671,0,very_low,baseline
2 AVENUE,MANHATTAN,2027-03-01,0.000766,0,very_low,baseline
2 AVENUE,MANHATTAN,2027-04-01,0.000648,0,very_low,baseline
2 AVENUE,MANHATTAN,2027-05-01,0.000651,0,very_low,baseline
2 AVENUE,MANHATTAN,2027-06-01,0.000647,0,very_low,baseline
2 AVENUE,MANHATTAN,2027-07-01,0.000647,0,very_low,baseline
2 AVENUE,MANHATTAN,2027-08-01,0.000647,0,very_low,baseline
2 AVENUE,MANHATTAN,2027-09-01,0.000717,0,very_low,baseline
2 AVENUE,MANHATTAN,2027-10-01,0.000579,0,very_low,baseline
2 AVENUE,MANHATTAN,2027-11-01,0.000706,0,very_low,baseline
2 AVENUE,MANHATTAN,2027-12-01,0.000754,0,very_low,baseline
2 AVENUE,MANHATTAN,2028-01-01,0.000759,0,very_low,baseline
2 AVENUE,MANHATTAN,2028-02-01,0.000819,0,very_low,baseline
2 AVENUE,MANHATTAN,2028-03-01,0.000796,0,very_low,baseline
2 AVENUE,MANHATTAN,2028-04-01,0.000821,0,very_low,baseline
2 AVENUE,MANHATTAN,2028-05-01,0.00082,0,very_low,baseline
2 AVENUE,MANHATTAN,2028-06-01,0.00082,0,very_low,baseline
2 AVENUE,MANHATTAN,2028-07-01,0.00082,0,very_low,baseline
2 AVENUE,MANHATTAN,2028-08-01,0.00082,0,very_low,baseline
2 AVENUE,MANHATTAN,2028-09-01,0.000904,0,very_low,baseline
2 AVENUE,MANHATTAN,2028-10-01,0.00068,0,very_low,baseline
2 AVENUE,MANHATTAN,2028-11-01,0.000706,0,very_low,baseline
2 AVENUE,MANHATTAN,2028-12-01,0.000754,0,very_low,baseline
2 AVENUE,MANHATTAN,2029-01-01,0.000759,0,very_low,baseline
2 AVENUE,MANHATTAN,2029-02-01,0.000819,0,very_low,baseline
2 AVENUE,MANHATTAN,2029-03-01,0.000796,0,very_low,baseline
2 AVENUE,MANHATTAN,2029-04-01,0.000821,0,very_low,baseline
2 AVENUE,MANHATTAN,2029-05-01,0.00082,0,very_low,baseline
2 AVENUE,MANHATTAN,2029-06-01,0.00082,0,very_low,baseline
2 AVENUE,MANHATTAN,2029-07-01,0.00082,0,very_low,baseline
2 AVENUE,MANHATTAN,2029-08-01,0.00082,0,very_low,baseline
2 AVENUE,MANHATTAN,2029-09-01,0.000904,0,very_low,baseline
2 AVENUE,MANHATTAN,2029-10-01,0.00068,0,very_low,baseline
2 AVENUE,MANHATTAN,2029-11-01,0.000706,0,very_low,baseline
2 AVENUE,MANHATTAN,2029-12-01,0.000754,0,very_low,baseline
20 AVENUE,BROOKLYN,2027-01-01,0.00029,0,very_low,baseline
20 AVENUE,BROOKLYN,2027-02-01,0.000226,0,very_low,baseline
20 AVENUE,BROOKLYN,2027-03-01,0.000274,0,very_low,baseline
20 AVENUE,BROOKLYN,2027-04-01,0.000207,0,very_low,baseline
20 AVENUE,BROOKLYN,2027-05-01,0.000231,0,very_low,baseline
20 AVENUE,BROOKLYN,2027-06-01,0.000234,0,very_low,baseline
20 AVENUE,BROOKLYN,2027-07-01,0.000234,0,very_low,baseline
20 AVENUE,BROOKLYN,2027-08-01,0.000234,0,very_low,baseline
20 AVENUE,BROOKLYN,2027-09-01,0.000243,0,very_low,baseline
20 AVENUE,BROOKLYN,2027-10-01,0.000152,0,very_low,baseline
20 AVENUE,BROOKLYN,2027-11-01,0.000145,0,very_low,baseline
20 AVENUE,BROOKLYN,2027-12-01,0.000147,0,very_low,baseline
20 AVENUE,BROOKLYN,2028-01-01,0.000221,0,very_low,baseline
20 AVENUE,BROOKLYN,2028-02-01,0.000221,0,very_low,baseline
20 AVENUE,BROOKLYN,2028-03-01,0.000214,0,very_low,baseline
20 AVENUE,BROOKLYN,2028-04-01,0.000216,0,very_low,baseline
20 AVENUE,BROOKLYN,2028-05-01,0.000231,0,very_low,baseline
20 AVENUE,BROOKLYN,2028-06-01,0.000234,0,very_low,baseline
20 AVENUE,BROOKLYN,2028-07-01,0.000234,0,very_low,baseline
20 AVENUE,BROOKLYN,2028-08-01,0.000234,0,very_low,baseline
20 AVENUE,BROOKLYN,2028-09-01,0.000243,0,very_low,baseline
20 AVENUE,BROOKLYN,2028-10-01,0.000152,0,very_low,baseline
20 AVENUE,BROOKLYN,2028-11-01,0.000145,0,very_low,baseline
20 AVENUE,BROOKLYN,2028-12-01,0.000147,0,very_low,baseline
20 AVENUE,BROOKLYN,2029-01-01,0.000221,0,very_low,baseline
20 AVENUE,BROOKLYN,2029-02-01,0.000221,0,very_low,baseline
20 AVENUE,BROOKLYN,2029-03-01,0.000214,0,very_low,baseline
20 AVENUE,BROOKLYN,2029-04-01,0.000216,0,very_low,baseline
20 AVENUE,BROOKLYN,2029-05-01,0.000231,0,very_low,baseline
20 AVENUE,BROOKLYN,2029-06-01,0.000234,0,very_low,baseline
20 AVENUE,BROOKLYN,2029-07-01,0.000234,0,very_low,baseline
20 AVENUE,BROOKLYN,2029-08-01,0.000234,0,very_low,baseline
20 AVENUE,BROOKLYN,2029-09-01,0.000243,0,very_low,baseline
20 AVENUE,BROOKLYN,2029-10-01,0.000152,0,very_low,baseline
20 AVENUE,BROOKLYN,2029-11-01,0.000145,0,very_low,baseline
20 AVENUE,BROOKLYN,2029-12-01,0.000147,0,very_low,baseline
200 ST.-DYCKMAN ST.,MANHATTAN,2027-01-01,0.000482,0,very_low,baseline
200 ST.-DYCKMAN ST.,MANHATTAN,2027-02-01,0.000442,0,very_low,baseline
200 ST.-DYCKMAN ST.,MANHATTAN,2027-03-01,0.000521,0,very_low,baseline
200 ST.-DYCKMAN ST.,MANHATTAN,2027-04-01,0.000396,0,very_low,baseline
200 ST.-DYCKMAN ST.,MANHATTAN,2027-05-01,0.000454,0,very_low,baseline
200 ST.-DYCKMAN ST.,MANHATTAN,2027-06-01,0.000407,0,very_low,baseline
200 ST.-DYCKMAN ST.,MANHATTAN,2027-07-01,0.000407,0,very_low,baseline
200 ST.-DYCKMAN ST.,MANHATTAN,2027-08-01,0.000407,0,very_low,baseline
200 ST.-DYCKMAN ST.,MANHATTAN,2027-09-01,0.000401,0,very_low,baseline
200 ST.-DYCKMAN ST.,MANHATTAN,2027-10-01,0.000272,0,very_low,baseline
200 ST.-DYCKMAN ST.,MANHATTAN,2027-11-01,0.000279,0,very_low,baseline
200 ST.-DYCKMAN ST.,MANHATTAN,2027-12-01,0.000272,0,very_low,baseline
200 ST.-DYCKMAN ST.,MANHATTAN,2028-01-01,0.00038,0,very_low,baseline
200 ST.-DYCKMAN ST.,MANHATTAN,2028-02-01,0.000386,0,very_low,baseline
200 ST.-DYCKMAN ST.,MANHATTAN,2028-03-01,0.000373,0,very_low,baseline
200 ST.-DYCKMAN ST.,MANHATTAN,2028-04-01,0.000373,0,very_low,baseline
200 ST.-DYCKMAN ST.,MANHATTAN,2028-05-01,0.000394,0,very_low,baseline
200 ST.-DYCKMAN ST.,MANHATTAN,2028-06-01,0.000407,0,very_low,baseline
200 ST.-DYCKMAN ST.,MANHATTAN,2028-07-01,0.000407,0,very_low,baseline
200 ST.-DYCKMAN ST.,MANHATTAN,2028-08-01,0.000407,0,very_low,baseline
200 ST.-DYCKMAN ST.,MANHATTAN,2028-09-01,0.000401,0,very_low,baseline
200 ST.-DYCKMAN ST.,MANHATTAN,2028-10-01,0.000272,0,very_low,baseline
200 ST.-DYCKMAN ST.,MANHATTAN,2028-11-01,0.000279,0,very_low,baseline
200 ST.-DYCKMAN ST.,MANHATTAN,2028-12-01,0.000272,0,very_low,baseline
200 ST.-DYCKMAN ST.,MANHATTAN,2029-01-01,0.00038,0,very_low,baseline
200 ST.-DYCKMAN ST.,MANHATTAN,2029-02-01,0.000386,0,very_low,baseline
200 ST.-DYCKMAN ST.,MANHATTAN,2029-03-01,0.000373,0,very_low,baseline
200 ST.-DYCKMAN ST.,MANHATTAN,2029-04-01,0.000373,0,very_low,baseline
200 ST.-DYCKMAN ST.,MANHATTAN,2029-05-01,0.000394,0,very_low,baseline
200 ST.-DYCKMAN ST.,MANHATTAN,2029-06-01,0.000407,0,very_low,baseline
200 ST.-DYCKMAN ST.,MANHATTAN,2029-07-01,0.000407,0,very_low,baseline
200 ST.-DYCKMAN ST.,MANHATTAN,2029-08-01,0.000407,0,very_low,baseline
200 ST.-DYCKMAN ST.,MANHATTAN,2029-09-01,0.000401,0,very_low,baseline
200 ST.-DYCKMAN ST.,MANHATTAN,2029-10-01,0.000272,0,very_low,baseline
200 ST.-DYCKMAN ST.,MANHATTAN,2029-11-01,0.000279,0,very_low,baseline
200 ST.-DYCKMAN ST.,MANHATTAN,2029-12-01,0.000272,0,very_low,baseline
205 ST.-NORWOOD,BRONX,2027-01-01,0.00068,0,very_low,baseline
205 ST.-NORWOOD,BRONX,2027-02-01,0.000509,0,very_low,baseline
205 ST.-NORWOOD,BRONX,2027-03-01,0.000367,0,very_low,baseline
205 ST.-NORWOOD,BRONX,2027-04-01,0.000346,0,very_low,baseline
205 ST.-NORWOOD,BRONX,2027-05-01,0.000363,0,very_low,baseline
205 ST.-NORWOOD,BRONX,2027-06-01,0.000428,0,very_low,baseline
205 ST.-NORWOOD,BRONX,2027-07-01,0.000428,0,very_low,baseline
205 ST.-NORWOOD,BRONX,2027-08-01,0.000428,0,very_low,baseline
205 ST.-NORWOOD,BRONX,2027-09-01,0.00044,0,very_low,baseline
205 ST.-NORWOOD,BRONX,2027-10-01,0.000332,0,very_low,baseline
205 ST.-NORWOOD,BRONX,2027-11-01,0.000319,0,very_low,baseline
205 ST.-NORWOOD,BRONX,2027-12-01,0.000338,0,very_low,baseline
205 ST.-NORWOOD,BRONX,2028-01-01,0.000405,0,very_low,baseline
205 ST.-NORWOOD,BRONX,2028-02-01,0.000404,0,very_low,baseline
205 ST.-NORWOOD,BRONX,2028-03-01,0.000409,0,very_low,baseline
205 ST.-NORWOOD,BRONX,2028-04-01,0.000409,0,very_low,baseline
205 ST.-NORWOOD,BRONX,2028-05-01,0.000425,0,very_low,baseline
205 ST.-NORWOOD,BRONX,2028-06-01,0.000428,0,very_low,baseline
205 ST.-NORWOOD,BRONX,2028-07-01,0.000428,0,very_low,baseline
205 ST.-NORWOOD,BRONX,2028-08-01,0.000428,0,very_low,baseline
205 ST.-NORWOOD,BRONX,2028-09-01,0.00044,0,very_low,baseline
205 ST.-NORWOOD,BRONX,2028-10-01,0.000332,0,very_low,baseline
205 ST.-NORWOOD,BRONX,2028-11-01,0.000319,0,very_low,baseline
205 ST.-NORWOOD,BRONX,2028-12-01,0.000338,0,very_low,baseline
205 ST.-NORWOOD,BRONX,2029-01-01,0.000405,0,very_low,baseline
205 ST.-NORWOOD,BRONX,2029-02-01,0.000404,0,very_low,baseline
205 ST.-NORWOOD,BRONX,2029-03-01,0.000409,0,very_low,baseline
205 ST.-NORWOOD,BRONX,2029-04-01,0.000409,0,very_low,baseline
205 ST.-NORWOOD,BRONX,2029-05-01,0.000425,0,very_low,baseline
205 ST.-NORWOOD,BRONX,2029-06-01,0.000428,0,very_low,baseline
205 ST.-NORWOOD,BRONX,2029-07-01,0.000428,0,very_low,baseline
205 ST.-NORWOOD,BRONX,2029-08-01,0.000428,0,very_low,baseline
205 ST.-NORWOOD,BRONX,2029-09-01,0.00044,0,very_low,baseline
205 ST.-NORWOOD,BRONX,2029-10-01,0.000332,0,very_low,baseline
205 ST.-NORWOOD,BRONX,2029-11-01,0.000319,0,very_low,baseline
205 ST.-NORWOOD,BRONX,2029-12-01,0.000338,0,very_low,baseline
207 ST.-INWOOD,MANHATTAN,2027-01-01,6.1e-05,0,very_low,baseline
207 ST.-INWOOD,MANHATTAN,2027-02-01,6e-05,0,very_low,baseline
207 ST.-INWOOD,MANHATTAN,2027-03-01,6.3e-05,0,very_low,baseline
207 ST.-INWOOD,MANHATTAN,2027-04-01,5.9e-05,0,very_low,baseline
207 ST.-INWOOD,MANHATTAN,2027-05-01,6.7e-05,0,very_low,baseline
207 ST.-INWOOD,MANHATTAN,2027-06-01,6.2e-05,0,very_low,baseline
207 ST.-INWOOD,MANHATTAN,2027-07-01,6.2e-05,0,very_low,baseline
207 ST.-INWOOD,MANHATTAN,2027-08-01,6.2e-05,0,very_low,baseline
207 ST.-INWOOD,MANHATTAN,2027-09-01,6.5e-05,0,very_low,baseline
207 ST.-INWOOD,MANHATTAN,2027-10-01,5.6e-05,0,very_low,baseline
207 ST.-INWOOD,MANHATTAN,2027-11-01,5.3e-05,0,very_low,baseline
207 ST.-INWOOD,MANHATTAN,2027-12-01,5.3e-05,0,very_low,baseline
207 ST.-INWOOD,MANHATTAN,2028-01-01,6e-05,0,very_low,baseline
207 ST.-INWOOD,MANHATTAN,2028-02-01,5.9e-05,0,very_low,baseline
207 ST.-INWOOD,MANHATTAN,2028-03-01,5.9e-05,0,very_low,baseline
207 ST.-INWOOD,MANHATTAN,2028-04-01,5.9e-05,0,very_low,baseline
207 ST.-INWOOD,MANHATTAN,2028-05-01,6.1e-05,0,very_low,baseline
207 ST.-INWOOD,MANHATTAN,2028-06-01,6.2e-05,0,very_low,baseline
207 ST.-INWOOD,MANHATTAN,2028-07-01,6.2e-05,0,very_low,baseline
207 ST.-INWOOD,MANHATTAN,2028-08-01,6.2e-05,0,very_low,baseline
207 ST.-INWOOD,MANHATTAN,2028-09-01,6.5e-05,0,very_low,baseline
207 ST.-INWOOD,MANHATTAN,2028-10-01,5.6e-05,0,very_low,baseline
207 ST.-INWOOD,MANHATTAN,2028-11-01,5.3e-05,0,very_low,baseline
207 ST.-INWOOD,MANHATTAN,2028-12-01,5.3e-05,0,very_low,baseline
207 ST.-INWOOD,MANHATTAN,2029-01-01,6e-05,0,very_low,baseline
207 ST.-INWOOD,MANHATTAN,2029-02-01,5.9e-05,0,very_low,baseline
207 ST.-INWOOD,MANHATTAN,2029-03-01,5.9e-05,0,very_low,baseline
207 ST.-INWOOD,MANHATTAN,2029-04-01,5.9e-05,0,very_low,baseline
207 ST.-INWOOD,MANHATTAN,2029-05-01,6.1e-05,0,very_low,baseline
207 ST.-INWOOD,MANHATTAN,2029-06-01,6.2e-05,0,very_low,baseline
207 ST.-INWOOD,MANHATTAN,2029-07-01,6.2e-05,0,very_low,baseline
207 ST.-INWOOD,MANHATTAN,2029-08-01,6.2e-05,0,very_low,baseline
207 ST.-INWOOD,MANHATTAN,2029-09-01,6.5e-05,0,very_low,baseline
207 ST.-INWOOD,MANHATTAN,2029-10-01,5.6e-05,0,very_low,baseline
207 ST.-INWOOD,MANHATTAN,2029-11-01,5.3e-05,0,very_low,baseline
207 ST.-INWOOD,MANHATTAN,2029-12-01,5.3e-05,0,very_low,baseline
207 STREET,MANHATTAN,2027-01-01,0.000196,0,very_low,baseline
207 STREET,MANHATTAN,2027-02-01,0.000231,0,very_low,baseline
207 STREET,MANHATTAN,2027-03-01,0.000278,0,very_low,baseline
207 STREET,MANHATTAN,2027-04-01,0.000291,0,very_low,baseline
207 STREET,MANHATTAN,2027-05-01,0.000273,0,very_low,baseline
207 STREET,MANHATTAN,2027-06-01,0.000339,0,very_low,baseline
207 STREET,MANHATTAN,2027-07-01,0.000339,0,very_low,baseline
207 STREET,MANHATTAN,2027-08-01,0.000333,0,very_low,baseline
207 STREET,MANHATTAN,2027-09-01,0.000345,0,very_low,baseline
207 STREET,MANHATTAN,2027-10-01,0.000238,0,very_low,baseline
207 STREET,MANHATTAN,2027-11-01,0.000227,0,very_low,baseline
207 STREET,MANHATTAN,2027-12-01,0.000223,0,very_low,baseline
207 STREET,MANHATTAN,2028-01-01,0.000331,0,very_low,baseline
207 STREET,MANHATTAN,2028-02-01,0.000329,0,very_low,baseline
207 STREET,MANHATTAN,2028-03-01,0.000327,0,very_low,baseline
207 STREET,MANHATTAN,2028-04-01,0.000324,0,very_low,baseline
207 STREET,MANHATTAN,2028-05-01,0.000338,0,very_low,baseline
207 STREET,MANHATTAN,2028-06-01,0.000339,0,very_low,baseline
207 STREET,MANHATTAN,2028-07-01,0.000339,0,very_low,baseline
207 STREET,MANHATTAN,2028-08-01,0.000333,0,very_low,baseline
207 STREET,MANHATTAN,2028-09-01,0.000345,0,very_low,baseline
207 STREET,MANHATTAN,2028-10-01,0.000238,0,very_low,baseline
207 STREET,MANHATTAN,2028-11-01,0.000227,0,very_low,baseline
207 STREET,MANHATTAN,2028-12-01,0.000223,0,very_low,baseline
207 STREET,MANHATTAN,2029-01-01,0.000331,0,very_low,baseline
207 STREET,MANHATTAN,2029-02-01,0.000329,0,very_low,baseline
207 STREET,MANHATTAN,2029-03-01,0.000327,0,very_low,baseline
207 STREET,MANHATTAN,2029-04-01,0.000324,0,very_low,baseline
207 STREET,MANHATTAN,2029-05-01,0.000338,0,very_low,baseline
207 STREET,MANHATTAN,2029-06-01,0.000339,0,very_low,baseline
207 STREET,MANHATTAN,2029-07-01,0.000339,0,very_low,baseline
207 STREET,MANHATTAN,2029-08-01,0.000333,0,very_low,baseline
207 STREET,MANHATTAN,2029-09-01,0.000345,0,very_low,baseline
207 STREET,MANHATTAN,2029-10-01,0.000238,0,very_low,baseline
207 STREET,MANHATTAN,2029-11-01,0.000227,0,very_low,baseline
207 STREET,MANHATTAN,2029-12-01,0.000223,0,very_low,baseline
21 ST.-QUEENSBRIDGE,QUEENS,2027-01-01,0.841163,1,very_high,baseline
21 ST.-QUEENSBRIDGE,QUEENS,2027-02-01,0.865186,1,very_high,baseline
21 ST.-QUEENSBRIDGE,QUEENS,2027-03-01,0.846418,1,very_high,baseline
21 ST.-QUEENSBRIDGE,QUEENS,2027-04-01,0.75081,1,high,baseline
21 ST.-QUEENSBRIDGE,QUEENS,2027-05-01,0.850801,1,very_high,baseline
21 ST.-QUEENSBRIDGE,QUEENS,2027-06-01,0.837106,1,very_high,baseline
21 ST.-QUEENSBRIDGE,QUEENS,2027-07-01,0.838865,1,very_high,baseline
21 ST.-QUEENSBRIDGE,QUEENS,2027-08-01,0.845211,1,very_high,baseline
21 ST.-QUEENSBRIDGE,QUEENS,2027-09-01,0.84366,1,very_high,baseline
21 ST.-QUEENSBRIDGE,QUEENS,2027-10-01,0.798529,1,high,baseline
21 ST.-QUEENSBRIDGE,QUEENS,2027-11-01,0.810579,1,very_high,baseline
21 ST.-QUEENSBRIDGE,QUEENS,2027-12-01,0.82906,1,very_high,baseline
21 ST.-QUEENSBRIDGE,QUEENS,2028-01-01,0.85918,1,very_high,baseline
21 ST.-QUEENSBRIDGE,QUEENS,2028-02-01,0.85918,1,very_high,baseline
21 ST.-QUEENSBRIDGE,QUEENS,2028-03-01,0.855652,1,very_high,baseline
21 ST.-QUEENSBRIDGE,QUEENS,2028-04-01,0.858048,1,very_high,baseline
21 ST.-QUEENSBRIDGE,QUEENS,2028-05-01,0.856714,1,very_high,baseline
21 ST.-QUEENSBRIDGE,QUEENS,2028-06-01,0.856714,1,very_high,baseline
21 ST.-QUEENSBRIDGE,QUEENS,2028-07-01,0.858297,1,very_high,baseline
21 ST.-QUEENSBRIDGE,QUEENS,2028-08-01,0.858297,1,very_high,baseline
21 ST.-QUEENSBRIDGE,QUEENS,2028-09-01,0.850279,1,very_high,baseline
21 ST.-QUEENSBRIDGE,QUEENS,2028-10-01,0.800716,1,very_high,baseline
21 ST.-QUEENSBRIDGE,QUEENS,2028-11-01,0.812666,1,very_high,baseline
21 ST.-QUEENSBRIDGE,QUEENS,2028-12-01,0.82906,1,very_high,baseline
21 ST.-QUEENSBRIDGE,QUEENS,2029-01-01,0.85918,1,very_high,baseline
21 ST.-QUEENSBRIDGE,QUEENS,2029-02-01,0.85918,1,very_high,baseline
21 ST.-QUEENSBRIDGE,QUEENS,2029-03-01,0.855652,1,very_high,baseline
21 ST.-QUEENSBRIDGE,QUEENS,2029-04-01,0.858048,1,very_high,baseline
21 ST.-QUEENSBRIDGE,QUEENS,2029-05-01,0.856714,1,very_high,baseline
21 ST.-QUEENSBRIDGE,QUEENS,2029-06-01,0.856714,1,very_high,baseline
21 ST.-QUEENSBRIDGE,QUEENS,2029-07-01,0.858297,1,very_high,baseline
21 ST.-QUEENSBRIDGE,QUEENS,2029-08-01,0.858297,1,very_high,baseline
21 ST.-QUEENSBRIDGE,QUEENS,2029-09-01,0.850279,1,very_high,baseline
21 ST.-QUEENSBRIDGE,QUEENS,2029-10-01,0.800716,1,very_high,baseline
21 ST.-QUEENSBRIDGE,QUEENS,2029-11-01,0.812666,1,very_high,baseline
21 ST.-QUEENSBRIDGE,QUEENS,2029-12-01,0.82906,1,very_high,baseline
21 STREET,QUEENS,2027-01-01,0.000199,0,very_low,baseline
21 STREET,QUEENS,2027-02-01,0.000192,0,very_low,baseline
21 STREET,QUEENS,2027-03-01,0.00018,0,very_low,baseline
21 STREET,QUEENS,2027-04-01,0.000194,0,very_low,baseline
21 STREET,QUEENS,2027-05-01,0.000199,0,very_low,baseline
21 STREET,QUEENS,2027-06-01,0.000205,0,very_low,baseline
21 STREET,QUEENS,2027-07-01,0.000205,0,very_low,baseline
21 STREET,QUEENS,2027-08-01,0.000205,0,very_low,baseline
21 STREET,QUEENS,2027-09-01,0.000213,0,very_low,baseline
21 STREET,QUEENS,2027-10-01,0.000183,0,very_low,baseline
21 STREET,QUEENS,2027-11-01,0.000175,0,very_low,baseline
21 STREET,QUEENS,2027-12-01,0.000175,0,very_low,baseline
21 STREET,QUEENS,2028-01-01,0.000199,0,very_low,baseline
21 STREET,QUEENS,2028-02-01,0.000197,0,very_low,baseline
21 STREET,QUEENS,2028-03-01,0.000194,0,very_low,baseline
21 STREET,QUEENS,2028-04-01,0.000194,0,very_low,baseline
21 STREET,QUEENS,2028-05-01,0.000199,0,very_low,baseline
21 STREET,QUEENS,2028-06-01,0.000205,0,very_low,baseline
21 STREET,QUEENS,2028-07-01,0.000205,0,very_low,baseline
21 STREET,QUEENS,2028-08-01,0.000205,0,very_low,baseline
21 STREET,QUEENS,2028-09-01,0.000213,0,very_low,baseline
21 STREET,QUEENS,2028-10-01,0.000183,0,very_low,baseline
21 STREET,QUEENS,2028-11-01,0.000175,0,very_low,baseline
21 STREET,QUEENS,2028-12-01,0.000175,0,very_low,baseline
21 STREET,QUEENS,2029-01-01,0.000199,0,very_low,baseline
21 STREET,QUEENS,2029-02-01,0.000197,0,very_low,baseline
21 STREET,QUEENS,2029-03-01,0.000194,0,very_low,baseline
21 STREET,QUEENS,2029-04-01,0.000194,0,very_low,baseline
21 STREET,QUEENS,2029-05-01,0.000199,0,very_low,baseline
21 STREET,QUEENS,2029-06-01,0.000205,0,very_low,baseline
21 STREET,QUEENS,2029-07-01,0.000205,0,very_low,baseline
21 STREET,QUEENS,2029-08-01,0.000205,0,very_low,baseline
21 STREET,QUEENS,2029-09-01,0.000213,0,very_low,baseline
21 STREET,QUEENS,2029-10-01,0.000183,0,very_low,baseline
21 STREET,QUEENS,2029-11-01,0.000175,0,very_low,baseline
21 STREET,QUEENS,2029-12-01,0.000175,0,very_low,baseline
215 STREET,MANHATTAN,2027-01-01,0.000203,0,very_low,baseline
215 STREET,MANHATTAN,2027-02-01,0.000178,0,very_low,baseline
215 STREET,MANHATTAN,2027-03-01,0.000163,0,very_low,baseline
215 STREET,MANHATTAN,2027-04-01,0.000159,0,very_low,baseline
215 STREET,MANHATTAN,2027-05-01,0.00018,0,very_low,baseline
215 STREET,MANHATTAN,2027-06-01,0.000186,0,very_low,baseline
215 STREET,MANHATTAN,2027-07-01,0.000186,0,very_low,baseline
215 STREET,MANHATTAN,2027-08-01,0.000186,0,very_low,baseline
215 STREET,MANHATTAN,2027-09-01,0.000192,0,very_low,baseline
215 STREET,MANHATTAN,2027-10-01,0.000164,0,very_low,baseline
215 STREET,MANHATTAN,2027-11-01,0.000157,0,very_low,baseline
215 STREET,MANHATTAN,2027-12-01,0.000157,0,very_low,baseline
215 STREET,MANHATTAN,2028-01-01,0.000179,0,very_low,baseline
215 STREET,MANHATTAN,2028-02-01,0.000178,0,very_low,baseline
215 STREET,MANHATTAN,2028-03-01,0.000175,0,very_low,baseline
215 STREET,MANHATTAN,2028-04-01,0.000175,0,very_low,baseline
215 STREET,MANHATTAN,2028-05-01,0.00018,0,very_low,baseline
215 STREET,MANHATTAN,2028-06-01,0.000186,0,very_low,baseline
215 STREET,MANHATTAN,2028-07-01,0.000186,0,very_low,baseline
215 STREET,MANHATTAN,2028-08-01,0.000186,0,very_low,baseline
215 STREET,MANHATTAN,2028-09-01,0.000192,0,very_low,baseline
215 STREET,MANHATTAN,2028-10-01,0.000164,0,very_low,baseline
215 STREET,MANHATTAN,2028-11-01,0.000157,0,very_low,baseline
215 STREET,MANHATTAN,2028-12-01,0.000157,0,very_low,baseline
215 STREET,MANHATTAN,2029-01-01,0.000179,0,very_low,baseline
215 STREET,MANHATTAN,2029-02-01,0.000178,0,very_low,baseline
215 STREET,MANHATTAN,2029-03-01,0.000175,0,very_low,baseline
215 STREET,MANHATTAN,2029-04-01,0.000175,0,very_low,baseline
215 STREET,MANHATTAN,2029-05-01,0.00018,0,very_low,baseline
215 STREET,MANHATTAN,2029-06-01,0.000186,0,very_low,baseline
215 STREET,MANHATTAN,2029-07-01,0.000186,0,very_low,baseline
215 STREET,MANHATTAN,2029-08-01,0.000186,0,very_low,baseline
215 STREET,MANHATTAN,2029-09-01,0.000192,0,very_low,baseline
215 STREET,MANHATTAN,2029-10-01,0.000164,0,very_low,baseline
215 STREET,MANHATTAN,2029-11-01,0.000157,0,very_low,baseline
215 STREET,MANHATTAN,2029-12-01,0.000157,0,very_low,baseline
219 STREET,BRONX,2027-01-01,0.00016,0,very_low,baseline
219 STREET,BRONX,2027-02-01,0.000124,0,very_low,baseline
219 STREET,BRONX,2027-03-01,0.000118,0,very_low,baseline
219 STREET,BRONX,2027-04-01,0.000114,0,very_low,baseline
219 STREET,BRONX,2027-05-01,0.000124,0,very_low,baseline
219 STREET,BRONX,2027-06-01,0.000141,0,very_low,baseline
219 STREET,BRONX,2027-07-01,0.000141,0,very_low,baseline
219 STREET,BRONX,2027-08-01,0.000141,0,very_low,baseline
219 STREET,BRONX,2027-09-01,0.000146,0,very_low,baseline
219 STREET,BRONX,2027-10-01,0.000129,0,very_low,baseline
219 STREET,BRONX,2027-11-01,0.000123,0,very_low,baseline
219 STREET,BRONX,2027-12-01,0.000126,0,very_low,baseline
219 STREET,BRONX,2028-01-01,0.00014,0,very_low,baseline
219 STREET,BRONX,2028-02-01,0.000139,0,very_low,baseline
219 STREET,BRONX,2028-03-01,0.000137,0,very_low,baseline
219 STREET,BRONX,2028-04-01,0.000137,0,very_low,baseline
219 STREET,BRONX,2028-05-01,0.00014,0,very_low,baseline
219 STREET,BRONX,2028-06-01,0.000141,0,very_low,baseline
219 STREET,BRONX,2028-07-01,0.000141,0,very_low,baseline
219 STREET,BRONX,2028-08-01,0.000141,0,very_low,baseline
219 STREET,BRONX,2028-09-01,0.000146,0,very_low,baseline
219 STREET,BRONX,2028-10-01,0.000129,0,very_low,baseline
219 STREET,BRONX,2028-11-01,0.000123,0,very_low,baseline
219 STREET,BRONX,2028-12-01,0.000126,0,very_low,baseline
219 STREET,BRONX,2029-01-01,0.00014,0,very_low,baseline
219 STREET,BRONX,2029-02-01,0.000139,0,very_low,baseline
219 STREET,BRONX,2029-03-01,0.000137,0,very_low,baseline
219 STREET,BRONX,2029-04-01,0.000137,0,very_low,baseline
219 STREET,BRONX,2029-05-01,0.00014,0,very_low,baseline
219 STREET,BRONX,2029-06-01,0.000141,0,very_low,baseline
219 STREET,BRONX,2029-07-01,0.000141,0,very_low,baseline
219 STREET,BRONX,2029-08-01,0.000141,0,very_low,baseline
219 STREET,BRONX,2029-09-01,0.000146,0,very_low,baseline
219 STREET,BRONX,2029-10-01,0.000129,0,very_low,baseline
219 STREET,BRONX,2029-11-01,0.000123,0,very_low,baseline
219 STREET,BRONX,2029-12-01,0.000126,0,very_low,baseline
225 ST.-MARBLE HILL,BRONX,2027-01-01,0.000105,0,very_low,baseline
225 ST.-MARBLE HILL,BRONX,2027-02-01,0.000136,0,very_low,baseline
225 ST.-MARBLE HILL,BRONX,2027-03-01,0.00015,0,very_low,baseline
225 ST.-MARBLE HILL,BRONX,2027-04-01,0.000158,0,very_low,baseline
225 ST.-MARBLE HILL,BRONX,2027-05-01,0.000145,0,very_low,baseline
225 ST.-MARBLE HILL,BRONX,2027-06-01,0.000132,0,very_low,baseline
225 ST.-MARBLE HILL,BRONX,2027-07-01,0.000132,0,very_low,baseline
225 ST.-MARBLE HILL,BRONX,2027-08-01,0.000132,0,very_low,baseline
225 ST.-MARBLE HILL,BRONX,2027-09-01,0.000137,0,very_low,baseline
225 ST.-MARBLE HILL,BRONX,2027-10-01,0.000112,0,very_low,baseline
225 ST.-MARBLE HILL,BRONX,2027-11-01,0.000106,0,very_low,baseline
225 ST.-MARBLE HILL,BRONX,2027-12-01,0.000108,0,very_low,baseline
225 ST.-MARBLE HILL,BRONX,2028-01-01,0.000128,0,very_low,baseline
225 ST.-MARBLE HILL,BRONX,2028-02-01,0.000128,0,very_low,baseline
225 ST.-MARBLE HILL,BRONX,2028-03-01,0.000128,0,very_low,baseline
225 ST.-MARBLE HILL,BRONX,2028-04-01,0.000128,0,very_low,baseline
225 ST.-MARBLE HILL,BRONX,2028-05-01,0.000132,0,very_low,baseline
225 ST.-MARBLE HILL,BRONX,2028-06-01,0.000132,0,very_low,baseline
225 ST.-MARBLE HILL,BRONX,2028-07-01,0.000132,0,very_low,baseline
225 ST.-MARBLE HILL,BRONX,2028-08-01,0.000132,0,very_low,baseline
225 ST.-MARBLE HILL,BRONX,2028-09-01,0.000137,0,very_low,baseline
225 ST.-MARBLE HILL,BRONX,2028-10-01,0.000112,0,very_low,baseline
225 ST.-MARBLE HILL,BRONX,2028-11-01,0.000106,0,very_low,baseline
225 ST.-MARBLE HILL,BRONX,2028-12-01,0.000108,0,very_low,baseline
225 ST.-MARBLE HILL,BRONX,2029-01-01,0.000128,0,very_low,baseline
225 ST.-MARBLE HILL,BRONX,2029-02-01,0.000128,0,very_low,baseline
225 ST.-MARBLE HILL,BRONX,2029-03-01,0.000128,0,very_low,baseline
225 ST.-MARBLE HILL,BRONX,2029-04-01,0.000128,0,very_low,baseline
225 ST.-MARBLE HILL,BRONX,2029-05-01,0.000132,0,very_low,baseline
225 ST.-MARBLE HILL,BRONX,2029-06-01,0.000132,0,very_low,baseline
225 ST.-MARBLE HILL,BRONX,2029-07-01,0.000132,0,very_low,baseline
225 ST.-MARBLE HILL,BRONX,2029-08-01,0.000132,0,very_low,baseline
225 ST.-MARBLE HILL,BRONX,2029-09-01,0.000137,0,very_low,baseline
225 ST.-MARBLE HILL,BRONX,2029-10-01,0.000112,0,very_low,baseline
225 ST.-MARBLE HILL,BRONX,2029-11-01,0.000106,0,very_low,baseline
225 ST.-MARBLE HILL,BRONX,2029-12-01,0.000108,0,very_low,baseline
225 STREET,BRONX,2027-01-01,0.000129,0,very_low,baseline
225 STREET,BRONX,2027-02-01,0.000173,0,very_low,baseline
225 STREET,BRONX,2027-03-01,0.000135,0,very_low,baseline
225 STREET,BRONX,2027-04-01,0.000135,0,very_low,baseline
225 STREET,BRONX,2027-05-01,0.000145,0,very_low,baseline
225 STREET,BRONX,2027-06-01,0.000141,0,very_low,baseline
225 STREET,BRONX,2027-07-01,0.000141,0,very_low,baseline
225 STREET,BRONX,2027-08-01,0.000141,0,very_low,baseline
225 STREET,BRONX,2027-09-01,0.00014,0,very_low,baseline
225 STREET,BRONX,2027-10-01,0.000127,0,very_low,baseline
225 STREET,BRONX,2027-11-01,0.000121,0,very_low,baseline
225 STREET,BRONX,2027-12-01,0.000124,0,very_low,baseline
225 STREET,BRONX,2028-01-01,0.000138,0,very_low,baseline
225 STREET,BRONX,2028-02-01,0.000137,0,very_low,baseline
225 STREET,BRONX,2028-03-01,0.000135,0,very_low,baseline
225 STREET,BRONX,2028-04-01,0.000135,0,very_low,baseline
225 STREET,BRONX,2028-05-01,0.000141,0,very_low,baseline
225 STREET,BRONX,2028-06-01,0.000141,0,very_low,baseline
225 STREET,BRONX,2028-07-01,0.000141,0,very_low,baseline
225 STREET,BRONX,2028-08-01,0.000141,0,very_low,baseline
225 STREET,BRONX,2028-09-01,0.00014,0,very_low,baseline
225 STREET,BRONX,2028-10-01,0.000127,0,very_low,baseline
225 STREET,BRONX,2028-11-01,0.000121,0,very_low,baseline
225 STREET,BRONX,2028-12-01,0.000124,0,very_low,baseline
225 STREET,BRONX,2029-01-01,0.000138,0,very_low,baseline
225 STREET,BRONX,2029-02-01,0.000137,0,very_low,baseline
225 STREET,BRONX,2029-03-01,0.000135,0,very_low,baseline
225 STREET,BRONX,2029-04-01,0.000135,0,very_low,baseline
225 STREET,BRONX,2029-05-01,0.000141,0,very_low,baseline
225 STREET,BRONX,2029-06-01,0.000141,0,very_low,baseline
225 STREET,BRONX,2029-07-01,0.000141,0,very_low,baseline
225 STREET,BRONX,2029-08-01,0.000141,0,very_low,baseline
225 STREET,BRONX,2029-09-01,0.00014,0,very_low,baseline
225 STREET,BRONX,2029-10-01,0.000127,0,very_low,baseline
225 STREET,BRONX,2029-11-01,0.000121,0,very_low,baseline
225 STREET,BRONX,2029-12-01,0.000124,0,very_low,baseline
23 STREET,MANHATTAN,2027-01-01,0.000379,0,very_low,baseline
23 STREET,MANHATTAN,2027-02-01,0.000471,0,very_low,baseline
23 STREET,MANHATTAN,2027-03-01,0.000449,0,very_low,baseline
23 STREET,MANHATTAN,2027-04-01,0.000443,0,very_low,baseline
23 STREET,MANHATTAN,2027-05-01,0.000494,0,very_low,baseline
23 STREET,MANHATTAN,2027-06-01,0.000449,0,very_low,baseline
23 STREET,MANHATTAN,2027-07-01,0.000449,0,very_low,baseline
23 STREET,MANHATTAN,2027-08-01,0.000449,0,very_low,baseline
23 STREET,MANHATTAN,2027-09-01,0.000451,0,very_low,baseline
23 STREET,MANHATTAN,2027-10-01,0.000371,0,very_low,baseline
23 STREET,MANHATTAN,2027-11-01,0.000393,0,very_low,baseline
23 STREET,MANHATTAN,2027-12-01,0.000383,0,very_low,baseline
23 STREET,MANHATTAN,2028-01-01,0.000382,0,very_low,baseline
23 STREET,MANHATTAN,2028-02-01,0.000415,0,very_low,baseline
23 STREET,MANHATTAN,2028-03-01,0.000424,0,very_low,baseline
23 STREET,MANHATTAN,2028-04-01,0.000424,0,very_low,baseline
23 STREET,MANHATTAN,2028-05-01,0.000454,0,very_low,baseline
23 STREET,MANHATTAN,2028-06-01,0.000449,0,very_low,baseline
23 STREET,MANHATTAN,2028-07-01,0.000449,0,very_low,baseline
23 STREET,MANHATTAN,2028-08-01,0.000449,0,very_low,baseline
23 STREET,MANHATTAN,2028-09-01,0.000451,0,very_low,baseline
23 STREET,MANHATTAN,2028-10-01,0.000371,0,very_low,baseline
23 STREET,MANHATTAN,2028-11-01,0.000393,0,very_low,baseline
23 STREET,MANHATTAN,2028-12-01,0.000383,0,very_low,baseline
23 STREET,MANHATTAN,2029-01-01,0.000382,0,very_low,baseline
23 STREET,MANHATTAN,2029-02-01,0.000415,0,very_low,baseline
23 STREET,MANHATTAN,2029-03-01,0.000424,0,very_low,baseline
23 STREET,MANHATTAN,2029-04-01,0.000424,0,very_low,baseline
23 STREET,MANHATTAN,2029-05-01,0.000454,0,very_low,baseline
23 STREET,MANHATTAN,2029-06-01,0.000449,0,very_low,baseline
23 STREET,MANHATTAN,2029-07-01,0.000449,0,very_low,baseline
23 STREET,MANHATTAN,2029-08-01,0.000449,0,very_low,baseline
23 STREET,MANHATTAN,2029-09-01,0.000451,0,very_low,baseline
23 STREET,MANHATTAN,2029-10-01,0.000371,0,very_low,baseline
23 STREET,MANHATTAN,2029-11-01,0.000393,0,very_low,baseline
23 STREET,MANHATTAN,2029-12-01,0.000383,0,very_low,baseline
23 STREET-ELY AVENUE,QUEENS,2027-01-01,0.000391,0,very_low,baseline
23 STREET-ELY AVENUE,QUEENS,2027-02-01,0.000409,0,very_low,baseline
23 STREET-ELY AVENUE,QUEENS,2027-03-01,0.000397,0,very_low,baseline
23 STREET-ELY AVENUE,QUEENS,2027-04-01,0.000356,0,very_low,baseline
23 STREET-ELY AVENUE,QUEENS,2027-05-01,0.000395,0,very_low,baseline
23 STREET-ELY AVENUE,QUEENS,2027-06-01,0.0004,0,very_low,baseline
23 STREET-ELY AVENUE,QUEENS,2027-07-01,0.0004,0,very_low,baseline
23 STREET-ELY AVENUE,QUEENS,2027-08-01,0.0004,0,very_low,baseline
23 STREET-ELY AVENUE,QUEENS,2027-09-01,0.000414,0,very_low,baseline
23 STREET-ELY AVENUE,QUEENS,2027-10-01,0.000282,0,very_low,baseline
23 STREET-ELY AVENUE,QUEENS,2027-11-01,0.000274,0,very_low,baseline
23 STREET-ELY AVENUE,QUEENS,2027-12-01,0.00027,0,very_low,baseline
23 STREET-ELY AVENUE,QUEENS,2028-01-01,0.000364,0,very_low,baseline
23 STREET-ELY AVENUE,QUEENS,2028-02-01,0.000364,0,very_low,baseline
23 STREET-ELY AVENUE,QUEENS,2028-03-01,0.000359,0,very_low,baseline
23 STREET-ELY AVENUE,QUEENS,2028-04-01,0.000362,0,very_low,baseline
23 STREET-ELY AVENUE,QUEENS,2028-05-01,0.000382,0,very_low,baseline
23 STREET-ELY AVENUE,QUEENS,2028-06-01,0.0004,0,very_low,baseline
23 STREET-ELY AVENUE,QUEENS,2028-07-01,0.0004,0,very_low,baseline
23 STREET-ELY AVENUE,QUEENS,2028-08-01,0.0004,0,very_low,baseline
23 STREET-ELY AVENUE,QUEENS,2028-09-01,0.000414,0,very_low,baseline
23 STREET-ELY AVENUE,QUEENS,2028-10-01,0.000282,0,very_low,baseline
23 STREET-ELY AVENUE,QUEENS,2028-11-01,0.000274,0,very_low,baseline
23 STREET-ELY AVENUE,QUEENS,2028-12-01,0.00027,0,very_low,baseline
23 STREET-ELY AVENUE,QUEENS,2029-01-01,0.000364,0,very_low,baseline
23 STREET-ELY AVENUE,QUEENS,2029-02-01,0.000364,0,very_low,baseline
23 STREET-ELY AVENUE,QUEENS,2029-03-01,0.000359,0,very_low,baseline
23 STREET-ELY AVENUE,QUEENS,2029-04-01,0.000362,0,very_low,baseline
23 STREET-ELY AVENUE,QUEENS,2029-05-01,0.000382,0,very_low,baseline
23 STREET-ELY AVENUE,QUEENS,2029-06-01,0.0004,0,very_low,baseline
23 STREET-ELY AVENUE,QUEENS,2029-07-01,0.0004,0,very_low,baseline
23 STREET-ELY AVENUE,QUEENS,2029-08-01,0.0004,0,very_low,baseline
23 STREET-ELY AVENUE,QUEENS,2029-09-01,0.000414,0,very_low,baseline
23 STREET-ELY AVENUE,QUEENS,2029-10-01,0.000282,0,very_low,baseline
23 STREET-ELY AVENUE,QUEENS,2029-11-01,0.000274,0,very_low,baseline
23 STREET-ELY AVENUE,QUEENS,2029-12-01,0.00027,0,very_low,baseline
231 STREET,BRONX,2027-01-01,6.3e-05,0,very_low,baseline
231 STREET,BRONX,2027-02-01,5.8e-05,0,very_low,baseline
231 STREET,BRONX,2027-03-01,5.7e-05,0,very_low,baseline
231 STREET,BRONX,2027-04-01,6.2e-05,0,very_low,baseline
231 STREET,BRONX,2027-05-01,5.9e-05,0,very_low,baseline
231 STREET,BRONX,2027-06-01,6.4e-05,0,very_low,baseline
231 STREET,BRONX,2027-07-01,6.4e-05,0,very_low,baseline
231 STREET,BRONX,2027-08-01,6.4e-05,0,very_low,baseline
231 STREET,BRONX,2027-09-01,6.8e-05,0,very_low,baseline
231 STREET,BRONX,2027-10-01,6.3e-05,0,very_low,baseline
231 STREET,BRONX,2027-11-01,6e-05,0,very_low,baseline
231 STREET,BRONX,2027-12-01,6.1e-05,0,very_low,baseline
231 STREET,BRONX,2028-01-01,6.4e-05,0,very_low,baseline
231 STREET,BRONX,2028-02-01,6.3e-05,0,very_low,baseline
231 STREET,BRONX,2028-03-01,6.2e-05,0,very_low,baseline
231 STREET,BRONX,2028-04-01,6.2e-05,0,very_low,baseline
231 STREET,BRONX,2028-05-01,6.4e-05,0,very_low,baseline
231 STREET,BRONX,2028-06-01,6.4e-05,0,very_low,baseline
231 STREET,BRONX,2028-07-01,6.4e-05,0,very_low,baseline
231 STREET,BRONX,2028-08-01,6.4e-05,0,very_low,baseline
231 STREET,BRONX,2028-09-01,6.8e-05,0,very_low,baseline
231 STREET,BRONX,2028-10-01,6.3e-05,0,very_low,baseline
231 STREET,BRONX,2028-11-01,6e-05,0,very_low,baseline
231 STREET,BRONX,2028-12-01,6.1e-05,0,very_low,baseline
231 STREET,BRONX,2029-01-01,6.4e-05,0,very_low,baseline
231 STREET,BRONX,2029-02-01,6.3e-05,0,very_low,baseline
231 STREET,BRONX,2029-03-01,6.2e-05,0,very_low,baseline
231 STREET,BRONX,2029-04-01,6.2e-05,0,very_low,baseline
231 STREET,BRONX,2029-05-01,6.4e-05,0,very_low,baseline
231 STREET,BRONX,2029-06-01,6.4e-05,0,very_low,baseline
231 STREET,BRONX,2029-07-01,6.4e-05,0,very_low,baseline
231 STREET,BRONX,2029-08-01,6.4e-05,0,very_low,baseline
231 STREET,BRONX,2029-09-01,6.8e-05,0,very_low,baseline
231 STREET,BRONX,2029-10-01,6.3e-05,0,very_low,baseline
231 STREET,BRONX,2029-11-01,6e-05,0,very_low,baseline
231 STREET,BRONX,2029-12-01,6.1e-05,0,very_low,baseline
233 STREET,BRONX,2027-01-01,0.082399,0,very_low,baseline
233 STREET,BRONX,2027-02-01,0.053078,0,very_low,baseline
233 STREET,BRONX,2027-03-01,0.071722,0,very_low,baseline
233 STREET,BRONX,2027-04-01,0.044074,0,very_low,baseline
233 STREET,BRONX,2027-05-01,0.072328,0,very_low,baseline
233 STREET,BRONX,2027-06-01,0.047681,0,very_low,baseline
233 STREET,BRONX,2027-07-01,0.049777,0,very_low,baseline
233 STREET,BRONX,2027-08-01,0.049777,0,very_low,baseline
233 STREET,BRONX,2027-09-01,0.052213,0,very_low,baseline
233 STREET,BRONX,2027-10-01,0.031067,0,very_low,baseline
233 STREET,BRONX,2027-11-01,0.029399,0,very_low,baseline
233 STREET,BRONX,2027-12-01,0.029399,0,very_low,baseline
233 STREET,BRONX,2028-01-01,0.043125,0,very_low,baseline
233 STREET,BRONX,2028-02-01,0.044641,0,very_low,baseline
233 STREET,BRONX,2028-03-01,0.044641,0,very_low,baseline
233 STREET,BRONX,2028-04-01,0.044535,0,very_low,baseline
233 STREET,BRONX,2028-05-01,0.045567,0,very_low,baseline
233 STREET,BRONX,2028-06-01,0.047681,0,very_low,baseline
233 STREET,BRONX,2028-07-01,0.049777,0,very_low,baseline
233 STREET,BRONX,2028-08-01,0.049777,0,very_low,baseline
233 STREET,BRONX,2028-09-01,0.052213,0,very_low,baseline
233 STREET,BRONX,2028-10-01,0.031067,0,very_low,baseline
233 STREET,BRONX,2028-11-01,0.029399,0,very_low,baseline
233 STREET,BRONX,2028-12-01,0.029399,0,very_low,baseline
233 STREET,BRONX,2029-01-01,0.043125,0,very_low,baseline
233 STREET,BRONX,2029-02-01,0.044641,0,very_low,baseline
233 STREET,BRONX,2029-03-01,0.044641,0,very_low,baseline
233 STREET,BRONX,2029-04-01,0.044535,0,very_low,baseline
233 STREET,BRONX,2029-05-01,0.045567,0,very_low,baseline
233 STREET,BRONX,2029-06-01,0.047681,0,very_low,baseline
233 STREET,BRONX,2029-07-01,0.049777,0,very_low,baseline
233 STREET,BRONX,2029-08-01,0.049777,0,very_low,baseline
233 STREET,BRONX,2029-09-01,0.052213,0,very_low,baseline
233 STREET,BRONX,2029-10-01,0.031067,0,very_low,baseline
233 STREET,BRONX,2029-11-01,0.029399,0,very_low,baseline
233 STREET,BRONX,2029-12-01,0.029399,0,very_low,baseline
238 ST.-NEREID AVE.,BRONX,2027-01-01,0.000295,0,very_low,baseline
238 ST.-NEREID AVE.,BRONX,2027-02-01,0.000224,0,very_low,baseline
238 ST.-NEREID AVE.,BRONX,2027-03-01,0.000371,0,very_low,baseline
238 ST.-NEREID AVE.,BRONX,2027-04-01,0.000281,0,very_low,baseline
238 ST.-NEREID AVE.,BRONX,2027-05-01,0.000381,0,very_low,baseline
238 ST.-NEREID AVE.,BRONX,2027-06-01,0.000369,0,very_low,baseline
238 ST.-NEREID AVE.,BRONX,2027-07-01,0.000369,0,very_low,baseline
238 ST.-NEREID AVE.,BRONX,2027-08-01,0.000369,0,very_low,baseline
238 ST.-NEREID AVE.,BRONX,2027-09-01,0.000377,0,very_low,baseline
238 ST.-NEREID AVE.,BRONX,2027-10-01,0.000249,0,very_low,baseline
238 ST.-NEREID AVE.,BRONX,2027-11-01,0.000241,0,very_low,baseline
238 ST.-NEREID AVE.,BRONX,2027-12-01,0.000244,0,very_low,baseline
238 ST.-NEREID AVE.,BRONX,2028-01-01,0.000357,0,very_low,baseline
238 ST.-NEREID AVE.,BRONX,2028-02-01,0.000359,0,very_low,baseline
238 ST.-NEREID AVE.,BRONX,2028-03-01,0.000348,0,very_low,baseline
238 ST.-NEREID AVE.,BRONX,2028-04-01,0.000348,0,very_low,baseline
238 ST.-NEREID AVE.,BRONX,2028-05-01,0.000363,0,very_low,baseline
238 ST.-NEREID AVE.,BRONX,2028-06-01,0.000369,0,very_low,baseline
238 ST.-NEREID AVE.,BRONX,2028-07-01,0.000369,0,very_low,baseline
238 ST.-NEREID AVE.,BRONX,2028-08-01,0.000369,0,very_low,baseline
238 ST.-NEREID AVE.,BRONX,2028-09-01,0.000377,0,very_low,baseline
238 ST.-NEREID AVE.,BRONX,2028-10-01,0.000249,0,very_low,baseline
238 ST.-NEREID AVE.,BRONX,2028-11-01,0.000241,0,very_low,baseline
238 ST.-NEREID AVE.,BRONX,2028-12-01,0.000244,0,very_low,baseline
238 ST.-NEREID AVE.,BRONX,2029-01-01,0.000357,0,very_low,baseline
238 ST.-NEREID AVE.,BRONX,2029-02-01,0.000359,0,very_low,baseline
238 ST.-NEREID AVE.,BRONX,2029-03-01,0.000348,0,very_low,baseline
238 ST.-NEREID AVE.,BRONX,2029-04-01,0.000348,0,very_low,baseline
238 ST.-NEREID AVE.,BRONX,2029-05-01,0.000363,0,very_low,baseline
238 ST.-NEREID AVE.,BRONX,2029-06-01,0.000369,0,very_low,baseline
238 ST.-NEREID AVE.,BRONX,2029-07-01,0.000369,0,very_low,baseline
238 ST.-NEREID AVE.,BRONX,2029-08-01,0.000369,0,very_low,baseline
238 ST.-NEREID AVE.,BRONX,2029-09-01,0.000377,0,very_low,baseline
238 ST.-NEREID AVE.,BRONX,2029-10-01,0.000249,0,very_low,baseline
238 ST.-NEREID AVE.,BRONX,2029-11-01,0.000241,0,very_low,baseline
238 ST.-NEREID AVE.,BRONX,2029-12-01,0.000244,0,very_low,baseline
238 STREET,BRONX,2027-01-01,9.5e-05,0,very_low,baseline
238 STREET,BRONX,2027-02-01,9.4e-05,0,very_low,baseline
238 STREET,BRONX,2027-03-01,0.000101,0,very_low,baseline
238 STREET,BRONX,2027-04-01,9.5e-05,0,very_low,baseline
238 STREET,BRONX,2027-05-01,9.7e-05,0,very_low,baseline
238 STREET,BRONX,2027-06-01,9.8e-05,0,very_low,baseline
238 STREET,BRONX,2027-07-01,9.8e-05,0,very_low,baseline
238 STREET,BRONX,2027-08-01,9.8e-05,0,very_low,baseline
238 STREET,BRONX,2027-09-01,0.000104,0,very_low,baseline
238 STREET,BRONX,2027-10-01,9.2e-05,0,very_low,baseline
238 STREET,BRONX,2027-11-01,8.8e-05,0,very_low,baseline
238 STREET,BRONX,2027-12-01,9e-05,0,very_low,baseline
238 STREET,BRONX,2028-01-01,9.5e-05,0,very_low,baseline
238 STREET,BRONX,2028-02-01,9.4e-05,0,very_low,baseline
238 STREET,BRONX,2028-03-01,9.5e-05,0,very_low,baseline
238 STREET,BRONX,2028-04-01,9.5e-05,0,very_low,baseline
238 STREET,BRONX,2028-05-01,9.7e-05,0,very_low,baseline
238 STREET,BRONX,2028-06-01,9.8e-05,0,very_low,baseline
238 STREET,BRONX,2028-07-01,9.8e-05,0,very_low,baseline
238 STREET,BRONX,2028-08-01,9.8e-05,0,very_low,baseline
238 STREET,BRONX,2028-09-01,0.000104,0,very_low,baseline
238 STREET,BRONX,2028-10-01,9.2e-05,0,very_low,baseline
238 STREET,BRONX,2028-11-01,8.8e-05,0,very_low,baseline
238 STREET,BRONX,2028-12-01,9e-05,0,very_low,baseline
238 STREET,BRONX,2029-01-01,9.5e-05,0,very_low,baseline
238 STREET,BRONX,2029-02-01,9.4e-05,0,very_low,baseline
238 STREET,BRONX,2029-03-01,9.5e-05,0,very_low,baseline
238 STREET,BRONX,2029-04-01,9.5e-05,0,very_low,baseline
238 STREET,BRONX,2029-05-01,9.7e-05,0,very_low,baseline
238 STREET,BRONX,2029-06-01,9.8e-05,0,very_low,baseline
238 STREET,BRONX,2029-07-01,9.8e-05,0,very_low,baseline
238 STREET,BRONX,2029-08-01,9.8e-05,0,very_low,baseline
238 STREET,BRONX,2029-09-01,0.000104,0,very_low,baseline
238 STREET,BRONX,2029-10-01,9.2e-05,0,very_low,baseline
238 STREET,BRONX,2029-11-01,8.8e-05,0,very_low,baseline
238 STREET,BRONX,2029-12-01,9e-05,0,very_low,baseline
241 ST.-WAKEFIELD,BRONX,2027-01-01,0.417739,1,medium,baseline
241 ST.-WAKEFIELD,BRONX,2027-02-01,0.437762,1,medium,baseline
241 ST.-WAKEFIELD,BRONX,2027-03-01,0.370915,1,low,baseline
241 ST.-WAKEFIELD,BRONX,2027-04-01,0.321729,1,low,baseline
241 ST.-WAKEFIELD,BRONX,2027-05-01,0.2679,1,low,baseline
241 ST.-WAKEFIELD,BRONX,2027-06-01,0.23893,1,low,baseline
241 ST.-WAKEFIELD,BRONX,2027-07-01,0.264893,1,low,baseline
241 ST.-WAKEFIELD,BRONX,2027-08-01,0.293417,1,low,baseline
241 ST.-WAKEFIELD,BRONX,2027-09-01,0.332661,1,low,baseline
241 ST.-WAKEFIELD,BRONX,2027-10-01,0.276632,1,low,baseline
241 ST.-WAKEFIELD,BRONX,2027-11-01,0.291064,1,low,baseline
241 ST.-WAKEFIELD,BRONX,2027-12-01,0.306552,1,low,baseline
241 ST.-WAKEFIELD,BRONX,2028-01-01,0.337386,1,low,baseline
241 ST.-WAKEFIELD,BRONX,2028-02-01,0.328658,1,low,baseline
241 ST.-WAKEFIELD,BRONX,2028-03-01,0.316787,1,low,baseline
241 ST.-WAKEFIELD,BRONX,2028-04-01,0.317914,1,low,baseline
241 ST.-WAKEFIELD,BRONX,2028-05-01,0.319992,1,low,baseline
241 ST.-WAKEFIELD,BRONX,2028-06-01,0.319992,1,low,baseline
241 ST.-WAKEFIELD,BRONX,2028-07-01,0.319992,1,low,baseline
241 ST.-WAKEFIELD,BRONX,2028-08-01,0.352944,1,low,baseline
241 ST.-WAKEFIELD,BRONX,2028-09-01,0.352289,1,low,baseline
241 ST.-WAKEFIELD,BRONX,2028-10-01,0.286855,1,low,baseline
241 ST.-WAKEFIELD,BRONX,2028-11-01,0.293773,1,low,baseline
241 ST.-WAKEFIELD,BRONX,2028-12-01,0.306552,1,low,baseline
241 ST.-WAKEFIELD,BRONX,2029-01-01,0.337386,1,low,baseline
241 ST.-WAKEFIELD,BRONX,2029-02-01,0.328658,1,low,baseline
241 ST.-WAKEFIELD,BRONX,2029-03-01,0.316787,1,low,baseline
241 ST.-WAKEFIELD,BRONX,2029-04-01,0.317914,1,low,baseline
241 ST.-WAKEFIELD,BRONX,2029-05-01,0.319992,1,low,baseline
241 ST.-WAKEFIELD,BRONX,2029-06-01,0.319992,1,low,baseline
241 ST.-WAKEFIELD,BRONX,2029-07-01,0.319992,1,low,baseline
241 ST.-WAKEFIELD,BRONX,2029-08-01,0.352944,1,low,baseline
241 ST.-WAKEFIELD,BRONX,2029-09-01,0.352289,1,low,baseline
241 ST.-WAKEFIELD,BRONX,2029-10-01,0.286855,1,low,baseline
241 ST.-WAKEFIELD,BRONX,2029-11-01,0.293773,1,low,baseline
241 ST.-WAKEFIELD,BRONX,2029-12-01,0.306552,1,low,baseline
242 ST.-VAN CORTLANDT PARK,BRONX,2027-01-01,0.001013,0,very_low,baseline
242 ST.-VAN CORTLANDT PARK,BRONX,2027-02-01,0.000825,0,very_low,baseline
242 ST.-VAN CORTLANDT PARK,BRONX,2027-03-01,0.000476,0,very_low,baseline
242 ST.-VAN CORTLANDT PARK,BRONX,2027-04-01,0.000483,0,very_low,baseline
242 ST.-VAN CORTLANDT PARK,BRONX,2027-05-01,0.000354,0,very_low,baseline
242 ST.-VAN CORTLANDT PARK,BRONX,2027-06-01,0.000446,0,very_low,baseline
242 ST.-VAN CORTLANDT PARK,BRONX,2027-07-01,0.000446,0,very_low,baseline
242 ST.-VAN CORTLANDT PARK,BRONX,2027-08-01,0.000446,0,very_low,baseline
242 ST.-VAN CORTLANDT PARK,BRONX,2027-09-01,0.000459,0,very_low,baseline
242 ST.-VAN CORTLANDT PARK,BRONX,2027-10-01,0.000346,0,very_low,baseline
242 ST.-VAN CORTLANDT PARK,BRONX,2027-11-01,0.000333,0,very_low,baseline
242 ST.-VAN CORTLANDT PARK,BRONX,2027-12-01,0.000352,0,very_low,baseline
242 ST.-VAN CORTLANDT PARK,BRONX,2028-01-01,0.000423,0,very_low,baseline
242 ST.-VAN CORTLANDT PARK,BRONX,2028-02-01,0.000421,0,very_low,baseline
242 ST.-VAN CORTLANDT PARK,BRONX,2028-03-01,0.000426,0,very_low,baseline
242 ST.-VAN CORTLANDT PARK,BRONX,2028-04-01,0.000426,0,very_low,baseline
242 ST.-VAN CORTLANDT PARK,BRONX,2028-05-01,0.000442,0,very_low,baseline
242 ST.-VAN CORTLANDT PARK,BRONX,2028-06-01,0.000446,0,very_low,baseline
242 ST.-VAN CORTLANDT PARK,BRONX,2028-07-01,0.000446,0,very_low,baseline
242 ST.-VAN CORTLANDT PARK,BRONX,2028-08-01,0.000446,0,very_low,baseline
242 ST.-VAN CORTLANDT PARK,BRONX,2028-09-01,0.000459,0,very_low,baseline
242 ST.-VAN CORTLANDT PARK,BRONX,2028-10-01,0.000346,0,very_low,baseline
242 ST.-VAN CORTLANDT PARK,BRONX,2028-11-01,0.000333,0,very_low,baseline
242 ST.-VAN CORTLANDT PARK,BRONX,2028-12-01,0.000352,0,very_low,baseline
242 ST.-VAN CORTLANDT PARK,BRONX,2029-01-01,0.000423,0,very_low,baseline
242 ST.-VAN CORTLANDT PARK,BRONX,2029-02-01,0.000421,0,very_low,baseline
242 ST.-VAN CORTLANDT PARK,BRONX,2029-03-01,0.000426,0,very_low,baseline
242 ST.-VAN CORTLANDT PARK,BRONX,2029-04-01,0.000426,0,very_low,baseline
242 ST.-VAN CORTLANDT PARK,BRONX,2029-05-01,0.000442,0,very_low,baseline
242 ST.-VAN CORTLANDT PARK,BRONX,2029-06-01,0.000446,0,very_low,baseline
242 ST.-VAN CORTLANDT PARK,BRONX,2029-07-01,0.000446,0,very_low,baseline
242 ST.-VAN CORTLANDT PARK,BRONX,2029-08-01,0.000446,0,very_low,baseline
242 ST.-VAN CORTLANDT PARK,BRONX,2029-09-01,0.000459,0,very_low,baseline
242 ST.-VAN CORTLANDT PARK,BRONX,2029-10-01,0.000346,0,very_low,baseline
242 ST.-VAN CORTLANDT PARK,BRONX,2029-11-01,0.000333,0,very_low,baseline
242 ST.-VAN CORTLANDT PARK,BRONX,2029-12-01,0.000352,0,very_low,baseline
25 AVENUE,BROOKLYN,2027-01-01,0.000124,0,very_low,baseline
25 AVENUE,BROOKLYN,2027-02-01,0.000155,0,very_low,baseline
25 AVENUE,BROOKLYN,2027-03-01,0.000109,0,very_low,baseline
25 AVENUE,BROOKLYN,2027-04-01,0.00011,0,very_low,baseline
25 AVENUE,BROOKLYN,2027-05-01,0.000111,0,very_low,baseline
25 AVENUE,BROOKLYN,2027-06-01,0.000118,0,very_low,baseline
25 AVENUE,BROOKLYN,2027-07-01,0.000118,0,very_low,baseline
25 AVENUE,BROOKLYN,2027-08-01,0.000118,0,very_low,baseline
25 AVENUE,BROOKLYN,2027-09-01,0.000124,0,very_low,baseline
25 AVENUE,BROOKLYN,2027-10-01,0.000108,0,very_low,baseline
25 AVENUE,BROOKLYN,2027-11-01,0.000102,0,very_low,baseline
25 AVENUE,BROOKLYN,2027-12-01,0.000105,0,very_low,baseline
25 AVENUE,BROOKLYN,2028-01-01,0.000115,0,very_low,baseline
25 AVENUE,BROOKLYN,2028-02-01,0.000115,0,very_low,baseline
25 AVENUE,BROOKLYN,2028-03-01,0.000113,0,very_low,baseline
25 AVENUE,BROOKLYN,2028-04-01,0.000113,0,very_low,baseline
25 AVENUE,BROOKLYN,2028-05-01,0.000117,0,very_low,baseline
25 AVENUE,BROOKLYN,2028-06-01,0.000118,0,very_low,baseline
25 AVENUE,BROOKLYN,2028-07-01,0.000118,0,very_low,baseline
25 AVENUE,BROOKLYN,2028-08-01,0.000118,0,very_low,baseline
25 AVENUE,BROOKLYN,2028-09-01,0.000124,0,very_low,baseline
25 AVENUE,BROOKLYN,2028-10-01,0.000108,0,very_low,baseline
25 AVENUE,BROOKLYN,2028-11-01,0.000102,0,very_low,baseline
25 AVENUE,BROOKLYN,2028-12-01,0.000105,0,very_low,baseline
25 AVENUE,BROOKLYN,2029-01-01,0.000115,0,very_low,baseline
25 AVENUE,BROOKLYN,2029-02-01,0.000115,0,very_low,baseline
25 AVENUE,BROOKLYN,2029-03-01,0.000113,0,very_low,baseline
25 AVENUE,BROOKLYN,2029-04-01,0.000113,0,very_low,baseline
25 AVENUE,BROOKLYN,2029-05-01,0.000117,0,very_low,baseline
25 AVENUE,BROOKLYN,2029-06-01,0.000118,0,very_low,baseline
25 AVENUE,BROOKLYN,2029-07-01,0.000118,0,very_low,baseline
25 AVENUE,BROOKLYN,2029-08-01,0.000118,0,very_low,baseline
25 AVENUE,BROOKLYN,2029-09-01,0.000124,0,very_low,baseline
25 AVENUE,BROOKLYN,2029-10-01,0.000108,0,very_low,baseline
25 AVENUE,BROOKLYN,2029-11-01,0.000102,0,very_low,baseline
25 AVENUE,BROOKLYN,2029-12-01,0.000105,0,very_low,baseline
25 STREET,BROOKLYN,2027-01-01,0.000215,0,very_low,baseline
25 STREET,BROOKLYN,2027-02-01,0.000213,0,very_low,baseline
25 STREET,BROOKLYN,2027-03-01,0.000298,0,very_low,baseline
25 STREET,BROOKLYN,2027-04-01,0.000339,0,very_low,baseline
25 STREET,BROOKLYN,2027-05-01,0.000455,0,very_low,baseline
25 STREET,BROOKLYN,2027-06-01,0.000322,0,very_low,baseline
25 STREET,BROOKLYN,2027-07-01,0.000312,0,very_low,baseline
25 STREET,BROOKLYN,2027-08-01,0.000307,0,very_low,baseline
25 STREET,BROOKLYN,2027-09-01,0.000316,0,very_low,baseline
25 STREET,BROOKLYN,2027-10-01,0.000206,0,very_low,baseline
25 STREET,BROOKLYN,2027-11-01,0.000196,0,very_low,baseline
25 STREET,BROOKLYN,2027-12-01,0.000193,0,very_low,baseline
25 STREET,BROOKLYN,2028-01-01,0.000299,0,very_low,baseline
25 STREET,BROOKLYN,2028-02-01,0.000299,0,very_low,baseline
25 STREET,BROOKLYN,2028-03-01,0.000297,0,very_low,baseline
25 STREET,BROOKLYN,2028-04-01,0.000295,0,very_low,baseline
25 STREET,BROOKLYN,2028-05-01,0.000311,0,very_low,baseline
25 STREET,BROOKLYN,2028-06-01,0.000322,0,very_low,baseline
25 STREET,BROOKLYN,2028-07-01,0.000312,0,very_low,baseline
25 STREET,BROOKLYN,2028-08-01,0.000307,0,very_low,baseline
25 STREET,BROOKLYN,2028-09-01,0.000316,0,very_low,baseline
25 STREET,BROOKLYN,2028-10-01,0.000206,0,very_low,baseline
25 STREET,BROOKLYN,2028-11-01,0.000196,0,very_low,baseline
25 STREET,BROOKLYN,2028-12-01,0.000193,0,very_low,baseline
25 STREET,BROOKLYN,2029-01-01,0.000299,0,very_low,baseline
25 STREET,BROOKLYN,2029-02-01,0.000299,0,very_low,baseline
25 STREET,BROOKLYN,2029-03-01,0.000297,0,very_low,baseline
25 STREET,BROOKLYN,2029-04-01,0.000295,0,very_low,baseline
25 STREET,BROOKLYN,2029-05-01,0.000311,0,very_low,baseline
25 STREET,BROOKLYN,2029-06-01,0.000322,0,very_low,baseline
25 STREET,BROOKLYN,2029-07-01,0.000312,0,very_low,baseline
25 STREET,BROOKLYN,2029-08-01,0.000307,0,very_low,baseline
25 STREET,BROOKLYN,2029-09-01,0.000316,0,very_low,baseline
25 STREET,BROOKLYN,2029-10-01,0.000206,0,very_low,baseline
25 STREET,BROOKLYN,2029-11-01,0.000196,0,very_low,baseline
25 STREET,BROOKLYN,2029-12-01,0.000193,0,very_low,baseline
28 STREET,MANHATTAN,2027-01-01,0.000998,0,very_low,baseline
28 STREET,MANHATTAN,2027-02-01,0.001015,0,very_low,baseline
28 STREET,MANHATTAN,2027-03-01,0.000983,0,very_low,baseline
28 STREET,MANHATTAN,2027-04-01,0.001027,0,very_low,baseline
28 STREET,MANHATTAN,2027-05-01,0.001082,0,very_low,baseline
28 STREET,MANHATTAN,2027-06-01,0.001071,0,very_low,baseline
28 STREET,MANHATTAN,2027-07-01,0.001071,0,very_low,baseline
28 STREET,MANHATTAN,2027-08-01,0.001071,0,very_low,baseline
28 STREET,MANHATTAN,2027-09-01,0.001042,0,very_low,baseline
28 STREET,MANHATTAN,2027-10-01,0.000782,0,very_low,baseline
28 STREET,MANHATTAN,2027-11-01,0.000764,0,very_low,baseline
28 STREET,MANHATTAN,2027-12-01,0.000745,0,very_low,baseline
28 STREET,MANHATTAN,2028-01-01,0.000887,0,very_low,baseline
28 STREET,MANHATTAN,2028-02-01,0.000964,0,very_low,baseline
28 STREET,MANHATTAN,2028-03-01,0.000964,0,very_low,baseline
28 STREET,MANHATTAN,2028-04-01,0.000987,0,very_low,baseline
28 STREET,MANHATTAN,2028-05-01,0.001071,0,very_low,baseline
28 STREET,MANHATTAN,2028-06-01,0.001071,0,very_low,baseline
28 STREET,MANHATTAN,2028-07-01,0.001071,0,very_low,baseline
28 STREET,MANHATTAN,2028-08-01,0.001071,0,very_low,baseline
28 STREET,MANHATTAN,2028-09-01,0.001042,0,very_low,baseline
28 STREET,MANHATTAN,2028-10-01,0.000782,0,very_low,baseline
28 STREET,MANHATTAN,2028-11-01,0.000764,0,very_low,baseline
28 STREET,MANHATTAN,2028-12-01,0.000745,0,very_low,baseline
28 STREET,MANHATTAN,2029-01-01,0.000887,0,very_low,baseline
28 STREET,MANHATTAN,2029-02-01,0.000964,0,very_low,baseline
28 STREET,MANHATTAN,2029-03-01,0.000964,0,very_low,baseline
28 STREET,MANHATTAN,2029-04-01,0.000987,0,very_low,baseline
28 STREET,MANHATTAN,2029-05-01,0.001071,0,very_low,baseline
28 STREET,MANHATTAN,2029-06-01,0.001071,0,very_low,baseline
28 STREET,MANHATTAN,2029-07-01,0.001071,0,very_low,baseline
28 STREET,MANHATTAN,2029-08-01,0.001071,0,very_low,baseline
28 STREET,MANHATTAN,2029-09-01,0.001042,0,very_low,baseline
28 STREET,MANHATTAN,2029-10-01,0.000782,0,very_low,baseline
28 STREET,MANHATTAN,2029-11-01,0.000764,0,very_low,baseline
28 STREET,MANHATTAN,2029-12-01,0.000745,0,very_low,baseline
3 AVENUE,MANHATTAN,2027-01-01,0.000178,0,very_low,baseline
3 AVENUE,MANHATTAN,2027-02-01,0.000214,0,very_low,baseline
3 AVENUE,MANHATTAN,2027-03-01,0.000264,0,very_low,baseline
3 AVENUE,MANHATTAN,2027-04-01,0.000317,0,very_low,baseline
3 AVENUE,MANHATTAN,2027-05-01,0.000455,0,very_low,baseline
3 AVENUE,MANHATTAN,2027-06-01,0.000325,0,very_low,baseline
3 AVENUE,MANHATTAN,2027-07-01,0.000325,0,very_low,baseline
3 AVENUE,MANHATTAN,2027-08-01,0.000325,0,very_low,baseline
3 AVENUE,MANHATTAN,2027-09-01,0.000337,0,very_low,baseline
3 AVENUE,MANHATTAN,2027-10-01,0.000217,0,very_low,baseline
3 AVENUE,MANHATTAN,2027-11-01,0.00021,0,very_low,baseline
3 AVENUE,MANHATTAN,2027-12-01,0.000207,0,very_low,baseline
3 AVENUE,MANHATTAN,2028-01-01,0.000311,0,very_low,baseline
3 AVENUE,MANHATTAN,2028-02-01,0.00031,0,very_low,baseline
3 AVENUE,MANHATTAN,2028-03-01,0.0003,0,very_low,baseline
3 AVENUE,MANHATTAN,2028-04-01,0.000303,0,very_low,baseline
3 AVENUE,MANHATTAN,2028-05-01,0.00032,0,very_low,baseline
3 AVENUE,MANHATTAN,2028-06-01,0.000325,0,very_low,baseline
3 AVENUE,MANHATTAN,2028-07-01,0.000325,0,very_low,baseline
3 AVENUE,MANHATTAN,2028-08-01,0.000325,0,very_low,baseline
3 AVENUE,MANHATTAN,2028-09-01,0.000337,0,very_low,baseline
3 AVENUE,MANHATTAN,2028-10-01,0.000217,0,very_low,baseline
3 AVENUE,MANHATTAN,2028-11-01,0.00021,0,very_low,baseline
3 AVENUE,MANHATTAN,2028-12-01,0.000207,0,very_low,baseline
3 AVENUE,MANHATTAN,2029-01-01,0.000311,0,very_low,baseline
3 AVENUE,MANHATTAN,2029-02-01,0.00031,0,very_low,baseline
3 AVENUE,MANHATTAN,2029-03-01,0.0003,0,very_low,baseline
3 AVENUE,MANHATTAN,2029-04-01,0.000303,0,very_low,baseline
3 AVENUE,MANHATTAN,2029-05-01,0.00032,0,very_low,baseline
3 AVENUE,MANHATTAN,2029-06-01,0.000325,0,very_low,baseline
3 AVENUE,MANHATTAN,2029-07-01,0.000325,0,very_low,baseline
3 AVENUE,MANHATTAN,2029-08-01,0.000325,0,very_low,baseline
3 AVENUE,MANHATTAN,2029-09-01,0.000337,0,very_low,baseline
3 AVENUE,MANHATTAN,2029-10-01,0.000217,0,very_low,baseline
3 AVENUE,MANHATTAN,2029-11-01,0.00021,0,very_low,baseline
3 AVENUE,MANHATTAN,2029-12-01,0.000207,0,very_low,baseline
3 AVENUE-138 STREET,BRONX,2027-01-01,0.109975,1,very_low,baseline
3 AVENUE-138 STREET,BRONX,2027-02-01,0.26204,1,low,baseline
3 AVENUE-138 STREET,BRONX,2027-03-01,0.387875,1,low,baseline
3 AVENUE-138 STREET,BRONX,2027-04-01,0.285982,1,low,baseline
3 AVENUE-138 STREET,BRONX,2027-05-01,0.382583,1,low,baseline
3 AVENUE-138 STREET,BRONX,2027-06-01,0.400416,1,medium,baseline
3 AVENUE-138 STREET,BRONX,2027-07-01,0.415981,1,medium,baseline
3 AVENUE-138 STREET,BRONX,2027-08-01,0.418579,1,medium,baseline
3 AVENUE-138 STREET,BRONX,2027-09-01,0.410137,1,medium,baseline
3 AVENUE-138 STREET,BRONX,2027-10-01,0.327504,1,low,baseline
3 AVENUE-138 STREET,BRONX,2027-11-01,0.340053,1,low,baseline
3 AVENUE-138 STREET,BRONX,2027-12-01,0.35541,1,low,baseline
3 AVENUE-138 STREET,BRONX,2028-01-01,0.428026,1,medium,baseline
3 AVENUE-138 STREET,BRONX,2028-02-01,0.428026,1,medium,baseline
3 AVENUE-138 STREET,BRONX,2028-03-01,0.421523,1,medium,baseline
3 AVENUE-138 STREET,BRONX,2028-04-01,0.421523,1,medium,baseline
3 AVENUE-138 STREET,BRONX,2028-05-01,0.425273,1,medium,baseline
3 AVENUE-138 STREET,BRONX,2028-06-01,0.433234,1,medium,baseline
3 AVENUE-138 STREET,BRONX,2028-07-01,0.433234,1,medium,baseline
3 AVENUE-138 STREET,BRONX,2028-08-01,0.431739,1,medium,baseline
3 AVENUE-138 STREET,BRONX,2028-09-01,0.415789,1,medium,baseline
3 AVENUE-138 STREET,BRONX,2028-10-01,0.336793,1,low,baseline
3 AVENUE-138 STREET,BRONX,2028-11-01,0.349514,1,low,baseline
3 AVENUE-138 STREET,BRONX,2028-12-01,0.35541,1,low,baseline
3 AVENUE-138 STREET,BRONX,2029-01-01,0.428026,1,medium,baseline
3 AVENUE-138 STREET,BRONX,2029-02-01,0.428026,1,medium,baseline
3 AVENUE-138 STREET,BRONX,2029-03-01,0.421523,1,medium,baseline
3 AVENUE-138 STREET,BRONX,2029-04-01,0.421523,1,medium,baseline
3 AVENUE-138 STREET,BRONX,2029-05-01,0.425273,1,medium,baseline
3 AVENUE-138 STREET,BRONX,2029-06-01,0.433234,1,medium,baseline
3 AVENUE-138 STREET,BRONX,2029-07-01,0.433234,1,medium,baseline
3 AVENUE-138 STREET,BRONX,2029-08-01,0.431739,1,medium,baseline
3 AVENUE-138 STREET,BRONX,2029-09-01,0.415789,1,medium,baseline
3 AVENUE-138 STREET,BRONX,2029-10-01,0.336793,1,low,baseline
3 AVENUE-138 STREET,BRONX,2029-11-01,0.349514,1,low,baseline
3 AVENUE-138 STREET,BRONX,2029-12-01,0.35541,1,low,baseline
3 AVENUE-149 STREET,BRONX,2027-01-01,0.377416,1,low,baseline
3 AVENUE-149 STREET,BRONX,2027-02-01,0.620326,1,high,baseline
3 AVENUE-149 STREET,BRONX,2027-03-01,0.550609,1,medium,baseline
3 AVENUE-149 STREET,BRONX,2027-04-01,0.501116,1,medium,baseline
3 AVENUE-149 STREET,BRONX,2027-05-01,0.469011,1,medium,baseline
3 AVENUE-149 STREET,BRONX,2027-06-01,0.750264,1,high,baseline
3 AVENUE-149 STREET,BRONX,2027-07-01,0.750264,1,high,baseline
3 AVENUE-149 STREET,BRONX,2027-08-01,0.750264,1,high,baseline
3 AVENUE-149 STREET,BRONX,2027-09-01,0.750457,1,high,baseline
3 AVENUE-149 STREET,BRONX,2027-10-01,0.70133,1,high,baseline
3 AVENUE-149 STREET,BRONX,2027-11-01,0.715125,1,high,baseline
3 AVENUE-149 STREET,BRONX,2027-12-01,0.715259,1,high,baseline
3 AVENUE-149 STREET,BRONX,2028-01-01,0.766076,1,high,baseline
3 AVENUE-149 STREET,BRONX,2028-02-01,0.766076,1,high,baseline
3 AVENUE-149 STREET,BRONX,2028-03-01,0.761273,1,high,baseline
3 AVENUE-149 STREET,BRONX,2028-04-01,0.764803,1,high,baseline
3 AVENUE-149 STREET,BRONX,2028-05-01,0.759116,1,high,baseline
3 AVENUE-149 STREET,BRONX,2028-06-01,0.759116,1,high,baseline
3 AVENUE-149 STREET,BRONX,2028-07-01,0.759116,1,high,baseline
3 AVENUE-149 STREET,BRONX,2028-08-01,0.759116,1,high,baseline
3 AVENUE-149 STREET,BRONX,2028-09-01,0.750457,1,high,baseline
3 AVENUE-149 STREET,BRONX,2028-10-01,0.70133,1,high,baseline
3 AVENUE-149 STREET,BRONX,2028-11-01,0.715125,1,high,baseline
3 AVENUE-149 STREET,BRONX,2028-12-01,0.715259,1,high,baseline
3 AVENUE-149 STREET,BRONX,2029-01-01,0.766076,1,high,baseline
3 AVENUE-149 STREET,BRONX,2029-02-01,0.766076,1,high,baseline
3 AVENUE-149 STREET,BRONX,2029-03-01,0.761273,1,high,baseline
3 AVENUE-149 STREET,BRONX,2029-04-01,0.764803,1,high,baseline
3 AVENUE-149 STREET,BRONX,2029-05-01,0.759116,1,high,baseline
3 AVENUE-149 STREET,BRONX,2029-06-01,0.759116,1,high,baseline
3 AVENUE-149 STREET,BRONX,2029-07-01,0.759116,1,high,baseline
3 AVENUE-149 STREET,BRONX,2029-08-01,0.759116,1,high,baseline
3 AVENUE-149 STREET,BRONX,2029-09-01,0.750457,1,high,baseline
3 AVENUE-149 STREET,BRONX,2029-10-01,0.70133,1,high,baseline
3 AVENUE-149 STREET,BRONX,2029-11-01,0.715125,1,high,baseline
3 AVENUE-149 STREET,BRONX,2029-12-01,0.715259,1,high,baseline
30 AVENUE,QUEENS,2027-01-01,0.000268,0,very_low,baseline
30 AVENUE,QUEENS,2027-02-01,0.000202,0,very_low,baseline
30 AVENUE,QUEENS,2027-03-01,0.000199,0,very_low,baseline
30 AVENUE,QUEENS,2027-04-01,0.000179,0,very_low,baseline
30 AVENUE,QUEENS,2027-05-01,0.000192,0,very_low,baseline
30 AVENUE,QUEENS,2027-06-01,0.000254,0,very_low,baseline
30 AVENUE,QUEENS,2027-07-01,0.000254,0,very_low,baseline
30 AVENUE,QUEENS,2027-08-01,0.000254,0,very_low,baseline
30 AVENUE,QUEENS,2027-09-01,0.000258,0,very_low,baseline
30 AVENUE,QUEENS,2027-10-01,0.000165,0,very_low,baseline
30 AVENUE,QUEENS,2027-11-01,0.000158,0,very_low,baseline
30 AVENUE,QUEENS,2027-12-01,0.000156,0,very_low,baseline
30 AVENUE,QUEENS,2028-01-01,0.000254,0,very_low,baseline
30 AVENUE,QUEENS,2028-02-01,0.000252,0,very_low,baseline
30 AVENUE,QUEENS,2028-03-01,0.000244,0,very_low,baseline
30 AVENUE,QUEENS,2028-04-01,0.000242,0,very_low,baseline
30 AVENUE,QUEENS,2028-05-01,0.000256,0,very_low,baseline
30 AVENUE,QUEENS,2028-06-01,0.000254,0,very_low,baseline
30 AVENUE,QUEENS,2028-07-01,0.000254,0,very_low,baseline
30 AVENUE,QUEENS,2028-08-01,0.000254,0,very_low,baseline
30 AVENUE,QUEENS,2028-09-01,0.000258,0,very_low,baseline
30 AVENUE,QUEENS,2028-10-01,0.000165,0,very_low,baseline
30 AVENUE,QUEENS,2028-11-01,0.000158,0,very_low,baseline
30 AVENUE,QUEENS,2028-12-01,0.000156,0,very_low,baseline
30 AVENUE,QUEENS,2029-01-01,0.000254,0,very_low,baseline
30 AVENUE,QUEENS,2029-02-01,0.000252,0,very_low,baseline
30 AVENUE,QUEENS,2029-03-01,0.000244,0,very_low,baseline
30 AVENUE,QUEENS,2029-04-01,0.000242,0,very_low,baseline
30 AVENUE,QUEENS,2029-05-01,0.000256,0,very_low,baseline
30 AVENUE,QUEENS,2029-06-01,0.000254,0,very_low,baseline
30 AVENUE,QUEENS,2029-07-01,0.000254,0,very_low,baseline
30 AVENUE,QUEENS,2029-08-01,0.000254,0,very_low,baseline
30 AVENUE,QUEENS,2029-09-01,0.000258,0,very_low,baseline
30 AVENUE,QUEENS,2029-10-01,0.000165,0,very_low,baseline
30 AVENUE,QUEENS,2029-11-01,0.000158,0,very_low,baseline
30 AVENUE,QUEENS,2029-12-01,0.000156,0,very_low,baseline
33 STREET,MANHATTAN,2027-01-01,0.000202,0,very_low,baseline
33 STREET,MANHATTAN,2027-02-01,0.000224,0,very_low,baseline
33 STREET,MANHATTAN,2027-03-01,0.0002,0,very_low,baseline
33 STREET,MANHATTAN,2027-04-01,0.000204,0,very_low,baseline
33 STREET,MANHATTAN,2027-05-01,0.000225,0,very_low,baseline
33 STREET,MANHATTAN,2027-06-01,0.000224,0,very_low,baseline
33 STREET,MANHATTAN,2027-07-01,0.000224,0,very_low,baseline
33 STREET,MANHATTAN,2027-08-01,0.000224,0,very_low,baseline
33 STREET,MANHATTAN,2027-09-01,0.000214,0,very_low,baseline
33 STREET,MANHATTAN,2027-10-01,0.000138,0,very_low,baseline
33 STREET,MANHATTAN,2027-11-01,0.000132,0,very_low,baseline
33 STREET,MANHATTAN,2027-12-01,0.00013,0,very_low,baseline
33 STREET,MANHATTAN,2028-01-01,0.000192,0,very_low,baseline
33 STREET,MANHATTAN,2028-02-01,0.000205,0,very_low,baseline
33 STREET,MANHATTAN,2028-03-01,0.000207,0,very_low,baseline
33 STREET,MANHATTAN,2028-04-01,0.000211,0,very_low,baseline
33 STREET,MANHATTAN,2028-05-01,0.000225,0,very_low,baseline
33 STREET,MANHATTAN,2028-06-01,0.000224,0,very_low,baseline
33 STREET,MANHATTAN,2028-07-01,0.000224,0,very_low,baseline
33 STREET,MANHATTAN,2028-08-01,0.000224,0,very_low,baseline
33 STREET,MANHATTAN,2028-09-01,0.000214,0,very_low,baseline
33 STREET,MANHATTAN,2028-10-01,0.000138,0,very_low,baseline
33 STREET,MANHATTAN,2028-11-01,0.000132,0,very_low,baseline
33 STREET,MANHATTAN,2028-12-01,0.00013,0,very_low,baseline
33 STREET,MANHATTAN,2029-01-01,0.000192,0,very_low,baseline
33 STREET,MANHATTAN,2029-02-01,0.000205,0,very_low,baseline
33 STREET,MANHATTAN,2029-03-01,0.000207,0,very_low,baseline
33 STREET,MANHATTAN,2029-04-01,0.000211,0,very_low,baseline
33 STREET,MANHATTAN,2029-05-01,0.000225,0,very_low,baseline
33 STREET,MANHATTAN,2029-06-01,0.000224,0,very_low,baseline
33 STREET,MANHATTAN,2029-07-01,0.000224,0,very_low,baseline
33 STREET,MANHATTAN,2029-08-01,0.000224,0,very_low,baseline
33 STREET,MANHATTAN,2029-09-01,0.000214,0,very_low,baseline
33 STREET,MANHATTAN,2029-10-01,0.000138,0,very_low,baseline
33 STREET,MANHATTAN,2029-11-01,0.000132,0,very_low,baseline
33 STREET,MANHATTAN,2029-12-01,0.00013,0,very_low,baseline
34 ST.-HERALD SQ.,MANHATTAN,2027-01-01,0.369581,1,low,baseline
34 ST.-HERALD SQ.,MANHATTAN,2027-02-01,0.25963,1,low,baseline
34 ST.-HERALD SQ.,MANHATTAN,2027-03-01,0.254195,1,low,baseline
34 ST.-HERALD SQ.,MANHATTAN,2027-04-01,0.235751,1,low,baseline
34 ST.-HERALD SQ.,MANHATTAN,2027-05-01,0.237962,1,low,baseline
34 ST.-HERALD SQ.,MANHATTAN,2027-06-01,0.211303,1,low,baseline
34 ST.-HERALD SQ.,MANHATTAN,2027-07-01,0.22784,1,low,baseline
34 ST.-HERALD SQ.,MANHATTAN,2027-08-01,0.224776,1,low,baseline
34 ST.-HERALD SQ.,MANHATTAN,2027-09-01,0.22271,1,low,baseline
34 ST.-HERALD SQ.,MANHATTAN,2027-10-01,0.15567,1,very_low,baseline
34 ST.-HERALD SQ.,MANHATTAN,2027-11-01,0.168737,1,very_low,baseline
34 ST.-HERALD SQ.,MANHATTAN,2027-12-01,0.197664,1,very_low,baseline
34 ST.-HERALD SQ.,MANHATTAN,2028-01-01,0.275674,1,low,baseline
34 ST.-HERALD SQ.,MANHATTAN,2028-02-01,0.267897,1,low,baseline
34 ST.-HERALD SQ.,MANHATTAN,2028-03-01,0.267897,1,low,baseline
34 ST.-HERALD SQ.,MANHATTAN,2028-04-01,0.267897,1,low,baseline
34 ST.-HERALD SQ.,MANHATTAN,2028-05-01,0.269117,1,low,baseline
34 ST.-HERALD SQ.,MANHATTAN,2028-06-01,0.269117,1,low,baseline
34 ST.-HERALD SQ.,MANHATTAN,2028-07-01,0.269117,1,low,baseline
34 ST.-HERALD SQ.,MANHATTAN,2028-08-01,0.266945,1,low,baseline
34 ST.-HERALD SQ.,MANHATTAN,2028-09-01,0.259479,1,low,baseline
34 ST.-HERALD SQ.,MANHATTAN,2028-10-01,0.182673,1,very_low,baseline
34 ST.-HERALD SQ.,MANHATTAN,2028-11-01,0.197477,1,very_low,baseline
34 ST.-HERALD SQ.,MANHATTAN,2028-12-01,0.197664,1,very_low,baseline
34 ST.-HERALD SQ.,MANHATTAN,2029-01-01,0.275674,1,low,baseline
34 ST.-HERALD SQ.,MANHATTAN,2029-02-01,0.267897,1,low,baseline
34 ST.-HERALD SQ.,MANHATTAN,2029-03-01,0.267897,1,low,baseline
34 ST.-HERALD SQ.,MANHATTAN,2029-04-01,0.267897,1,low,baseline
34 ST.-HERALD SQ.,MANHATTAN,2029-05-01,0.269117,1,low,baseline
34 ST.-HERALD SQ.,MANHATTAN,2029-06-01,0.269117,1,low,baseline
34 ST.-HERALD SQ.,MANHATTAN,2029-07-01,0.269117,1,low,baseline
34 ST.-HERALD SQ.,MANHATTAN,2029-08-01,0.266945,1,low,baseline
34 ST.-HERALD SQ.,MANHATTAN,2029-09-01,0.259479,1,low,baseline
34 ST.-HERALD SQ.,MANHATTAN,2029-10-01,0.182673,1,very_low,baseline
34 ST.-HERALD SQ.,MANHATTAN,2029-11-01,0.197477,1,very_low,baseline
34 ST.-HERALD SQ.,MANHATTAN,2029-12-01,0.197664,1,very_low,baseline
34 ST.-PENN STATION,MANHATTAN,2027-01-01,0.764199,1,high,baseline
34 ST.-PENN STATION,MANHATTAN,2027-02-01,0.8072,1,very_high,baseline
34 ST.-PENN STATION,MANHATTAN,2027-03-01,0.852283,1,very_high,baseline
34 ST.-PENN STATION,MANHATTAN,2027-04-01,0.873424,1,very_high,baseline
34 ST.-PENN STATION,MANHATTAN,2027-05-01,0.89039,1,very_high,baseline
34 ST.-PENN STATION,MANHATTAN,2027-06-01,0.863379,1,very_high,baseline
34 ST.-PENN STATION,MANHATTAN,2027-07-01,0.867618,1,very_high,baseline
34 ST.-PENN STATION,MANHATTAN,2027-08-01,0.868428,1,very_high,baseline
34 ST.-PENN STATION,MANHATTAN,2027-09-01,0.875223,1,very_high,baseline
34 ST.-PENN STATION,MANHATTAN,2027-10-01,0.866072,1,very_high,baseline
34 ST.-PENN STATION,MANHATTAN,2027-11-01,0.885135,1,very_high,baseline
34 ST.-PENN STATION,MANHATTAN,2027-12-01,0.885202,1,very_high,baseline
34 ST.-PENN STATION,MANHATTAN,2028-01-01,0.893221,1,very_high,baseline
34 ST.-PENN STATION,MANHATTAN,2028-02-01,0.893221,1,very_high,baseline
34 ST.-PENN STATION,MANHATTAN,2028-03-01,0.893221,1,very_high,baseline
34 ST.-PENN STATION,MANHATTAN,2028-04-01,0.893221,1,very_high,baseline
34 ST.-PENN STATION,MANHATTAN,2028-05-01,0.891208,1,very_high,baseline
34 ST.-PENN STATION,MANHATTAN,2028-06-01,0.891208,1,very_high,baseline
34 ST.-PENN STATION,MANHATTAN,2028-07-01,0.891208,1,very_high,baseline
34 ST.-PENN STATION,MANHATTAN,2028-08-01,0.89013,1,very_high,baseline
34 ST.-PENN STATION,MANHATTAN,2028-09-01,0.89109,1,very_high,baseline
34 ST.-PENN STATION,MANHATTAN,2028-10-01,0.884735,1,very_high,baseline
34 ST.-PENN STATION,MANHATTAN,2028-11-01,0.885135,1,very_high,baseline
34 ST.-PENN STATION,MANHATTAN,2028-12-01,0.885202,1,very_high,baseline
34 ST.-PENN STATION,MANHATTAN,2029-01-01,0.893221,1,very_high,baseline
34 ST.-PENN STATION,MANHATTAN,2029-02-01,0.893221,1,very_high,baseline
34 ST.-PENN STATION,MANHATTAN,2029-03-01,0.893221,1,very_high,baseline
34 ST.-PENN STATION,MANHATTAN,2029-04-01,0.893221,1,very_high,baseline
34 ST.-PENN STATION,MANHATTAN,2029-05-01,0.891208,1,very_high,baseline
34 ST.-PENN STATION,MANHATTAN,2029-06-01,0.891208,1,very_high,baseline
34 ST.-PENN STATION,MANHATTAN,2029-07-01,0.891208,1,very_high,baseline
34 ST.-PENN STATION,MANHATTAN,2029-08-01,0.89013,1,very_high,baseline
34 ST.-PENN STATION,MANHATTAN,2029-09-01,0.89109,1,very_high,baseline
34 ST.-PENN STATION,MANHATTAN,2029-10-01,0.884735,1,very_high,baseline
34 ST.-PENN STATION,MANHATTAN,2029-11-01,0.885135,1,very_high,baseline
34 ST.-PENN STATION,MANHATTAN,2029-12-01,0.885202,1,very_high,baseline
34 STREET,MANHATTAN,2027-01-01,0.00428,0,very_low,baseline
34 STREET,MANHATTAN,2027-02-01,0.004771,0,very_low,baseline
34 STREET,MANHATTAN,2027-03-01,0.005083,0,very_low,baseline
34 STREET,MANHATTAN,2027-04-01,0.004981,0,very_low,baseline
34 STREET,MANHATTAN,2027-05-01,0.005729,0,very_low,baseline
34 STREET,MANHATTAN,2027-06-01,0.005714,0,very_low,baseline
34 STREET,MANHATTAN,2027-07-01,0.005872,0,very_low,baseline
34 STREET,MANHATTAN,2027-08-01,0.005872,0,very_low,baseline
34 STREET,MANHATTAN,2027-09-01,0.005552,0,very_low,baseline
34 STREET,MANHATTAN,2027-10-01,0.003353,0,very_low,baseline
34 STREET,MANHATTAN,2027-11-01,0.003218,0,very_low,baseline
34 STREET,MANHATTAN,2027-12-01,0.003169,0,very_low,baseline
34 STREET,MANHATTAN,2028-01-01,0.004601,0,very_low,baseline
34 STREET,MANHATTAN,2028-02-01,0.005218,0,very_low,baseline
34 STREET,MANHATTAN,2028-03-01,0.00523,0,very_low,baseline
34 STREET,MANHATTAN,2028-04-01,0.005322,0,very_low,baseline
34 STREET,MANHATTAN,2028-05-01,0.005693,0,very_low,baseline
34 STREET,MANHATTAN,2028-06-01,0.005714,0,very_low,baseline
34 STREET,MANHATTAN,2028-07-01,0.005872,0,very_low,baseline
34 STREET,MANHATTAN,2028-08-01,0.005872,0,very_low,baseline
34 STREET,MANHATTAN,2028-09-01,0.005552,0,very_low,baseline
34 STREET,MANHATTAN,2028-10-01,0.003353,0,very_low,baseline
34 STREET,MANHATTAN,2028-11-01,0.003218,0,very_low,baseline
34 STREET,MANHATTAN,2028-12-01,0.003169,0,very_low,baseline
34 STREET,MANHATTAN,2029-01-01,0.004601,0,very_low,baseline
34 STREET,MANHATTAN,2029-02-01,0.005218,0,very_low,baseline
34 STREET,MANHATTAN,2029-03-01,0.00523,0,very_low,baseline
34 STREET,MANHATTAN,2029-04-01,0.005322,0,very_low,baseline
34 STREET,MANHATTAN,2029-05-01,0.005693,0,very_low,baseline
34 STREET,MANHATTAN,2029-06-01,0.005714,0,very_low,baseline
34 STREET,MANHATTAN,2029-07-01,0.005872,0,very_low,baseline
34 STREET,MANHATTAN,2029-08-01,0.005872,0,very_low,baseline
34 STREET,MANHATTAN,2029-09-01,0.005552,0,very_low,baseline
34 STREET,MANHATTAN,2029-10-01,0.003353,0,very_low,baseline
34 STREET,MANHATTAN,2029-11-01,0.003218,0,very_low,baseline
34 STREET,MANHATTAN,2029-12-01,0.003169,0,very_low,baseline
36 AVENUE,QUEENS,2027-01-01,0.000164,0,very_low,baseline
36 AVENUE,QUEENS,2027-02-01,0.00016,0,very_low,baseline
36 AVENUE,QUEENS,2027-03-01,0.000132,0,very_low,baseline
36 AVENUE,QUEENS,2027-04-01,0.000121,0,very_low,baseline
36 AVENUE,QUEENS,2027-05-01,0.000138,0,very_low,baseline
36 AVENUE,QUEENS,2027-06-01,0.000126,0,very_low,baseline
36 AVENUE,QUEENS,2027-07-01,0.000126,0,very_low,baseline
36 AVENUE,QUEENS,2027-08-01,0.000126,0,very_low,baseline
36 AVENUE,QUEENS,2027-09-01,0.00013,0,very_low,baseline
36 AVENUE,QUEENS,2027-10-01,0.000103,0,very_low,baseline
36 AVENUE,QUEENS,2027-11-01,9.7e-05,0,very_low,baseline
36 AVENUE,QUEENS,2027-12-01,9.7e-05,0,very_low,baseline
36 AVENUE,QUEENS,2028-01-01,0.000121,0,very_low,baseline
36 AVENUE,QUEENS,2028-02-01,0.00012,0,very_low,baseline
36 AVENUE,QUEENS,2028-03-01,0.000121,0,very_low,baseline
36 AVENUE,QUEENS,2028-04-01,0.000121,0,very_low,baseline
36 AVENUE,QUEENS,2028-05-01,0.000125,0,very_low,baseline
36 AVENUE,QUEENS,2028-06-01,0.000126,0,very_low,baseline
36 AVENUE,QUEENS,2028-07-01,0.000126,0,very_low,baseline
36 AVENUE,QUEENS,2028-08-01,0.000126,0,very_low,baseline
36 AVENUE,QUEENS,2028-09-01,0.00013,0,very_low,baseline
36 AVENUE,QUEENS,2028-10-01,0.000103,0,very_low,baseline
36 AVENUE,QUEENS,2028-11-01,9.7e-05,0,very_low,baseline
36 AVENUE,QUEENS,2028-12-01,9.7e-05,0,very_low,baseline
36 AVENUE,QUEENS,2029-01-01,0.000121,0,very_low,baseline
36 AVENUE,QUEENS,2029-02-01,0.00012,0,very_low,baseline
36 AVENUE,QUEENS,2029-03-01,0.000121,0,very_low,baseline
36 AVENUE,QUEENS,2029-04-01,0.000121,0,very_low,baseline
36 AVENUE,QUEENS,2029-05-01,0.000125,0,very_low,baseline
36 AVENUE,QUEENS,2029-06-01,0.000126,0,very_low,baseline
36 AVENUE,QUEENS,2029-07-01,0.000126,0,very_low,baseline
36 AVENUE,QUEENS,2029-08-01,0.000126,0,very_low,baseline
36 AVENUE,QUEENS,2029-09-01,0.00013,0,very_low,baseline
36 AVENUE,QUEENS,2029-10-01,0.000103,0,very_low,baseline
36 AVENUE,QUEENS,2029-11-01,9.7e-05,0,very_low,baseline
36 AVENUE,QUEENS,2029-12-01,9.7e-05,0,very_low,baseline
36 STREET,BROOKLYN,2027-01-01,0.142858,1,very_low,baseline
36 STREET,BROOKLYN,2027-02-01,0.138953,1,very_low,baseline
36 STREET,BROOKLYN,2027-03-01,0.169319,1,very_low,baseline
36 STREET,BROOKLYN,2027-04-01,0.172753,1,very_low,baseline
36 STREET,BROOKLYN,2027-05-01,0.181439,1,very_low,baseline
36 STREET,BROOKLYN,2027-06-01,0.179654,1,very_low,baseline
36 STREET,BROOKLYN,2027-07-01,0.180164,1,very_low,baseline
36 STREET,BROOKLYN,2027-08-01,0.189645,1,very_low,baseline
36 STREET,BROOKLYN,2027-09-01,0.18951,1,very_low,baseline
36 STREET,BROOKLYN,2027-10-01,0.12735,1,very_low,baseline
36 STREET,BROOKLYN,2027-11-01,0.143477,1,very_low,baseline
36 STREET,BROOKLYN,2027-12-01,0.156196,1,very_low,baseline
36 STREET,BROOKLYN,2028-01-01,0.210433,1,low,baseline
36 STREET,BROOKLYN,2028-02-01,0.203978,1,low,baseline
36 STREET,BROOKLYN,2028-03-01,0.19923,1,very_low,baseline
36 STREET,BROOKLYN,2028-04-01,0.202364,1,low,baseline
36 STREET,BROOKLYN,2028-05-01,0.200877,1,low,baseline
36 STREET,BROOKLYN,2028-06-01,0.200877,1,low,baseline
36 STREET,BROOKLYN,2028-07-01,0.200877,1,low,baseline
36 STREET,BROOKLYN,2028-08-01,0.217946,1,low,baseline
36 STREET,BROOKLYN,2028-09-01,0.21361,1,low,baseline
36 STREET,BROOKLYN,2028-10-01,0.143159,1,very_low,baseline
36 STREET,BROOKLYN,2028-11-01,0.152822,1,very_low,baseline
36 STREET,BROOKLYN,2028-12-01,0.156196,1,very_low,baseline
36 STREET,BROOKLYN,2029-01-01,0.210433,1,low,baseline
36 STREET,BROOKLYN,2029-02-01,0.203978,1,low,baseline
36 STREET,BROOKLYN,2029-03-01,0.19923,1,very_low,baseline
36 STREET,BROOKLYN,2029-04-01,0.202364,1,low,baseline
36 STREET,BROOKLYN,2029-05-01,0.200877,1,low,baseline
36 STREET,BROOKLYN,2029-06-01,0.200877,1,low,baseline
36 STREET,BROOKLYN,2029-07-01,0.200877,1,low,baseline
36 STREET,BROOKLYN,2029-08-01,0.217946,1,low,baseline
36 STREET,BROOKLYN,2029-09-01,0.21361,1,low,baseline
36 STREET,BROOKLYN,2029-10-01,0.143159,1,very_low,baseline
36 STREET,BROOKLYN,2029-11-01,0.152822,1,very_low,baseline
36 STREET,BROOKLYN,2029-12-01,0.156196,1,very_low,baseline
39 AVENUE,QUEENS,2027-01-01,0.000121,0,very_low,baseline
39 AVENUE,QUEENS,2027-02-01,0.00016,0,very_low,baseline
39 AVENUE,QUEENS,2027-03-01,0.000167,0,very_low,baseline
39 AVENUE,QUEENS,2027-04-01,0.000195,0,very_low,baseline
39 AVENUE,QUEENS,2027-05-01,0.000216,0,very_low,baseline
39 AVENUE,QUEENS,2027-06-01,0.000264,0,very_low,baseline
39 AVENUE,QUEENS,2027-07-01,0.000264,0,very_low,baseline
39 AVENUE,QUEENS,2027-08-01,0.000259,0,very_low,baseline
39 AVENUE,QUEENS,2027-09-01,0.000273,0,very_low,baseline
39 AVENUE,QUEENS,2027-10-01,0.000189,0,very_low,baseline
39 AVENUE,QUEENS,2027-11-01,0.000178,0,very_low,baseline
39 AVENUE,QUEENS,2027-12-01,0.000175,0,very_low,baseline
39 AVENUE,QUEENS,2028-01-01,0.000253,0,very_low,baseline
39 AVENUE,QUEENS,2028-02-01,0.000251,0,very_low,baseline
39 AVENUE,QUEENS,2028-03-01,0.00025,0,very_low,baseline
39 AVENUE,QUEENS,2028-04-01,0.000248,0,very_low,baseline
39 AVENUE,QUEENS,2028-05-01,0.000262,0,very_low,baseline
39 AVENUE,QUEENS,2028-06-01,0.000264,0,very_low,baseline
39 AVENUE,QUEENS,2028-07-01,0.000264,0,very_low,baseline
39 AVENUE,QUEENS,2028-08-01,0.000259,0,very_low,baseline
39 AVENUE,QUEENS,2028-09-01,0.000273,0,very_low,baseline
39 AVENUE,QUEENS,2028-10-01,0.000189,0,very_low,baseline
39 AVENUE,QUEENS,2028-11-01,0.000178,0,very_low,baseline
39 AVENUE,QUEENS,2028-12-01,0.000175,0,very_low,baseline
39 AVENUE,QUEENS,2029-01-01,0.000253,0,very_low,baseline
39 AVENUE,QUEENS,2029-02-01,0.000251,0,very_low,baseline
39 AVENUE,QUEENS,2029-03-01,0.00025,0,very_low,baseline
39 AVENUE,QUEENS,2029-04-01,0.000248,0,very_low,baseline
39 AVENUE,QUEENS,2029-05-01,0.000262,0,very_low,baseline
39 AVENUE,QUEENS,2029-06-01,0.000264,0,very_low,baseline
39 AVENUE,QUEENS,2029-07-01,0.000264,0,very_low,baseline
39 AVENUE,QUEENS,2029-08-01,0.000259,0,very_low,baseline
39 AVENUE,QUEENS,2029-09-01,0.000273,0,very_low,baseline
39 AVENUE,QUEENS,2029-10-01,0.000189,0,very_low,baseline
39 AVENUE,QUEENS,2029-11-01,0.000178,0,very_low,baseline
39 AVENUE,QUEENS,2029-12-01,0.000175,0,very_low,baseline
4 AVENUE-9 STREET,BROOKLYN,2027-01-01,0.000228,0,very_low,baseline
4 AVENUE-9 STREET,BROOKLYN,2027-02-01,0.000174,0,very_low,baseline
4 AVENUE-9 STREET,BROOKLYN,2027-03-01,0.000217,0,very_low,baseline
4 AVENUE-9 STREET,BROOKLYN,2027-04-01,0.000287,0,very_low,baseline
4 AVENUE-9 STREET,BROOKLYN,2027-05-01,0.000336,0,very_low,baseline
4 AVENUE-9 STREET,BROOKLYN,2027-06-01,0.000218,0,very_low,baseline
4 AVENUE-9 STREET,BROOKLYN,2027-07-01,0.000218,0,very_low,baseline
4 AVENUE-9 STREET,BROOKLYN,2027-08-01,0.000218,0,very_low,baseline
4 AVENUE-9 STREET,BROOKLYN,2027-09-01,0.000223,0,very_low,baseline
4 AVENUE-9 STREET,BROOKLYN,2027-10-01,0.000142,0,very_low,baseline
4 AVENUE-9 STREET,BROOKLYN,2027-11-01,0.000138,0,very_low,baseline
4 AVENUE-9 STREET,BROOKLYN,2027-12-01,0.00014,0,very_low,baseline
4 AVENUE-9 STREET,BROOKLYN,2028-01-01,0.000196,0,very_low,baseline
4 AVENUE-9 STREET,BROOKLYN,2028-02-01,0.000201,0,very_low,baseline
4 AVENUE-9 STREET,BROOKLYN,2028-03-01,0.000203,0,very_low,baseline
4 AVENUE-9 STREET,BROOKLYN,2028-04-01,0.000203,0,very_low,baseline
4 AVENUE-9 STREET,BROOKLYN,2028-05-01,0.000215,0,very_low,baseline
4 AVENUE-9 STREET,BROOKLYN,2028-06-01,0.000218,0,very_low,baseline
4 AVENUE-9 STREET,BROOKLYN,2028-07-01,0.000218,0,very_low,baseline
4 AVENUE-9 STREET,BROOKLYN,2028-08-01,0.000218,0,very_low,baseline
4 AVENUE-9 STREET,BROOKLYN,2028-09-01,0.000223,0,very_low,baseline
4 AVENUE-9 STREET,BROOKLYN,2028-10-01,0.000142,0,very_low,baseline
4 AVENUE-9 STREET,BROOKLYN,2028-11-01,0.000138,0,very_low,baseline
4 AVENUE-9 STREET,BROOKLYN,2028-12-01,0.00014,0,very_low,baseline
4 AVENUE-9 STREET,BROOKLYN,2029-01-01,0.000196,0,very_low,baseline
4 AVENUE-9 STREET,BROOKLYN,2029-02-01,0.000201,0,very_low,baseline
4 AVENUE-9 STREET,BROOKLYN,2029-03-01,0.000203,0,very_low,baseline
4 AVENUE-9 STREET,BROOKLYN,2029-04-01,0.000203,0,very_low,baseline
4 AVENUE-9 STREET,BROOKLYN,2029-05-01,0.000215,0,very_low,baseline
4 AVENUE-9 STREET,BROOKLYN,2029-06-01,0.000218,0,very_low,baseline
4 AVENUE-9 STREET,BROOKLYN,2029-07-01,0.000218,0,very_low,baseline
4 AVENUE-9 STREET,BROOKLYN,2029-08-01,0.000218,0,very_low,baseline
4 AVENUE-9 STREET,BROOKLYN,2029-09-01,0.000223,0,very_low,baseline
4 AVENUE-9 STREET,BROOKLYN,2029-10-01,0.000142,0,very_low,baseline
4 AVENUE-9 STREET,BROOKLYN,2029-11-01,0.000138,0,very_low,baseline
4 AVENUE-9 STREET,BROOKLYN,2029-12-01,0.00014,0,very_low,baseline
40 STREET,QUEENS,2027-01-01,0.000362,0,very_low,baseline
40 STREET,QUEENS,2027-02-01,0.000827,0,very_low,baseline
40 STREET,QUEENS,2027-03-01,0.000906,0,very_low,baseline
40 STREET,QUEENS,2027-04-01,0.001043,0,very_low,baseline
40 STREET,QUEENS,2027-05-01,0.000749,0,very_low,baseline
40 STREET,QUEENS,2027-06-01,0.00072,0,very_low,baseline
40 STREET,QUEENS,2027-07-01,0.000727,0,very_low,baseline
40 STREET,QUEENS,2027-08-01,0.000727,0,very_low,baseline
40 STREET,QUEENS,2027-09-01,0.000761,0,very_low,baseline
40 STREET,QUEENS,2027-10-01,0.000437,0,very_low,baseline
40 STREET,QUEENS,2027-11-01,0.000423,0,very_low,baseline
40 STREET,QUEENS,2027-12-01,0.000413,0,very_low,baseline
40 STREET,QUEENS,2028-01-01,0.000656,0,very_low,baseline
40 STREET,QUEENS,2028-02-01,0.000674,0,very_low,baseline
40 STREET,QUEENS,2028-03-01,0.000671,0,very_low,baseline
40 STREET,QUEENS,2028-04-01,0.000671,0,very_low,baseline
40 STREET,QUEENS,2028-05-01,0.000709,0,very_low,baseline
40 STREET,QUEENS,2028-06-01,0.00072,0,very_low,baseline
40 STREET,QUEENS,2028-07-01,0.000727,0,very_low,baseline
40 STREET,QUEENS,2028-08-01,0.000727,0,very_low,baseline
40 STREET,QUEENS,2028-09-01,0.000761,0,very_low,baseline
40 STREET,QUEENS,2028-10-01,0.000437,0,very_low,baseline
40 STREET,QUEENS,2028-11-01,0.000423,0,very_low,baseline
40 STREET,QUEENS,2028-12-01,0.000413,0,very_low,baseline
40 STREET,QUEENS,2029-01-01,0.000656,0,very_low,baseline
40 STREET,QUEENS,2029-02-01,0.000674,0,very_low,baseline
40 STREET,QUEENS,2029-03-01,0.000671,0,very_low,baseline
40 STREET,QUEENS,2029-04-01,0.000671,0,very_low,baseline
40 STREET,QUEENS,2029-05-01,0.000709,0,very_low,baseline
40 STREET,QUEENS,2029-06-01,0.00072,0,very_low,baseline
40 STREET,QUEENS,2029-07-01,0.000727,0,very_low,baseline
40 STREET,QUEENS,2029-08-01,0.000727,0,very_low,baseline
40 STREET,QUEENS,2029-09-01,0.000761,0,very_low,baseline
40 STREET,QUEENS,2029-10-01,0.000437,0,very_low,baseline
40 STREET,QUEENS,2029-11-01,0.000423,0,very_low,baseline
40 STREET,QUEENS,2029-12-01,0.000413,0,very_low,baseline
42 ST.-GRAND CENTRAL,MANHATTAN,2027-01-01,0.312773,1,low,baseline
42 ST.-GRAND CENTRAL,MANHATTAN,2027-02-01,0.353288,1,low,baseline
42 ST.-GRAND CENTRAL,MANHATTAN,2027-03-01,0.297604,1,low,baseline
42 ST.-GRAND CENTRAL,MANHATTAN,2027-04-01,0.489115,1,medium,baseline
42 ST.-GRAND CENTRAL,MANHATTAN,2027-05-01,0.49017,1,medium,baseline
42 ST.-GRAND CENTRAL,MANHATTAN,2027-06-01,0.488257,1,medium,baseline
42 ST.-GRAND CENTRAL,MANHATTAN,2027-07-01,0.497867,1,medium,baseline
42 ST.-GRAND CENTRAL,MANHATTAN,2027-08-01,0.511271,1,medium,baseline
42 ST.-GRAND CENTRAL,MANHATTAN,2027-09-01,0.499754,1,medium,baseline
42 ST.-GRAND CENTRAL,MANHATTAN,2027-10-01,0.362767,1,low,baseline
42 ST.-GRAND CENTRAL,MANHATTAN,2027-11-01,0.395316,1,low,baseline
42 ST.-GRAND CENTRAL,MANHATTAN,2027-12-01,0.405655,1,medium,baseline
42 ST.-GRAND CENTRAL,MANHATTAN,2028-01-01,0.556229,1,medium,baseline
42 ST.-GRAND CENTRAL,MANHATTAN,2028-02-01,0.556229,1,medium,baseline
42 ST.-GRAND CENTRAL,MANHATTAN,2028-03-01,0.556229,1,medium,baseline
42 ST.-GRAND CENTRAL,MANHATTAN,2028-04-01,0.556229,1,medium,baseline
42 ST.-GRAND CENTRAL,MANHATTAN,2028-05-01,0.548475,1,medium,baseline
42 ST.-GRAND CENTRAL,MANHATTAN,2028-06-01,0.548475,1,medium,baseline
42 ST.-GRAND CENTRAL,MANHATTAN,2028-07-01,0.548475,1,medium,baseline
42 ST.-GRAND CENTRAL,MANHATTAN,2028-08-01,0.548475,1,medium,baseline
42 ST.-GRAND CENTRAL,MANHATTAN,2028-09-01,0.522613,1,medium,baseline
42 ST.-GRAND CENTRAL,MANHATTAN,2028-10-01,0.386924,1,low,baseline
42 ST.-GRAND CENTRAL,MANHATTAN,2028-11-01,0.405369,1,medium,baseline
42 ST.-GRAND CENTRAL,MANHATTAN,2028-12-01,0.405655,1,medium,baseline
42 ST.-GRAND CENTRAL,MANHATTAN,2029-01-01,0.556229,1,medium,baseline
42 ST.-GRAND CENTRAL,MANHATTAN,2029-02-01,0.556229,1,medium,baseline
42 ST.-GRAND CENTRAL,MANHATTAN,2029-03-01,0.556229,1,medium,baseline
42 ST.-GRAND CENTRAL,MANHATTAN,2029-04-01,0.556229,1,medium,baseline
42 ST.-GRAND CENTRAL,MANHATTAN,2029-05-01,0.548475,1,medium,baseline
42 ST.-GRAND CENTRAL,MANHATTAN,2029-06-01,0.548475,1,medium,baseline
42 ST.-GRAND CENTRAL,MANHATTAN,2029-07-01,0.548475,1,medium,baseline
42 ST.-GRAND CENTRAL,MANHATTAN,2029-08-01,0.548475,1,medium,baseline
42 ST.-GRAND CENTRAL,MANHATTAN,2029-09-01,0.522613,1,medium,baseline
42 ST.-GRAND CENTRAL,MANHATTAN,2029-10-01,0.386924,1,low,baseline
42 ST.-GRAND CENTRAL,MANHATTAN,2029-11-01,0.405369,1,medium,baseline
42 ST.-GRAND CENTRAL,MANHATTAN,2029-12-01,0.405655,1,medium,baseline
42 ST.-PORT AUTHORITY BUS TERM,MANHATTAN,2027-01-01,0.975042,1,very_high,baseline
42 ST.-PORT AUTHORITY BUS TERM,MANHATTAN,2027-02-01,0.974817,1,very_high,baseline
42 ST.-PORT AUTHORITY BUS TERM,MANHATTAN,2027-03-01,0.973957,1,very_high,baseline
42 ST.-PORT AUTHORITY BUS TERM,MANHATTAN,2027-04-01,0.975886,1,very_high,baseline
42 ST.-PORT AUTHORITY BUS TERM,MANHATTAN,2027-05-01,0.97529,1,very_high,baseline
42 ST.-PORT AUTHORITY BUS TERM,MANHATTAN,2027-06-01,0.974897,1,very_high,baseline
42 ST.-PORT AUTHORITY BUS TERM,MANHATTAN,2027-07-01,0.974639,1,very_high,baseline
42 ST.-PORT AUTHORITY BUS TERM,MANHATTAN,2027-08-01,0.975586,1,very_high,baseline
42 ST.-PORT AUTHORITY BUS TERM,MANHATTAN,2027-09-01,0.974231,1,very_high,baseline
42 ST.-PORT AUTHORITY BUS TERM,MANHATTAN,2027-10-01,0.971733,1,very_high,baseline
42 ST.-PORT AUTHORITY BUS TERM,MANHATTAN,2027-11-01,0.97279,1,very_high,baseline
42 ST.-PORT AUTHORITY BUS TERM,MANHATTAN,2027-12-01,0.97279,1,very_high,baseline
42 ST.-PORT AUTHORITY BUS TERM,MANHATTAN,2028-01-01,0.973957,1,very_high,baseline
42 ST.-PORT AUTHORITY BUS TERM,MANHATTAN,2028-02-01,0.973957,1,very_high,baseline
42 ST.-PORT AUTHORITY BUS TERM,MANHATTAN,2028-03-01,0.973957,1,very_high,baseline
42 ST.-PORT AUTHORITY BUS TERM,MANHATTAN,2028-04-01,0.974448,1,very_high,baseline
42 ST.-PORT AUTHORITY BUS TERM,MANHATTAN,2028-05-01,0.974897,1,very_high,baseline
42 ST.-PORT AUTHORITY BUS TERM,MANHATTAN,2028-06-01,0.974897,1,very_high,baseline
42 ST.-PORT AUTHORITY BUS TERM,MANHATTAN,2028-07-01,0.974639,1,very_high,baseline
42 ST.-PORT AUTHORITY BUS TERM,MANHATTAN,2028-08-01,0.975586,1,very_high,baseline
42 ST.-PORT AUTHORITY BUS TERM,MANHATTAN,2028-09-01,0.974231,1,very_high,baseline
42 ST.-PORT AUTHORITY BUS TERM,MANHATTAN,2028-10-01,0.971733,1,very_high,baseline
42 ST.-PORT AUTHORITY BUS TERM,MANHATTAN,2028-11-01,0.97279,1,very_high,baseline
42 ST.-PORT AUTHORITY BUS TERM,MANHATTAN,2028-12-01,0.97279,1,very_high,baseline
42 ST.-PORT AUTHORITY BUS TERM,MANHATTAN,2029-01-01,0.973957,1,very_high,baseline
42 ST.-PORT AUTHORITY BUS TERM,MANHATTAN,2029-02-01,0.973957,1,very_high,baseline
42 ST.-PORT AUTHORITY BUS TERM,MANHATTAN,2029-03-01,0.973957,1,very_high,baseline
42 ST.-PORT AUTHORITY BUS TERM,MANHATTAN,2029-04-01,0.974448,1,very_high,baseline
42 ST.-PORT AUTHORITY BUS TERM,MANHATTAN,2029-05-01,0.974897,1,very_high,baseline
42 ST.-PORT AUTHORITY BUS TERM,MANHATTAN,2029-06-01,0.974897,1,very_high,baseline
42 ST.-PORT AUTHORITY BUS TERM,MANHATTAN,2029-07-01,0.974639,1,very_high,baseline
42 ST.-PORT AUTHORITY BUS TERM,MANHATTAN,2029-08-01,0.975586,1,very_high,baseline
42 ST.-PORT AUTHORITY BUS TERM,MANHATTAN,2029-09-01,0.974231,1,very_high,baseline
42 ST.-PORT AUTHORITY BUS TERM,MANHATTAN,2029-10-01,0.971733,1,very_high,baseline
42 ST.-PORT AUTHORITY BUS TERM,MANHATTAN,2029-11-01,0.97279,1,very_high,baseline
42 ST.-PORT AUTHORITY BUS TERM,MANHATTAN,2029-12-01,0.97279,1,very_high,baseline
42 ST.-TIMES SQUARE,MANHATTAN,2027-01-01,0.946514,1,very_high,baseline
42 ST.-TIMES SQUARE,MANHATTAN,2027-02-01,0.96694,1,very_high,baseline
42 ST.-TIMES SQUARE,MANHATTAN,2027-03-01,0.953395,1,very_high,baseline
42 ST.-TIMES SQUARE,MANHATTAN,2027-04-01,0.955921,1,very_high,baseline
42 ST.-TIMES SQUARE,MANHATTAN,2027-05-01,0.964338,1,very_high,baseline
42 ST.-TIMES SQUARE,MANHATTAN,2027-06-01,0.961471,1,very_high,baseline
42 ST.-TIMES SQUARE,MANHATTAN,2027-07-01,0.966645,1,very_high,baseline
42 ST.-TIMES SQUARE,MANHATTAN,2027-08-01,0.967881,1,very_high,baseline
42 ST.-TIMES SQUARE,MANHATTAN,2027-09-01,0.966548,1,very_high,baseline
42 ST.-TIMES SQUARE,MANHATTAN,2027-10-01,0.967765,1,very_high,baseline
42 ST.-TIMES SQUARE,MANHATTAN,2027-11-01,0.967888,1,very_high,baseline
42 ST.-TIMES SQUARE,MANHATTAN,2027-12-01,0.967888,1,very_high,baseline
42 ST.-TIMES SQUARE,MANHATTAN,2028-01-01,0.959011,1,very_high,baseline
42 ST.-TIMES SQUARE,MANHATTAN,2028-02-01,0.959011,1,very_high,baseline
42 ST.-TIMES SQUARE,MANHATTAN,2028-03-01,0.959011,1,very_high,baseline
42 ST.-TIMES SQUARE,MANHATTAN,2028-04-01,0.961244,1,very_high,baseline
42 ST.-TIMES SQUARE,MANHATTAN,2028-05-01,0.96487,1,very_high,baseline
42 ST.-TIMES SQUARE,MANHATTAN,2028-06-01,0.966148,1,very_high,baseline
42 ST.-TIMES SQUARE,MANHATTAN,2028-07-01,0.966645,1,very_high,baseline
42 ST.-TIMES SQUARE,MANHATTAN,2028-08-01,0.967881,1,very_high,baseline
42 ST.-TIMES SQUARE,MANHATTAN,2028-09-01,0.966548,1,very_high,baseline
42 ST.-TIMES SQUARE,MANHATTAN,2028-10-01,0.967765,1,very_high,baseline
42 ST.-TIMES SQUARE,MANHATTAN,2028-11-01,0.967888,1,very_high,baseline
42 ST.-TIMES SQUARE,MANHATTAN,2028-12-01,0.967888,1,very_high,baseline
42 ST.-TIMES SQUARE,MANHATTAN,2029-01-01,0.959011,1,very_high,baseline
42 ST.-TIMES SQUARE,MANHATTAN,2029-02-01,0.959011,1,very_high,baseline
42 ST.-TIMES SQUARE,MANHATTAN,2029-03-01,0.959011,1,very_high,baseline
42 ST.-TIMES SQUARE,MANHATTAN,2029-04-01,0.961244,1,very_high,baseline
42 ST.-TIMES SQUARE,MANHATTAN,2029-05-01,0.96487,1,very_high,baseline
42 ST.-TIMES SQUARE,MANHATTAN,2029-06-01,0.966148,1,very_high,baseline
42 ST.-TIMES SQUARE,MANHATTAN,2029-07-01,0.966645,1,very_high,baseline
42 ST.-TIMES SQUARE,MANHATTAN,2029-08-01,0.967881,1,very_high,baseline
42 ST.-TIMES SQUARE,MANHATTAN,2029-09-01,0.966548,1,very_high,baseline
42 ST.-TIMES SQUARE,MANHATTAN,2029-10-01,0.967765,1,very_high,baseline
42 ST.-TIMES SQUARE,MANHATTAN,2029-11-01,0.967888,1,very_high,baseline
42 ST.-TIMES SQUARE,MANHATTAN,2029-12-01,0.967888,1,very_high,baseline
42 STREET,MANHATTAN,2027-01-01,0.00089,0,very_low,baseline
42 STREET,MANHATTAN,2027-02-01,0.002853,0,very_low,baseline
42 STREET,MANHATTAN,2027-03-01,0.001949,0,very_low,baseline
42 STREET,MANHATTAN,2027-04-01,0.002722,0,very_low,baseline
42 STREET,MANHATTAN,2027-05-01,0.002193,0,very_low,baseline
42 STREET,MANHATTAN,2027-06-01,0.002009,0,very_low,baseline
42 STREET,MANHATTAN,2027-07-01,0.002009,0,very_low,baseline
42 STREET,MANHATTAN,2027-08-01,0.002009,0,very_low,baseline
42 STREET,MANHATTAN,2027-09-01,0.002128,0,very_low,baseline
42 STREET,MANHATTAN,2027-10-01,0.001532,0,very_low,baseline
42 STREET,MANHATTAN,2027-11-01,0.001559,0,very_low,baseline
42 STREET,MANHATTAN,2027-12-01,0.001559,0,very_low,baseline
42 STREET,MANHATTAN,2028-01-01,0.001757,0,very_low,baseline
42 STREET,MANHATTAN,2028-02-01,0.001949,0,very_low,baseline
42 STREET,MANHATTAN,2028-03-01,0.001949,0,very_low,baseline
42 STREET,MANHATTAN,2028-04-01,0.002012,0,very_low,baseline
42 STREET,MANHATTAN,2028-05-01,0.002009,0,very_low,baseline
42 STREET,MANHATTAN,2028-06-01,0.002009,0,very_low,baseline
42 STREET,MANHATTAN,2028-07-01,0.002009,0,very_low,baseline
42 STREET,MANHATTAN,2028-08-01,0.002009,0,very_low,baseline
42 STREET,MANHATTAN,2028-09-01,0.002128,0,very_low,baseline
42 STREET,MANHATTAN,2028-10-01,0.001532,0,very_low,baseline
42 STREET,MANHATTAN,2028-11-01,0.001559,0,very_low,baseline
42 STREET,MANHATTAN,2028-12-01,0.001559,0,very_low,baseline
42 STREET,MANHATTAN,2029-01-01,0.001757,0,very_low,baseline
42 STREET,MANHATTAN,2029-02-01,0.001949,0,very_low,baseline
42 STREET,MANHATTAN,2029-03-01,0.001949,0,very_low,baseline
42 STREET,MANHATTAN,2029-04-01,0.002012,0,very_low,baseline
42 STREET,MANHATTAN,2029-05-01,0.002009,0,very_low,baseline
42 STREET,MANHATTAN,2029-06-01,0.002009,0,very_low,baseline
42 STREET,MANHATTAN,2029-07-01,0.002009,0,very_low,baseline
42 STREET,MANHATTAN,2029-08-01,0.002009,0,very_low,baseline
42 STREET,MANHATTAN,2029-09-01,0.002128,0,very_low,baseline
42 STREET,MANHATTAN,2029-10-01,0.001532,0,very_low,baseline
42 STREET,MANHATTAN,2029-11-01,0.001559,0,very_low,baseline
42 STREET,MANHATTAN,2029-12-01,0.001559,0,very_low,baseline
45 ROAD-COURT HOUSE SQUARE,QUEENS,2027-01-01,7.7e-05,0,very_low,baseline
45 ROAD-COURT HOUSE SQUARE,QUEENS,2027-02-01,7.6e-05,0,very_low,baseline
45 ROAD-COURT HOUSE SQUARE,QUEENS,2027-03-01,8.9e-05,0,very_low,baseline
45 ROAD-COURT HOUSE SQUARE,QUEENS,2027-04-01,8.6e-05,0,very_low,baseline
45 ROAD-COURT HOUSE SQUARE,QUEENS,2027-05-01,9.2e-05,0,very_low,baseline
45 ROAD-COURT HOUSE SQUARE,QUEENS,2027-06-01,9.3e-05,0,very_low,baseline
45 ROAD-COURT HOUSE SQUARE,QUEENS,2027-07-01,9.3e-05,0,very_low,baseline
45 ROAD-COURT HOUSE SQUARE,QUEENS,2027-08-01,9.3e-05,0,very_low,baseline
45 ROAD-COURT HOUSE SQUARE,QUEENS,2027-09-01,9.8e-05,0,very_low,baseline
45 ROAD-COURT HOUSE SQUARE,QUEENS,2027-10-01,8.5e-05,0,very_low,baseline
45 ROAD-COURT HOUSE SQUARE,QUEENS,2027-11-01,8e-05,0,very_low,baseline
45 ROAD-COURT HOUSE SQUARE,QUEENS,2027-12-01,8e-05,0,very_low,baseline
45 ROAD-COURT HOUSE SQUARE,QUEENS,2028-01-01,9.2e-05,0,very_low,baseline
45 ROAD-COURT HOUSE SQUARE,QUEENS,2028-02-01,9e-05,0,very_low,baseline
45 ROAD-COURT HOUSE SQUARE,QUEENS,2028-03-01,8.9e-05,0,very_low,baseline
45 ROAD-COURT HOUSE SQUARE,QUEENS,2028-04-01,8.9e-05,0,very_low,baseline
45 ROAD-COURT HOUSE SQUARE,QUEENS,2028-05-01,9.2e-05,0,very_low,baseline
45 ROAD-COURT HOUSE SQUARE,QUEENS,2028-06-01,9.3e-05,0,very_low,baseline
45 ROAD-COURT HOUSE SQUARE,QUEENS,2028-07-01,9.3e-05,0,very_low,baseline
45 ROAD-COURT HOUSE SQUARE,QUEENS,2028-08-01,9.3e-05,0,very_low,baseline
45 ROAD-COURT HOUSE SQUARE,QUEENS,2028-09-01,9.8e-05,0,very_low,baseline
45 ROAD-COURT HOUSE SQUARE,QUEENS,2028-10-01,8.5e-05,0,very_low,baseline
45 ROAD-COURT HOUSE SQUARE,QUEENS,2028-11-01,8e-05,0,very_low,baseline
45 ROAD-COURT HOUSE SQUARE,QUEENS,2028-12-01,8e-05,0,very_low,baseline
45 ROAD-COURT HOUSE SQUARE,QUEENS,2029-01-01,9.2e-05,0,very_low,baseline
45 ROAD-COURT HOUSE SQUARE,QUEENS,2029-02-01,9e-05,0,very_low,baseline
45 ROAD-COURT HOUSE SQUARE,QUEENS,2029-03-01,8.9e-05,0,very_low,baseline
45 ROAD-COURT HOUSE SQUARE,QUEENS,2029-04-01,8.9e-05,0,very_low,baseline
45 ROAD-COURT HOUSE SQUARE,QUEENS,2029-05-01,9.2e-05,0,very_low,baseline
45 ROAD-COURT HOUSE SQUARE,QUEENS,2029-06-01,9.3e-05,0,very_low,baseline
45 ROAD-COURT HOUSE SQUARE,QUEENS,2029-07-01,9.3e-05,0,very_low,baseline
45 ROAD-COURT HOUSE SQUARE,QUEENS,2029-08-01,9.3e-05,0,very_low,baseline
45 ROAD-COURT HOUSE SQUARE,QUEENS,2029-09-01,9.8e-05,0,very_low,baseline
45 ROAD-COURT HOUSE SQUARE,QUEENS,2029-10-01,8.5e-05,0,very_low,baseline
45 ROAD-COURT HOUSE SQUARE,QUEENS,2029-11-01,8e-05,0,very_low,baseline
45 ROAD-COURT HOUSE SQUARE,QUEENS,2029-12-01,8e-05,0,very_low,baseline
45 STREET,BROOKLYN,2027-01-01,0.000141,0,very_low,baseline
45 STREET,BROOKLYN,2027-02-01,0.000168,0,very_low,baseline
45 STREET,BROOKLYN,2027-03-01,0.00014,0,very_low,baseline
45 STREET,BROOKLYN,2027-04-01,0.000171,0,very_low,baseline
45 STREET,BROOKLYN,2027-05-01,0.000146,0,very_low,baseline
45 STREET,BROOKLYN,2027-06-01,0.000154,0,very_low,baseline
45 STREET,BROOKLYN,2027-07-01,0.000154,0,very_low,baseline
45 STREET,BROOKLYN,2027-08-01,0.000154,0,very_low,baseline
45 STREET,BROOKLYN,2027-09-01,0.000154,0,very_low,baseline
45 STREET,BROOKLYN,2027-10-01,0.000115,0,very_low,baseline
45 STREET,BROOKLYN,2027-11-01,0.000108,0,very_low,baseline
45 STREET,BROOKLYN,2027-12-01,0.00011,0,very_low,baseline
45 STREET,BROOKLYN,2028-01-01,0.000147,0,very_low,baseline
45 STREET,BROOKLYN,2028-02-01,0.000146,0,very_low,baseline
45 STREET,BROOKLYN,2028-03-01,0.000147,0,very_low,baseline
45 STREET,BROOKLYN,2028-04-01,0.000147,0,very_low,baseline
45 STREET,BROOKLYN,2028-05-01,0.000153,0,very_low,baseline
45 STREET,BROOKLYN,2028-06-01,0.000154,0,very_low,baseline
45 STREET,BROOKLYN,2028-07-01,0.000154,0,very_low,baseline
45 STREET,BROOKLYN,2028-08-01,0.000154,0,very_low,baseline
45 STREET,BROOKLYN,2028-09-01,0.000154,0,very_low,baseline
45 STREET,BROOKLYN,2028-10-01,0.000115,0,very_low,baseline
45 STREET,BROOKLYN,2028-11-01,0.000108,0,very_low,baseline
45 STREET,BROOKLYN,2028-12-01,0.00011,0,very_low,baseline
45 STREET,BROOKLYN,2029-01-01,0.000147,0,very_low,baseline
45 STREET,BROOKLYN,2029-02-01,0.000146,0,very_low,baseline
45 STREET,BROOKLYN,2029-03-01,0.000147,0,very_low,baseline
45 STREET,BROOKLYN,2029-04-01,0.000147,0,very_low,baseline
45 STREET,BROOKLYN,2029-05-01,0.000153,0,very_low,baseline
45 STREET,BROOKLYN,2029-06-01,0.000154,0,very_low,baseline
45 STREET,BROOKLYN,2029-07-01,0.000154,0,very_low,baseline
45 STREET,BROOKLYN,2029-08-01,0.000154,0,very_low,baseline
45 STREET,BROOKLYN,2029-09-01,0.000154,0,very_low,baseline
45 STREET,BROOKLYN,2029-10-01,0.000115,0,very_low,baseline
45 STREET,BROOKLYN,2029-11-01,0.000108,0,very_low,baseline
45 STREET,BROOKLYN,2029-12-01,0.00011,0,very_low,baseline
46 STREET,QUEENS,2027-01-01,0.012472,0,very_low,baseline
46 STREET,QUEENS,2027-02-01,0.020945,0,very_low,baseline
46 STREET,QUEENS,2027-03-01,0.033601,0,very_low,baseline
46 STREET,QUEENS,2027-04-01,0.033601,0,very_low,baseline
46 STREET,QUEENS,2027-05-01,0.032646,0,very_low,baseline
46 STREET,QUEENS,2027-06-01,0.032957,0,very_low,baseline
46 STREET,QUEENS,2027-07-01,0.032957,0,very_low,baseline
46 STREET,QUEENS,2027-08-01,0.032957,0,very_low,baseline
46 STREET,QUEENS,2027-09-01,0.032656,0,very_low,baseline
46 STREET,QUEENS,2027-10-01,0.017843,0,very_low,baseline
46 STREET,QUEENS,2027-11-01,0.016662,0,very_low,baseline
46 STREET,QUEENS,2027-12-01,0.016413,0,very_low,baseline
46 STREET,QUEENS,2028-01-01,0.030199,0,very_low,baseline
46 STREET,QUEENS,2028-02-01,0.031922,0,very_low,baseline
46 STREET,QUEENS,2028-03-01,0.031055,0,very_low,baseline
46 STREET,QUEENS,2028-04-01,0.030777,0,very_low,baseline
46 STREET,QUEENS,2028-05-01,0.03248,0,very_low,baseline
46 STREET,QUEENS,2028-06-01,0.032957,0,very_low,baseline
46 STREET,QUEENS,2028-07-01,0.032957,0,very_low,baseline
46 STREET,QUEENS,2028-08-01,0.032957,0,very_low,baseline
46 STREET,QUEENS,2028-09-01,0.032656,0,very_low,baseline
46 STREET,QUEENS,2028-10-01,0.017843,0,very_low,baseline
46 STREET,QUEENS,2028-11-01,0.016662,0,very_low,baseline
46 STREET,QUEENS,2028-12-01,0.016413,0,very_low,baseline
46 STREET,QUEENS,2029-01-01,0.030199,0,very_low,baseline
46 STREET,QUEENS,2029-02-01,0.031922,0,very_low,baseline
46 STREET,QUEENS,2029-03-01,0.031055,0,very_low,baseline
46 STREET,QUEENS,2029-04-01,0.030777,0,very_low,baseline
46 STREET,QUEENS,2029-05-01,0.03248,0,very_low,baseline
46 STREET,QUEENS,2029-06-01,0.032957,0,very_low,baseline
46 STREET,QUEENS,2029-07-01,0.032957,0,very_low,baseline
46 STREET,QUEENS,2029-08-01,0.032957,0,very_low,baseline
46 STREET,QUEENS,2029-09-01,0.032656,0,very_low,baseline
46 STREET,QUEENS,2029-10-01,0.017843,0,very_low,baseline
46 STREET,QUEENS,2029-11-01,0.016662,0,very_low,baseline
46 STREET,QUEENS,2029-12-01,0.016413,0,very_low,baseline
47-50 STS./ROCKEFELLER CTR.,MANHATTAN,2027-01-01,0.001337,0,very_low,baseline
47-50 STS./ROCKEFELLER CTR.,MANHATTAN,2027-02-01,0.001272,0,very_low,baseline
47-50 STS./ROCKEFELLER CTR.,MANHATTAN,2027-03-01,0.001789,0,very_low,baseline
47-50 STS./ROCKEFELLER CTR.,MANHATTAN,2027-04-01,0.001864,0,very_low,baseline
47-50 STS./ROCKEFELLER CTR.,MANHATTAN,2027-05-01,0.001879,0,very_low,baseline
47-50 STS./ROCKEFELLER CTR.,MANHATTAN,2027-06-01,0.001322,0,very_low,baseline
47-50 STS./ROCKEFELLER CTR.,MANHATTAN,2027-07-01,0.001322,0,very_low,baseline
47-50 STS./ROCKEFELLER CTR.,MANHATTAN,2027-08-01,0.001322,0,very_low,baseline
47-50 STS./ROCKEFELLER CTR.,MANHATTAN,2027-09-01,0.001342,0,very_low,baseline
47-50 STS./ROCKEFELLER CTR.,MANHATTAN,2027-10-01,0.001013,0,very_low,baseline
47-50 STS./ROCKEFELLER CTR.,MANHATTAN,2027-11-01,0.001031,0,very_low,baseline
47-50 STS./ROCKEFELLER CTR.,MANHATTAN,2027-12-01,0.001006,0,very_low,baseline
47-50 STS./ROCKEFELLER CTR.,MANHATTAN,2028-01-01,0.001137,0,very_low,baseline
47-50 STS./ROCKEFELLER CTR.,MANHATTAN,2028-02-01,0.001261,0,very_low,baseline
47-50 STS./ROCKEFELLER CTR.,MANHATTAN,2028-03-01,0.001261,0,very_low,baseline
47-50 STS./ROCKEFELLER CTR.,MANHATTAN,2028-04-01,0.001291,0,very_low,baseline
47-50 STS./ROCKEFELLER CTR.,MANHATTAN,2028-05-01,0.001322,0,very_low,baseline
47-50 STS./ROCKEFELLER CTR.,MANHATTAN,2028-06-01,0.001322,0,very_low,baseline
47-50 STS./ROCKEFELLER CTR.,MANHATTAN,2028-07-01,0.001322,0,very_low,baseline
47-50 STS./ROCKEFELLER CTR.,MANHATTAN,2028-08-01,0.001322,0,very_low,baseline
47-50 STS./ROCKEFELLER CTR.,MANHATTAN,2028-09-01,0.001342,0,very_low,baseline
47-50 STS./ROCKEFELLER CTR.,MANHATTAN,2028-10-01,0.001013,0,very_low,baseline
47-50 STS./ROCKEFELLER CTR.,MANHATTAN,2028-11-01,0.001031,0,very_low,baseline
47-50 STS./ROCKEFELLER CTR.,MANHATTAN,2028-12-01,0.001006,0,very_low,baseline
47-50 STS./ROCKEFELLER CTR.,MANHATTAN,2029-01-01,0.001137,0,very_low,baseline
47-50 STS./ROCKEFELLER CTR.,MANHATTAN,2029-02-01,0.001261,0,very_low,baseline
47-50 STS./ROCKEFELLER CTR.,MANHATTAN,2029-03-01,0.001261,0,very_low,baseline
47-50 STS./ROCKEFELLER CTR.,MANHATTAN,2029-04-01,0.001291,0,very_low,baseline
47-50 STS./ROCKEFELLER CTR.,MANHATTAN,2029-05-01,0.001322,0,very_low,baseline
47-50 STS./ROCKEFELLER CTR.,MANHATTAN,2029-06-01,0.001322,0,very_low,baseline
47-50 STS./ROCKEFELLER CTR.,MANHATTAN,2029-07-01,0.001322,0,very_low,baseline
47-50 STS./ROCKEFELLER CTR.,MANHATTAN,2029-08-01,0.001322,0,very_low,baseline
47-50 STS./ROCKEFELLER CTR.,MANHATTAN,2029-09-01,0.001342,0,very_low,baseline
47-50 STS./ROCKEFELLER CTR.,MANHATTAN,2029-10-01,0.001013,0,very_low,baseline
47-50 STS./ROCKEFELLER CTR.,MANHATTAN,2029-11-01,0.001031,0,very_low,baseline
47-50 STS./ROCKEFELLER CTR.,MANHATTAN,2029-12-01,0.001006,0,very_low,baseline
49 STREET,MANHATTAN,2027-01-01,8.6e-05,0,very_low,baseline
49 STREET,MANHATTAN,2027-02-01,0.000102,0,very_low,baseline
49 STREET,MANHATTAN,2027-03-01,0.000113,0,very_low,baseline
49 STREET,MANHATTAN,2027-04-01,0.000117,0,very_low,baseline
49 STREET,MANHATTAN,2027-05-01,0.00012,0,very_low,baseline
49 STREET,MANHATTAN,2027-06-01,0.000121,0,very_low,baseline
49 STREET,MANHATTAN,2027-07-01,0.000125,0,very_low,baseline
49 STREET,MANHATTAN,2027-08-01,0.000125,0,very_low,baseline
49 STREET,MANHATTAN,2027-09-01,0.000123,0,very_low,baseline
49 STREET,MANHATTAN,2027-10-01,9.3e-05,0,very_low,baseline
49 STREET,MANHATTAN,2027-11-01,8.9e-05,0,very_low,baseline
49 STREET,MANHATTAN,2027-12-01,8.8e-05,0,very_low,baseline
49 STREET,MANHATTAN,2028-01-01,0.000106,0,very_low,baseline
49 STREET,MANHATTAN,2028-02-01,0.000114,0,very_low,baseline
49 STREET,MANHATTAN,2028-03-01,0.000107,0,very_low,baseline
49 STREET,MANHATTAN,2028-04-01,0.000111,0,very_low,baseline
49 STREET,MANHATTAN,2028-05-01,0.000119,0,very_low,baseline
49 STREET,MANHATTAN,2028-06-01,0.000121,0,very_low,baseline
49 STREET,MANHATTAN,2028-07-01,0.000125,0,very_low,baseline
49 STREET,MANHATTAN,2028-08-01,0.000125,0,very_low,baseline
49 STREET,MANHATTAN,2028-09-01,0.000123,0,very_low,baseline
49 STREET,MANHATTAN,2028-10-01,9.3e-05,0,very_low,baseline
49 STREET,MANHATTAN,2028-11-01,8.9e-05,0,very_low,baseline
49 STREET,MANHATTAN,2028-12-01,8.8e-05,0,very_low,baseline
49 STREET,MANHATTAN,2029-01-01,0.000106,0,very_low,baseline
49 STREET,MANHATTAN,2029-02-01,0.000114,0,very_low,baseline
49 STREET,MANHATTAN,2029-03-01,0.000107,0,very_low,baseline
49 STREET,MANHATTAN,2029-04-01,0.000111,0,very_low,baseline
49 STREET,MANHATTAN,2029-05-01,0.000119,0,very_low,baseline
49 STREET,MANHATTAN,2029-06-01,0.000121,0,very_low,baseline
49 STREET,MANHATTAN,2029-07-01,0.000125,0,very_low,baseline
49 STREET,MANHATTAN,2029-08-01,0.000125,0,very_low,baseline
49 STREET,MANHATTAN,2029-09-01,0.000123,0,very_low,baseline
49 STREET,MANHATTAN,2029-10-01,9.3e-05,0,very_low,baseline
49 STREET,MANHATTAN,2029-11-01,8.9e-05,0,very_low,baseline
49 STREET,MANHATTAN,2029-12-01,8.8e-05,0,very_low,baseline
5 AVENUE,MANHATTAN,2027-01-01,0.000196,0,very_low,baseline
5 AVENUE,MANHATTAN,2027-02-01,0.000208,0,very_low,baseline
5 AVENUE,MANHATTAN,2027-03-01,0.000198,0,very_low,baseline
5 AVENUE,MANHATTAN,2027-04-01,0.000206,0,very_low,baseline
5 AVENUE,MANHATTAN,2027-05-01,0.000222,0,very_low,baseline
5 AVENUE,MANHATTAN,2027-06-01,0.00022,0,very_low,baseline
5 AVENUE,MANHATTAN,2027-07-01,0.00022,0,very_low,baseline
5 AVENUE,MANHATTAN,2027-08-01,0.00022,0,very_low,baseline
5 AVENUE,MANHATTAN,2027-09-01,0.000216,0,very_low,baseline
5 AVENUE,MANHATTAN,2027-10-01,0.000139,0,very_low,baseline
5 AVENUE,MANHATTAN,2027-11-01,0.000133,0,very_low,baseline
5 AVENUE,MANHATTAN,2027-12-01,0.000131,0,very_low,baseline
5 AVENUE,MANHATTAN,2028-01-01,0.000185,0,very_low,baseline
5 AVENUE,MANHATTAN,2028-02-01,0.000196,0,very_low,baseline
5 AVENUE,MANHATTAN,2028-03-01,0.000198,0,very_low,baseline
5 AVENUE,MANHATTAN,2028-04-01,0.000201,0,very_low,baseline
5 AVENUE,MANHATTAN,2028-05-01,0.000215,0,very_low,baseline
5 AVENUE,MANHATTAN,2028-06-01,0.00022,0,very_low,baseline
5 AVENUE,MANHATTAN,2028-07-01,0.00022,0,very_low,baseline
5 AVENUE,MANHATTAN,2028-08-01,0.00022,0,very_low,baseline
5 AVENUE,MANHATTAN,2028-09-01,0.000216,0,very_low,baseline
5 AVENUE,MANHATTAN,2028-10-01,0.000139,0,very_low,baseline
5 AVENUE,MANHATTAN,2028-11-01,0.000133,0,very_low,baseline
5 AVENUE,MANHATTAN,2028-12-01,0.000131,0,very_low,baseline
5 AVENUE,MANHATTAN,2029-01-01,0.000185,0,very_low,baseline
5 AVENUE,MANHATTAN,2029-02-01,0.000196,0,very_low,baseline
5 AVENUE,MANHATTAN,2029-03-01,0.000198,0,very_low,baseline
5 AVENUE,MANHATTAN,2029-04-01,0.000201,0,very_low,baseline
5 AVENUE,MANHATTAN,2029-05-01,0.000215,0,very_low,baseline
5 AVENUE,MANHATTAN,2029-06-01,0.00022,0,very_low,baseline
5 AVENUE,MANHATTAN,2029-07-01,0.00022,0,very_low,baseline
5 AVENUE,MANHATTAN,2029-08-01,0.00022,0,very_low,baseline
5 AVENUE,MANHATTAN,2029-09-01,0.000216,0,very_low,baseline
5 AVENUE,MANHATTAN,2029-10-01,0.000139,0,very_low,baseline
5 AVENUE,MANHATTAN,2029-11-01,0.000133,0,very_low,baseline
5 AVENUE,MANHATTAN,2029-12-01,0.000131,0,very_low,baseline
50 STREET,MANHATTAN,2027-01-01,0.000276,0,very_low,baseline
50 STREET,MANHATTAN,2027-02-01,0.000387,0,very_low,baseline
50 STREET,MANHATTAN,2027-03-01,0.000412,0,very_low,baseline
50 STREET,MANHATTAN,2027-04-01,0.000406,0,very_low,baseline
50 STREET,MANHATTAN,2027-05-01,0.000443,0,very_low,baseline
50 STREET,MANHATTAN,2027-06-01,0.000419,0,very_low,baseline
50 STREET,MANHATTAN,2027-07-01,0.000419,0,very_low,baseline
50 STREET,MANHATTAN,2027-08-01,0.000419,0,very_low,baseline
50 STREET,MANHATTAN,2027-09-01,0.00041,0,very_low,baseline
50 STREET,MANHATTAN,2027-10-01,0.000343,0,very_low,baseline
50 STREET,MANHATTAN,2027-11-01,0.000351,0,very_low,baseline
50 STREET,MANHATTAN,2027-12-01,0.000343,0,very_low,baseline
50 STREET,MANHATTAN,2028-01-01,0.000351,0,very_low,baseline
50 STREET,MANHATTAN,2028-02-01,0.000381,0,very_low,baseline
50 STREET,MANHATTAN,2028-03-01,0.00039,0,very_low,baseline
50 STREET,MANHATTAN,2028-04-01,0.00039,0,very_low,baseline
50 STREET,MANHATTAN,2028-05-01,0.000417,0,very_low,baseline
50 STREET,MANHATTAN,2028-06-01,0.000419,0,very_low,baseline
50 STREET,MANHATTAN,2028-07-01,0.000419,0,very_low,baseline
50 STREET,MANHATTAN,2028-08-01,0.000419,0,very_low,baseline
50 STREET,MANHATTAN,2028-09-01,0.00041,0,very_low,baseline
50 STREET,MANHATTAN,2028-10-01,0.000343,0,very_low,baseline
50 STREET,MANHATTAN,2028-11-01,0.000351,0,very_low,baseline
50 STREET,MANHATTAN,2028-12-01,0.000343,0,very_low,baseline
50 STREET,MANHATTAN,2029-01-01,0.000351,0,very_low,baseline
50 STREET,MANHATTAN,2029-02-01,0.000381,0,very_low,baseline
50 STREET,MANHATTAN,2029-03-01,0.00039,0,very_low,baseline
50 STREET,MANHATTAN,2029-04-01,0.00039,0,very_low,baseline
50 STREET,MANHATTAN,2029-05-01,0.000417,0,very_low,baseline
50 STREET,MANHATTAN,2029-06-01,0.000419,0,very_low,baseline
50 STREET,MANHATTAN,2029-07-01,0.000419,0,very_low,baseline
50 STREET,MANHATTAN,2029-08-01,0.000419,0,very_low,baseline
50 STREET,MANHATTAN,2029-09-01,0.00041,0,very_low,baseline
50 STREET,MANHATTAN,2029-10-01,0.000343,0,very_low,baseline
50 STREET,MANHATTAN,2029-11-01,0.000351,0,very_low,baseline
50 STREET,MANHATTAN,2029-12-01,0.000343,0,very_low,baseline
51 STREET,MANHATTAN,2027-01-01,0.000472,0,very_low,baseline
51 STREET,MANHATTAN,2027-02-01,0.000431,0,very_low,baseline
51 STREET,MANHATTAN,2027-03-01,0.000463,0,very_low,baseline
51 STREET,MANHATTAN,2027-04-01,0.000456,0,very_low,baseline
51 STREET,MANHATTAN,2027-05-01,0.000509,0,very_low,baseline
51 STREET,MANHATTAN,2027-06-01,0.000399,0,very_low,baseline
51 STREET,MANHATTAN,2027-07-01,0.000399,0,very_low,baseline
51 STREET,MANHATTAN,2027-08-01,0.000399,0,very_low,baseline
51 STREET,MANHATTAN,2027-09-01,0.000393,0,very_low,baseline
51 STREET,MANHATTAN,2027-10-01,0.000267,0,very_low,baseline
51 STREET,MANHATTAN,2027-11-01,0.000273,0,very_low,baseline
51 STREET,MANHATTAN,2027-12-01,0.000267,0,very_low,baseline
51 STREET,MANHATTAN,2028-01-01,0.000372,0,very_low,baseline
51 STREET,MANHATTAN,2028-02-01,0.000378,0,very_low,baseline
51 STREET,MANHATTAN,2028-03-01,0.000366,0,very_low,baseline
51 STREET,MANHATTAN,2028-04-01,0.000366,0,very_low,baseline
51 STREET,MANHATTAN,2028-05-01,0.000386,0,very_low,baseline
51 STREET,MANHATTAN,2028-06-01,0.000399,0,very_low,baseline
51 STREET,MANHATTAN,2028-07-01,0.000399,0,very_low,baseline
51 STREET,MANHATTAN,2028-08-01,0.000399,0,very_low,baseline
51 STREET,MANHATTAN,2028-09-01,0.000393,0,very_low,baseline
51 STREET,MANHATTAN,2028-10-01,0.000267,0,very_low,baseline
51 STREET,MANHATTAN,2028-11-01,0.000273,0,very_low,baseline
51 STREET,MANHATTAN,2028-12-01,0.000267,0,very_low,baseline
51 STREET,MANHATTAN,2029-01-01,0.000372,0,very_low,baseline
51 STREET,MANHATTAN,2029-02-01,0.000378,0,very_low,baseline
51 STREET,MANHATTAN,2029-03-01,0.000366,0,very_low,baseline
51 STREET,MANHATTAN,2029-04-01,0.000366,0,very_low,baseline
51 STREET,MANHATTAN,2029-05-01,0.000386,0,very_low,baseline
51 STREET,MANHATTAN,2029-06-01,0.000399,0,very_low,baseline
51 STREET,MANHATTAN,2029-07-01,0.000399,0,very_low,baseline
51 STREET,MANHATTAN,2029-08-01,0.000399,0,very_low,baseline
51 STREET,MANHATTAN,2029-09-01,0.000393,0,very_low,baseline
51 STREET,MANHATTAN,2029-10-01,0.000267,0,very_low,baseline
51 STREET,MANHATTAN,2029-11-01,0.000273,0,very_low,baseline
51 STREET,MANHATTAN,2029-12-01,0.000267,0,very_low,baseline
52 STREET,QUEENS,2027-01-01,0.000157,0,very_low,baseline
52 STREET,QUEENS,2027-02-01,0.000129,0,very_low,baseline
52 STREET,QUEENS,2027-03-01,0.000126,0,very_low,baseline
52 STREET,QUEENS,2027-04-01,0.000116,0,very_low,baseline
52 STREET,QUEENS,2027-05-01,0.000133,0,very_low,baseline
52 STREET,QUEENS,2027-06-01,0.000135,0,very_low,baseline
52 STREET,QUEENS,2027-07-01,0.000135,0,very_low,baseline
52 STREET,QUEENS,2027-08-01,0.000135,0,very_low,baseline
52 STREET,QUEENS,2027-09-01,0.000142,0,very_low,baseline
52 STREET,QUEENS,2027-10-01,0.000125,0,very_low,baseline
52 STREET,QUEENS,2027-11-01,0.000118,0,very_low,baseline
52 STREET,QUEENS,2027-12-01,0.000118,0,very_low,baseline
52 STREET,QUEENS,2028-01-01,0.000132,0,very_low,baseline
52 STREET,QUEENS,2028-02-01,0.000131,0,very_low,baseline
52 STREET,QUEENS,2028-03-01,0.000129,0,very_low,baseline
52 STREET,QUEENS,2028-04-01,0.000129,0,very_low,baseline
52 STREET,QUEENS,2028-05-01,0.000134,0,very_low,baseline
52 STREET,QUEENS,2028-06-01,0.000135,0,very_low,baseline
52 STREET,QUEENS,2028-07-01,0.000135,0,very_low,baseline
52 STREET,QUEENS,2028-08-01,0.000135,0,very_low,baseline
52 STREET,QUEENS,2028-09-01,0.000142,0,very_low,baseline
52 STREET,QUEENS,2028-10-01,0.000125,0,very_low,baseline
52 STREET,QUEENS,2028-11-01,0.000118,0,very_low,baseline
52 STREET,QUEENS,2028-12-01,0.000118,0,very_low,baseline
52 STREET,QUEENS,2029-01-01,0.000132,0,very_low,baseline
52 STREET,QUEENS,2029-02-01,0.000131,0,very_low,baseline
52 STREET,QUEENS,2029-03-01,0.000129,0,very_low,baseline
52 STREET,QUEENS,2029-04-01,0.000129,0,very_low,baseline
52 STREET,QUEENS,2029-05-01,0.000134,0,very_low,baseline
52 STREET,QUEENS,2029-06-01,0.000135,0,very_low,baseline
52 STREET,QUEENS,2029-07-01,0.000135,0,very_low,baseline
52 STREET,QUEENS,2029-08-01,0.000135,0,very_low,baseline
52 STREET,QUEENS,2029-09-01,0.000142,0,very_low,baseline
52 STREET,QUEENS,2029-10-01,0.000125,0,very_low,baseline
52 STREET,QUEENS,2029-11-01,0.000118,0,very_low,baseline
52 STREET,QUEENS,2029-12-01,0.000118,0,very_low,baseline
53 STREET,BROOKLYN,2027-01-01,0.000292,0,very_low,baseline
53 STREET,BROOKLYN,2027-02-01,0.000541,0,very_low,baseline
53 STREET,BROOKLYN,2027-03-01,0.000338,0,very_low,baseline
53 STREET,BROOKLYN,2027-04-01,0.000313,0,very_low,baseline
53 STREET,BROOKLYN,2027-05-01,0.000381,0,very_low,baseline
53 STREET,BROOKLYN,2027-06-01,0.000429,0,very_low,baseline
53 STREET,BROOKLYN,2027-07-01,0.000438,0,very_low,baseline
53 STREET,BROOKLYN,2027-08-01,0.000438,0,very_low,baseline
53 STREET,BROOKLYN,2027-09-01,0.000438,0,very_low,baseline
53 STREET,BROOKLYN,2027-10-01,0.000275,0,very_low,baseline
53 STREET,BROOKLYN,2027-11-01,0.000267,0,very_low,baseline
53 STREET,BROOKLYN,2027-12-01,0.00026,0,very_low,baseline
53 STREET,BROOKLYN,2028-01-01,0.000364,0,very_low,baseline
53 STREET,BROOKLYN,2028-02-01,0.000377,0,very_low,baseline
53 STREET,BROOKLYN,2028-03-01,0.000376,0,very_low,baseline
53 STREET,BROOKLYN,2028-04-01,0.000376,0,very_low,baseline
53 STREET,BROOKLYN,2028-05-01,0.000397,0,very_low,baseline
53 STREET,BROOKLYN,2028-06-01,0.000429,0,very_low,baseline
53 STREET,BROOKLYN,2028-07-01,0.000438,0,very_low,baseline
53 STREET,BROOKLYN,2028-08-01,0.000438,0,very_low,baseline
53 STREET,BROOKLYN,2028-09-01,0.000438,0,very_low,baseline
53 STREET,BROOKLYN,2028-10-01,0.000275,0,very_low,baseline
53 STREET,BROOKLYN,2028-11-01,0.000267,0,very_low,baseline
53 STREET,BROOKLYN,2028-12-01,0.00026,0,very_low,baseline
53 STREET,BROOKLYN,2029-01-01,0.000364,0,very_low,baseline
53 STREET,BROOKLYN,2029-02-01,0.000377,0,very_low,baseline
53 STREET,BROOKLYN,2029-03-01,0.000376,0,very_low,baseline
53 STREET,BROOKLYN,2029-04-01,0.000376,0,very_low,baseline
53 STREET,BROOKLYN,2029-05-01,0.000397,0,very_low,baseline
53 STREET,BROOKLYN,2029-06-01,0.000429,0,very_low,baseline
53 STREET,BROOKLYN,2029-07-01,0.000438,0,very_low,baseline
53 STREET,BROOKLYN,2029-08-01,0.000438,0,very_low,baseline
53 STREET,BROOKLYN,2029-09-01,0.000438,0,very_low,baseline
53 STREET,BROOKLYN,2029-10-01,0.000275,0,very_low,baseline
53 STREET,BROOKLYN,2029-11-01,0.000267,0,very_low,baseline
53 STREET,BROOKLYN,2029-12-01,0.00026,0,very_low,baseline
55 STREET,BROOKLYN,2027-01-01,0.000201,0,very_low,baseline
55 STREET,BROOKLYN,2027-02-01,0.000189,0,very_low,baseline
55 STREET,BROOKLYN,2027-03-01,0.000193,0,very_low,baseline
55 STREET,BROOKLYN,2027-04-01,0.000202,0,very_low,baseline
55 STREET,BROOKLYN,2027-05-01,0.000181,0,very_low,baseline
55 STREET,BROOKLYN,2027-06-01,0.000199,0,very_low,baseline
55 STREET,BROOKLYN,2027-07-01,0.000193,0,very_low,baseline
55 STREET,BROOKLYN,2027-08-01,0.000193,0,very_low,baseline
55 STREET,BROOKLYN,2027-09-01,0.000204,0,very_low,baseline
55 STREET,BROOKLYN,2027-10-01,0.000173,0,very_low,baseline
55 STREET,BROOKLYN,2027-11-01,0.000165,0,very_low,baseline
55 STREET,BROOKLYN,2027-12-01,0.000165,0,very_low,baseline
55 STREET,BROOKLYN,2028-01-01,0.000198,0,very_low,baseline
55 STREET,BROOKLYN,2028-02-01,0.000197,0,very_low,baseline
55 STREET,BROOKLYN,2028-03-01,0.000193,0,very_low,baseline
55 STREET,BROOKLYN,2028-04-01,0.000193,0,very_low,baseline
55 STREET,BROOKLYN,2028-05-01,0.000198,0,very_low,baseline
55 STREET,BROOKLYN,2028-06-01,0.000199,0,very_low,baseline
55 STREET,BROOKLYN,2028-07-01,0.000193,0,very_low,baseline
55 STREET,BROOKLYN,2028-08-01,0.000193,0,very_low,baseline
55 STREET,BROOKLYN,2028-09-01,0.000204,0,very_low,baseline
55 STREET,BROOKLYN,2028-10-01,0.000173,0,very_low,baseline
55 STREET,BROOKLYN,2028-11-01,0.000165,0,very_low,baseline
55 STREET,BROOKLYN,2028-12-01,0.000165,0,very_low,baseline
55 STREET,BROOKLYN,2029-01-01,0.000198,0,very_low,baseline
55 STREET,BROOKLYN,2029-02-01,0.000197,0,very_low,baseline
55 STREET,BROOKLYN,2029-03-01,0.000193,0,very_low,baseline
55 STREET,BROOKLYN,2029-04-01,0.000193,0,very_low,baseline
55 STREET,BROOKLYN,2029-05-01,0.000198,0,very_low,baseline
55 STREET,BROOKLYN,2029-06-01,0.000199,0,very_low,baseline
55 STREET,BROOKLYN,2029-07-01,0.000193,0,very_low,baseline
55 STREET,BROOKLYN,2029-08-01,0.000193,0,very_low,baseline
55 STREET,BROOKLYN,2029-09-01,0.000204,0,very_low,baseline
55 STREET,BROOKLYN,2029-10-01,0.000173,0,very_low,baseline
55 STREET,BROOKLYN,2029-11-01,0.000165,0,very_low,baseline
55 STREET,BROOKLYN,2029-12-01,0.000165,0,very_low,baseline
57 STREET,MANHATTAN,2027-01-01,0.000497,0,very_low,baseline
57 STREET,MANHATTAN,2027-02-01,0.000619,0,very_low,baseline
57 STREET,MANHATTAN,2027-03-01,0.000651,0,very_low,baseline
57 STREET,MANHATTAN,2027-04-01,0.000588,0,very_low,baseline
57 STREET,MANHATTAN,2027-05-01,0.000697,0,very_low,baseline
57 STREET,MANHATTAN,2027-06-01,0.000671,0,very_low,baseline
57 STREET,MANHATTAN,2027-07-01,0.000671,0,very_low,baseline
57 STREET,MANHATTAN,2027-08-01,0.000671,0,very_low,baseline
57 STREET,MANHATTAN,2027-09-01,0.000648,0,very_low,baseline
57 STREET,MANHATTAN,2027-10-01,0.000451,0,very_low,baseline
57 STREET,MANHATTAN,2027-11-01,0.000449,0,very_low,baseline
57 STREET,MANHATTAN,2027-12-01,0.000438,0,very_low,baseline
57 STREET,MANHATTAN,2028-01-01,0.000559,0,very_low,baseline
57 STREET,MANHATTAN,2028-02-01,0.000591,0,very_low,baseline
57 STREET,MANHATTAN,2028-03-01,0.000588,0,very_low,baseline
57 STREET,MANHATTAN,2028-04-01,0.000588,0,very_low,baseline
57 STREET,MANHATTAN,2028-05-01,0.00063,0,very_low,baseline
57 STREET,MANHATTAN,2028-06-01,0.000671,0,very_low,baseline
57 STREET,MANHATTAN,2028-07-01,0.000671,0,very_low,baseline
57 STREET,MANHATTAN,2028-08-01,0.000671,0,very_low,baseline
57 STREET,MANHATTAN,2028-09-01,0.000648,0,very_low,baseline
57 STREET,MANHATTAN,2028-10-01,0.000451,0,very_low,baseline
57 STREET,MANHATTAN,2028-11-01,0.000449,0,very_low,baseline
57 STREET,MANHATTAN,2028-12-01,0.000438,0,very_low,baseline
57 STREET,MANHATTAN,2029-01-01,0.000559,0,very_low,baseline
57 STREET,MANHATTAN,2029-02-01,0.000591,0,very_low,baseline
57 STREET,MANHATTAN,2029-03-01,0.000588,0,very_low,baseline
57 STREET,MANHATTAN,2029-04-01,0.000588,0,very_low,baseline
57 STREET,MANHATTAN,2029-05-01,0.00063,0,very_low,baseline
57 STREET,MANHATTAN,2029-06-01,0.000671,0,very_low,baseline
57 STREET,MANHATTAN,2029-07-01,0.000671,0,very_low,baseline
57 STREET,MANHATTAN,2029-08-01,0.000671,0,very_low,baseline
57 STREET,MANHATTAN,2029-09-01,0.000648,0,very_low,baseline
57 STREET,MANHATTAN,2029-10-01,0.000451,0,very_low,baseline
57 STREET,MANHATTAN,2029-11-01,0.000449,0,very_low,baseline
57 STREET,MANHATTAN,2029-12-01,0.000438,0,very_low,baseline
59 ST.-COLUMBUS CIRCLE,MANHATTAN,2027-01-01,0.901559,1,very_high,baseline
59 ST.-COLUMBUS CIRCLE,MANHATTAN,2027-02-01,0.852675,1,very_high,baseline
59 ST.-COLUMBUS CIRCLE,MANHATTAN,2027-03-01,0.930816,1,very_high,baseline
59 ST.-COLUMBUS CIRCLE,MANHATTAN,2027-04-01,0.923151,1,very_high,baseline
59 ST.-COLUMBUS CIRCLE,MANHATTAN,2027-05-01,0.938859,1,very_high,baseline
59 ST.-COLUMBUS CIRCLE,MANHATTAN,2027-06-01,0.92543,1,very_high,baseline
59 ST.-COLUMBUS CIRCLE,MANHATTAN,2027-07-01,0.924432,1,very_high,baseline
59 ST.-COLUMBUS CIRCLE,MANHATTAN,2027-08-01,0.923655,1,very_high,baseline
59 ST.-COLUMBUS CIRCLE,MANHATTAN,2027-09-01,0.919033,1,very_high,baseline
59 ST.-COLUMBUS CIRCLE,MANHATTAN,2027-10-01,0.905755,1,very_high,baseline
59 ST.-COLUMBUS CIRCLE,MANHATTAN,2027-11-01,0.909748,1,very_high,baseline
59 ST.-COLUMBUS CIRCLE,MANHATTAN,2027-12-01,0.922834,1,very_high,baseline
59 ST.-COLUMBUS CIRCLE,MANHATTAN,2028-01-01,0.934842,1,very_high,baseline
59 ST.-COLUMBUS CIRCLE,MANHATTAN,2028-02-01,0.934842,1,very_high,baseline
59 ST.-COLUMBUS CIRCLE,MANHATTAN,2028-03-01,0.934842,1,very_high,baseline
59 ST.-COLUMBUS CIRCLE,MANHATTAN,2028-04-01,0.934842,1,very_high,baseline
59 ST.-COLUMBUS CIRCLE,MANHATTAN,2028-05-01,0.935942,1,very_high,baseline
59 ST.-COLUMBUS CIRCLE,MANHATTAN,2028-06-01,0.935942,1,very_high,baseline
59 ST.-COLUMBUS CIRCLE,MANHATTAN,2028-07-01,0.935942,1,very_high,baseline
59 ST.-COLUMBUS CIRCLE,MANHATTAN,2028-08-01,0.935275,1,very_high,baseline
59 ST.-COLUMBUS CIRCLE,MANHATTAN,2028-09-01,0.929704,1,very_high,baseline
59 ST.-COLUMBUS CIRCLE,MANHATTAN,2028-10-01,0.919321,1,very_high,baseline
59 ST.-COLUMBUS CIRCLE,MANHATTAN,2028-11-01,0.922787,1,very_high,baseline
59 ST.-COLUMBUS CIRCLE,MANHATTAN,2028-12-01,0.922834,1,very_high,baseline
59 ST.-COLUMBUS CIRCLE,MANHATTAN,2029-01-01,0.934842,1,very_high,baseline
59 ST.-COLUMBUS CIRCLE,MANHATTAN,2029-02-01,0.934842,1,very_high,baseline
59 ST.-COLUMBUS CIRCLE,MANHATTAN,2029-03-01,0.934842,1,very_high,baseline
59 ST.-COLUMBUS CIRCLE,MANHATTAN,2029-04-01,0.934842,1,very_high,baseline
59 ST.-COLUMBUS CIRCLE,MANHATTAN,2029-05-01,0.935942,1,very_high,baseline
59 ST.-COLUMBUS CIRCLE,MANHATTAN,2029-06-01,0.935942,1,very_high,baseline
59 ST.-COLUMBUS CIRCLE,MANHATTAN,2029-07-01,0.935942,1,very_high,baseline
59 ST.-COLUMBUS CIRCLE,MANHATTAN,2029-08-01,0.935275,1,very_high,baseline
59 ST.-COLUMBUS CIRCLE,MANHATTAN,2029-09-01,0.929704,1,very_high,baseline
59 ST.-COLUMBUS CIRCLE,MANHATTAN,2029-10-01,0.919321,1,very_high,baseline
59 ST.-COLUMBUS CIRCLE,MANHATTAN,2029-11-01,0.922787,1,very_high,baseline
59 ST.-COLUMBUS CIRCLE,MANHATTAN,2029-12-01,0.922834,1,very_high,baseline
59 STREET,MANHATTAN,2027-01-01,0.105689,1,very_low,baseline
59 STREET,MANHATTAN,2027-02-01,0.155478,1,very_low,baseline
59 STREET,MANHATTAN,2027-03-01,0.222116,1,low,baseline
59 STREET,MANHATTAN,2027-04-01,0.131549,1,very_low,baseline
59 STREET,MANHATTAN,2027-05-01,0.131897,1,very_low,baseline
59 STREET,MANHATTAN,2027-06-01,0.150377,1,very_low,baseline
59 STREET,MANHATTAN,2027-07-01,0.156651,1,very_low,baseline
59 STREET,MANHATTAN,2027-08-01,0.168977,1,very_low,baseline
59 STREET,MANHATTAN,2027-09-01,0.170291,1,very_low,baseline
59 STREET,MANHATTAN,2027-10-01,0.142884,1,very_low,baseline
59 STREET,MANHATTAN,2027-11-01,0.153292,1,very_low,baseline
59 STREET,MANHATTAN,2027-12-01,0.156675,1,very_low,baseline
59 STREET,MANHATTAN,2028-01-01,0.166104,1,very_low,baseline
59 STREET,MANHATTAN,2028-02-01,0.160732,1,very_low,baseline
59 STREET,MANHATTAN,2028-03-01,0.160732,1,very_low,baseline
59 STREET,MANHATTAN,2028-04-01,0.163384,1,very_low,baseline
59 STREET,MANHATTAN,2028-05-01,0.169354,1,very_low,baseline
59 STREET,MANHATTAN,2028-06-01,0.169354,1,very_low,baseline
59 STREET,MANHATTAN,2028-07-01,0.169354,1,very_low,baseline
59 STREET,MANHATTAN,2028-08-01,0.179975,1,very_low,baseline
59 STREET,MANHATTAN,2028-09-01,0.173674,1,very_low,baseline
59 STREET,MANHATTAN,2028-10-01,0.141218,1,very_low,baseline
59 STREET,MANHATTAN,2028-11-01,0.153292,1,very_low,baseline
59 STREET,MANHATTAN,2028-12-01,0.156675,1,very_low,baseline
59 STREET,MANHATTAN,2029-01-01,0.166104,1,very_low,baseline
59 STREET,MANHATTAN,2029-02-01,0.160732,1,very_low,baseline
59 STREET,MANHATTAN,2029-03-01,0.160732,1,very_low,baseline
59 STREET,MANHATTAN,2029-04-01,0.163384,1,very_low,baseline
59 STREET,MANHATTAN,2029-05-01,0.169354,1,very_low,baseline
59 STREET,MANHATTAN,2029-06-01,0.169354,1,very_low,baseline
59 STREET,MANHATTAN,2029-07-01,0.169354,1,very_low,baseline
59 STREET,MANHATTAN,2029-08-01,0.179975,1,very_low,baseline
59 STREET,MANHATTAN,2029-09-01,0.173674,1,very_low,baseline
59 STREET,MANHATTAN,2029-10-01,0.141218,1,very_low,baseline
59 STREET,MANHATTAN,2029-11-01,0.153292,1,very_low,baseline
59 STREET,MANHATTAN,2029-12-01,0.156675,1,very_low,baseline
6 AVENUE,MANHATTAN,2027-01-01,0.000101,0,very_low,baseline
6 AVENUE,MANHATTAN,2027-02-01,0.000106,0,very_low,baseline
6 AVENUE,MANHATTAN,2027-03-01,9.9e-05,0,very_low,baseline
6 AVENUE,MANHATTAN,2027-04-01,0.000104,0,very_low,baseline
6 AVENUE,MANHATTAN,2027-05-01,0.000123,0,very_low,baseline
6 AVENUE,MANHATTAN,2027-06-01,0.000111,0,very_low,baseline
6 AVENUE,MANHATTAN,2027-07-01,0.000111,0,very_low,baseline
6 AVENUE,MANHATTAN,2027-08-01,0.000111,0,very_low,baseline
6 AVENUE,MANHATTAN,2027-09-01,0.000113,0,very_low,baseline
6 AVENUE,MANHATTAN,2027-10-01,7.7e-05,0,very_low,baseline
6 AVENUE,MANHATTAN,2027-11-01,7.4e-05,0,very_low,baseline
6 AVENUE,MANHATTAN,2027-12-01,7.3e-05,0,very_low,baseline
6 AVENUE,MANHATTAN,2028-01-01,0.000106,0,very_low,baseline
6 AVENUE,MANHATTAN,2028-02-01,0.000104,0,very_low,baseline
6 AVENUE,MANHATTAN,2028-03-01,0.000101,0,very_low,baseline
6 AVENUE,MANHATTAN,2028-04-01,0.000102,0,very_low,baseline
6 AVENUE,MANHATTAN,2028-05-01,0.000109,0,very_low,baseline
6 AVENUE,MANHATTAN,2028-06-01,0.000111,0,very_low,baseline
6 AVENUE,MANHATTAN,2028-07-01,0.000111,0,very_low,baseline
6 AVENUE,MANHATTAN,2028-08-01,0.000111,0,very_low,baseline
6 AVENUE,MANHATTAN,2028-09-01,0.000113,0,very_low,baseline
6 AVENUE,MANHATTAN,2028-10-01,7.7e-05,0,very_low,baseline
6 AVENUE,MANHATTAN,2028-11-01,7.4e-05,0,very_low,baseline
6 AVENUE,MANHATTAN,2028-12-01,7.3e-05,0,very_low,baseline
6 AVENUE,MANHATTAN,2029-01-01,0.000106,0,very_low,baseline
6 AVENUE,MANHATTAN,2029-02-01,0.000104,0,very_low,baseline
6 AVENUE,MANHATTAN,2029-03-01,0.000101,0,very_low,baseline
6 AVENUE,MANHATTAN,2029-04-01,0.000102,0,very_low,baseline
6 AVENUE,MANHATTAN,2029-05-01,0.000109,0,very_low,baseline
6 AVENUE,MANHATTAN,2029-06-01,0.000111,0,very_low,baseline
6 AVENUE,MANHATTAN,2029-07-01,0.000111,0,very_low,baseline
6 AVENUE,MANHATTAN,2029-08-01,0.000111,0,very_low,baseline
6 AVENUE,MANHATTAN,2029-09-01,0.000113,0,very_low,baseline
6 AVENUE,MANHATTAN,2029-10-01,7.7e-05,0,very_low,baseline
6 AVENUE,MANHATTAN,2029-11-01,7.4e-05,0,very_low,baseline
6 AVENUE,MANHATTAN,2029-12-01,7.3e-05,0,very_low,baseline
61 ST.-WOODSIDE,QUEENS,2027-01-01,7.5e-05,0,very_low,baseline
61 ST.-WOODSIDE,QUEENS,2027-02-01,0.000106,0,very_low,baseline
61 ST.-WOODSIDE,QUEENS,2027-03-01,7.9e-05,0,very_low,baseline
61 ST.-WOODSIDE,QUEENS,2027-04-01,8.9e-05,0,very_low,baseline
61 ST.-WOODSIDE,QUEENS,2027-05-01,8.8e-05,0,very_low,baseline
61 ST.-WOODSIDE,QUEENS,2027-06-01,8.3e-05,0,very_low,baseline
61 ST.-WOODSIDE,QUEENS,2027-07-01,8.3e-05,0,very_low,baseline
61 ST.-WOODSIDE,QUEENS,2027-08-01,8.3e-05,0,very_low,baseline
61 ST.-WOODSIDE,QUEENS,2027-09-01,8.4e-05,0,very_low,baseline
61 ST.-WOODSIDE,QUEENS,2027-10-01,6.8e-05,0,very_low,baseline
61 ST.-WOODSIDE,QUEENS,2027-11-01,6.4e-05,0,very_low,baseline
61 ST.-WOODSIDE,QUEENS,2027-12-01,6.3e-05,0,very_low,baseline
61 ST.-WOODSIDE,QUEENS,2028-01-01,8e-05,0,very_low,baseline
61 ST.-WOODSIDE,QUEENS,2028-02-01,7.9e-05,0,very_low,baseline
61 ST.-WOODSIDE,QUEENS,2028-03-01,7.9e-05,0,very_low,baseline
61 ST.-WOODSIDE,QUEENS,2028-04-01,7.9e-05,0,very_low,baseline
61 ST.-WOODSIDE,QUEENS,2028-05-01,8.3e-05,0,very_low,baseline
61 ST.-WOODSIDE,QUEENS,2028-06-01,8.3e-05,0,very_low,baseline
61 ST.-WOODSIDE,QUEENS,2028-07-01,8.3e-05,0,very_low,baseline
61 ST.-WOODSIDE,QUEENS,2028-08-01,8.3e-05,0,very_low,baseline
61 ST.-WOODSIDE,QUEENS,2028-09-01,8.4e-05,0,very_low,baseline
61 ST.-WOODSIDE,QUEENS,2028-10-01,6.8e-05,0,very_low,baseline
61 ST.-WOODSIDE,QUEENS,2028-11-01,6.4e-05,0,very_low,baseline
61 ST.-WOODSIDE,QUEENS,2028-12-01,6.3e-05,0,very_low,baseline
61 ST.-WOODSIDE,QUEENS,2029-01-01,8e-05,0,very_low,baseline
61 ST.-WOODSIDE,QUEENS,2029-02-01,7.9e-05,0,very_low,baseline
61 ST.-WOODSIDE,QUEENS,2029-03-01,7.9e-05,0,very_low,baseline
61 ST.-WOODSIDE,QUEENS,2029-04-01,7.9e-05,0,very_low,baseline
61 ST.-WOODSIDE,QUEENS,2029-05-01,8.3e-05,0,very_low,baseline
61 ST.-WOODSIDE,QUEENS,2029-06-01,8.3e-05,0,very_low,baseline
61 ST.-WOODSIDE,QUEENS,2029-07-01,8.3e-05,0,very_low,baseline
61 ST.-WOODSIDE,QUEENS,2029-08-01,8.3e-05,0,very_low,baseline
61 ST.-WOODSIDE,QUEENS,2029-09-01,8.4e-05,0,very_low,baseline
61 ST.-WOODSIDE,QUEENS,2029-10-01,6.8e-05,0,very_low,baseline
61 ST.-WOODSIDE,QUEENS,2029-11-01,6.4e-05,0,very_low,baseline
61 ST.-WOODSIDE,QUEENS,2029-12-01,6.3e-05,0,very_low,baseline
62 STREET,BROOKLYN,2027-01-01,8.2e-05,0,very_low,baseline
62 STREET,BROOKLYN,2027-02-01,7.4e-05,0,very_low,baseline
62 STREET,BROOKLYN,2027-03-01,6e-05,0,very_low,baseline
62 STREET,BROOKLYN,2027-04-01,6.2e-05,0,very_low,baseline
62 STREET,BROOKLYN,2027-05-01,7.7e-05,0,very_low,baseline
62 STREET,BROOKLYN,2027-06-01,7.5e-05,0,very_low,baseline
62 STREET,BROOKLYN,2027-07-01,7.5e-05,0,very_low,baseline
62 STREET,BROOKLYN,2027-08-01,7.5e-05,0,very_low,baseline
62 STREET,BROOKLYN,2027-09-01,7.9e-05,0,very_low,baseline
62 STREET,BROOKLYN,2027-10-01,7e-05,0,very_low,baseline
62 STREET,BROOKLYN,2027-11-01,6.6e-05,0,very_low,baseline
62 STREET,BROOKLYN,2027-12-01,6.8e-05,0,very_low,baseline
62 STREET,BROOKLYN,2028-01-01,7.5e-05,0,very_low,baseline
62 STREET,BROOKLYN,2028-02-01,7.3e-05,0,very_low,baseline
62 STREET,BROOKLYN,2028-03-01,7.2e-05,0,very_low,baseline
62 STREET,BROOKLYN,2028-04-01,7.2e-05,0,very_low,baseline
62 STREET,BROOKLYN,2028-05-01,7.5e-05,0,very_low,baseline
62 STREET,BROOKLYN,2028-06-01,7.5e-05,0,very_low,baseline
62 STREET,BROOKLYN,2028-07-01,7.5e-05,0,very_low,baseline
62 STREET,BROOKLYN,2028-08-01,7.5e-05,0,very_low,baseline
62 STREET,BROOKLYN,2028-09-01,7.9e-05,0,very_low,baseline
62 STREET,BROOKLYN,2028-10-01,7e-05,0,very_low,baseline
62 STREET,BROOKLYN,2028-11-01,6.6e-05,0,very_low,baseline
62 STREET,BROOKLYN,2028-12-01,6.8e-05,0,very_low,baseline
62 STREET,BROOKLYN,2029-01-01,7.5e-05,0,very_low,baseline
62 STREET,BROOKLYN,2029-02-01,7.3e-05,0,very_low,baseline
62 STREET,BROOKLYN,2029-03-01,7.2e-05,0,very_low,baseline
62 STREET,BROOKLYN,2029-04-01,7.2e-05,0,very_low,baseline
62 STREET,BROOKLYN,2029-05-01,7.5e-05,0,very_low,baseline
62 STREET,BROOKLYN,2029-06-01,7.5e-05,0,very_low,baseline
62 STREET,BROOKLYN,2029-07-01,7.5e-05,0,very_low,baseline
62 STREET,BROOKLYN,2029-08-01,7.5e-05,0,very_low,baseline
62 STREET,BROOKLYN,2029-09-01,7.9e-05,0,very_low,baseline
62 STREET,BROOKLYN,2029-10-01,7e-05,0,very_low,baseline
62 STREET,BROOKLYN,2029-11-01,6.6e-05,0,very_low,baseline
62 STREET,BROOKLYN,2029-12-01,6.8e-05,0,very_low,baseline
63 DRIVE-REGO PARK,QUEENS,2027-01-01,0.000156,0,very_low,baseline
63 DRIVE-REGO PARK,QUEENS,2027-02-01,0.000192,0,very_low,baseline
63 DRIVE-REGO PARK,QUEENS,2027-03-01,0.0002,0,very_low,baseline
63 DRIVE-REGO PARK,QUEENS,2027-04-01,0.000342,0,very_low,baseline
63 DRIVE-REGO PARK,QUEENS,2027-05-01,0.000348,0,very_low,baseline
63 DRIVE-REGO PARK,QUEENS,2027-06-01,0.000275,0,very_low,baseline
63 DRIVE-REGO PARK,QUEENS,2027-07-01,0.000275,0,very_low,baseline
63 DRIVE-REGO PARK,QUEENS,2027-08-01,0.000275,0,very_low,baseline
63 DRIVE-REGO PARK,QUEENS,2027-09-01,0.00028,0,very_low,baseline
63 DRIVE-REGO PARK,QUEENS,2027-10-01,0.000176,0,very_low,baseline
63 DRIVE-REGO PARK,QUEENS,2027-11-01,0.000168,0,very_low,baseline
63 DRIVE-REGO PARK,QUEENS,2027-12-01,0.000166,0,very_low,baseline
63 DRIVE-REGO PARK,QUEENS,2028-01-01,0.000254,0,very_low,baseline
63 DRIVE-REGO PARK,QUEENS,2028-02-01,0.000253,0,very_low,baseline
63 DRIVE-REGO PARK,QUEENS,2028-03-01,0.00025,0,very_low,baseline
63 DRIVE-REGO PARK,QUEENS,2028-04-01,0.000252,0,very_low,baseline
63 DRIVE-REGO PARK,QUEENS,2028-05-01,0.00027,0,very_low,baseline
63 DRIVE-REGO PARK,QUEENS,2028-06-01,0.000275,0,very_low,baseline
63 DRIVE-REGO PARK,QUEENS,2028-07-01,0.000275,0,very_low,baseline
63 DRIVE-REGO PARK,QUEENS,2028-08-01,0.000275,0,very_low,baseline
63 DRIVE-REGO PARK,QUEENS,2028-09-01,0.00028,0,very_low,baseline
63 DRIVE-REGO PARK,QUEENS,2028-10-01,0.000176,0,very_low,baseline
63 DRIVE-REGO PARK,QUEENS,2028-11-01,0.000168,0,very_low,baseline
63 DRIVE-REGO PARK,QUEENS,2028-12-01,0.000166,0,very_low,baseline
63 DRIVE-REGO PARK,QUEENS,2029-01-01,0.000254,0,very_low,baseline
63 DRIVE-REGO PARK,QUEENS,2029-02-01,0.000253,0,very_low,baseline
63 DRIVE-REGO PARK,QUEENS,2029-03-01,0.00025,0,very_low,baseline
63 DRIVE-REGO PARK,QUEENS,2029-04-01,0.000252,0,very_low,baseline
63 DRIVE-REGO PARK,QUEENS,2029-05-01,0.00027,0,very_low,baseline
63 DRIVE-REGO PARK,QUEENS,2029-06-01,0.000275,0,very_low,baseline
63 DRIVE-REGO PARK,QUEENS,2029-07-01,0.000275,0,very_low,baseline
63 DRIVE-REGO PARK,QUEENS,2029-08-01,0.000275,0,very_low,baseline
63 DRIVE-REGO PARK,QUEENS,2029-09-01,0.00028,0,very_low,baseline
63 DRIVE-REGO PARK,QUEENS,2029-10-01,0.000176,0,very_low,baseline
63 DRIVE-REGO PARK,QUEENS,2029-11-01,0.000168,0,very_low,baseline
63 DRIVE-REGO PARK,QUEENS,2029-12-01,0.000166,0,very_low,baseline
65 STREET,QUEENS,2027-01-01,0.000157,0,very_low,baseline
65 STREET,QUEENS,2027-02-01,0.000165,0,very_low,baseline
65 STREET,QUEENS,2027-03-01,0.000156,0,very_low,baseline
65 STREET,QUEENS,2027-04-01,0.000141,0,very_low,baseline
65 STREET,QUEENS,2027-05-01,0.000166,0,very_low,baseline
65 STREET,QUEENS,2027-06-01,0.000167,0,very_low,baseline
65 STREET,QUEENS,2027-07-01,0.000167,0,very_low,baseline
65 STREET,QUEENS,2027-08-01,0.000167,0,very_low,baseline
65 STREET,QUEENS,2027-09-01,0.00017,0,very_low,baseline
65 STREET,QUEENS,2027-10-01,0.000136,0,very_low,baseline
65 STREET,QUEENS,2027-11-01,0.000128,0,very_low,baseline
65 STREET,QUEENS,2027-12-01,0.000128,0,very_low,baseline
65 STREET,QUEENS,2028-01-01,0.000164,0,very_low,baseline
65 STREET,QUEENS,2028-02-01,0.000163,0,very_low,baseline
65 STREET,QUEENS,2028-03-01,0.00016,0,very_low,baseline
65 STREET,QUEENS,2028-04-01,0.00016,0,very_low,baseline
65 STREET,QUEENS,2028-05-01,0.000166,0,very_low,baseline
65 STREET,QUEENS,2028-06-01,0.000167,0,very_low,baseline
65 STREET,QUEENS,2028-07-01,0.000167,0,very_low,baseline
65 STREET,QUEENS,2028-08-01,0.000167,0,very_low,baseline
65 STREET,QUEENS,2028-09-01,0.00017,0,very_low,baseline
65 STREET,QUEENS,2028-10-01,0.000136,0,very_low,baseline
65 STREET,QUEENS,2028-11-01,0.000128,0,very_low,baseline
65 STREET,QUEENS,2028-12-01,0.000128,0,very_low,baseline
65 STREET,QUEENS,2029-01-01,0.000164,0,very_low,baseline
65 STREET,QUEENS,2029-02-01,0.000163,0,very_low,baseline
65 STREET,QUEENS,2029-03-01,0.00016,0,very_low,baseline
65 STREET,QUEENS,2029-04-01,0.00016,0,very_low,baseline
65 STREET,QUEENS,2029-05-01,0.000166,0,very_low,baseline
65 STREET,QUEENS,2029-06-01,0.000167,0,very_low,baseline
65 STREET,QUEENS,2029-07-01,0.000167,0,very_low,baseline
65 STREET,QUEENS,2029-08-01,0.000167,0,very_low,baseline
65 STREET,QUEENS,2029-09-01,0.00017,0,very_low,baseline
65 STREET,QUEENS,2029-10-01,0.000136,0,very_low,baseline
65 STREET,QUEENS,2029-11-01,0.000128,0,very_low,baseline
65 STREET,QUEENS,2029-12-01,0.000128,0,very_low,baseline
66 ST.-LINCOLN CENTER,MANHATTAN,2027-01-01,5.8e-05,0,very_low,baseline
66 ST.-LINCOLN CENTER,MANHATTAN,2027-02-01,5.8e-05,0,very_low,baseline
66 ST.-LINCOLN CENTER,MANHATTAN,2027-03-01,5.6e-05,0,very_low,baseline
66 ST.-LINCOLN CENTER,MANHATTAN,2027-04-01,6.9e-05,0,very_low,baseline
66 ST.-LINCOLN CENTER,MANHATTAN,2027-05-01,7.1e-05,0,very_low,baseline
66 ST.-LINCOLN CENTER,MANHATTAN,2027-06-01,7.2e-05,0,very_low,baseline
66 ST.-LINCOLN CENTER,MANHATTAN,2027-07-01,7.2e-05,0,very_low,baseline
66 ST.-LINCOLN CENTER,MANHATTAN,2027-08-01,7.2e-05,0,very_low,baseline
66 ST.-LINCOLN CENTER,MANHATTAN,2027-09-01,7.6e-05,0,very_low,baseline
66 ST.-LINCOLN CENTER,MANHATTAN,2027-10-01,6.7e-05,0,very_low,baseline
66 ST.-LINCOLN CENTER,MANHATTAN,2027-11-01,6.3e-05,0,very_low,baseline
66 ST.-LINCOLN CENTER,MANHATTAN,2027-12-01,6.3e-05,0,very_low,baseline
66 ST.-LINCOLN CENTER,MANHATTAN,2028-01-01,7.1e-05,0,very_low,baseline
66 ST.-LINCOLN CENTER,MANHATTAN,2028-02-01,7e-05,0,very_low,baseline
66 ST.-LINCOLN CENTER,MANHATTAN,2028-03-01,6.9e-05,0,very_low,baseline
66 ST.-LINCOLN CENTER,MANHATTAN,2028-04-01,6.9e-05,0,very_low,baseline
66 ST.-LINCOLN CENTER,MANHATTAN,2028-05-01,7.1e-05,0,very_low,baseline
66 ST.-LINCOLN CENTER,MANHATTAN,2028-06-01,7.2e-05,0,very_low,baseline
66 ST.-LINCOLN CENTER,MANHATTAN,2028-07-01,7.2e-05,0,very_low,baseline
66 ST.-LINCOLN CENTER,MANHATTAN,2028-08-01,7.2e-05,0,very_low,baseline
66 ST.-LINCOLN CENTER,MANHATTAN,2028-09-01,7.6e-05,0,very_low,baseline
66 ST.-LINCOLN CENTER,MANHATTAN,2028-10-01,6.7e-05,0,very_low,baseline
66 ST.-LINCOLN CENTER,MANHATTAN,2028-11-01,6.3e-05,0,very_low,baseline
66 ST.-LINCOLN CENTER,MANHATTAN,2028-12-01,6.3e-05,0,very_low,baseline
66 ST.-LINCOLN CENTER,MANHATTAN,2029-01-01,7.1e-05,0,very_low,baseline
66 ST.-LINCOLN CENTER,MANHATTAN,2029-02-01,7e-05,0,very_low,baseline
66 ST.-LINCOLN CENTER,MANHATTAN,2029-03-01,6.9e-05,0,very_low,baseline
66 ST.-LINCOLN CENTER,MANHATTAN,2029-04-01,6.9e-05,0,very_low,baseline
66 ST.-LINCOLN CENTER,MANHATTAN,2029-05-01,7.1e-05,0,very_low,baseline
66 ST.-LINCOLN CENTER,MANHATTAN,2029-06-01,7.2e-05,0,very_low,baseline
66 ST.-LINCOLN CENTER,MANHATTAN,2029-07-01,7.2e-05,0,very_low,baseline
66 ST.-LINCOLN CENTER,MANHATTAN,2029-08-01,7.2e-05,0,very_low,baseline
66 ST.-LINCOLN CENTER,MANHATTAN,2029-09-01,7.6e-05,0,very_low,baseline
66 ST.-LINCOLN CENTER,MANHATTAN,2029-10-01,6.7e-05,0,very_low,baseline
66 ST.-LINCOLN CENTER,MANHATTAN,2029-11-01,6.3e-05,0,very_low,baseline
66 ST.-LINCOLN CENTER,MANHATTAN,2029-12-01,6.3e-05,0,very_low,baseline
67 AVENUE,QUEENS,2027-01-01,0.002887,0,very_low,baseline
67 AVENUE,QUEENS,2027-02-01,0.001903,0,very_low,baseline
67 AVENUE,QUEENS,2027-03-01,0.003479,0,very_low,baseline
67 AVENUE,QUEENS,2027-04-01,0.003801,0,very_low,baseline
67 AVENUE,QUEENS,2027-05-01,0.005153,0,very_low,baseline
67 AVENUE,QUEENS,2027-06-01,0.006815,0,very_low,baseline
67 AVENUE,QUEENS,2027-07-01,0.006815,0,very_low,baseline
67 AVENUE,QUEENS,2027-08-01,0.006815,0,very_low,baseline
67 AVENUE,QUEENS,2027-09-01,0.007063,0,very_low,baseline
67 AVENUE,QUEENS,2027-10-01,0.003873,0,very_low,baseline
67 AVENUE,QUEENS,2027-11-01,0.003613,0,very_low,baseline
67 AVENUE,QUEENS,2027-12-01,0.003559,0,very_low,baseline
67 AVENUE,QUEENS,2028-01-01,0.00641,0,very_low,baseline
67 AVENUE,QUEENS,2028-02-01,0.006405,0,very_low,baseline
67 AVENUE,QUEENS,2028-03-01,0.006227,0,very_low,baseline
67 AVENUE,QUEENS,2028-04-01,0.00617,0,very_low,baseline
67 AVENUE,QUEENS,2028-05-01,0.00652,0,very_low,baseline
67 AVENUE,QUEENS,2028-06-01,0.006815,0,very_low,baseline
67 AVENUE,QUEENS,2028-07-01,0.006815,0,very_low,baseline
67 AVENUE,QUEENS,2028-08-01,0.006815,0,very_low,baseline
67 AVENUE,QUEENS,2028-09-01,0.007063,0,very_low,baseline
67 AVENUE,QUEENS,2028-10-01,0.003873,0,very_low,baseline
67 AVENUE,QUEENS,2028-11-01,0.003613,0,very_low,baseline
67 AVENUE,QUEENS,2028-12-01,0.003559,0,very_low,baseline
67 AVENUE,QUEENS,2029-01-01,0.00641,0,very_low,baseline
67 AVENUE,QUEENS,2029-02-01,0.006405,0,very_low,baseline
67 AVENUE,QUEENS,2029-03-01,0.006227,0,very_low,baseline
67 AVENUE,QUEENS,2029-04-01,0.00617,0,very_low,baseline
67 AVENUE,QUEENS,2029-05-01,0.00652,0,very_low,baseline
67 AVENUE,QUEENS,2029-06-01,0.006815,0,very_low,baseline
67 AVENUE,QUEENS,2029-07-01,0.006815,0,very_low,baseline
67 AVENUE,QUEENS,2029-08-01,0.006815,0,very_low,baseline
67 AVENUE,QUEENS,2029-09-01,0.007063,0,very_low,baseline
67 AVENUE,QUEENS,2029-10-01,0.003873,0,very_low,baseline
67 AVENUE,QUEENS,2029-11-01,0.003613,0,very_low,baseline
67 AVENUE,QUEENS,2029-12-01,0.003559,0,very_low,baseline
68 ST.-HUNTER COLLEGE,MANHATTAN,2027-01-01,0.000113,0,very_low,baseline
68 ST.-HUNTER COLLEGE,MANHATTAN,2027-02-01,0.000117,0,very_low,baseline
68 ST.-HUNTER COLLEGE,MANHATTAN,2027-03-01,0.000121,0,very_low,baseline
68 ST.-HUNTER COLLEGE,MANHATTAN,2027-04-01,0.00012,0,very_low,baseline
68 ST.-HUNTER COLLEGE,MANHATTAN,2027-05-01,0.000133,0,very_low,baseline
68 ST.-HUNTER COLLEGE,MANHATTAN,2027-06-01,0.000132,0,very_low,baseline
68 ST.-HUNTER COLLEGE,MANHATTAN,2027-07-01,0.000132,0,very_low,baseline
68 ST.-HUNTER COLLEGE,MANHATTAN,2027-08-01,0.000132,0,very_low,baseline
68 ST.-HUNTER COLLEGE,MANHATTAN,2027-09-01,0.000131,0,very_low,baseline
68 ST.-HUNTER COLLEGE,MANHATTAN,2027-10-01,8.4e-05,0,very_low,baseline
68 ST.-HUNTER COLLEGE,MANHATTAN,2027-11-01,8.1e-05,0,very_low,baseline
68 ST.-HUNTER COLLEGE,MANHATTAN,2027-12-01,7.9e-05,0,very_low,baseline
68 ST.-HUNTER COLLEGE,MANHATTAN,2028-01-01,0.000127,0,very_low,baseline
68 ST.-HUNTER COLLEGE,MANHATTAN,2028-02-01,0.000125,0,very_low,baseline
68 ST.-HUNTER COLLEGE,MANHATTAN,2028-03-01,0.000123,0,very_low,baseline
68 ST.-HUNTER COLLEGE,MANHATTAN,2028-04-01,0.000124,0,very_low,baseline
68 ST.-HUNTER COLLEGE,MANHATTAN,2028-05-01,0.000133,0,very_low,baseline
68 ST.-HUNTER COLLEGE,MANHATTAN,2028-06-01,0.000132,0,very_low,baseline
68 ST.-HUNTER COLLEGE,MANHATTAN,2028-07-01,0.000132,0,very_low,baseline
68 ST.-HUNTER COLLEGE,MANHATTAN,2028-08-01,0.000132,0,very_low,baseline
68 ST.-HUNTER COLLEGE,MANHATTAN,2028-09-01,0.000131,0,very_low,baseline
68 ST.-HUNTER COLLEGE,MANHATTAN,2028-10-01,8.4e-05,0,very_low,baseline
68 ST.-HUNTER COLLEGE,MANHATTAN,2028-11-01,8.1e-05,0,very_low,baseline
68 ST.-HUNTER COLLEGE,MANHATTAN,2028-12-01,7.9e-05,0,very_low,baseline
68 ST.-HUNTER COLLEGE,MANHATTAN,2029-01-01,0.000127,0,very_low,baseline
68 ST.-HUNTER COLLEGE,MANHATTAN,2029-02-01,0.000125,0,very_low,baseline
68 ST.-HUNTER COLLEGE,MANHATTAN,2029-03-01,0.000123,0,very_low,baseline
68 ST.-HUNTER COLLEGE,MANHATTAN,2029-04-01,0.000124,0,very_low,baseline
68 ST.-HUNTER COLLEGE,MANHATTAN,2029-05-01,0.000133,0,very_low,baseline
68 ST.-HUNTER COLLEGE,MANHATTAN,2029-06-01,0.000132,0,very_low,baseline
68 ST.-HUNTER COLLEGE,MANHATTAN,2029-07-01,0.000132,0,very_low,baseline
68 ST.-HUNTER COLLEGE,MANHATTAN,2029-08-01,0.000132,0,very_low,baseline
68 ST.-HUNTER COLLEGE,MANHATTAN,2029-09-01,0.000131,0,very_low,baseline
68 ST.-HUNTER COLLEGE,MANHATTAN,2029-10-01,8.4e-05,0,very_low,baseline
68 ST.-HUNTER COLLEGE,MANHATTAN,2029-11-01,8.1e-05,0,very_low,baseline
68 ST.-HUNTER COLLEGE,MANHATTAN,2029-12-01,7.9e-05,0,very_low,baseline
69 STREET,QUEENS,2027-01-01,0.00016,0,very_low,baseline
69 STREET,QUEENS,2027-02-01,0.000149,0,very_low,baseline
69 STREET,QUEENS,2027-03-01,0.000154,0,very_low,baseline
69 STREET,QUEENS,2027-04-01,0.000155,0,very_low,baseline
69 STREET,QUEENS,2027-05-01,0.000144,0,very_low,baseline
69 STREET,QUEENS,2027-06-01,0.000161,0,very_low,baseline
69 STREET,QUEENS,2027-07-01,0.000161,0,very_low,baseline
69 STREET,QUEENS,2027-08-01,0.000161,0,very_low,baseline
69 STREET,QUEENS,2027-09-01,0.000166,0,very_low,baseline
69 STREET,QUEENS,2027-10-01,0.000135,0,very_low,baseline
69 STREET,QUEENS,2027-11-01,0.000127,0,very_low,baseline
69 STREET,QUEENS,2027-12-01,0.000127,0,very_low,baseline
69 STREET,QUEENS,2028-01-01,0.000157,0,very_low,baseline
69 STREET,QUEENS,2028-02-01,0.000156,0,very_low,baseline
69 STREET,QUEENS,2028-03-01,0.000154,0,very_low,baseline
69 STREET,QUEENS,2028-04-01,0.000154,0,very_low,baseline
69 STREET,QUEENS,2028-05-01,0.00016,0,very_low,baseline
69 STREET,QUEENS,2028-06-01,0.000161,0,very_low,baseline
69 STREET,QUEENS,2028-07-01,0.000161,0,very_low,baseline
69 STREET,QUEENS,2028-08-01,0.000161,0,very_low,baseline
69 STREET,QUEENS,2028-09-01,0.000166,0,very_low,baseline
69 STREET,QUEENS,2028-10-01,0.000135,0,very_low,baseline
69 STREET,QUEENS,2028-11-01,0.000127,0,very_low,baseline
69 STREET,QUEENS,2028-12-01,0.000127,0,very_low,baseline
69 STREET,QUEENS,2029-01-01,0.000157,0,very_low,baseline
69 STREET,QUEENS,2029-02-01,0.000156,0,very_low,baseline
69 STREET,QUEENS,2029-03-01,0.000154,0,very_low,baseline
69 STREET,QUEENS,2029-04-01,0.000154,0,very_low,baseline
69 STREET,QUEENS,2029-05-01,0.00016,0,very_low,baseline
69 STREET,QUEENS,2029-06-01,0.000161,0,very_low,baseline
69 STREET,QUEENS,2029-07-01,0.000161,0,very_low,baseline
69 STREET,QUEENS,2029-08-01,0.000161,0,very_low,baseline
69 STREET,QUEENS,2029-09-01,0.000166,0,very_low,baseline
69 STREET,QUEENS,2029-10-01,0.000135,0,very_low,baseline
69 STREET,QUEENS,2029-11-01,0.000127,0,very_low,baseline
69 STREET,QUEENS,2029-12-01,0.000127,0,very_low,baseline
7 AVENUE,MANHATTAN,2027-01-01,0.000113,0,very_low,baseline
7 AVENUE,MANHATTAN,2027-02-01,0.000132,0,very_low,baseline
7 AVENUE,MANHATTAN,2027-03-01,0.000114,0,very_low,baseline
7 AVENUE,MANHATTAN,2027-04-01,0.000168,0,very_low,baseline
7 AVENUE,MANHATTAN,2027-05-01,0.000121,0,very_low,baseline
7 AVENUE,MANHATTAN,2027-06-01,0.000137,0,very_low,baseline
7 AVENUE,MANHATTAN,2027-07-01,0.00014,0,very_low,baseline
7 AVENUE,MANHATTAN,2027-08-01,0.00014,0,very_low,baseline
7 AVENUE,MANHATTAN,2027-09-01,0.000141,0,very_low,baseline
7 AVENUE,MANHATTAN,2027-10-01,0.000101,0,very_low,baseline
7 AVENUE,MANHATTAN,2027-11-01,9.7e-05,0,very_low,baseline
7 AVENUE,MANHATTAN,2027-12-01,9.4e-05,0,very_low,baseline
7 AVENUE,MANHATTAN,2028-01-01,0.000112,0,very_low,baseline
7 AVENUE,MANHATTAN,2028-02-01,0.000122,0,very_low,baseline
7 AVENUE,MANHATTAN,2028-03-01,0.000122,0,very_low,baseline
7 AVENUE,MANHATTAN,2028-04-01,0.000122,0,very_low,baseline
7 AVENUE,MANHATTAN,2028-05-01,0.00013,0,very_low,baseline
7 AVENUE,MANHATTAN,2028-06-01,0.000137,0,very_low,baseline
7 AVENUE,MANHATTAN,2028-07-01,0.00014,0,very_low,baseline
7 AVENUE,MANHATTAN,2028-08-01,0.00014,0,very_low,baseline
7 AVENUE,MANHATTAN,2028-09-01,0.000141,0,very_low,baseline
7 AVENUE,MANHATTAN,2028-10-01,0.000101,0,very_low,baseline
7 AVENUE,MANHATTAN,2028-11-01,9.7e-05,0,very_low,baseline
7 AVENUE,MANHATTAN,2028-12-01,9.4e-05,0,very_low,baseline
7 AVENUE,MANHATTAN,2029-01-01,0.000112,0,very_low,baseline
7 AVENUE,MANHATTAN,2029-02-01,0.000122,0,very_low,baseline
7 AVENUE,MANHATTAN,2029-03-01,0.000122,0,very_low,baseline
7 AVENUE,MANHATTAN,2029-04-01,0.000122,0,very_low,baseline
7 AVENUE,MANHATTAN,2029-05-01,0.00013,0,very_low,baseline
7 AVENUE,MANHATTAN,2029-06-01,0.000137,0,very_low,baseline
7 AVENUE,MANHATTAN,2029-07-01,0.00014,0,very_low,baseline
7 AVENUE,MANHATTAN,2029-08-01,0.00014,0,very_low,baseline
7 AVENUE,MANHATTAN,2029-09-01,0.000141,0,very_low,baseline
7 AVENUE,MANHATTAN,2029-10-01,0.000101,0,very_low,baseline
7 AVENUE,MANHATTAN,2029-11-01,9.7e-05,0,very_low,baseline
7 AVENUE,MANHATTAN,2029-12-01,9.4e-05,0,very_low,baseline
71 AVE.-FOREST HILLS,QUEENS,2027-01-01,0.408629,1,medium,baseline
71 AVE.-FOREST HILLS,QUEENS,2027-02-01,0.404751,1,medium,baseline
71 AVE.-FOREST HILLS,QUEENS,2027-03-01,0.520252,1,medium,baseline
71 AVE.-FOREST HILLS,QUEENS,2027-04-01,0.484809,1,medium,baseline
71 AVE.-FOREST HILLS,QUEENS,2027-05-01,0.457967,1,medium,baseline
71 AVE.-FOREST HILLS,QUEENS,2027-06-01,0.589668,1,medium,baseline
71 AVE.-FOREST HILLS,QUEENS,2027-07-01,0.595783,1,medium,baseline
71 AVE.-FOREST HILLS,QUEENS,2027-08-01,0.594315,1,medium,baseline
71 AVE.-FOREST HILLS,QUEENS,2027-09-01,0.597192,1,medium,baseline
71 AVE.-FOREST HILLS,QUEENS,2027-10-01,0.500139,1,medium,baseline
71 AVE.-FOREST HILLS,QUEENS,2027-11-01,0.514245,1,medium,baseline
71 AVE.-FOREST HILLS,QUEENS,2027-12-01,0.514541,1,medium,baseline
71 AVE.-FOREST HILLS,QUEENS,2028-01-01,0.599803,1,medium,baseline
71 AVE.-FOREST HILLS,QUEENS,2028-02-01,0.599803,1,medium,baseline
71 AVE.-FOREST HILLS,QUEENS,2028-03-01,0.599803,1,medium,baseline
71 AVE.-FOREST HILLS,QUEENS,2028-04-01,0.599803,1,medium,baseline
71 AVE.-FOREST HILLS,QUEENS,2028-05-01,0.599803,1,medium,baseline
71 AVE.-FOREST HILLS,QUEENS,2028-06-01,0.607578,1,high,baseline
71 AVE.-FOREST HILLS,QUEENS,2028-07-01,0.607578,1,high,baseline
71 AVE.-FOREST HILLS,QUEENS,2028-08-01,0.606124,1,high,baseline
71 AVE.-FOREST HILLS,QUEENS,2028-09-01,0.597192,1,medium,baseline
71 AVE.-FOREST HILLS,QUEENS,2028-10-01,0.500139,1,medium,baseline
71 AVE.-FOREST HILLS,QUEENS,2028-11-01,0.514245,1,medium,baseline
71 AVE.-FOREST HILLS,QUEENS,2028-12-01,0.514541,1,medium,baseline
71 AVE.-FOREST HILLS,QUEENS,2029-01-01,0.599803,1,medium,baseline
71 AVE.-FOREST HILLS,QUEENS,2029-02-01,0.599803,1,medium,baseline
71 AVE.-FOREST HILLS,QUEENS,2029-03-01,0.599803,1,medium,baseline
71 AVE.-FOREST HILLS,QUEENS,2029-04-01,0.599803,1,medium,baseline
71 AVE.-FOREST HILLS,QUEENS,2029-05-01,0.599803,1,medium,baseline
71 AVE.-FOREST HILLS,QUEENS,2029-06-01,0.607578,1,high,baseline
71 AVE.-FOREST HILLS,QUEENS,2029-07-01,0.607578,1,high,baseline
71 AVE.-FOREST HILLS,QUEENS,2029-08-01,0.606124,1,high,baseline
71 AVE.-FOREST HILLS,QUEENS,2029-09-01,0.597192,1,medium,baseline
71 AVE.-FOREST HILLS,QUEENS,2029-10-01,0.500139,1,medium,baseline
71 AVE.-FOREST HILLS,QUEENS,2029-11-01,0.514245,1,medium,baseline
71 AVE.-FOREST HILLS,QUEENS,2029-12-01,0.514541,1,medium,baseline
71 STREET,BROOKLYN,2027-01-01,0.000107,0,very_low,baseline
71 STREET,BROOKLYN,2027-02-01,0.000103,0,very_low,baseline
71 STREET,BROOKLYN,2027-03-01,0.00011,0,very_low,baseline
71 STREET,BROOKLYN,2027-04-01,0.0001,0,very_low,baseline
71 STREET,BROOKLYN,2027-05-01,0.000115,0,very_low,baseline
71 STREET,BROOKLYN,2027-06-01,0.000115,0,very_low,baseline
71 STREET,BROOKLYN,2027-07-01,0.000115,0,very_low,baseline
71 STREET,BROOKLYN,2027-08-01,0.000115,0,very_low,baseline
71 STREET,BROOKLYN,2027-09-01,0.000119,0,very_low,baseline
71 STREET,BROOKLYN,2027-10-01,9.9e-05,0,very_low,baseline
71 STREET,BROOKLYN,2027-11-01,9.3e-05,0,very_low,baseline
71 STREET,BROOKLYN,2027-12-01,9.6e-05,0,very_low,baseline
71 STREET,BROOKLYN,2028-01-01,0.000113,0,very_low,baseline
71 STREET,BROOKLYN,2028-02-01,0.000112,0,very_low,baseline
71 STREET,BROOKLYN,2028-03-01,0.00011,0,very_low,baseline
71 STREET,BROOKLYN,2028-04-01,0.00011,0,very_low,baseline
71 STREET,BROOKLYN,2028-05-01,0.000115,0,very_low,baseline
71 STREET,BROOKLYN,2028-06-01,0.000115,0,very_low,baseline
71 STREET,BROOKLYN,2028-07-01,0.000115,0,very_low,baseline
71 STREET,BROOKLYN,2028-08-01,0.000115,0,very_low,baseline
71 STREET,BROOKLYN,2028-09-01,0.000119,0,very_low,baseline
71 STREET,BROOKLYN,2028-10-01,9.9e-05,0,very_low,baseline
71 STREET,BROOKLYN,2028-11-01,9.3e-05,0,very_low,baseline
71 STREET,BROOKLYN,2028-12-01,9.6e-05,0,very_low,baseline
71 STREET,BROOKLYN,2029-01-01,0.000113,0,very_low,baseline
71 STREET,BROOKLYN,2029-02-01,0.000112,0,very_low,baseline
71 STREET,BROOKLYN,2029-03-01,0.00011,0,very_low,baseline
71 STREET,BROOKLYN,2029-04-01,0.00011,0,very_low,baseline
71 STREET,BROOKLYN,2029-05-01,0.000115,0,very_low,baseline
71 STREET,BROOKLYN,2029-06-01,0.000115,0,very_low,baseline
71 STREET,BROOKLYN,2029-07-01,0.000115,0,very_low,baseline
71 STREET,BROOKLYN,2029-08-01,0.000115,0,very_low,baseline
71 STREET,BROOKLYN,2029-09-01,0.000119,0,very_low,baseline
71 STREET,BROOKLYN,2029-10-01,9.9e-05,0,very_low,baseline
71 STREET,BROOKLYN,2029-11-01,9.3e-05,0,very_low,baseline
71 STREET,BROOKLYN,2029-12-01,9.6e-05,0,very_low,baseline
72 STREET,MANHATTAN,2027-01-01,0.000121,0,very_low,baseline
72 STREET,MANHATTAN,2027-02-01,0.000179,0,very_low,baseline
72 STREET,MANHATTAN,2027-03-01,0.000166,0,very_low,baseline
72 STREET,MANHATTAN,2027-04-01,0.00016,0,very_low,baseline
72 STREET,MANHATTAN,2027-05-01,0.000169,0,very_low,baseline
72 STREET,MANHATTAN,2027-06-01,0.000156,0,very_low,baseline
72 STREET,MANHATTAN,2027-07-01,0.000156,0,very_low,baseline
72 STREET,MANHATTAN,2027-08-01,0.000156,0,very_low,baseline
72 STREET,MANHATTAN,2027-09-01,0.000152,0,very_low,baseline
72 STREET,MANHATTAN,2027-10-01,0.000125,0,very_low,baseline
72 STREET,MANHATTAN,2027-11-01,0.000122,0,very_low,baseline
72 STREET,MANHATTAN,2027-12-01,0.000119,0,very_low,baseline
72 STREET,MANHATTAN,2028-01-01,0.000129,0,very_low,baseline
72 STREET,MANHATTAN,2028-02-01,0.00014,0,very_low,baseline
72 STREET,MANHATTAN,2028-03-01,0.000142,0,very_low,baseline
72 STREET,MANHATTAN,2028-04-01,0.000142,0,very_low,baseline
72 STREET,MANHATTAN,2028-05-01,0.000152,0,very_low,baseline
72 STREET,MANHATTAN,2028-06-01,0.000156,0,very_low,baseline
72 STREET,MANHATTAN,2028-07-01,0.000156,0,very_low,baseline
72 STREET,MANHATTAN,2028-08-01,0.000156,0,very_low,baseline
72 STREET,MANHATTAN,2028-09-01,0.000152,0,very_low,baseline
72 STREET,MANHATTAN,2028-10-01,0.000125,0,very_low,baseline
72 STREET,MANHATTAN,2028-11-01,0.000122,0,very_low,baseline
72 STREET,MANHATTAN,2028-12-01,0.000119,0,very_low,baseline
72 STREET,MANHATTAN,2029-01-01,0.000129,0,very_low,baseline
72 STREET,MANHATTAN,2029-02-01,0.00014,0,very_low,baseline
72 STREET,MANHATTAN,2029-03-01,0.000142,0,very_low,baseline
72 STREET,MANHATTAN,2029-04-01,0.000142,0,very_low,baseline
72 STREET,MANHATTAN,2029-05-01,0.000152,0,very_low,baseline
72 STREET,MANHATTAN,2029-06-01,0.000156,0,very_low,baseline
72 STREET,MANHATTAN,2029-07-01,0.000156,0,very_low,baseline
72 STREET,MANHATTAN,2029-08-01,0.000156,0,very_low,baseline
72 STREET,MANHATTAN,2029-09-01,0.000152,0,very_low,baseline
72 STREET,MANHATTAN,2029-10-01,0.000125,0,very_low,baseline
72 STREET,MANHATTAN,2029-11-01,0.000122,0,very_low,baseline
72 STREET,MANHATTAN,2029-12-01,0.000119,0,very_low,baseline
72ND STREET,MANHATTAN,2027-01-01,5.5e-05,0,very_low,baseline
72ND STREET,MANHATTAN,2027-02-01,6.2e-05,0,very_low,baseline
72ND STREET,MANHATTAN,2027-03-01,6e-05,0,very_low,baseline
72ND STREET,MANHATTAN,2027-04-01,6e-05,0,very_low,baseline
72ND STREET,MANHATTAN,2027-05-01,6.3e-05,0,very_low,baseline
72ND STREET,MANHATTAN,2027-06-01,6.3e-05,0,very_low,baseline
72ND STREET,MANHATTAN,2027-07-01,6.3e-05,0,very_low,baseline
72ND STREET,MANHATTAN,2027-08-01,6.3e-05,0,very_low,baseline
72ND STREET,MANHATTAN,2027-09-01,6.7e-05,0,very_low,baseline
72ND STREET,MANHATTAN,2027-10-01,6e-05,0,very_low,baseline
72ND STREET,MANHATTAN,2027-11-01,5.7e-05,0,very_low,baseline
72ND STREET,MANHATTAN,2027-12-01,5.7e-05,0,very_low,baseline
72ND STREET,MANHATTAN,2028-01-01,6.3e-05,0,very_low,baseline
72ND STREET,MANHATTAN,2028-02-01,6.2e-05,0,very_low,baseline
72ND STREET,MANHATTAN,2028-03-01,6e-05,0,very_low,baseline
72ND STREET,MANHATTAN,2028-04-01,6e-05,0,very_low,baseline
72ND STREET,MANHATTAN,2028-05-01,6.3e-05,0,very_low,baseline
72ND STREET,MANHATTAN,2028-06-01,6.3e-05,0,very_low,baseline
72ND STREET,MANHATTAN,2028-07-01,6.3e-05,0,very_low,baseline
72ND STREET,MANHATTAN,2028-08-01,6.3e-05,0,very_low,baseline
72ND STREET,MANHATTAN,2028-09-01,6.7e-05,0,very_low,baseline
72ND STREET,MANHATTAN,2028-10-01,6e-05,0,very_low,baseline
72ND STREET,MANHATTAN,2028-11-01,5.7e-05,0,very_low,baseline
72ND STREET,MANHATTAN,2028-12-01,5.7e-05,0,very_low,baseline
72ND STREET,MANHATTAN,2029-01-01,6.3e-05,0,very_low,baseline
72ND STREET,MANHATTAN,2029-02-01,6.2e-05,0,very_low,baseline
72ND STREET,MANHATTAN,2029-03-01,6e-05,0,very_low,baseline
72ND STREET,MANHATTAN,2029-04-01,6e-05,0,very_low,baseline
72ND STREET,MANHATTAN,2029-05-01,6.3e-05,0,very_low,baseline
72ND STREET,MANHATTAN,2029-06-01,6.3e-05,0,very_low,baseline
72ND STREET,MANHATTAN,2029-07-01,6.3e-05,0,very_low,baseline
72ND STREET,MANHATTAN,2029-08-01,6.3e-05,0,very_low,baseline
72ND STREET,MANHATTAN,2029-09-01,6.7e-05,0,very_low,baseline
72ND STREET,MANHATTAN,2029-10-01,6e-05,0,very_low,baseline
72ND STREET,MANHATTAN,2029-11-01,5.7e-05,0,very_low,baseline
72ND STREET,MANHATTAN,2029-12-01,5.7e-05,0,very_low,baseline
74 ST.-BROADWAY,QUEENS,2027-01-01,0.918101,1,very_high,baseline
74 ST.-BROADWAY,QUEENS,2027-02-01,0.957867,1,very_high,baseline
74 ST.-BROADWAY,QUEENS,2027-03-01,0.971333,1,very_high,baseline
74 ST.-BROADWAY,QUEENS,2027-04-01,0.969138,1,very_high,baseline
74 ST.-BROADWAY,QUEENS,2027-05-01,0.936886,1,very_high,baseline
74 ST.-BROADWAY,QUEENS,2027-06-01,0.969014,1,very_high,baseline
74 ST.-BROADWAY,QUEENS,2027-07-01,0.969014,1,very_high,baseline
74 ST.-BROADWAY,QUEENS,2027-08-01,0.969014,1,very_high,baseline
74 ST.-BROADWAY,QUEENS,2027-09-01,0.968739,1,very_high,baseline
74 ST.-BROADWAY,QUEENS,2027-10-01,0.969183,1,very_high,baseline
74 ST.-BROADWAY,QUEENS,2027-11-01,0.969428,1,very_high,baseline
74 ST.-BROADWAY,QUEENS,2027-12-01,0.969428,1,very_high,baseline
74 ST.-BROADWAY,QUEENS,2028-01-01,0.968074,1,very_high,baseline
74 ST.-BROADWAY,QUEENS,2028-02-01,0.968074,1,very_high,baseline
74 ST.-BROADWAY,QUEENS,2028-03-01,0.968074,1,very_high,baseline
74 ST.-BROADWAY,QUEENS,2028-04-01,0.969058,1,very_high,baseline
74 ST.-BROADWAY,QUEENS,2028-05-01,0.969014,1,very_high,baseline
74 ST.-BROADWAY,QUEENS,2028-06-01,0.969014,1,very_high,baseline
74 ST.-BROADWAY,QUEENS,2028-07-01,0.969014,1,very_high,baseline
74 ST.-BROADWAY,QUEENS,2028-08-01,0.969014,1,very_high,baseline
74 ST.-BROADWAY,QUEENS,2028-09-01,0.968739,1,very_high,baseline
74 ST.-BROADWAY,QUEENS,2028-10-01,0.969183,1,very_high,baseline
74 ST.-BROADWAY,QUEENS,2028-11-01,0.969428,1,very_high,baseline
74 ST.-BROADWAY,QUEENS,2028-12-01,0.969428,1,very_high,baseline
74 ST.-BROADWAY,QUEENS,2029-01-01,0.968074,1,very_high,baseline
74 ST.-BROADWAY,QUEENS,2029-02-01,0.968074,1,very_high,baseline
74 ST.-BROADWAY,QUEENS,2029-03-01,0.968074,1,very_high,baseline
74 ST.-BROADWAY,QUEENS,2029-04-01,0.969058,1,very_high,baseline
74 ST.-BROADWAY,QUEENS,2029-05-01,0.969014,1,very_high,baseline
74 ST.-BROADWAY,QUEENS,2029-06-01,0.969014,1,very_high,baseline
74 ST.-BROADWAY,QUEENS,2029-07-01,0.969014,1,very_high,baseline
74 ST.-BROADWAY,QUEENS,2029-08-01,0.969014,1,very_high,baseline
74 ST.-BROADWAY,QUEENS,2029-09-01,0.968739,1,very_high,baseline
74 ST.-BROADWAY,QUEENS,2029-10-01,0.969183,1,very_high,baseline
74 ST.-BROADWAY,QUEENS,2029-11-01,0.969428,1,very_high,baseline
74 ST.-BROADWAY,QUEENS,2029-12-01,0.969428,1,very_high,baseline
75 AVENUE,QUEENS,2027-01-01,0.004044,0,very_low,baseline
75 AVENUE,QUEENS,2027-02-01,0.001608,0,very_low,baseline
75 AVENUE,QUEENS,2027-03-01,0.001204,0,very_low,baseline
75 AVENUE,QUEENS,2027-04-01,0.001158,0,very_low,baseline
75 AVENUE,QUEENS,2027-05-01,0.001273,0,very_low,baseline
75 AVENUE,QUEENS,2027-06-01,0.001718,0,very_low,baseline
75 AVENUE,QUEENS,2027-07-01,0.001718,0,very_low,baseline
75 AVENUE,QUEENS,2027-08-01,0.001718,0,very_low,baseline
75 AVENUE,QUEENS,2027-09-01,0.00175,0,very_low,baseline
75 AVENUE,QUEENS,2027-10-01,0.001183,0,very_low,baseline
75 AVENUE,QUEENS,2027-11-01,0.001085,0,very_low,baseline
75 AVENUE,QUEENS,2027-12-01,0.001115,0,very_low,baseline
75 AVENUE,QUEENS,2028-01-01,0.001678,0,very_low,baseline
75 AVENUE,QUEENS,2028-02-01,0.001677,0,very_low,baseline
75 AVENUE,QUEENS,2028-03-01,0.001695,0,very_low,baseline
75 AVENUE,QUEENS,2028-04-01,0.001695,0,very_low,baseline
75 AVENUE,QUEENS,2028-05-01,0.001761,0,very_low,baseline
75 AVENUE,QUEENS,2028-06-01,0.001718,0,very_low,baseline
75 AVENUE,QUEENS,2028-07-01,0.001718,0,very_low,baseline
75 AVENUE,QUEENS,2028-08-01,0.001718,0,very_low,baseline
75 AVENUE,QUEENS,2028-09-01,0.00175,0,very_low,baseline
75 AVENUE,QUEENS,2028-10-01,0.001183,0,very_low,baseline
75 AVENUE,QUEENS,2028-11-01,0.001085,0,very_low,baseline
75 AVENUE,QUEENS,2028-12-01,0.001115,0,very_low,baseline
75 AVENUE,QUEENS,2029-01-01,0.001678,0,very_low,baseline
75 AVENUE,QUEENS,2029-02-01,0.001677,0,very_low,baseline
75 AVENUE,QUEENS,2029-03-01,0.001695,0,very_low,baseline
75 AVENUE,QUEENS,2029-04-01,0.001695,0,very_low,baseline
75 AVENUE,QUEENS,2029-05-01,0.001761,0,very_low,baseline
75 AVENUE,QUEENS,2029-06-01,0.001718,0,very_low,baseline
75 AVENUE,QUEENS,2029-07-01,0.001718,0,very_low,baseline
75 AVENUE,QUEENS,2029-08-01,0.001718,0,very_low,baseline
75 AVENUE,QUEENS,2029-09-01,0.00175,0,very_low,baseline
75 AVENUE,QUEENS,2029-10-01,0.001183,0,very_low,baseline
75 AVENUE,QUEENS,2029-11-01,0.001085,0,very_low,baseline
75 AVENUE,QUEENS,2029-12-01,0.001115,0,very_low,baseline
75 ST.-ELDERTS LANE,QUEENS,2027-01-01,0.00014,0,very_low,baseline
75 ST.-ELDERTS LANE,QUEENS,2027-02-01,0.000155,0,very_low,baseline
75 ST.-ELDERTS LANE,QUEENS,2027-03-01,0.000165,0,very_low,baseline
75 ST.-ELDERTS LANE,QUEENS,2027-04-01,0.000152,0,very_low,baseline
75 ST.-ELDERTS LANE,QUEENS,2027-05-01,0.00017,0,very_low,baseline
75 ST.-ELDERTS LANE,QUEENS,2027-06-01,0.000171,0,very_low,baseline
75 ST.-ELDERTS LANE,QUEENS,2027-07-01,0.000171,0,very_low,baseline
75 ST.-ELDERTS LANE,QUEENS,2027-08-01,0.000171,0,very_low,baseline
75 ST.-ELDERTS LANE,QUEENS,2027-09-01,0.000179,0,very_low,baseline
75 ST.-ELDERTS LANE,QUEENS,2027-10-01,0.000145,0,very_low,baseline
75 ST.-ELDERTS LANE,QUEENS,2027-11-01,0.000136,0,very_low,baseline
75 ST.-ELDERTS LANE,QUEENS,2027-12-01,0.000136,0,very_low,baseline
75 ST.-ELDERTS LANE,QUEENS,2028-01-01,0.000168,0,very_low,baseline
75 ST.-ELDERTS LANE,QUEENS,2028-02-01,0.000167,0,very_low,baseline
75 ST.-ELDERTS LANE,QUEENS,2028-03-01,0.000164,0,very_low,baseline
75 ST.-ELDERTS LANE,QUEENS,2028-04-01,0.000164,0,very_low,baseline
75 ST.-ELDERTS LANE,QUEENS,2028-05-01,0.00017,0,very_low,baseline
75 ST.-ELDERTS LANE,QUEENS,2028-06-01,0.000171,0,very_low,baseline
75 ST.-ELDERTS LANE,QUEENS,2028-07-01,0.000171,0,very_low,baseline
75 ST.-ELDERTS LANE,QUEENS,2028-08-01,0.000171,0,very_low,baseline
75 ST.-ELDERTS LANE,QUEENS,2028-09-01,0.000179,0,very_low,baseline
75 ST.-ELDERTS LANE,QUEENS,2028-10-01,0.000145,0,very_low,baseline
75 ST.-ELDERTS LANE,QUEENS,2028-11-01,0.000136,0,very_low,baseline
75 ST.-ELDERTS LANE,QUEENS,2028-12-01,0.000136,0,very_low,baseline
75 ST.-ELDERTS LANE,QUEENS,2029-01-01,0.000168,0,very_low,baseline
75 ST.-ELDERTS LANE,QUEENS,2029-02-01,0.000167,0,very_low,baseline
75 ST.-ELDERTS LANE,QUEENS,2029-03-01,0.000164,0,very_low,baseline
75 ST.-ELDERTS LANE,QUEENS,2029-04-01,0.000164,0,very_low,baseline
75 ST.-ELDERTS LANE,QUEENS,2029-05-01,0.00017,0,very_low,baseline
75 ST.-ELDERTS LANE,QUEENS,2029-06-01,0.000171,0,very_low,baseline
75 ST.-ELDERTS LANE,QUEENS,2029-07-01,0.000171,0,very_low,baseline
75 ST.-ELDERTS LANE,QUEENS,2029-08-01,0.000171,0,very_low,baseline
75 ST.-ELDERTS LANE,QUEENS,2029-09-01,0.000179,0,very_low,baseline
75 ST.-ELDERTS LANE,QUEENS,2029-10-01,0.000145,0,very_low,baseline
75 ST.-ELDERTS LANE,QUEENS,2029-11-01,0.000136,0,very_low,baseline
75 ST.-ELDERTS LANE,QUEENS,2029-12-01,0.000136,0,very_low,baseline
77 STREET,MANHATTAN,2027-01-01,7.5e-05,0,very_low,baseline
77 STREET,MANHATTAN,2027-02-01,8.3e-05,0,very_low,baseline
77 STREET,MANHATTAN,2027-03-01,8.5e-05,0,very_low,baseline
77 STREET,MANHATTAN,2027-04-01,6.4e-05,0,very_low,baseline
77 STREET,MANHATTAN,2027-05-01,0.000104,0,very_low,baseline
77 STREET,MANHATTAN,2027-06-01,8.4e-05,0,very_low,baseline
77 STREET,MANHATTAN,2027-07-01,8.4e-05,0,very_low,baseline
77 STREET,MANHATTAN,2027-08-01,8.4e-05,0,very_low,baseline
77 STREET,MANHATTAN,2027-09-01,8.5e-05,0,very_low,baseline
77 STREET,MANHATTAN,2027-10-01,6.4e-05,0,very_low,baseline
77 STREET,MANHATTAN,2027-11-01,6.1e-05,0,very_low,baseline
77 STREET,MANHATTAN,2027-12-01,6e-05,0,very_low,baseline
77 STREET,MANHATTAN,2028-01-01,8e-05,0,very_low,baseline
77 STREET,MANHATTAN,2028-02-01,7.9e-05,0,very_low,baseline
77 STREET,MANHATTAN,2028-03-01,7.6e-05,0,very_low,baseline
77 STREET,MANHATTAN,2028-04-01,7.7e-05,0,very_low,baseline
77 STREET,MANHATTAN,2028-05-01,8.2e-05,0,very_low,baseline
77 STREET,MANHATTAN,2028-06-01,8.4e-05,0,very_low,baseline
77 STREET,MANHATTAN,2028-07-01,8.4e-05,0,very_low,baseline
77 STREET,MANHATTAN,2028-08-01,8.4e-05,0,very_low,baseline
77 STREET,MANHATTAN,2028-09-01,8.5e-05,0,very_low,baseline
77 STREET,MANHATTAN,2028-10-01,6.4e-05,0,very_low,baseline
77 STREET,MANHATTAN,2028-11-01,6.1e-05,0,very_low,baseline
77 STREET,MANHATTAN,2028-12-01,6e-05,0,very_low,baseline
77 STREET,MANHATTAN,2029-01-01,8e-05,0,very_low,baseline
77 STREET,MANHATTAN,2029-02-01,7.9e-05,0,very_low,baseline
77 STREET,MANHATTAN,2029-03-01,7.6e-05,0,very_low,baseline
77 STREET,MANHATTAN,2029-04-01,7.7e-05,0,very_low,baseline
77 STREET,MANHATTAN,2029-05-01,8.2e-05,0,very_low,baseline
77 STREET,MANHATTAN,2029-06-01,8.4e-05,0,very_low,baseline
77 STREET,MANHATTAN,2029-07-01,8.4e-05,0,very_low,baseline
77 STREET,MANHATTAN,2029-08-01,8.4e-05,0,very_low,baseline
77 STREET,MANHATTAN,2029-09-01,8.5e-05,0,very_low,baseline
77 STREET,MANHATTAN,2029-10-01,6.4e-05,0,very_low,baseline
77 STREET,MANHATTAN,2029-11-01,6.1e-05,0,very_low,baseline
77 STREET,MANHATTAN,2029-12-01,6e-05,0,very_low,baseline
79 STREET,MANHATTAN,2027-01-01,0.000181,0,very_low,baseline
79 STREET,MANHATTAN,2027-02-01,0.000142,0,very_low,baseline
79 STREET,MANHATTAN,2027-03-01,0.000176,0,very_low,baseline
79 STREET,MANHATTAN,2027-04-01,0.000174,0,very_low,baseline
79 STREET,MANHATTAN,2027-05-01,0.000257,0,very_low,baseline
79 STREET,MANHATTAN,2027-06-01,0.000171,0,very_low,baseline
79 STREET,MANHATTAN,2027-07-01,0.000171,0,very_low,baseline
79 STREET,MANHATTAN,2027-08-01,0.000171,0,very_low,baseline
79 STREET,MANHATTAN,2027-09-01,0.000168,0,very_low,baseline
79 STREET,MANHATTAN,2027-10-01,0.000108,0,very_low,baseline
79 STREET,MANHATTAN,2027-11-01,0.000103,0,very_low,baseline
79 STREET,MANHATTAN,2027-12-01,0.000102,0,very_low,baseline
79 STREET,MANHATTAN,2028-01-01,0.000154,0,very_low,baseline
79 STREET,MANHATTAN,2028-02-01,0.000153,0,very_low,baseline
79 STREET,MANHATTAN,2028-03-01,0.000154,0,very_low,baseline
79 STREET,MANHATTAN,2028-04-01,0.000157,0,very_low,baseline
79 STREET,MANHATTAN,2028-05-01,0.000168,0,very_low,baseline
79 STREET,MANHATTAN,2028-06-01,0.000171,0,very_low,baseline
79 STREET,MANHATTAN,2028-07-01,0.000171,0,very_low,baseline
79 STREET,MANHATTAN,2028-08-01,0.000171,0,very_low,baseline
79 STREET,MANHATTAN,2028-09-01,0.000168,0,very_low,baseline
79 STREET,MANHATTAN,2028-10-01,0.000108,0,very_low,baseline
79 STREET,MANHATTAN,2028-11-01,0.000103,0,very_low,baseline
79 STREET,MANHATTAN,2028-12-01,0.000102,0,very_low,baseline
79 STREET,MANHATTAN,2029-01-01,0.000154,0,very_low,baseline
79 STREET,MANHATTAN,2029-02-01,0.000153,0,very_low,baseline
79 STREET,MANHATTAN,2029-03-01,0.000154,0,very_low,baseline
79 STREET,MANHATTAN,2029-04-01,0.000157,0,very_low,baseline
79 STREET,MANHATTAN,2029-05-01,0.000168,0,very_low,baseline
79 STREET,MANHATTAN,2029-06-01,0.000171,0,very_low,baseline
79 STREET,MANHATTAN,2029-07-01,0.000171,0,very_low,baseline
79 STREET,MANHATTAN,2029-08-01,0.000171,0,very_low,baseline
79 STREET,MANHATTAN,2029-09-01,0.000168,0,very_low,baseline
79 STREET,MANHATTAN,2029-10-01,0.000108,0,very_low,baseline
79 STREET,MANHATTAN,2029-11-01,0.000103,0,very_low,baseline
79 STREET,MANHATTAN,2029-12-01,0.000102,0,very_low,baseline
7TH AVENUE,BROOKLYN,2027-01-01,6.1e-05,0,very_low,baseline
7TH AVENUE,BROOKLYN,2027-02-01,6.2e-05,0,very_low,baseline
7TH AVENUE,BROOKLYN,2027-03-01,7.5e-05,0,very_low,baseline
7TH AVENUE,BROOKLYN,2027-04-01,7.5e-05,0,very_low,baseline
7TH AVENUE,BROOKLYN,2027-05-01,7.8e-05,0,very_low,baseline
7TH AVENUE,BROOKLYN,2027-06-01,7.8e-05,0,very_low,baseline
7TH AVENUE,BROOKLYN,2027-07-01,7.8e-05,0,very_low,baseline
7TH AVENUE,BROOKLYN,2027-08-01,7.8e-05,0,very_low,baseline
7TH AVENUE,BROOKLYN,2027-09-01,8.2e-05,0,very_low,baseline
7TH AVENUE,BROOKLYN,2027-10-01,7.3e-05,0,very_low,baseline
7TH AVENUE,BROOKLYN,2027-11-01,6.8e-05,0,very_low,baseline
7TH AVENUE,BROOKLYN,2027-12-01,7e-05,0,very_low,baseline
7TH AVENUE,BROOKLYN,2028-01-01,7.7e-05,0,very_low,baseline
7TH AVENUE,BROOKLYN,2028-02-01,7.6e-05,0,very_low,baseline
7TH AVENUE,BROOKLYN,2028-03-01,7.5e-05,0,very_low,baseline
7TH AVENUE,BROOKLYN,2028-04-01,7.5e-05,0,very_low,baseline
7TH AVENUE,BROOKLYN,2028-05-01,7.8e-05,0,very_low,baseline
7TH AVENUE,BROOKLYN,2028-06-01,7.8e-05,0,very_low,baseline
7TH AVENUE,BROOKLYN,2028-07-01,7.8e-05,0,very_low,baseline
7TH AVENUE,BROOKLYN,2028-08-01,7.8e-05,0,very_low,baseline
7TH AVENUE,BROOKLYN,2028-09-01,8.2e-05,0,very_low,baseline
7TH AVENUE,BROOKLYN,2028-10-01,7.3e-05,0,very_low,baseline
7TH AVENUE,BROOKLYN,2028-11-01,6.8e-05,0,very_low,baseline
7TH AVENUE,BROOKLYN,2028-12-01,7e-05,0,very_low,baseline
7TH AVENUE,BROOKLYN,2029-01-01,7.7e-05,0,very_low,baseline
7TH AVENUE,BROOKLYN,2029-02-01,7.6e-05,0,very_low,baseline
7TH AVENUE,BROOKLYN,2029-03-01,7.5e-05,0,very_low,baseline
7TH AVENUE,BROOKLYN,2029-04-01,7.5e-05,0,very_low,baseline
7TH AVENUE,BROOKLYN,2029-05-01,7.8e-05,0,very_low,baseline
7TH AVENUE,BROOKLYN,2029-06-01,7.8e-05,0,very_low,baseline
7TH AVENUE,BROOKLYN,2029-07-01,7.8e-05,0,very_low,baseline
7TH AVENUE,BROOKLYN,2029-08-01,7.8e-05,0,very_low,baseline
7TH AVENUE,BROOKLYN,2029-09-01,8.2e-05,0,very_low,baseline
7TH AVENUE,BROOKLYN,2029-10-01,7.3e-05,0,very_low,baseline
7TH AVENUE,BROOKLYN,2029-11-01,6.8e-05,0,very_low,baseline
7TH AVENUE,BROOKLYN,2029-12-01,7e-05,0,very_low,baseline
8 AVENUE,MANHATTAN,2027-01-01,0.000228,0,very_low,baseline
8 AVENUE,MANHATTAN,2027-02-01,0.000259,0,very_low,baseline
8 AVENUE,MANHATTAN,2027-03-01,0.000297,0,very_low,baseline
8 AVENUE,MANHATTAN,2027-04-01,0.000263,0,very_low,baseline
8 AVENUE,MANHATTAN,2027-05-01,0.000246,0,very_low,baseline
8 AVENUE,MANHATTAN,2027-06-01,0.000248,0,very_low,baseline
8 AVENUE,MANHATTAN,2027-07-01,0.000248,0,very_low,baseline
8 AVENUE,MANHATTAN,2027-08-01,0.000248,0,very_low,baseline
8 AVENUE,MANHATTAN,2027-09-01,0.000247,0,very_low,baseline
8 AVENUE,MANHATTAN,2027-10-01,0.000154,0,very_low,baseline
8 AVENUE,MANHATTAN,2027-11-01,0.000147,0,very_low,baseline
8 AVENUE,MANHATTAN,2027-12-01,0.000145,0,very_low,baseline
8 AVENUE,MANHATTAN,2028-01-01,0.000233,0,very_low,baseline
8 AVENUE,MANHATTAN,2028-02-01,0.000233,0,very_low,baseline
8 AVENUE,MANHATTAN,2028-03-01,0.000225,0,very_low,baseline
8 AVENUE,MANHATTAN,2028-04-01,0.000227,0,very_low,baseline
8 AVENUE,MANHATTAN,2028-05-01,0.000243,0,very_low,baseline
8 AVENUE,MANHATTAN,2028-06-01,0.000248,0,very_low,baseline
8 AVENUE,MANHATTAN,2028-07-01,0.000248,0,very_low,baseline
8 AVENUE,MANHATTAN,2028-08-01,0.000248,0,very_low,baseline
8 AVENUE,MANHATTAN,2028-09-01,0.000247,0,very_low,baseline
8 AVENUE,MANHATTAN,2028-10-01,0.000154,0,very_low,baseline
8 AVENUE,MANHATTAN,2028-11-01,0.000147,0,very_low,baseline
8 AVENUE,MANHATTAN,2028-12-01,0.000145,0,very_low,baseline
8 AVENUE,MANHATTAN,2029-01-01,0.000233,0,very_low,baseline
8 AVENUE,MANHATTAN,2029-02-01,0.000233,0,very_low,baseline
8 AVENUE,MANHATTAN,2029-03-01,0.000225,0,very_low,baseline
8 AVENUE,MANHATTAN,2029-04-01,0.000227,0,very_low,baseline
8 AVENUE,MANHATTAN,2029-05-01,0.000243,0,very_low,baseline
8 AVENUE,MANHATTAN,2029-06-01,0.000248,0,very_low,baseline
8 AVENUE,MANHATTAN,2029-07-01,0.000248,0,very_low,baseline
8 AVENUE,MANHATTAN,2029-08-01,0.000248,0,very_low,baseline
8 AVENUE,MANHATTAN,2029-09-01,0.000247,0,very_low,baseline
8 AVENUE,MANHATTAN,2029-10-01,0.000154,0,very_low,baseline
8 AVENUE,MANHATTAN,2029-11-01,0.000147,0,very_low,baseline
8 AVENUE,MANHATTAN,2029-12-01,0.000145,0,very_low,baseline
8 ST.-NYU,MANHATTAN,2027-01-01,8.3e-05,0,very_low,baseline
8 ST.-NYU,MANHATTAN,2027-02-01,7.4e-05,0,very_low,baseline
8 ST.-NYU,MANHATTAN,2027-03-01,7.8e-05,0,very_low,baseline
8 ST.-NYU,MANHATTAN,2027-04-01,7.8e-05,0,very_low,baseline
8 ST.-NYU,MANHATTAN,2027-05-01,8.1e-05,0,very_low,baseline
8 ST.-NYU,MANHATTAN,2027-06-01,8.2e-05,0,very_low,baseline
8 ST.-NYU,MANHATTAN,2027-07-01,8.2e-05,0,very_low,baseline
8 ST.-NYU,MANHATTAN,2027-08-01,8.2e-05,0,very_low,baseline
8 ST.-NYU,MANHATTAN,2027-09-01,8.6e-05,0,very_low,baseline
8 ST.-NYU,MANHATTAN,2027-10-01,7.7e-05,0,very_low,baseline
8 ST.-NYU,MANHATTAN,2027-11-01,7.2e-05,0,very_low,baseline
8 ST.-NYU,MANHATTAN,2027-12-01,7.2e-05,0,very_low,baseline
8 ST.-NYU,MANHATTAN,2028-01-01,8.1e-05,0,very_low,baseline
8 ST.-NYU,MANHATTAN,2028-02-01,8e-05,0,very_low,baseline
8 ST.-NYU,MANHATTAN,2028-03-01,7.8e-05,0,very_low,baseline
8 ST.-NYU,MANHATTAN,2028-04-01,7.8e-05,0,very_low,baseline
8 ST.-NYU,MANHATTAN,2028-05-01,8.2e-05,0,very_low,baseline
8 ST.-NYU,MANHATTAN,2028-06-01,8.2e-05,0,very_low,baseline
8 ST.-NYU,MANHATTAN,2028-07-01,8.2e-05,0,very_low,baseline
8 ST.-NYU,MANHATTAN,2028-08-01,8.2e-05,0,very_low,baseline
8 ST.-NYU,MANHATTAN,2028-09-01,8.6e-05,0,very_low,baseline
8 ST.-NYU,MANHATTAN,2028-10-01,7.7e-05,0,very_low,baseline
8 ST.-NYU,MANHATTAN,2028-11-01,7.2e-05,0,very_low,baseline
8 ST.-NYU,MANHATTAN,2028-12-01,7.2e-05,0,very_low,baseline
8 ST.-NYU,MANHATTAN,2029-01-01,8.1e-05,0,very_low,baseline
8 ST.-NYU,MANHATTAN,2029-02-01,8e-05,0,very_low,baseline
8 ST.-NYU,MANHATTAN,2029-03-01,7.8e-05,0,very_low,baseline
8 ST.-NYU,MANHATTAN,2029-04-01,7.8e-05,0,very_low,baseline
8 ST.-NYU,MANHATTAN,2029-05-01,8.2e-05,0,very_low,baseline
8 ST.-NYU,MANHATTAN,2029-06-01,8.2e-05,0,very_low,baseline
8 ST.-NYU,MANHATTAN,2029-07-01,8.2e-05,0,very_low,baseline
8 ST.-NYU,MANHATTAN,2029-08-01,8.2e-05,0,very_low,baseline
8 ST.-NYU,MANHATTAN,2029-09-01,8.6e-05,0,very_low,baseline
8 ST.-NYU,MANHATTAN,2029-10-01,7.7e-05,0,very_low,baseline
8 ST.-NYU,MANHATTAN,2029-11-01,7.2e-05,0,very_low,baseline
8 ST.-NYU,MANHATTAN,2029-12-01,7.2e-05,0,very_low,baseline
80 STREET,QUEENS,2027-01-01,0.000135,0,very_low,baseline
80 STREET,QUEENS,2027-02-01,0.000133,0,very_low,baseline
80 STREET,QUEENS,2027-03-01,0.000137,0,very_low,baseline
80 STREET,QUEENS,2027-04-01,0.000136,0,very_low,baseline
80 STREET,QUEENS,2027-05-01,0.00013,0,very_low,baseline
80 STREET,QUEENS,2027-06-01,0.000142,0,very_low,baseline
80 STREET,QUEENS,2027-07-01,0.000142,0,very_low,baseline
80 STREET,QUEENS,2027-08-01,0.000142,0,very_low,baseline
80 STREET,QUEENS,2027-09-01,0.000147,0,very_low,baseline
80 STREET,QUEENS,2027-10-01,0.000122,0,very_low,baseline
80 STREET,QUEENS,2027-11-01,0.000115,0,very_low,baseline
80 STREET,QUEENS,2027-12-01,0.000115,0,very_low,baseline
80 STREET,QUEENS,2028-01-01,0.000139,0,very_low,baseline
80 STREET,QUEENS,2028-02-01,0.000138,0,very_low,baseline
80 STREET,QUEENS,2028-03-01,0.000136,0,very_low,baseline
80 STREET,QUEENS,2028-04-01,0.000136,0,very_low,baseline
80 STREET,QUEENS,2028-05-01,0.000141,0,very_low,baseline
80 STREET,QUEENS,2028-06-01,0.000142,0,very_low,baseline
80 STREET,QUEENS,2028-07-01,0.000142,0,very_low,baseline
80 STREET,QUEENS,2028-08-01,0.000142,0,very_low,baseline
80 STREET,QUEENS,2028-09-01,0.000147,0,very_low,baseline
80 STREET,QUEENS,2028-10-01,0.000122,0,very_low,baseline
80 STREET,QUEENS,2028-11-01,0.000115,0,very_low,baseline
80 STREET,QUEENS,2028-12-01,0.000115,0,very_low,baseline
80 STREET,QUEENS,2029-01-01,0.000139,0,very_low,baseline
80 STREET,QUEENS,2029-02-01,0.000138,0,very_low,baseline
80 STREET,QUEENS,2029-03-01,0.000136,0,very_low,baseline
80 STREET,QUEENS,2029-04-01,0.000136,0,very_low,baseline
80 STREET,QUEENS,2029-05-01,0.000141,0,very_low,baseline
80 STREET,QUEENS,2029-06-01,0.000142,0,very_low,baseline
80 STREET,QUEENS,2029-07-01,0.000142,0,very_low,baseline
80 STREET,QUEENS,2029-08-01,0.000142,0,very_low,baseline
80 STREET,QUEENS,2029-09-01,0.000147,0,very_low,baseline
80 STREET,QUEENS,2029-10-01,0.000122,0,very_low,baseline
80 STREET,QUEENS,2029-11-01,0.000115,0,very_low,baseline
80 STREET,QUEENS,2029-12-01,0.000115,0,very_low,baseline
81 ST.-MUSEUM OF NATURAL HISTO,MANHATTAN,2027-01-01,8.2e-05,0,very_low,baseline
81 ST.-MUSEUM OF NATURAL HISTO,MANHATTAN,2027-02-01,7.4e-05,0,very_low,baseline
81 ST.-MUSEUM OF NATURAL HISTO,MANHATTAN,2027-03-01,7.8e-05,0,very_low,baseline
81 ST.-MUSEUM OF NATURAL HISTO,MANHATTAN,2027-04-01,7.2e-05,0,very_low,baseline
81 ST.-MUSEUM OF NATURAL HISTO,MANHATTAN,2027-05-01,8.1e-05,0,very_low,baseline
81 ST.-MUSEUM OF NATURAL HISTO,MANHATTAN,2027-06-01,8.2e-05,0,very_low,baseline
81 ST.-MUSEUM OF NATURAL HISTO,MANHATTAN,2027-07-01,8.2e-05,0,very_low,baseline
81 ST.-MUSEUM OF NATURAL HISTO,MANHATTAN,2027-08-01,8.2e-05,0,very_low,baseline
81 ST.-MUSEUM OF NATURAL HISTO,MANHATTAN,2027-09-01,8.6e-05,0,very_low,baseline
81 ST.-MUSEUM OF NATURAL HISTO,MANHATTAN,2027-10-01,7.7e-05,0,very_low,baseline
81 ST.-MUSEUM OF NATURAL HISTO,MANHATTAN,2027-11-01,7.2e-05,0,very_low,baseline
81 ST.-MUSEUM OF NATURAL HISTO,MANHATTAN,2027-12-01,7.2e-05,0,very_low,baseline
81 ST.-MUSEUM OF NATURAL HISTO,MANHATTAN,2028-01-01,8.1e-05,0,very_low,baseline
81 ST.-MUSEUM OF NATURAL HISTO,MANHATTAN,2028-02-01,8e-05,0,very_low,baseline
81 ST.-MUSEUM OF NATURAL HISTO,MANHATTAN,2028-03-01,7.8e-05,0,very_low,baseline
81 ST.-MUSEUM OF NATURAL HISTO,MANHATTAN,2028-04-01,7.8e-05,0,very_low,baseline
81 ST.-MUSEUM OF NATURAL HISTO,MANHATTAN,2028-05-01,8.2e-05,0,very_low,baseline
81 ST.-MUSEUM OF NATURAL HISTO,MANHATTAN,2028-06-01,8.2e-05,0,very_low,baseline
81 ST.-MUSEUM OF NATURAL HISTO,MANHATTAN,2028-07-01,8.2e-05,0,very_low,baseline
81 ST.-MUSEUM OF NATURAL HISTO,MANHATTAN,2028-08-01,8.2e-05,0,very_low,baseline
81 ST.-MUSEUM OF NATURAL HISTO,MANHATTAN,2028-09-01,8.6e-05,0,very_low,baseline
81 ST.-MUSEUM OF NATURAL HISTO,MANHATTAN,2028-10-01,7.7e-05,0,very_low,baseline
81 ST.-MUSEUM OF NATURAL HISTO,MANHATTAN,2028-11-01,7.2e-05,0,very_low,baseline
81 ST.-MUSEUM OF NATURAL HISTO,MANHATTAN,2028-12-01,7.2e-05,0,very_low,baseline
81 ST.-MUSEUM OF NATURAL HISTO,MANHATTAN,2029-01-01,8.1e-05,0,very_low,baseline
81 ST.-MUSEUM OF NATURAL HISTO,MANHATTAN,2029-02-01,8e-05,0,very_low,baseline
81 ST.-MUSEUM OF NATURAL HISTO,MANHATTAN,2029-03-01,7.8e-05,0,very_low,baseline
81 ST.-MUSEUM OF NATURAL HISTO,MANHATTAN,2029-04-01,7.8e-05,0,very_low,baseline
81 ST.-MUSEUM OF NATURAL HISTO,MANHATTAN,2029-05-01,8.2e-05,0,very_low,baseline
81 ST.-MUSEUM OF NATURAL HISTO,MANHATTAN,2029-06-01,8.2e-05,0,very_low,baseline
81 ST.-MUSEUM OF NATURAL HISTO,MANHATTAN,2029-07-01,8.2e-05,0,very_low,baseline
81 ST.-MUSEUM OF NATURAL HISTO,MANHATTAN,2029-08-01,8.2e-05,0,very_low,baseline
81 ST.-MUSEUM OF NATURAL HISTO,MANHATTAN,2029-09-01,8.6e-05,0,very_low,baseline
81 ST.-MUSEUM OF NATURAL HISTO,MANHATTAN,2029-10-01,7.7e-05,0,very_low,baseline
81 ST.-MUSEUM OF NATURAL HISTO,MANHATTAN,2029-11-01,7.2e-05,0,very_low,baseline
81 ST.-MUSEUM OF NATURAL HISTO,MANHATTAN,2029-12-01,7.2e-05,0,very_low,baseline
82 ST.-JACKSON HEIGHTS,QUEENS,2027-01-01,0.000511,0,very_low,baseline
82 ST.-JACKSON HEIGHTS,QUEENS,2027-02-01,0.000663,0,very_low,baseline
82 ST.-JACKSON HEIGHTS,QUEENS,2027-03-01,0.000167,0,very_low,baseline
82 ST.-JACKSON HEIGHTS,QUEENS,2027-04-01,0.00015,0,very_low,baseline
82 ST.-JACKSON HEIGHTS,QUEENS,2027-05-01,0.000207,0,very_low,baseline
82 ST.-JACKSON HEIGHTS,QUEENS,2027-06-01,0.000267,0,very_low,baseline
82 ST.-JACKSON HEIGHTS,QUEENS,2027-07-01,0.000275,0,very_low,baseline
82 ST.-JACKSON HEIGHTS,QUEENS,2027-08-01,0.000275,0,very_low,baseline
82 ST.-JACKSON HEIGHTS,QUEENS,2027-09-01,0.000272,0,very_low,baseline
82 ST.-JACKSON HEIGHTS,QUEENS,2027-10-01,0.000226,0,very_low,baseline
82 ST.-JACKSON HEIGHTS,QUEENS,2027-11-01,0.000213,0,very_low,baseline
82 ST.-JACKSON HEIGHTS,QUEENS,2027-12-01,0.000222,0,very_low,baseline
82 ST.-JACKSON HEIGHTS,QUEENS,2028-01-01,0.000262,0,very_low,baseline
82 ST.-JACKSON HEIGHTS,QUEENS,2028-02-01,0.000253,0,very_low,baseline
82 ST.-JACKSON HEIGHTS,QUEENS,2028-03-01,0.000255,0,very_low,baseline
82 ST.-JACKSON HEIGHTS,QUEENS,2028-04-01,0.000255,0,very_low,baseline
82 ST.-JACKSON HEIGHTS,QUEENS,2028-05-01,0.000265,0,very_low,baseline
82 ST.-JACKSON HEIGHTS,QUEENS,2028-06-01,0.000267,0,very_low,baseline
82 ST.-JACKSON HEIGHTS,QUEENS,2028-07-01,0.000275,0,very_low,baseline
82 ST.-JACKSON HEIGHTS,QUEENS,2028-08-01,0.000275,0,very_low,baseline
82 ST.-JACKSON HEIGHTS,QUEENS,2028-09-01,0.000272,0,very_low,baseline
82 ST.-JACKSON HEIGHTS,QUEENS,2028-10-01,0.000226,0,very_low,baseline
82 ST.-JACKSON HEIGHTS,QUEENS,2028-11-01,0.000213,0,very_low,baseline
82 ST.-JACKSON HEIGHTS,QUEENS,2028-12-01,0.000222,0,very_low,baseline
82 ST.-JACKSON HEIGHTS,QUEENS,2029-01-01,0.000262,0,very_low,baseline
82 ST.-JACKSON HEIGHTS,QUEENS,2029-02-01,0.000253,0,very_low,baseline
82 ST.-JACKSON HEIGHTS,QUEENS,2029-03-01,0.000255,0,very_low,baseline
82 ST.-JACKSON HEIGHTS,QUEENS,2029-04-01,0.000255,0,very_low,baseline
82 ST.-JACKSON HEIGHTS,QUEENS,2029-05-01,0.000265,0,very_low,baseline
82 ST.-JACKSON HEIGHTS,QUEENS,2029-06-01,0.000267,0,very_low,baseline
82 ST.-JACKSON HEIGHTS,QUEENS,2029-07-01,0.000275,0,very_low,baseline
82 ST.-JACKSON HEIGHTS,QUEENS,2029-08-01,0.000275,0,very_low,baseline
82 ST.-JACKSON HEIGHTS,QUEENS,2029-09-01,0.000272,0,very_low,baseline
82 ST.-JACKSON HEIGHTS,QUEENS,2029-10-01,0.000226,0,very_low,baseline
82 ST.-JACKSON HEIGHTS,QUEENS,2029-11-01,0.000213,0,very_low,baseline
82 ST.-JACKSON HEIGHTS,QUEENS,2029-12-01,0.000222,0,very_low,baseline
85 ST.-FOREST PKWY.,QUEENS,2027-01-01,0.000204,0,very_low,baseline
85 ST.-FOREST PKWY.,QUEENS,2027-02-01,0.000204,0,very_low,baseline
85 ST.-FOREST PKWY.,QUEENS,2027-03-01,0.0002,0,very_low,baseline
85 ST.-FOREST PKWY.,QUEENS,2027-04-01,0.00018,0,very_low,baseline
85 ST.-FOREST PKWY.,QUEENS,2027-05-01,0.000208,0,very_low,baseline
85 ST.-FOREST PKWY.,QUEENS,2027-06-01,0.000203,0,very_low,baseline
85 ST.-FOREST PKWY.,QUEENS,2027-07-01,0.000203,0,very_low,baseline
85 ST.-FOREST PKWY.,QUEENS,2027-08-01,0.000203,0,very_low,baseline
85 ST.-FOREST PKWY.,QUEENS,2027-09-01,0.000206,0,very_low,baseline
85 ST.-FOREST PKWY.,QUEENS,2027-10-01,0.000163,0,very_low,baseline
85 ST.-FOREST PKWY.,QUEENS,2027-11-01,0.000154,0,very_low,baseline
85 ST.-FOREST PKWY.,QUEENS,2027-12-01,0.000154,0,very_low,baseline
85 ST.-FOREST PKWY.,QUEENS,2028-01-01,0.000205,0,very_low,baseline
85 ST.-FOREST PKWY.,QUEENS,2028-02-01,0.000204,0,very_low,baseline
85 ST.-FOREST PKWY.,QUEENS,2028-03-01,0.0002,0,very_low,baseline
85 ST.-FOREST PKWY.,QUEENS,2028-04-01,0.0002,0,very_low,baseline
85 ST.-FOREST PKWY.,QUEENS,2028-05-01,0.000208,0,very_low,baseline
85 ST.-FOREST PKWY.,QUEENS,2028-06-01,0.000203,0,very_low,baseline
85 ST.-FOREST PKWY.,QUEENS,2028-07-01,0.000203,0,very_low,baseline
85 ST.-FOREST PKWY.,QUEENS,2028-08-01,0.000203,0,very_low,baseline
85 ST.-FOREST PKWY.,QUEENS,2028-09-01,0.000206,0,very_low,baseline
85 ST.-FOREST PKWY.,QUEENS,2028-10-01,0.000163,0,very_low,baseline
85 ST.-FOREST PKWY.,QUEENS,2028-11-01,0.000154,0,very_low,baseline
85 ST.-FOREST PKWY.,QUEENS,2028-12-01,0.000154,0,very_low,baseline
85 ST.-FOREST PKWY.,QUEENS,2029-01-01,0.000205,0,very_low,baseline
85 ST.-FOREST PKWY.,QUEENS,2029-02-01,0.000204,0,very_low,baseline
85 ST.-FOREST PKWY.,QUEENS,2029-03-01,0.0002,0,very_low,baseline
85 ST.-FOREST PKWY.,QUEENS,2029-04-01,0.0002,0,very_low,baseline
85 ST.-FOREST PKWY.,QUEENS,2029-05-01,0.000208,0,very_low,baseline
85 ST.-FOREST PKWY.,QUEENS,2029-06-01,0.000203,0,very_low,baseline
85 ST.-FOREST PKWY.,QUEENS,2029-07-01,0.000203,0,very_low,baseline
85 ST.-FOREST PKWY.,QUEENS,2029-08-01,0.000203,0,very_low,baseline
85 ST.-FOREST PKWY.,QUEENS,2029-09-01,0.000206,0,very_low,baseline
85 ST.-FOREST PKWY.,QUEENS,2029-10-01,0.000163,0,very_low,baseline
85 ST.-FOREST PKWY.,QUEENS,2029-11-01,0.000154,0,very_low,baseline
85 ST.-FOREST PKWY.,QUEENS,2029-12-01,0.000154,0,very_low,baseline
86 STREET,MANHATTAN,2027-01-01,0.147384,1,very_low,baseline
86 STREET,MANHATTAN,2027-02-01,0.095963,1,very_low,baseline
86 STREET,MANHATTAN,2027-03-01,0.154236,1,very_low,baseline
86 STREET,MANHATTAN,2027-04-01,0.119097,1,very_low,baseline
86 STREET,MANHATTAN,2027-05-01,0.099492,1,very_low,baseline
86 STREET,MANHATTAN,2027-06-01,0.068405,0,very_low,baseline
86 STREET,MANHATTAN,2027-07-01,0.072914,0,very_low,baseline
86 STREET,MANHATTAN,2027-08-01,0.078127,0,very_low,baseline
86 STREET,MANHATTAN,2027-09-01,0.091639,1,very_low,baseline
86 STREET,MANHATTAN,2027-10-01,0.054446,0,very_low,baseline
86 STREET,MANHATTAN,2027-11-01,0.058357,0,very_low,baseline
86 STREET,MANHATTAN,2027-12-01,0.055283,0,very_low,baseline
86 STREET,MANHATTAN,2028-01-01,0.085307,0,very_low,baseline
86 STREET,MANHATTAN,2028-02-01,0.087452,0,very_low,baseline
86 STREET,MANHATTAN,2028-03-01,0.090544,1,very_low,baseline
86 STREET,MANHATTAN,2028-04-01,0.081012,0,very_low,baseline
86 STREET,MANHATTAN,2028-05-01,0.0806,0,very_low,baseline
86 STREET,MANHATTAN,2028-06-01,0.083973,0,very_low,baseline
86 STREET,MANHATTAN,2028-07-01,0.093919,1,very_low,baseline
86 STREET,MANHATTAN,2028-08-01,0.08337,0,very_low,baseline
86 STREET,MANHATTAN,2028-09-01,0.082276,0,very_low,baseline
86 STREET,MANHATTAN,2028-10-01,0.060895,0,very_low,baseline
86 STREET,MANHATTAN,2028-11-01,0.081204,0,very_low,baseline
86 STREET,MANHATTAN,2028-12-01,0.079384,0,very_low,baseline
86 STREET,MANHATTAN,2029-01-01,0.096339,1,very_low,baseline
86 STREET,MANHATTAN,2029-02-01,0.083639,0,very_low,baseline
86 STREET,MANHATTAN,2029-03-01,0.082483,0,very_low,baseline
86 STREET,MANHATTAN,2029-04-01,0.087885,0,very_low,baseline
86 STREET,MANHATTAN,2029-05-01,0.096039,1,very_low,baseline
86 STREET,MANHATTAN,2029-06-01,0.079899,0,very_low,baseline
86 STREET,MANHATTAN,2029-07-01,0.079042,0,very_low,baseline
86 STREET,MANHATTAN,2029-08-01,0.087603,0,very_low,baseline
86 STREET,MANHATTAN,2029-09-01,0.099999,1,very_low,baseline
86 STREET,MANHATTAN,2029-10-01,0.06005,0,very_low,baseline
86 STREET,MANHATTAN,2029-11-01,0.064034,0,very_low,baseline
86 STREET,MANHATTAN,2029-12-01,0.061166,0,very_low,baseline
86TH STREET,MANHATTAN,2027-01-01,5.6e-05,0,very_low,baseline
86TH STREET,MANHATTAN,2027-02-01,6e-05,0,very_low,baseline
86TH STREET,MANHATTAN,2027-03-01,5.3e-05,0,very_low,baseline
86TH STREET,MANHATTAN,2027-04-01,5.1e-05,0,very_low,baseline
86TH STREET,MANHATTAN,2027-05-01,5.2e-05,0,very_low,baseline
86TH STREET,MANHATTAN,2027-06-01,5.3e-05,0,very_low,baseline
86TH STREET,MANHATTAN,2027-07-01,5.3e-05,0,very_low,baseline
86TH STREET,MANHATTAN,2027-08-01,5.3e-05,0,very_low,baseline
86TH STREET,MANHATTAN,2027-09-01,5.5e-05,0,very_low,baseline
86TH STREET,MANHATTAN,2027-10-01,4.6e-05,0,very_low,baseline
86TH STREET,MANHATTAN,2027-11-01,4.4e-05,0,very_low,baseline
86TH STREET,MANHATTAN,2027-12-01,4.3e-05,0,very_low,baseline
86TH STREET,MANHATTAN,2028-01-01,5.1e-05,0,very_low,baseline
86TH STREET,MANHATTAN,2028-02-01,5e-05,0,very_low,baseline
86TH STREET,MANHATTAN,2028-03-01,5e-05,0,very_low,baseline
86TH STREET,MANHATTAN,2028-04-01,5e-05,0,very_low,baseline
86TH STREET,MANHATTAN,2028-05-01,5.2e-05,0,very_low,baseline
86TH STREET,MANHATTAN,2028-06-01,5.3e-05,0,very_low,baseline
86TH STREET,MANHATTAN,2028-07-01,5.3e-05,0,very_low,baseline
86TH STREET,MANHATTAN,2028-08-01,5.3e-05,0,very_low,baseline
86TH STREET,MANHATTAN,2028-09-01,5.5e-05,0,very_low,baseline
86TH STREET,MANHATTAN,2028-10-01,4.6e-05,0,very_low,baseline
86TH STREET,MANHATTAN,2028-11-01,4.4e-05,0,very_low,baseline
86TH STREET,MANHATTAN,2028-12-01,4.3e-05,0,very_low,baseline
86TH STREET,MANHATTAN,2029-01-01,5.1e-05,0,very_low,baseline
86TH STREET,MANHATTAN,2029-02-01,5e-05,0,very_low,baseline
86TH STREET,MANHATTAN,2029-03-01,5e-05,0,very_low,baseline
86TH STREET,MANHATTAN,2029-04-01,5e-05,0,very_low,baseline
86TH STREET,MANHATTAN,2029-05-01,5.2e-05,0,very_low,baseline
86TH STREET,MANHATTAN,2029-06-01,5.3e-05,0,very_low,baseline
86TH STREET,MANHATTAN,2029-07-01,5.3e-05,0,very_low,baseline
86TH STREET,MANHATTAN,2029-08-01,5.3e-05,0,very_low,baseline
86TH STREET,MANHATTAN,2029-09-01,5.5e-05,0,very_low,baseline
86TH STREET,MANHATTAN,2029-10-01,4.6e-05,0,very_low,baseline
86TH STREET,MANHATTAN,2029-11-01,4.4e-05,0,very_low,baseline
86TH STREET,MANHATTAN,2029-12-01,4.3e-05,0,very_low,baseline
88 STREET,QUEENS,2027-01-01,0.000237,0,very_low,baseline
88 STREET,QUEENS,2027-02-01,0.000232,0,very_low,baseline
88 STREET,QUEENS,2027-03-01,0.000186,0,very_low,baseline
88 STREET,QUEENS,2027-04-01,0.000188,0,very_low,baseline
88 STREET,QUEENS,2027-05-01,0.000175,0,very_low,baseline
88 STREET,QUEENS,2027-06-01,0.000179,0,very_low,baseline
88 STREET,QUEENS,2027-07-01,0.000179,0,very_low,baseline
88 STREET,QUEENS,2027-08-01,0.000179,0,very_low,baseline
88 STREET,QUEENS,2027-09-01,0.000188,0,very_low,baseline
88 STREET,QUEENS,2027-10-01,0.000154,0,very_low,baseline
88 STREET,QUEENS,2027-11-01,0.000147,0,very_low,baseline
88 STREET,QUEENS,2027-12-01,0.000147,0,very_low,baseline
88 STREET,QUEENS,2028-01-01,0.000174,0,very_low,baseline
88 STREET,QUEENS,2028-02-01,0.000173,0,very_low,baseline
88 STREET,QUEENS,2028-03-01,0.000174,0,very_low,baseline
88 STREET,QUEENS,2028-04-01,0.000174,0,very_low,baseline
88 STREET,QUEENS,2028-05-01,0.000179,0,very_low,baseline
88 STREET,QUEENS,2028-06-01,0.000179,0,very_low,baseline
88 STREET,QUEENS,2028-07-01,0.000179,0,very_low,baseline
88 STREET,QUEENS,2028-08-01,0.000179,0,very_low,baseline
88 STREET,QUEENS,2028-09-01,0.000188,0,very_low,baseline
88 STREET,QUEENS,2028-10-01,0.000154,0,very_low,baseline
88 STREET,QUEENS,2028-11-01,0.000147,0,very_low,baseline
88 STREET,QUEENS,2028-12-01,0.000147,0,very_low,baseline
88 STREET,QUEENS,2029-01-01,0.000174,0,very_low,baseline
88 STREET,QUEENS,2029-02-01,0.000173,0,very_low,baseline
88 STREET,QUEENS,2029-03-01,0.000174,0,very_low,baseline
88 STREET,QUEENS,2029-04-01,0.000174,0,very_low,baseline
88 STREET,QUEENS,2029-05-01,0.000179,0,very_low,baseline
88 STREET,QUEENS,2029-06-01,0.000179,0,very_low,baseline
88 STREET,QUEENS,2029-07-01,0.000179,0,very_low,baseline
88 STREET,QUEENS,2029-08-01,0.000179,0,very_low,baseline
88 STREET,QUEENS,2029-09-01,0.000188,0,very_low,baseline
88 STREET,QUEENS,2029-10-01,0.000154,0,very_low,baseline
88 STREET,QUEENS,2029-11-01,0.000147,0,very_low,baseline
88 STREET,QUEENS,2029-12-01,0.000147,0,very_low,baseline
9 AVENUE,BROOKLYN,2027-01-01,0.000143,0,very_low,baseline
9 AVENUE,BROOKLYN,2027-02-01,0.00016,0,very_low,baseline
9 AVENUE,BROOKLYN,2027-03-01,0.000228,0,very_low,baseline
9 AVENUE,BROOKLYN,2027-04-01,0.000215,0,very_low,baseline
9 AVENUE,BROOKLYN,2027-05-01,0.000213,0,very_low,baseline
9 AVENUE,BROOKLYN,2027-06-01,0.000245,0,very_low,baseline
9 AVENUE,BROOKLYN,2027-07-01,0.000245,0,very_low,baseline
9 AVENUE,BROOKLYN,2027-08-01,0.000241,0,very_low,baseline
9 AVENUE,BROOKLYN,2027-09-01,0.00025,0,very_low,baseline
9 AVENUE,BROOKLYN,2027-10-01,0.000175,0,very_low,baseline
9 AVENUE,BROOKLYN,2027-11-01,0.000167,0,very_low,baseline
9 AVENUE,BROOKLYN,2027-12-01,0.000169,0,very_low,baseline
9 AVENUE,BROOKLYN,2028-01-01,0.000239,0,very_low,baseline
9 AVENUE,BROOKLYN,2028-02-01,0.000238,0,very_low,baseline
9 AVENUE,BROOKLYN,2028-03-01,0.000236,0,very_low,baseline
9 AVENUE,BROOKLYN,2028-04-01,0.000234,0,very_low,baseline
9 AVENUE,BROOKLYN,2028-05-01,0.000245,0,very_low,baseline
9 AVENUE,BROOKLYN,2028-06-01,0.000245,0,very_low,baseline
9 AVENUE,BROOKLYN,2028-07-01,0.000245,0,very_low,baseline
9 AVENUE,BROOKLYN,2028-08-01,0.000241,0,very_low,baseline
9 AVENUE,BROOKLYN,2028-09-01,0.00025,0,very_low,baseline
9 AVENUE,BROOKLYN,2028-10-01,0.000175,0,very_low,baseline
9 AVENUE,BROOKLYN,2028-11-01,0.000167,0,very_low,baseline
9 AVENUE,BROOKLYN,2028-12-01,0.000169,0,very_low,baseline
9 AVENUE,BROOKLYN,2029-01-01,0.000239,0,very_low,baseline
9 AVENUE,BROOKLYN,2029-02-01,0.000238,0,very_low,baseline
9 AVENUE,BROOKLYN,2029-03-01,0.000236,0,very_low,baseline
9 AVENUE,BROOKLYN,2029-04-01,0.000234,0,very_low,baseline
9 AVENUE,BROOKLYN,2029-05-01,0.000245,0,very_low,baseline
9 AVENUE,BROOKLYN,2029-06-01,0.000245,0,very_low,baseline
9 AVENUE,BROOKLYN,2029-07-01,0.000245,0,very_low,baseline
9 AVENUE,BROOKLYN,2029-08-01,0.000241,0,very_low,baseline
9 AVENUE,BROOKLYN,2029-09-01,0.00025,0,very_low,baseline
9 AVENUE,BROOKLYN,2029-10-01,0.000175,0,very_low,baseline
9 AVENUE,BROOKLYN,2029-11-01,0.000167,0,very_low,baseline
9 AVENUE,BROOKLYN,2029-12-01,0.000169,0,very_low,baseline
90 ST.-ELMHURST AVE.,QUEENS,2027-01-01,0.001929,0,very_low,baseline
90 ST.-ELMHURST AVE.,QUEENS,2027-02-01,0.001863,0,very_low,baseline
90 ST.-ELMHURST AVE.,QUEENS,2027-03-01,0.001777,0,very_low,baseline
90 ST.-ELMHURST AVE.,QUEENS,2027-04-01,0.001771,0,very_low,baseline
90 ST.-ELMHURST AVE.,QUEENS,2027-05-01,0.001953,0,very_low,baseline
90 ST.-ELMHURST AVE.,QUEENS,2027-06-01,0.003132,0,very_low,baseline
90 ST.-ELMHURST AVE.,QUEENS,2027-07-01,0.003132,0,very_low,baseline
90 ST.-ELMHURST AVE.,QUEENS,2027-08-01,0.003073,0,very_low,baseline
90 ST.-ELMHURST AVE.,QUEENS,2027-09-01,0.003039,0,very_low,baseline
90 ST.-ELMHURST AVE.,QUEENS,2027-10-01,0.001976,0,very_low,baseline
90 ST.-ELMHURST AVE.,QUEENS,2027-11-01,0.001859,0,very_low,baseline
90 ST.-ELMHURST AVE.,QUEENS,2027-12-01,0.001857,0,very_low,baseline
90 ST.-ELMHURST AVE.,QUEENS,2028-01-01,0.002828,0,very_low,baseline
90 ST.-ELMHURST AVE.,QUEENS,2028-02-01,0.002882,0,very_low,baseline
90 ST.-ELMHURST AVE.,QUEENS,2028-03-01,0.00288,0,very_low,baseline
90 ST.-ELMHURST AVE.,QUEENS,2028-04-01,0.002939,0,very_low,baseline
90 ST.-ELMHURST AVE.,QUEENS,2028-05-01,0.003107,0,very_low,baseline
90 ST.-ELMHURST AVE.,QUEENS,2028-06-01,0.003132,0,very_low,baseline
90 ST.-ELMHURST AVE.,QUEENS,2028-07-01,0.003132,0,very_low,baseline
90 ST.-ELMHURST AVE.,QUEENS,2028-08-01,0.003073,0,very_low,baseline
90 ST.-ELMHURST AVE.,QUEENS,2028-09-01,0.003039,0,very_low,baseline
90 ST.-ELMHURST AVE.,QUEENS,2028-10-01,0.001976,0,very_low,baseline
90 ST.-ELMHURST AVE.,QUEENS,2028-11-01,0.001859,0,very_low,baseline
90 ST.-ELMHURST AVE.,QUEENS,2028-12-01,0.001857,0,very_low,baseline
90 ST.-ELMHURST AVE.,QUEENS,2029-01-01,0.002828,0,very_low,baseline
90 ST.-ELMHURST AVE.,QUEENS,2029-02-01,0.002882,0,very_low,baseline
90 ST.-ELMHURST AVE.,QUEENS,2029-03-01,0.00288,0,very_low,baseline
90 ST.-ELMHURST AVE.,QUEENS,2029-04-01,0.002939,0,very_low,baseline
90 ST.-ELMHURST AVE.,QUEENS,2029-05-01,0.003107,0,very_low,baseline
90 ST.-ELMHURST AVE.,QUEENS,2029-06-01,0.003132,0,very_low,baseline
90 ST.-ELMHURST AVE.,QUEENS,2029-07-01,0.003132,0,very_low,baseline
90 ST.-ELMHURST AVE.,QUEENS,2029-08-01,0.003073,0,very_low,baseline
90 ST.-ELMHURST AVE.,QUEENS,2029-09-01,0.003039,0,very_low,baseline
90 ST.-ELMHURST AVE.,QUEENS,2029-10-01,0.001976,0,very_low,baseline
90 ST.-ELMHURST AVE.,QUEENS,2029-11-01,0.001859,0,very_low,baseline
90 ST.-ELMHURST AVE.,QUEENS,2029-12-01,0.001857,0,very_low,baseline
95 STREET-BAY RIDGE,BROOKLYN,2027-01-01,0.000152,0,very_low,baseline
95 STREET-BAY RIDGE,BROOKLYN,2027-02-01,9.5e-05,0,very_low,baseline
95 STREET-BAY RIDGE,BROOKLYN,2027-03-01,7.4e-05,0,very_low,baseline
95 STREET-BAY RIDGE,BROOKLYN,2027-04-01,6.2e-05,0,very_low,baseline
95 STREET-BAY RIDGE,BROOKLYN,2027-05-01,6.1e-05,0,very_low,baseline
95 STREET-BAY RIDGE,BROOKLYN,2027-06-01,7.5e-05,0,very_low,baseline
95 STREET-BAY RIDGE,BROOKLYN,2027-07-01,7.5e-05,0,very_low,baseline
95 STREET-BAY RIDGE,BROOKLYN,2027-08-01,7.5e-05,0,very_low,baseline
95 STREET-BAY RIDGE,BROOKLYN,2027-09-01,7.9e-05,0,very_low,baseline
95 STREET-BAY RIDGE,BROOKLYN,2027-10-01,7e-05,0,very_low,baseline
95 STREET-BAY RIDGE,BROOKLYN,2027-11-01,6.6e-05,0,very_low,baseline
95 STREET-BAY RIDGE,BROOKLYN,2027-12-01,6.8e-05,0,very_low,baseline
95 STREET-BAY RIDGE,BROOKLYN,2028-01-01,7.5e-05,0,very_low,baseline
95 STREET-BAY RIDGE,BROOKLYN,2028-02-01,7.3e-05,0,very_low,baseline
95 STREET-BAY RIDGE,BROOKLYN,2028-03-01,7.2e-05,0,very_low,baseline
95 STREET-BAY RIDGE,BROOKLYN,2028-04-01,7.2e-05,0,very_low,baseline
95 STREET-BAY RIDGE,BROOKLYN,2028-05-01,7.5e-05,0,very_low,baseline
95 STREET-BAY RIDGE,BROOKLYN,2028-06-01,7.5e-05,0,very_low,baseline
95 STREET-BAY RIDGE,BROOKLYN,2028-07-01,7.5e-05,0,very_low,baseline
95 STREET-BAY RIDGE,BROOKLYN,2028-08-01,7.5e-05,0,very_low,baseline
95 STREET-BAY RIDGE,BROOKLYN,2028-09-01,7.9e-05,0,very_low,baseline
95 STREET-BAY RIDGE,BROOKLYN,2028-10-01,7e-05,0,very_low,baseline
95 STREET-BAY RIDGE,BROOKLYN,2028-11-01,6.6e-05,0,very_low,baseline
95 STREET-BAY RIDGE,BROOKLYN,2028-12-01,6.8e-05,0,very_low,baseline
95 STREET-BAY RIDGE,BROOKLYN,2029-01-01,7.5e-05,0,very_low,baseline
95 STREET-BAY RIDGE,BROOKLYN,2029-02-01,7.3e-05,0,very_low,baseline
95 STREET-BAY RIDGE,BROOKLYN,2029-03-01,7.2e-05,0,very_low,baseline
95 STREET-BAY RIDGE,BROOKLYN,2029-04-01,7.2e-05,0,very_low,baseline
95 STREET-BAY RIDGE,BROOKLYN,2029-05-01,7.5e-05,0,very_low,baseline
95 STREET-BAY RIDGE,BROOKLYN,2029-06-01,7.5e-05,0,very_low,baseline
95 STREET-BAY RIDGE,BROOKLYN,2029-07-01,7.5e-05,0,very_low,baseline
95 STREET-BAY RIDGE,BROOKLYN,2029-08-01,7.5e-05,0,very_low,baseline
95 STREET-BAY RIDGE,BROOKLYN,2029-09-01,7.9e-05,0,very_low,baseline
95 STREET-BAY RIDGE,BROOKLYN,2029-10-01,7e-05,0,very_low,baseline
95 STREET-BAY RIDGE,BROOKLYN,2029-11-01,6.6e-05,0,very_low,baseline
95 STREET-BAY RIDGE,BROOKLYN,2029-12-01,6.8e-05,0,very_low,baseline
96 STREET,MANHATTAN,2027-01-01,0.004576,0,very_low,baseline
96 STREET,MANHATTAN,2027-02-01,0.004337,0,very_low,baseline
96 STREET,MANHATTAN,2027-03-01,0.00454,0,very_low,baseline
96 STREET,MANHATTAN,2027-04-01,0.004464,0,very_low,baseline
96 STREET,MANHATTAN,2027-05-01,0.004696,0,very_low,baseline
96 STREET,MANHATTAN,2027-06-01,0.005049,0,very_low,baseline
96 STREET,MANHATTAN,2027-07-01,0.005049,0,very_low,baseline
96 STREET,MANHATTAN,2027-08-01,0.005049,0,very_low,baseline
96 STREET,MANHATTAN,2027-09-01,0.005013,0,very_low,baseline
96 STREET,MANHATTAN,2027-10-01,0.004186,0,very_low,baseline
96 STREET,MANHATTAN,2027-11-01,0.004314,0,very_low,baseline
96 STREET,MANHATTAN,2027-12-01,0.004267,0,very_low,baseline
96 STREET,MANHATTAN,2028-01-01,0.004286,0,very_low,baseline
96 STREET,MANHATTAN,2028-02-01,0.004536,0,very_low,baseline
96 STREET,MANHATTAN,2028-03-01,0.004638,0,very_low,baseline
96 STREET,MANHATTAN,2028-04-01,0.004638,0,very_low,baseline
96 STREET,MANHATTAN,2028-05-01,0.005107,0,very_low,baseline
96 STREET,MANHATTAN,2028-06-01,0.005049,0,very_low,baseline
96 STREET,MANHATTAN,2028-07-01,0.005049,0,very_low,baseline
96 STREET,MANHATTAN,2028-08-01,0.005049,0,very_low,baseline
96 STREET,MANHATTAN,2028-09-01,0.005013,0,very_low,baseline
96 STREET,MANHATTAN,2028-10-01,0.004186,0,very_low,baseline
96 STREET,MANHATTAN,2028-11-01,0.004314,0,very_low,baseline
96 STREET,MANHATTAN,2028-12-01,0.004267,0,very_low,baseline
96 STREET,MANHATTAN,2029-01-01,0.004286,0,very_low,baseline
96 STREET,MANHATTAN,2029-02-01,0.004536,0,very_low,baseline
96 STREET,MANHATTAN,2029-03-01,0.004638,0,very_low,baseline
96 STREET,MANHATTAN,2029-04-01,0.004638,0,very_low,baseline
96 STREET,MANHATTAN,2029-05-01,0.005107,0,very_low,baseline
96 STREET,MANHATTAN,2029-06-01,0.005049,0,very_low,baseline
96 STREET,MANHATTAN,2029-07-01,0.005049,0,very_low,baseline
96 STREET,MANHATTAN,2029-08-01,0.005049,0,very_low,baseline
96 STREET,MANHATTAN,2029-09-01,0.005013,0,very_low,baseline
96 STREET,MANHATTAN,2029-10-01,0.004186,0,very_low,baseline
96 STREET,MANHATTAN,2029-11-01,0.004314,0,very_low,baseline
96 STREET,MANHATTAN,2029-12-01,0.004267,0,very_low,baseline
96TH STREET,MANHATTAN,2027-01-01,5.4e-05,0,very_low,baseline
96TH STREET,MANHATTAN,2027-02-01,7.1e-05,0,very_low,baseline
96TH STREET,MANHATTAN,2027-03-01,7.8e-05,0,very_low,baseline
96TH STREET,MANHATTAN,2027-04-01,7.6e-05,0,very_low,baseline
96TH STREET,MANHATTAN,2027-05-01,7.8e-05,0,very_low,baseline
96TH STREET,MANHATTAN,2027-06-01,0.000113,0,very_low,baseline
96TH STREET,MANHATTAN,2027-07-01,0.000113,0,very_low,baseline
96TH STREET,MANHATTAN,2027-08-01,0.000111,0,very_low,baseline
96TH STREET,MANHATTAN,2027-09-01,0.000113,0,very_low,baseline
96TH STREET,MANHATTAN,2027-10-01,8.5e-05,0,very_low,baseline
96TH STREET,MANHATTAN,2027-11-01,8e-05,0,very_low,baseline
96TH STREET,MANHATTAN,2027-12-01,7.9e-05,0,very_low,baseline
96TH STREET,MANHATTAN,2028-01-01,0.00011,0,very_low,baseline
96TH STREET,MANHATTAN,2028-02-01,0.000108,0,very_low,baseline
96TH STREET,MANHATTAN,2028-03-01,0.000107,0,very_low,baseline
96TH STREET,MANHATTAN,2028-04-01,0.000106,0,very_low,baseline
96TH STREET,MANHATTAN,2028-05-01,0.000112,0,very_low,baseline
96TH STREET,MANHATTAN,2028-06-01,0.000113,0,very_low,baseline
96TH STREET,MANHATTAN,2028-07-01,0.000113,0,very_low,baseline
96TH STREET,MANHATTAN,2028-08-01,0.000111,0,very_low,baseline
96TH STREET,MANHATTAN,2028-09-01,0.000113,0,very_low,baseline
96TH STREET,MANHATTAN,2028-10-01,8.5e-05,0,very_low,baseline
96TH STREET,MANHATTAN,2028-11-01,8e-05,0,very_low,baseline
96TH STREET,MANHATTAN,2028-12-01,7.9e-05,0,very_low,baseline
96TH STREET,MANHATTAN,2029-01-01,0.00011,0,very_low,baseline
96TH STREET,MANHATTAN,2029-02-01,0.000108,0,very_low,baseline
96TH STREET,MANHATTAN,2029-03-01,0.000107,0,very_low,baseline
96TH STREET,MANHATTAN,2029-04-01,0.000106,0,very_low,baseline
96TH STREET,MANHATTAN,2029-05-01,0.000112,0,very_low,baseline
96TH STREET,MANHATTAN,2029-06-01,0.000113,0,very_low,baseline
96TH STREET,MANHATTAN,2029-07-01,0.000113,0,very_low,baseline
96TH STREET,MANHATTAN,2029-08-01,0.000111,0,very_low,baseline
96TH STREET,MANHATTAN,2029-09-01,0.000113,0,very_low,baseline
96TH STREET,MANHATTAN,2029-10-01,8.5e-05,0,very_low,baseline
96TH STREET,MANHATTAN,2029-11-01,8e-05,0,very_low,baseline
96TH STREET,MANHATTAN,2029-12-01,7.9e-05,0,very_low,baseline
9TH STREET,BROOKLYN,2027-01-01,0.000183,0,very_low,baseline
9TH STREET,BROOKLYN,2027-02-01,0.000146,0,very_low,baseline
9TH STREET,BROOKLYN,2027-03-01,0.000169,0,very_low,baseline
9TH STREET,BROOKLYN,2027-04-01,0.000151,0,very_low,baseline
9TH STREET,BROOKLYN,2027-05-01,0.000203,0,very_low,baseline
9TH STREET,BROOKLYN,2027-06-01,0.000163,0,very_low,baseline
9TH STREET,BROOKLYN,2027-07-01,0.000163,0,very_low,baseline
9TH STREET,BROOKLYN,2027-08-01,0.000163,0,very_low,baseline
9TH STREET,BROOKLYN,2027-09-01,0.000164,0,very_low,baseline
9TH STREET,BROOKLYN,2027-10-01,0.000119,0,very_low,baseline
9TH STREET,BROOKLYN,2027-11-01,0.000112,0,very_low,baseline
9TH STREET,BROOKLYN,2027-12-01,0.000113,0,very_low,baseline
9TH STREET,BROOKLYN,2028-01-01,0.000159,0,very_low,baseline
9TH STREET,BROOKLYN,2028-02-01,0.000158,0,very_low,baseline
9TH STREET,BROOKLYN,2028-03-01,0.000159,0,very_low,baseline
9TH STREET,BROOKLYN,2028-04-01,0.000159,0,very_low,baseline
9TH STREET,BROOKLYN,2028-05-01,0.000165,0,very_low,baseline
9TH STREET,BROOKLYN,2028-06-01,0.000163,0,very_low,baseline
9TH STREET,BROOKLYN,2028-07-01,0.000163,0,very_low,baseline
9TH STREET,BROOKLYN,2028-08-01,0.000163,0,very_low,baseline
9TH STREET,BROOKLYN,2028-09-01,0.000164,0,very_low,baseline
9TH STREET,BROOKLYN,2028-10-01,0.000119,0,very_low,baseline
9TH STREET,BROOKLYN,2028-11-01,0.000112,0,very_low,baseline
9TH STREET,BROOKLYN,2028-12-01,0.000113,0,very_low,baseline
9TH STREET,BROOKLYN,2029-01-01,0.000159,0,very_low,baseline
9TH STREET,BROOKLYN,2029-02-01,0.000158,0,very_low,baseline
9TH STREET,BROOKLYN,2029-03-01,0.000159,0,very_low,baseline
9TH STREET,BROOKLYN,2029-04-01,0.000159,0,very_low,baseline
9TH STREET,BROOKLYN,2029-05-01,0.000165,0,very_low,baseline
9TH STREET,BROOKLYN,2029-06-01,0.000163,0,very_low,baseline
9TH STREET,BROOKLYN,2029-07-01,0.000163,0,very_low,baseline
9TH STREET,BROOKLYN,2029-08-01,0.000163,0,very_low,baseline
9TH STREET,BROOKLYN,2029-09-01,0.000164,0,very_low,baseline
9TH STREET,BROOKLYN,2029-10-01,0.000119,0,very_low,baseline
9TH STREET,BROOKLYN,2029-11-01,0.000112,0,very_low,baseline
9TH STREET,BROOKLYN,2029-12-01,0.000113,0,very_low,baseline
ALABAMA AVENUE,BROOKLYN,2027-01-01,0.004396,0,very_low,baseline
ALABAMA AVENUE,BROOKLYN,2027-02-01,0.004474,0,very_low,baseline
ALABAMA AVENUE,BROOKLYN,2027-03-01,0.003916,0,very_low,baseline
ALABAMA AVENUE,BROOKLYN,2027-04-01,0.00347,0,very_low,baseline
ALABAMA AVENUE,BROOKLYN,2027-05-01,0.003323,0,very_low,baseline
ALABAMA AVENUE,BROOKLYN,2027-06-01,0.003433,0,very_low,baseline
ALABAMA AVENUE,BROOKLYN,2027-07-01,0.003477,0,very_low,baseline
ALABAMA AVENUE,BROOKLYN,2027-08-01,0.003619,0,very_low,baseline
ALABAMA AVENUE,BROOKLYN,2027-09-01,0.003564,0,very_low,baseline
ALABAMA AVENUE,BROOKLYN,2027-10-01,0.002859,0,very_low,baseline
ALABAMA AVENUE,BROOKLYN,2027-11-01,0.002922,0,very_low,baseline
ALABAMA AVENUE,BROOKLYN,2027-12-01,0.002922,0,very_low,baseline
ALABAMA AVENUE,BROOKLYN,2028-01-01,0.003406,0,very_low,baseline
ALABAMA AVENUE,BROOKLYN,2028-02-01,0.003488,0,very_low,baseline
ALABAMA AVENUE,BROOKLYN,2028-03-01,0.00329,0,very_low,baseline
ALABAMA AVENUE,BROOKLYN,2028-04-01,0.00329,0,very_low,baseline
ALABAMA AVENUE,BROOKLYN,2028-05-01,0.003323,0,very_low,baseline
ALABAMA AVENUE,BROOKLYN,2028-06-01,0.003433,0,very_low,baseline
ALABAMA AVENUE,BROOKLYN,2028-07-01,0.003477,0,very_low,baseline
ALABAMA AVENUE,BROOKLYN,2028-08-01,0.003619,0,very_low,baseline
ALABAMA AVENUE,BROOKLYN,2028-09-01,0.003564,0,very_low,baseline
ALABAMA AVENUE,BROOKLYN,2028-10-01,0.002859,0,very_low,baseline
ALABAMA AVENUE,BROOKLYN,2028-11-01,0.002922,0,very_low,baseline
ALABAMA AVENUE,BROOKLYN,2028-12-01,0.002922,0,very_low,baseline
ALABAMA AVENUE,BROOKLYN,2029-01-01,0.003406,0,very_low,baseline
ALABAMA AVENUE,BROOKLYN,2029-02-01,0.003488,0,very_low,baseline
ALABAMA AVENUE,BROOKLYN,2029-03-01,0.00329,0,very_low,baseline
ALABAMA AVENUE,BROOKLYN,2029-04-01,0.00329,0,very_low,baseline
ALABAMA AVENUE,BROOKLYN,2029-05-01,0.003323,0,very_low,baseline
ALABAMA AVENUE,BROOKLYN,2029-06-01,0.003433,0,very_low,baseline
ALABAMA AVENUE,BROOKLYN,2029-07-01,0.003477,0,very_low,baseline
ALABAMA AVENUE,BROOKLYN,2029-08-01,0.003619,0,very_low,baseline
ALABAMA AVENUE,BROOKLYN,2029-09-01,0.003564,0,very_low,baseline
ALABAMA AVENUE,BROOKLYN,2029-10-01,0.002859,0,very_low,baseline
ALABAMA AVENUE,BROOKLYN,2029-11-01,0.002922,0,very_low,baseline
ALABAMA AVENUE,BROOKLYN,2029-12-01,0.002922,0,very_low,baseline
ALLERTON AVENUE,BRONX,2027-01-01,0.000113,0,very_low,baseline
ALLERTON AVENUE,BRONX,2027-02-01,0.000101,0,very_low,baseline
ALLERTON AVENUE,BRONX,2027-03-01,9.9e-05,0,very_low,baseline
ALLERTON AVENUE,BRONX,2027-04-01,0.00011,0,very_low,baseline
ALLERTON AVENUE,BRONX,2027-05-01,0.000115,0,very_low,baseline
ALLERTON AVENUE,BRONX,2027-06-01,0.000127,0,very_low,baseline
ALLERTON AVENUE,BRONX,2027-07-01,0.000127,0,very_low,baseline
ALLERTON AVENUE,BRONX,2027-08-01,0.000127,0,very_low,baseline
ALLERTON AVENUE,BRONX,2027-09-01,0.000129,0,very_low,baseline
ALLERTON AVENUE,BRONX,2027-10-01,0.000109,0,very_low,baseline
ALLERTON AVENUE,BRONX,2027-11-01,0.000103,0,very_low,baseline
ALLERTON AVENUE,BRONX,2027-12-01,0.000106,0,very_low,baseline
ALLERTON AVENUE,BRONX,2028-01-01,0.000127,0,very_low,baseline
ALLERTON AVENUE,BRONX,2028-02-01,0.000126,0,very_low,baseline
ALLERTON AVENUE,BRONX,2028-03-01,0.000124,0,very_low,baseline
ALLERTON AVENUE,BRONX,2028-04-01,0.000124,0,very_low,baseline
ALLERTON AVENUE,BRONX,2028-05-01,0.000128,0,very_low,baseline
ALLERTON AVENUE,BRONX,2028-06-01,0.000127,0,very_low,baseline
ALLERTON AVENUE,BRONX,2028-07-01,0.000127,0,very_low,baseline
ALLERTON AVENUE,BRONX,2028-08-01,0.000127,0,very_low,baseline
ALLERTON AVENUE,BRONX,2028-09-01,0.000129,0,very_low,baseline
ALLERTON AVENUE,BRONX,2028-10-01,0.000109,0,very_low,baseline
ALLERTON AVENUE,BRONX,2028-11-01,0.000103,0,very_low,baseline
ALLERTON AVENUE,BRONX,2028-12-01,0.000106,0,very_low,baseline
ALLERTON AVENUE,BRONX,2029-01-01,0.000127,0,very_low,baseline
ALLERTON AVENUE,BRONX,2029-02-01,0.000126,0,very_low,baseline
ALLERTON AVENUE,BRONX,2029-03-01,0.000124,0,very_low,baseline
ALLERTON AVENUE,BRONX,2029-04-01,0.000124,0,very_low,baseline
ALLERTON AVENUE,BRONX,2029-05-01,0.000128,0,very_low,baseline
ALLERTON AVENUE,BRONX,2029-06-01,0.000127,0,very_low,baseline
ALLERTON AVENUE,BRONX,2029-07-01,0.000127,0,very_low,baseline
ALLERTON AVENUE,BRONX,2029-08-01,0.000127,0,very_low,baseline
ALLERTON AVENUE,BRONX,2029-09-01,0.000129,0,very_low,baseline
ALLERTON AVENUE,BRONX,2029-10-01,0.000109,0,very_low,baseline
ALLERTON AVENUE,BRONX,2029-11-01,0.000103,0,very_low,baseline
ALLERTON AVENUE,BRONX,2029-12-01,0.000106,0,very_low,baseline
AQUEDUCT-NORTH CONDUIT AVE.,QUEENS,2027-01-01,0.000338,0,very_low,baseline
AQUEDUCT-NORTH CONDUIT AVE.,QUEENS,2027-02-01,0.000362,0,very_low,baseline
AQUEDUCT-NORTH CONDUIT AVE.,QUEENS,2027-03-01,0.000344,0,very_low,baseline
AQUEDUCT-NORTH CONDUIT AVE.,QUEENS,2027-04-01,0.000344,0,very_low,baseline
AQUEDUCT-NORTH CONDUIT AVE.,QUEENS,2027-05-01,0.00036,0,very_low,baseline
AQUEDUCT-NORTH CONDUIT AVE.,QUEENS,2027-06-01,0.000332,0,very_low,baseline
AQUEDUCT-NORTH CONDUIT AVE.,QUEENS,2027-07-01,0.000332,0,very_low,baseline
AQUEDUCT-NORTH CONDUIT AVE.,QUEENS,2027-08-01,0.000332,0,very_low,baseline
AQUEDUCT-NORTH CONDUIT AVE.,QUEENS,2027-09-01,0.000354,0,very_low,baseline
AQUEDUCT-NORTH CONDUIT AVE.,QUEENS,2027-10-01,0.000321,0,very_low,baseline
AQUEDUCT-NORTH CONDUIT AVE.,QUEENS,2027-11-01,0.000306,0,very_low,baseline
AQUEDUCT-NORTH CONDUIT AVE.,QUEENS,2027-12-01,0.000306,0,very_low,baseline
AQUEDUCT-NORTH CONDUIT AVE.,QUEENS,2028-01-01,0.000333,0,very_low,baseline
AQUEDUCT-NORTH CONDUIT AVE.,QUEENS,2028-02-01,0.000335,0,very_low,baseline
AQUEDUCT-NORTH CONDUIT AVE.,QUEENS,2028-03-01,0.000344,0,very_low,baseline
AQUEDUCT-NORTH CONDUIT AVE.,QUEENS,2028-04-01,0.000344,0,very_low,baseline
AQUEDUCT-NORTH CONDUIT AVE.,QUEENS,2028-05-01,0.000331,0,very_low,baseline
AQUEDUCT-NORTH CONDUIT AVE.,QUEENS,2028-06-01,0.000332,0,very_low,baseline
AQUEDUCT-NORTH CONDUIT AVE.,QUEENS,2028-07-01,0.000332,0,very_low,baseline
AQUEDUCT-NORTH CONDUIT AVE.,QUEENS,2028-08-01,0.000332,0,very_low,baseline
AQUEDUCT-NORTH CONDUIT AVE.,QUEENS,2028-09-01,0.000354,0,very_low,baseline
AQUEDUCT-NORTH CONDUIT AVE.,QUEENS,2028-10-01,0.000321,0,very_low,baseline
AQUEDUCT-NORTH CONDUIT AVE.,QUEENS,2028-11-01,0.000306,0,very_low,baseline
AQUEDUCT-NORTH CONDUIT AVE.,QUEENS,2028-12-01,0.000306,0,very_low,baseline
AQUEDUCT-NORTH CONDUIT AVE.,QUEENS,2029-01-01,0.000333,0,very_low,baseline
AQUEDUCT-NORTH CONDUIT AVE.,QUEENS,2029-02-01,0.000335,0,very_low,baseline
AQUEDUCT-NORTH CONDUIT AVE.,QUEENS,2029-03-01,0.000344,0,very_low,baseline
AQUEDUCT-NORTH CONDUIT AVE.,QUEENS,2029-04-01,0.000344,0,very_low,baseline
AQUEDUCT-NORTH CONDUIT AVE.,QUEENS,2029-05-01,0.000331,0,very_low,baseline
AQUEDUCT-NORTH CONDUIT AVE.,QUEENS,2029-06-01,0.000332,0,very_low,baseline
AQUEDUCT-NORTH CONDUIT AVE.,QUEENS,2029-07-01,0.000332,0,very_low,baseline
AQUEDUCT-NORTH CONDUIT AVE.,QUEENS,2029-08-01,0.000332,0,very_low,baseline
AQUEDUCT-NORTH CONDUIT AVE.,QUEENS,2029-09-01,0.000354,0,very_low,baseline
AQUEDUCT-NORTH CONDUIT AVE.,QUEENS,2029-10-01,0.000321,0,very_low,baseline
AQUEDUCT-NORTH CONDUIT AVE.,QUEENS,2029-11-01,0.000306,0,very_low,baseline
AQUEDUCT-NORTH CONDUIT AVE.,QUEENS,2029-12-01,0.000306,0,very_low,baseline
AQUEDUCT-RACETRACK,QUEENS,2027-01-01,0.00037,0,very_low,baseline
AQUEDUCT-RACETRACK,QUEENS,2027-02-01,0.000417,0,very_low,baseline
AQUEDUCT-RACETRACK,QUEENS,2027-03-01,0.000381,0,very_low,baseline
AQUEDUCT-RACETRACK,QUEENS,2027-04-01,0.000359,0,very_low,baseline
AQUEDUCT-RACETRACK,QUEENS,2027-05-01,0.000345,0,very_low,baseline
AQUEDUCT-RACETRACK,QUEENS,2027-06-01,0.000325,0,very_low,baseline
AQUEDUCT-RACETRACK,QUEENS,2027-07-01,0.000325,0,very_low,baseline
AQUEDUCT-RACETRACK,QUEENS,2027-08-01,0.000325,0,very_low,baseline
AQUEDUCT-RACETRACK,QUEENS,2027-09-01,0.000347,0,very_low,baseline
AQUEDUCT-RACETRACK,QUEENS,2027-10-01,0.000309,0,very_low,baseline
AQUEDUCT-RACETRACK,QUEENS,2027-11-01,0.000294,0,very_low,baseline
AQUEDUCT-RACETRACK,QUEENS,2027-12-01,0.000294,0,very_low,baseline
AQUEDUCT-RACETRACK,QUEENS,2028-01-01,0.000326,0,very_low,baseline
AQUEDUCT-RACETRACK,QUEENS,2028-02-01,0.000328,0,very_low,baseline
AQUEDUCT-RACETRACK,QUEENS,2028-03-01,0.000337,0,very_low,baseline
AQUEDUCT-RACETRACK,QUEENS,2028-04-01,0.000337,0,very_low,baseline
AQUEDUCT-RACETRACK,QUEENS,2028-05-01,0.000324,0,very_low,baseline
AQUEDUCT-RACETRACK,QUEENS,2028-06-01,0.000325,0,very_low,baseline
AQUEDUCT-RACETRACK,QUEENS,2028-07-01,0.000325,0,very_low,baseline
AQUEDUCT-RACETRACK,QUEENS,2028-08-01,0.000325,0,very_low,baseline
AQUEDUCT-RACETRACK,QUEENS,2028-09-01,0.000347,0,very_low,baseline
AQUEDUCT-RACETRACK,QUEENS,2028-10-01,0.000309,0,very_low,baseline
AQUEDUCT-RACETRACK,QUEENS,2028-11-01,0.000294,0,very_low,baseline
AQUEDUCT-RACETRACK,QUEENS,2028-12-01,0.000294,0,very_low,baseline
AQUEDUCT-RACETRACK,QUEENS,2029-01-01,0.000326,0,very_low,baseline
AQUEDUCT-RACETRACK,QUEENS,2029-02-01,0.000328,0,very_low,baseline
AQUEDUCT-RACETRACK,QUEENS,2029-03-01,0.000337,0,very_low,baseline
AQUEDUCT-RACETRACK,QUEENS,2029-04-01,0.000337,0,very_low,baseline
AQUEDUCT-RACETRACK,QUEENS,2029-05-01,0.000324,0,very_low,baseline
AQUEDUCT-RACETRACK,QUEENS,2029-06-01,0.000325,0,very_low,baseline
AQUEDUCT-RACETRACK,QUEENS,2029-07-01,0.000325,0,very_low,baseline
AQUEDUCT-RACETRACK,QUEENS,2029-08-01,0.000325,0,very_low,baseline
AQUEDUCT-RACETRACK,QUEENS,2029-09-01,0.000347,0,very_low,baseline
AQUEDUCT-RACETRACK,QUEENS,2029-10-01,0.000309,0,very_low,baseline
AQUEDUCT-RACETRACK,QUEENS,2029-11-01,0.000294,0,very_low,baseline
AQUEDUCT-RACETRACK,QUEENS,2029-12-01,0.000294,0,very_low,baseline
ASTOR PLACE,MANHATTAN,2027-01-01,6.7e-05,0,very_low,baseline
ASTOR PLACE,MANHATTAN,2027-02-01,8.1e-05,0,very_low,baseline
ASTOR PLACE,MANHATTAN,2027-03-01,7.4e-05,0,very_low,baseline
ASTOR PLACE,MANHATTAN,2027-04-01,7.4e-05,0,very_low,baseline
ASTOR PLACE,MANHATTAN,2027-05-01,8.7e-05,0,very_low,baseline
ASTOR PLACE,MANHATTAN,2027-06-01,7.4e-05,0,very_low,baseline
ASTOR PLACE,MANHATTAN,2027-07-01,7.4e-05,0,very_low,baseline
ASTOR PLACE,MANHATTAN,2027-08-01,7.4e-05,0,very_low,baseline
ASTOR PLACE,MANHATTAN,2027-09-01,7.7e-05,0,very_low,baseline
ASTOR PLACE,MANHATTAN,2027-10-01,6.3e-05,0,very_low,baseline
ASTOR PLACE,MANHATTAN,2027-11-01,6e-05,0,very_low,baseline
ASTOR PLACE,MANHATTAN,2027-12-01,5.9e-05,0,very_low,baseline
ASTOR PLACE,MANHATTAN,2028-01-01,7.1e-05,0,very_low,baseline
ASTOR PLACE,MANHATTAN,2028-02-01,7e-05,0,very_low,baseline
ASTOR PLACE,MANHATTAN,2028-03-01,7.1e-05,0,very_low,baseline
ASTOR PLACE,MANHATTAN,2028-04-01,7.1e-05,0,very_low,baseline
ASTOR PLACE,MANHATTAN,2028-05-01,7.3e-05,0,very_low,baseline
ASTOR PLACE,MANHATTAN,2028-06-01,7.4e-05,0,very_low,baseline
ASTOR PLACE,MANHATTAN,2028-07-01,7.4e-05,0,very_low,baseline
ASTOR PLACE,MANHATTAN,2028-08-01,7.4e-05,0,very_low,baseline
ASTOR PLACE,MANHATTAN,2028-09-01,7.7e-05,0,very_low,baseline
ASTOR PLACE,MANHATTAN,2028-10-01,6.3e-05,0,very_low,baseline
ASTOR PLACE,MANHATTAN,2028-11-01,6e-05,0,very_low,baseline
ASTOR PLACE,MANHATTAN,2028-12-01,5.9e-05,0,very_low,baseline
ASTOR PLACE,MANHATTAN,2029-01-01,7.1e-05,0,very_low,baseline
ASTOR PLACE,MANHATTAN,2029-02-01,7e-05,0,very_low,baseline
ASTOR PLACE,MANHATTAN,2029-03-01,7.1e-05,0,very_low,baseline
ASTOR PLACE,MANHATTAN,2029-04-01,7.1e-05,0,very_low,baseline
ASTOR PLACE,MANHATTAN,2029-05-01,7.3e-05,0,very_low,baseline
ASTOR PLACE,MANHATTAN,2029-06-01,7.4e-05,0,very_low,baseline
ASTOR PLACE,MANHATTAN,2029-07-01,7.4e-05,0,very_low,baseline
ASTOR PLACE,MANHATTAN,2029-08-01,7.4e-05,0,very_low,baseline
ASTOR PLACE,MANHATTAN,2029-09-01,7.7e-05,0,very_low,baseline
ASTOR PLACE,MANHATTAN,2029-10-01,6.3e-05,0,very_low,baseline
ASTOR PLACE,MANHATTAN,2029-11-01,6e-05,0,very_low,baseline
ASTOR PLACE,MANHATTAN,2029-12-01,5.9e-05,0,very_low,baseline
ASTORIA BLVD.,QUEENS,2027-01-01,0.002627,0,very_low,baseline
ASTORIA BLVD.,QUEENS,2027-02-01,0.002446,0,very_low,baseline
ASTORIA BLVD.,QUEENS,2027-03-01,0.004091,0,very_low,baseline
ASTORIA BLVD.,QUEENS,2027-04-01,0.003425,0,very_low,baseline
ASTORIA BLVD.,QUEENS,2027-05-01,0.005819,0,very_low,baseline
ASTORIA BLVD.,QUEENS,2027-06-01,0.003787,0,very_low,baseline
ASTORIA BLVD.,QUEENS,2027-07-01,0.003787,0,very_low,baseline
ASTORIA BLVD.,QUEENS,2027-08-01,0.003716,0,very_low,baseline
ASTORIA BLVD.,QUEENS,2027-09-01,0.003787,0,very_low,baseline
ASTORIA BLVD.,QUEENS,2027-10-01,0.002088,0,very_low,baseline
ASTORIA BLVD.,QUEENS,2027-11-01,0.001965,0,very_low,baseline
ASTORIA BLVD.,QUEENS,2027-12-01,0.001935,0,very_low,baseline
ASTORIA BLVD.,QUEENS,2028-01-01,0.003548,0,very_low,baseline
ASTORIA BLVD.,QUEENS,2028-02-01,0.003545,0,very_low,baseline
ASTORIA BLVD.,QUEENS,2028-03-01,0.003543,0,very_low,baseline
ASTORIA BLVD.,QUEENS,2028-04-01,0.003511,0,very_low,baseline
ASTORIA BLVD.,QUEENS,2028-05-01,0.003756,0,very_low,baseline
ASTORIA BLVD.,QUEENS,2028-06-01,0.003787,0,very_low,baseline
ASTORIA BLVD.,QUEENS,2028-07-01,0.003787,0,very_low,baseline
ASTORIA BLVD.,QUEENS,2028-08-01,0.003716,0,very_low,baseline
ASTORIA BLVD.,QUEENS,2028-09-01,0.003787,0,very_low,baseline
ASTORIA BLVD.,QUEENS,2028-10-01,0.002088,0,very_low,baseline
ASTORIA BLVD.,QUEENS,2028-11-01,0.001965,0,very_low,baseline
ASTORIA BLVD.,QUEENS,2028-12-01,0.001935,0,very_low,baseline
ASTORIA BLVD.,QUEENS,2029-01-01,0.003548,0,very_low,baseline
ASTORIA BLVD.,QUEENS,2029-02-01,0.003545,0,very_low,baseline
ASTORIA BLVD.,QUEENS,2029-03-01,0.003543,0,very_low,baseline
ASTORIA BLVD.,QUEENS,2029-04-01,0.003511,0,very_low,baseline
ASTORIA BLVD.,QUEENS,2029-05-01,0.003756,0,very_low,baseline
ASTORIA BLVD.,QUEENS,2029-06-01,0.003787,0,very_low,baseline
ASTORIA BLVD.,QUEENS,2029-07-01,0.003787,0,very_low,baseline
ASTORIA BLVD.,QUEENS,2029-08-01,0.003716,0,very_low,baseline
ASTORIA BLVD.,QUEENS,2029-09-01,0.003787,0,very_low,baseline
ASTORIA BLVD.,QUEENS,2029-10-01,0.002088,0,very_low,baseline
ASTORIA BLVD.,QUEENS,2029-11-01,0.001965,0,very_low,baseline
ASTORIA BLVD.,QUEENS,2029-12-01,0.001935,0,very_low,baseline
ATLANTIC AVENUE,BROOKLYN,2027-01-01,0.980953,1,very_high,baseline
ATLANTIC AVENUE,BROOKLYN,2027-02-01,0.985823,1,very_high,baseline
ATLANTIC AVENUE,BROOKLYN,2027-03-01,0.979783,1,very_high,baseline
ATLANTIC AVENUE,BROOKLYN,2027-04-01,0.979649,1,very_high,baseline
ATLANTIC AVENUE,BROOKLYN,2027-05-01,0.980007,1,very_high,baseline
ATLANTIC AVENUE,BROOKLYN,2027-06-01,0.980745,1,very_high,baseline
ATLANTIC AVENUE,BROOKLYN,2027-07-01,0.981153,1,very_high,baseline
ATLANTIC AVENUE,BROOKLYN,2027-08-01,0.981685,1,very_high,baseline
ATLANTIC AVENUE,BROOKLYN,2027-09-01,0.980822,1,very_high,baseline
ATLANTIC AVENUE,BROOKLYN,2027-10-01,0.982133,1,very_high,baseline
ATLANTIC AVENUE,BROOKLYN,2027-11-01,0.982252,1,very_high,baseline
ATLANTIC AVENUE,BROOKLYN,2027-12-01,0.982252,1,very_high,baseline
ATLANTIC AVENUE,BROOKLYN,2028-01-01,0.978347,1,very_high,baseline
ATLANTIC AVENUE,BROOKLYN,2028-02-01,0.978347,1,very_high,baseline
ATLANTIC AVENUE,BROOKLYN,2028-03-01,0.978347,1,very_high,baseline
ATLANTIC AVENUE,BROOKLYN,2028-04-01,0.979649,1,very_high,baseline
ATLANTIC AVENUE,BROOKLYN,2028-05-01,0.980007,1,very_high,baseline
ATLANTIC AVENUE,BROOKLYN,2028-06-01,0.980745,1,very_high,baseline
ATLANTIC AVENUE,BROOKLYN,2028-07-01,0.981153,1,very_high,baseline
ATLANTIC AVENUE,BROOKLYN,2028-08-01,0.981685,1,very_high,baseline
ATLANTIC AVENUE,BROOKLYN,2028-09-01,0.980822,1,very_high,baseline
ATLANTIC AVENUE,BROOKLYN,2028-10-01,0.982133,1,very_high,baseline
ATLANTIC AVENUE,BROOKLYN,2028-11-01,0.982252,1,very_high,baseline
ATLANTIC AVENUE,BROOKLYN,2028-12-01,0.982252,1,very_high,baseline
ATLANTIC AVENUE,BROOKLYN,2029-01-01,0.978347,1,very_high,baseline
ATLANTIC AVENUE,BROOKLYN,2029-02-01,0.978347,1,very_high,baseline
ATLANTIC AVENUE,BROOKLYN,2029-03-01,0.978347,1,very_high,baseline
ATLANTIC AVENUE,BROOKLYN,2029-04-01,0.979649,1,very_high,baseline
ATLANTIC AVENUE,BROOKLYN,2029-05-01,0.980007,1,very_high,baseline
ATLANTIC AVENUE,BROOKLYN,2029-06-01,0.980745,1,very_high,baseline
ATLANTIC AVENUE,BROOKLYN,2029-07-01,0.981153,1,very_high,baseline
ATLANTIC AVENUE,BROOKLYN,2029-08-01,0.981685,1,very_high,baseline
ATLANTIC AVENUE,BROOKLYN,2029-09-01,0.980822,1,very_high,baseline
ATLANTIC AVENUE,BROOKLYN,2029-10-01,0.982133,1,very_high,baseline
ATLANTIC AVENUE,BROOKLYN,2029-11-01,0.982252,1,very_high,baseline
ATLANTIC AVENUE,BROOKLYN,2029-12-01,0.982252,1,very_high,baseline
"AVENUE ""H""",BROOKLYN,2027-01-01,7.1e-05,0,very_low,baseline
"AVENUE ""H""",BROOKLYN,2027-02-01,6.4e-05,0,very_low,baseline
"AVENUE ""H""",BROOKLYN,2027-03-01,6.9e-05,0,very_low,baseline
"AVENUE ""H""",BROOKLYN,2027-04-01,7.2e-05,0,very_low,baseline
"AVENUE ""H""",BROOKLYN,2027-05-01,7.7e-05,0,very_low,baseline
"AVENUE ""H""",BROOKLYN,2027-06-01,7.5e-05,0,very_low,baseline
"AVENUE ""H""",BROOKLYN,2027-07-01,7.5e-05,0,very_low,baseline
"AVENUE ""H""",BROOKLYN,2027-08-01,7.5e-05,0,very_low,baseline
"AVENUE ""H""",BROOKLYN,2027-09-01,7.9e-05,0,very_low,baseline
"AVENUE ""H""",BROOKLYN,2027-10-01,7e-05,0,very_low,baseline
"AVENUE ""H""",BROOKLYN,2027-11-01,6.6e-05,0,very_low,baseline
"AVENUE ""H""",BROOKLYN,2027-12-01,6.8e-05,0,very_low,baseline
"AVENUE ""H""",BROOKLYN,2028-01-01,7.5e-05,0,very_low,baseline
"AVENUE ""H""",BROOKLYN,2028-02-01,7.3e-05,0,very_low,baseline
"AVENUE ""H""",BROOKLYN,2028-03-01,7.2e-05,0,very_low,baseline
"AVENUE ""H""",BROOKLYN,2028-04-01,7.2e-05,0,very_low,baseline
"AVENUE ""H""",BROOKLYN,2028-05-01,7.5e-05,0,very_low,baseline
"AVENUE ""H""",BROOKLYN,2028-06-01,7.5e-05,0,very_low,baseline
"AVENUE ""H""",BROOKLYN,2028-07-01,7.5e-05,0,very_low,baseline
"AVENUE ""H""",BROOKLYN,2028-08-01,7.5e-05,0,very_low,baseline
"AVENUE ""H""",BROOKLYN,2028-09-01,7.9e-05,0,very_low,baseline
"AVENUE ""H""",BROOKLYN,2028-10-01,7e-05,0,very_low,baseline
"AVENUE ""H""",BROOKLYN,2028-11-01,6.6e-05,0,very_low,baseline
"AVENUE ""H""",BROOKLYN,2028-12-01,6.8e-05,0,very_low,baseline
"AVENUE ""H""",BROOKLYN,2029-01-01,7.5e-05,0,very_low,baseline
"AVENUE ""H""",BROOKLYN,2029-02-01,7.3e-05,0,very_low,baseline
"AVENUE ""H""",BROOKLYN,2029-03-01,7.2e-05,0,very_low,baseline
"AVENUE ""H""",BROOKLYN,2029-04-01,7.2e-05,0,very_low,baseline
"AVENUE ""H""",BROOKLYN,2029-05-01,7.5e-05,0,very_low,baseline
"AVENUE ""H""",BROOKLYN,2029-06-01,7.5e-05,0,very_low,baseline
"AVENUE ""H""",BROOKLYN,2029-07-01,7.5e-05,0,very_low,baseline
"AVENUE ""H""",BROOKLYN,2029-08-01,7.5e-05,0,very_low,baseline
"AVENUE ""H""",BROOKLYN,2029-09-01,7.9e-05,0,very_low,baseline
"AVENUE ""H""",BROOKLYN,2029-10-01,7e-05,0,very_low,baseline
"AVENUE ""H""",BROOKLYN,2029-11-01,6.6e-05,0,very_low,baseline
"AVENUE ""H""",BROOKLYN,2029-12-01,6.8e-05,0,very_low,baseline
"AVENUE ""I""",BROOKLYN,2027-01-01,8.8e-05,0,very_low,baseline
"AVENUE ""I""",BROOKLYN,2027-02-01,8.3e-05,0,very_low,baseline
"AVENUE ""I""",BROOKLYN,2027-03-01,8.7e-05,0,very_low,baseline
"AVENUE ""I""",BROOKLYN,2027-04-01,7.8e-05,0,very_low,baseline
"AVENUE ""I""",BROOKLYN,2027-05-01,8.9e-05,0,very_low,baseline
"AVENUE ""I""",BROOKLYN,2027-06-01,8.1e-05,0,very_low,baseline
"AVENUE ""I""",BROOKLYN,2027-07-01,8.1e-05,0,very_low,baseline
"AVENUE ""I""",BROOKLYN,2027-08-01,8.1e-05,0,very_low,baseline
"AVENUE ""I""",BROOKLYN,2027-09-01,8.4e-05,0,very_low,baseline
"AVENUE ""I""",BROOKLYN,2027-10-01,6.9e-05,0,very_low,baseline
"AVENUE ""I""",BROOKLYN,2027-11-01,6.5e-05,0,very_low,baseline
"AVENUE ""I""",BROOKLYN,2027-12-01,6.7e-05,0,very_low,baseline
"AVENUE ""I""",BROOKLYN,2028-01-01,7.8e-05,0,very_low,baseline
"AVENUE ""I""",BROOKLYN,2028-02-01,7.7e-05,0,very_low,baseline
"AVENUE ""I""",BROOKLYN,2028-03-01,7.8e-05,0,very_low,baseline
"AVENUE ""I""",BROOKLYN,2028-04-01,7.8e-05,0,very_low,baseline
"AVENUE ""I""",BROOKLYN,2028-05-01,8.1e-05,0,very_low,baseline
"AVENUE ""I""",BROOKLYN,2028-06-01,8.1e-05,0,very_low,baseline
"AVENUE ""I""",BROOKLYN,2028-07-01,8.1e-05,0,very_low,baseline
"AVENUE ""I""",BROOKLYN,2028-08-01,8.1e-05,0,very_low,baseline
"AVENUE ""I""",BROOKLYN,2028-09-01,8.4e-05,0,very_low,baseline
"AVENUE ""I""",BROOKLYN,2028-10-01,6.9e-05,0,very_low,baseline
"AVENUE ""I""",BROOKLYN,2028-11-01,6.5e-05,0,very_low,baseline
"AVENUE ""I""",BROOKLYN,2028-12-01,6.7e-05,0,very_low,baseline
"AVENUE ""I""",BROOKLYN,2029-01-01,7.8e-05,0,very_low,baseline
"AVENUE ""I""",BROOKLYN,2029-02-01,7.7e-05,0,very_low,baseline
"AVENUE ""I""",BROOKLYN,2029-03-01,7.8e-05,0,very_low,baseline
"AVENUE ""I""",BROOKLYN,2029-04-01,7.8e-05,0,very_low,baseline
"AVENUE ""I""",BROOKLYN,2029-05-01,8.1e-05,0,very_low,baseline
"AVENUE ""I""",BROOKLYN,2029-06-01,8.1e-05,0,very_low,baseline
"AVENUE ""I""",BROOKLYN,2029-07-01,8.1e-05,0,very_low,baseline
"AVENUE ""I""",BROOKLYN,2029-08-01,8.1e-05,0,very_low,baseline
"AVENUE ""I""",BROOKLYN,2029-09-01,8.4e-05,0,very_low,baseline
"AVENUE ""I""",BROOKLYN,2029-10-01,6.9e-05,0,very_low,baseline
"AVENUE ""I""",BROOKLYN,2029-11-01,6.5e-05,0,very_low,baseline
"AVENUE ""I""",BROOKLYN,2029-12-01,6.7e-05,0,very_low,baseline
"AVENUE ""J""",BROOKLYN,2027-01-01,5.5e-05,0,very_low,baseline
"AVENUE ""J""",BROOKLYN,2027-02-01,8.2e-05,0,very_low,baseline
"AVENUE ""J""",BROOKLYN,2027-03-01,7.3e-05,0,very_low,baseline
"AVENUE ""J""",BROOKLYN,2027-04-01,6.6e-05,0,very_low,baseline
"AVENUE ""J""",BROOKLYN,2027-05-01,7.7e-05,0,very_low,baseline
"AVENUE ""J""",BROOKLYN,2027-06-01,7.5e-05,0,very_low,baseline
"AVENUE ""J""",BROOKLYN,2027-07-01,7.5e-05,0,very_low,baseline
"AVENUE ""J""",BROOKLYN,2027-08-01,7.5e-05,0,very_low,baseline
"AVENUE ""J""",BROOKLYN,2027-09-01,7.9e-05,0,very_low,baseline
"AVENUE ""J""",BROOKLYN,2027-10-01,7e-05,0,very_low,baseline
"AVENUE ""J""",BROOKLYN,2027-11-01,6.6e-05,0,very_low,baseline
"AVENUE ""J""",BROOKLYN,2027-12-01,6.8e-05,0,very_low,baseline
"AVENUE ""J""",BROOKLYN,2028-01-01,7.5e-05,0,very_low,baseline
"AVENUE ""J""",BROOKLYN,2028-02-01,7.3e-05,0,very_low,baseline
"AVENUE ""J""",BROOKLYN,2028-03-01,7.2e-05,0,very_low,baseline
"AVENUE ""J""",BROOKLYN,2028-04-01,7.2e-05,0,very_low,baseline
"AVENUE ""J""",BROOKLYN,2028-05-01,7.5e-05,0,very_low,baseline
"AVENUE ""J""",BROOKLYN,2028-06-01,7.5e-05,0,very_low,baseline
"AVENUE ""J""",BROOKLYN,2028-07-01,7.5e-05,0,very_low,baseline
"AVENUE ""J""",BROOKLYN,2028-08-01,7.5e-05,0,very_low,baseline
"AVENUE ""J""",BROOKLYN,2028-09-01,7.9e-05,0,very_low,baseline
"AVENUE ""J""",BROOKLYN,2028-10-01,7e-05,0,very_low,baseline
"AVENUE ""J""",BROOKLYN,2028-11-01,6.6e-05,0,very_low,baseline
"AVENUE ""J""",BROOKLYN,2028-12-01,6.8e-05,0,very_low,baseline
"AVENUE ""J""",BROOKLYN,2029-01-01,7.5e-05,0,very_low,baseline
"AVENUE ""J""",BROOKLYN,2029-02-01,7.3e-05,0,very_low,baseline
"AVENUE ""J""",BROOKLYN,2029-03-01,7.2e-05,0,very_low,baseline
"AVENUE ""J""",BROOKLYN,2029-04-01,7.2e-05,0,very_low,baseline
"AVENUE ""J""",BROOKLYN,2029-05-01,7.5e-05,0,very_low,baseline
"AVENUE ""J""",BROOKLYN,2029-06-01,7.5e-05,0,very_low,baseline
"AVENUE ""J""",BROOKLYN,2029-07-01,7.5e-05,0,very_low,baseline
"AVENUE ""J""",BROOKLYN,2029-08-01,7.5e-05,0,very_low,baseline
"AVENUE ""J""",BROOKLYN,2029-09-01,7.9e-05,0,very_low,baseline
"AVENUE ""J""",BROOKLYN,2029-10-01,7e-05,0,very_low,baseline
"AVENUE ""J""",BROOKLYN,2029-11-01,6.6e-05,0,very_low,baseline
"AVENUE ""J""",BROOKLYN,2029-12-01,6.8e-05,0,very_low,baseline
"AVENUE ""M""",BROOKLYN,2027-01-01,0.000186,0,very_low,baseline
"AVENUE ""M""",BROOKLYN,2027-02-01,0.000251,0,very_low,baseline
"AVENUE ""M""",BROOKLYN,2027-03-01,0.000319,0,very_low,baseline
"AVENUE ""M""",BROOKLYN,2027-04-01,0.000319,0,very_low,baseline
"AVENUE ""M""",BROOKLYN,2027-05-01,0.000268,0,very_low,baseline
"AVENUE ""M""",BROOKLYN,2027-06-01,0.000261,0,very_low,baseline
"AVENUE ""M""",BROOKLYN,2027-07-01,0.000261,0,very_low,baseline
"AVENUE ""M""",BROOKLYN,2027-08-01,0.000261,0,very_low,baseline
"AVENUE ""M""",BROOKLYN,2027-09-01,0.000268,0,very_low,baseline
"AVENUE ""M""",BROOKLYN,2027-10-01,0.000184,0,very_low,baseline
"AVENUE ""M""",BROOKLYN,2027-11-01,0.000179,0,very_low,baseline
"AVENUE ""M""",BROOKLYN,2027-12-01,0.000176,0,very_low,baseline
"AVENUE ""M""",BROOKLYN,2028-01-01,0.00024,0,very_low,baseline
"AVENUE ""M""",BROOKLYN,2028-02-01,0.000235,0,very_low,baseline
"AVENUE ""M""",BROOKLYN,2028-03-01,0.000234,0,very_low,baseline
"AVENUE ""M""",BROOKLYN,2028-04-01,0.000236,0,very_low,baseline
"AVENUE ""M""",BROOKLYN,2028-05-01,0.00025,0,very_low,baseline
"AVENUE ""M""",BROOKLYN,2028-06-01,0.000261,0,very_low,baseline
"AVENUE ""M""",BROOKLYN,2028-07-01,0.000261,0,very_low,baseline
"AVENUE ""M""",BROOKLYN,2028-08-01,0.000261,0,very_low,baseline
"AVENUE ""M""",BROOKLYN,2028-09-01,0.000268,0,very_low,baseline
"AVENUE ""M""",BROOKLYN,2028-10-01,0.000184,0,very_low,baseline
"AVENUE ""M""",BROOKLYN,2028-11-01,0.000179,0,very_low,baseline
"AVENUE ""M""",BROOKLYN,2028-12-01,0.000176,0,very_low,baseline
"AVENUE ""M""",BROOKLYN,2029-01-01,0.00024,0,very_low,baseline
"AVENUE ""M""",BROOKLYN,2029-02-01,0.000235,0,very_low,baseline
"AVENUE ""M""",BROOKLYN,2029-03-01,0.000234,0,very_low,baseline
"AVENUE ""M""",BROOKLYN,2029-04-01,0.000236,0,very_low,baseline
"AVENUE ""M""",BROOKLYN,2029-05-01,0.00025,0,very_low,baseline
"AVENUE ""M""",BROOKLYN,2029-06-01,0.000261,0,very_low,baseline
"AVENUE ""M""",BROOKLYN,2029-07-01,0.000261,0,very_low,baseline
"AVENUE ""M""",BROOKLYN,2029-08-01,0.000261,0,very_low,baseline
"AVENUE ""M""",BROOKLYN,2029-09-01,0.000268,0,very_low,baseline
"AVENUE ""M""",BROOKLYN,2029-10-01,0.000184,0,very_low,baseline
"AVENUE ""M""",BROOKLYN,2029-11-01,0.000179,0,very_low,baseline
"AVENUE ""M""",BROOKLYN,2029-12-01,0.000176,0,very_low,baseline
"AVENUE ""N""",BROOKLYN,2027-01-01,9.1e-05,0,very_low,baseline
"AVENUE ""N""",BROOKLYN,2027-02-01,7.9e-05,0,very_low,baseline
"AVENUE ""N""",BROOKLYN,2027-03-01,6.3e-05,0,very_low,baseline
"AVENUE ""N""",BROOKLYN,2027-04-01,6.4e-05,0,very_low,baseline
"AVENUE ""N""",BROOKLYN,2027-05-01,7.1e-05,0,very_low,baseline
"AVENUE ""N""",BROOKLYN,2027-06-01,7.8e-05,0,very_low,baseline
"AVENUE ""N""",BROOKLYN,2027-07-01,7.8e-05,0,very_low,baseline
"AVENUE ""N""",BROOKLYN,2027-08-01,7.8e-05,0,very_low,baseline
"AVENUE ""N""",BROOKLYN,2027-09-01,8.2e-05,0,very_low,baseline
"AVENUE ""N""",BROOKLYN,2027-10-01,7.3e-05,0,very_low,baseline
"AVENUE ""N""",BROOKLYN,2027-11-01,6.9e-05,0,very_low,baseline
"AVENUE ""N""",BROOKLYN,2027-12-01,7.1e-05,0,very_low,baseline
"AVENUE ""N""",BROOKLYN,2028-01-01,7.7e-05,0,very_low,baseline
"AVENUE ""N""",BROOKLYN,2028-02-01,7.6e-05,0,very_low,baseline
"AVENUE ""N""",BROOKLYN,2028-03-01,7.4e-05,0,very_low,baseline
"AVENUE ""N""",BROOKLYN,2028-04-01,7.4e-05,0,very_low,baseline
"AVENUE ""N""",BROOKLYN,2028-05-01,7.7e-05,0,very_low,baseline
"AVENUE ""N""",BROOKLYN,2028-06-01,7.8e-05,0,very_low,baseline
"AVENUE ""N""",BROOKLYN,2028-07-01,7.8e-05,0,very_low,baseline
"AVENUE ""N""",BROOKLYN,2028-08-01,7.8e-05,0,very_low,baseline
"AVENUE ""N""",BROOKLYN,2028-09-01,8.2e-05,0,very_low,baseline
"AVENUE ""N""",BROOKLYN,2028-10-01,7.3e-05,0,very_low,baseline
"AVENUE ""N""",BROOKLYN,2028-11-01,6.9e-05,0,very_low,baseline
"AVENUE ""N""",BROOKLYN,2028-12-01,7.1e-05,0,very_low,baseline
"AVENUE ""N""",BROOKLYN,2029-01-01,7.7e-05,0,very_low,baseline
"AVENUE ""N""",BROOKLYN,2029-02-01,7.6e-05,0,very_low,baseline
"AVENUE ""N""",BROOKLYN,2029-03-01,7.4e-05,0,very_low,baseline
"AVENUE ""N""",BROOKLYN,2029-04-01,7.4e-05,0,very_low,baseline
"AVENUE ""N""",BROOKLYN,2029-05-01,7.7e-05,0,very_low,baseline
"AVENUE ""N""",BROOKLYN,2029-06-01,7.8e-05,0,very_low,baseline
"AVENUE ""N""",BROOKLYN,2029-07-01,7.8e-05,0,very_low,baseline
"AVENUE ""N""",BROOKLYN,2029-08-01,7.8e-05,0,very_low,baseline
"AVENUE ""N""",BROOKLYN,2029-09-01,8.2e-05,0,very_low,baseline
"AVENUE ""N""",BROOKLYN,2029-10-01,7.3e-05,0,very_low,baseline
"AVENUE ""N""",BROOKLYN,2029-11-01,6.9e-05,0,very_low,baseline
"AVENUE ""N""",BROOKLYN,2029-12-01,7.1e-05,0,very_low,baseline
"AVENUE ""P""",BROOKLYN,2027-01-01,8.9e-05,0,very_low,baseline
"AVENUE ""P""",BROOKLYN,2027-02-01,8.3e-05,0,very_low,baseline
"AVENUE ""P""",BROOKLYN,2027-03-01,7.8e-05,0,very_low,baseline
"AVENUE ""P""",BROOKLYN,2027-04-01,7.8e-05,0,very_low,baseline
"AVENUE ""P""",BROOKLYN,2027-05-01,8.9e-05,0,very_low,baseline
"AVENUE ""P""",BROOKLYN,2027-06-01,8.1e-05,0,very_low,baseline
"AVENUE ""P""",BROOKLYN,2027-07-01,8.1e-05,0,very_low,baseline
"AVENUE ""P""",BROOKLYN,2027-08-01,8.1e-05,0,very_low,baseline
"AVENUE ""P""",BROOKLYN,2027-09-01,8.4e-05,0,very_low,baseline
"AVENUE ""P""",BROOKLYN,2027-10-01,6.9e-05,0,very_low,baseline
"AVENUE ""P""",BROOKLYN,2027-11-01,6.5e-05,0,very_low,baseline
"AVENUE ""P""",BROOKLYN,2027-12-01,6.7e-05,0,very_low,baseline
"AVENUE ""P""",BROOKLYN,2028-01-01,7.8e-05,0,very_low,baseline
"AVENUE ""P""",BROOKLYN,2028-02-01,7.7e-05,0,very_low,baseline
"AVENUE ""P""",BROOKLYN,2028-03-01,7.8e-05,0,very_low,baseline
"AVENUE ""P""",BROOKLYN,2028-04-01,7.8e-05,0,very_low,baseline
"AVENUE ""P""",BROOKLYN,2028-05-01,8.1e-05,0,very_low,baseline
"AVENUE ""P""",BROOKLYN,2028-06-01,8.1e-05,0,very_low,baseline
"AVENUE ""P""",BROOKLYN,2028-07-01,8.1e-05,0,very_low,baseline
"AVENUE ""P""",BROOKLYN,2028-08-01,8.1e-05,0,very_low,baseline
"AVENUE ""P""",BROOKLYN,2028-09-01,8.4e-05,0,very_low,baseline
"AVENUE ""P""",BROOKLYN,2028-10-01,6.9e-05,0,very_low,baseline
"AVENUE ""P""",BROOKLYN,2028-11-01,6.5e-05,0,very_low,baseline
"AVENUE ""P""",BROOKLYN,2028-12-01,6.7e-05,0,very_low,baseline
"AVENUE ""P""",BROOKLYN,2029-01-01,7.8e-05,0,very_low,baseline
"AVENUE ""P""",BROOKLYN,2029-02-01,7.7e-05,0,very_low,baseline
"AVENUE ""P""",BROOKLYN,2029-03-01,7.8e-05,0,very_low,baseline
"AVENUE ""P""",BROOKLYN,2029-04-01,7.8e-05,0,very_low,baseline
"AVENUE ""P""",BROOKLYN,2029-05-01,8.1e-05,0,very_low,baseline
"AVENUE ""P""",BROOKLYN,2029-06-01,8.1e-05,0,very_low,baseline
"AVENUE ""P""",BROOKLYN,2029-07-01,8.1e-05,0,very_low,baseline
"AVENUE ""P""",BROOKLYN,2029-08-01,8.1e-05,0,very_low,baseline
"AVENUE ""P""",BROOKLYN,2029-09-01,8.4e-05,0,very_low,baseline
"AVENUE ""P""",BROOKLYN,2029-10-01,6.9e-05,0,very_low,baseline
"AVENUE ""P""",BROOKLYN,2029-11-01,6.5e-05,0,very_low,baseline
"AVENUE ""P""",BROOKLYN,2029-12-01,6.7e-05,0,very_low,baseline
"AVENUE ""U""",BROOKLYN,2027-01-01,0.000352,0,very_low,baseline
"AVENUE ""U""",BROOKLYN,2027-02-01,0.000434,0,very_low,baseline
"AVENUE ""U""",BROOKLYN,2027-03-01,0.000313,0,very_low,baseline
"AVENUE ""U""",BROOKLYN,2027-04-01,0.000293,0,very_low,baseline
"AVENUE ""U""",BROOKLYN,2027-05-01,0.000355,0,very_low,baseline
"AVENUE ""U""",BROOKLYN,2027-06-01,0.00032,0,very_low,baseline
"AVENUE ""U""",BROOKLYN,2027-07-01,0.000311,0,very_low,baseline
"AVENUE ""U""",BROOKLYN,2027-08-01,0.000311,0,very_low,baseline
"AVENUE ""U""",BROOKLYN,2027-09-01,0.000317,0,very_low,baseline
"AVENUE ""U""",BROOKLYN,2027-10-01,0.000211,0,very_low,baseline
"AVENUE ""U""",BROOKLYN,2027-11-01,0.000204,0,very_low,baseline
"AVENUE ""U""",BROOKLYN,2027-12-01,0.000201,0,very_low,baseline
"AVENUE ""U""",BROOKLYN,2028-01-01,0.000289,0,very_low,baseline
"AVENUE ""U""",BROOKLYN,2028-02-01,0.000285,0,very_low,baseline
"AVENUE ""U""",BROOKLYN,2028-03-01,0.000285,0,very_low,baseline
"AVENUE ""U""",BROOKLYN,2028-04-01,0.00029,0,very_low,baseline
"AVENUE ""U""",BROOKLYN,2028-05-01,0.000307,0,very_low,baseline
"AVENUE ""U""",BROOKLYN,2028-06-01,0.00032,0,very_low,baseline
"AVENUE ""U""",BROOKLYN,2028-07-01,0.000311,0,very_low,baseline
"AVENUE ""U""",BROOKLYN,2028-08-01,0.000311,0,very_low,baseline
"AVENUE ""U""",BROOKLYN,2028-09-01,0.000317,0,very_low,baseline
"AVENUE ""U""",BROOKLYN,2028-10-01,0.000211,0,very_low,baseline
"AVENUE ""U""",BROOKLYN,2028-11-01,0.000204,0,very_low,baseline
"AVENUE ""U""",BROOKLYN,2028-12-01,0.000201,0,very_low,baseline
"AVENUE ""U""",BROOKLYN,2029-01-01,0.000289,0,very_low,baseline
"AVENUE ""U""",BROOKLYN,2029-02-01,0.000285,0,very_low,baseline
"AVENUE ""U""",BROOKLYN,2029-03-01,0.000285,0,very_low,baseline
"AVENUE ""U""",BROOKLYN,2029-04-01,0.00029,0,very_low,baseline
"AVENUE ""U""",BROOKLYN,2029-05-01,0.000307,0,very_low,baseline
"AVENUE ""U""",BROOKLYN,2029-06-01,0.00032,0,very_low,baseline
"AVENUE ""U""",BROOKLYN,2029-07-01,0.000311,0,very_low,baseline
"AVENUE ""U""",BROOKLYN,2029-08-01,0.000311,0,very_low,baseline
"AVENUE ""U""",BROOKLYN,2029-09-01,0.000317,0,very_low,baseline
"AVENUE ""U""",BROOKLYN,2029-10-01,0.000211,0,very_low,baseline
"AVENUE ""U""",BROOKLYN,2029-11-01,0.000204,0,very_low,baseline
"AVENUE ""U""",BROOKLYN,2029-12-01,0.000201,0,very_low,baseline
"AVENUE ""X""",BROOKLYN,2027-01-01,7.1e-05,0,very_low,baseline
"AVENUE ""X""",BROOKLYN,2027-02-01,7.1e-05,0,very_low,baseline
"AVENUE ""X""",BROOKLYN,2027-03-01,6.8e-05,0,very_low,baseline
"AVENUE ""X""",BROOKLYN,2027-04-01,7.4e-05,0,very_low,baseline
"AVENUE ""X""",BROOKLYN,2027-05-01,7.7e-05,0,very_low,baseline
"AVENUE ""X""",BROOKLYN,2027-06-01,7.8e-05,0,very_low,baseline
"AVENUE ""X""",BROOKLYN,2027-07-01,7.8e-05,0,very_low,baseline
"AVENUE ""X""",BROOKLYN,2027-08-01,7.8e-05,0,very_low,baseline
"AVENUE ""X""",BROOKLYN,2027-09-01,8.2e-05,0,very_low,baseline
"AVENUE ""X""",BROOKLYN,2027-10-01,7.3e-05,0,very_low,baseline
"AVENUE ""X""",BROOKLYN,2027-11-01,6.9e-05,0,very_low,baseline
"AVENUE ""X""",BROOKLYN,2027-12-01,7.1e-05,0,very_low,baseline
"AVENUE ""X""",BROOKLYN,2028-01-01,7.7e-05,0,very_low,baseline
"AVENUE ""X""",BROOKLYN,2028-02-01,7.6e-05,0,very_low,baseline
"AVENUE ""X""",BROOKLYN,2028-03-01,7.4e-05,0,very_low,baseline
"AVENUE ""X""",BROOKLYN,2028-04-01,7.4e-05,0,very_low,baseline
"AVENUE ""X""",BROOKLYN,2028-05-01,7.7e-05,0,very_low,baseline
"AVENUE ""X""",BROOKLYN,2028-06-01,7.8e-05,0,very_low,baseline
"AVENUE ""X""",BROOKLYN,2028-07-01,7.8e-05,0,very_low,baseline
"AVENUE ""X""",BROOKLYN,2028-08-01,7.8e-05,0,very_low,baseline
"AVENUE ""X""",BROOKLYN,2028-09-01,8.2e-05,0,very_low,baseline
"AVENUE ""X""",BROOKLYN,2028-10-01,7.3e-05,0,very_low,baseline
"AVENUE ""X""",BROOKLYN,2028-11-01,6.9e-05,0,very_low,baseline
"AVENUE ""X""",BROOKLYN,2028-12-01,7.1e-05,0,very_low,baseline
"AVENUE ""X""",BROOKLYN,2029-01-01,7.7e-05,0,very_low,baseline
"AVENUE ""X""",BROOKLYN,2029-02-01,7.6e-05,0,very_low,baseline
"AVENUE ""X""",BROOKLYN,2029-03-01,7.4e-05,0,very_low,baseline
"AVENUE ""X""",BROOKLYN,2029-04-01,7.4e-05,0,very_low,baseline
"AVENUE ""X""",BROOKLYN,2029-05-01,7.7e-05,0,very_low,baseline
"AVENUE ""X""",BROOKLYN,2029-06-01,7.8e-05,0,very_low,baseline
"AVENUE ""X""",BROOKLYN,2029-07-01,7.8e-05,0,very_low,baseline
"AVENUE ""X""",BROOKLYN,2029-08-01,7.8e-05,0,very_low,baseline
"AVENUE ""X""",BROOKLYN,2029-09-01,8.2e-05,0,very_low,baseline
"AVENUE ""X""",BROOKLYN,2029-10-01,7.3e-05,0,very_low,baseline
"AVENUE ""X""",BROOKLYN,2029-11-01,6.9e-05,0,very_low,baseline
"AVENUE ""X""",BROOKLYN,2029-12-01,7.1e-05,0,very_low,baseline
BAY 50 STREET,BROOKLYN,2027-01-01,0.000337,0,very_low,baseline
BAY 50 STREET,BROOKLYN,2027-02-01,0.000327,0,very_low,baseline
BAY 50 STREET,BROOKLYN,2027-03-01,0.000602,0,very_low,baseline
BAY 50 STREET,BROOKLYN,2027-04-01,0.000557,0,very_low,baseline
BAY 50 STREET,BROOKLYN,2027-05-01,0.00055,0,very_low,baseline
BAY 50 STREET,BROOKLYN,2027-06-01,0.000451,0,very_low,baseline
BAY 50 STREET,BROOKLYN,2027-07-01,0.000456,0,very_low,baseline
BAY 50 STREET,BROOKLYN,2027-08-01,0.000456,0,very_low,baseline
BAY 50 STREET,BROOKLYN,2027-09-01,0.000482,0,very_low,baseline
BAY 50 STREET,BROOKLYN,2027-10-01,0.000329,0,very_low,baseline
BAY 50 STREET,BROOKLYN,2027-11-01,0.000319,0,very_low,baseline
BAY 50 STREET,BROOKLYN,2027-12-01,0.000319,0,very_low,baseline
BAY 50 STREET,BROOKLYN,2028-01-01,0.000423,0,very_low,baseline
BAY 50 STREET,BROOKLYN,2028-02-01,0.000423,0,very_low,baseline
BAY 50 STREET,BROOKLYN,2028-03-01,0.000426,0,very_low,baseline
BAY 50 STREET,BROOKLYN,2028-04-01,0.000434,0,very_low,baseline
BAY 50 STREET,BROOKLYN,2028-05-01,0.000444,0,very_low,baseline
BAY 50 STREET,BROOKLYN,2028-06-01,0.000451,0,very_low,baseline
BAY 50 STREET,BROOKLYN,2028-07-01,0.000456,0,very_low,baseline
BAY 50 STREET,BROOKLYN,2028-08-01,0.000456,0,very_low,baseline
BAY 50 STREET,BROOKLYN,2028-09-01,0.000482,0,very_low,baseline
BAY 50 STREET,BROOKLYN,2028-10-01,0.000329,0,very_low,baseline
BAY 50 STREET,BROOKLYN,2028-11-01,0.000319,0,very_low,baseline
BAY 50 STREET,BROOKLYN,2028-12-01,0.000319,0,very_low,baseline
BAY 50 STREET,BROOKLYN,2029-01-01,0.000423,0,very_low,baseline
BAY 50 STREET,BROOKLYN,2029-02-01,0.000423,0,very_low,baseline
BAY 50 STREET,BROOKLYN,2029-03-01,0.000426,0,very_low,baseline
BAY 50 STREET,BROOKLYN,2029-04-01,0.000434,0,very_low,baseline
BAY 50 STREET,BROOKLYN,2029-05-01,0.000444,0,very_low,baseline
BAY 50 STREET,BROOKLYN,2029-06-01,0.000451,0,very_low,baseline
BAY 50 STREET,BROOKLYN,2029-07-01,0.000456,0,very_low,baseline
BAY 50 STREET,BROOKLYN,2029-08-01,0.000456,0,very_low,baseline
BAY 50 STREET,BROOKLYN,2029-09-01,0.000482,0,very_low,baseline
BAY 50 STREET,BROOKLYN,2029-10-01,0.000329,0,very_low,baseline
BAY 50 STREET,BROOKLYN,2029-11-01,0.000319,0,very_low,baseline
BAY 50 STREET,BROOKLYN,2029-12-01,0.000319,0,very_low,baseline
BAY PARKWAY,BROOKLYN,2027-01-01,0.000273,0,very_low,baseline
BAY PARKWAY,BROOKLYN,2027-02-01,0.00024,0,very_low,baseline
BAY PARKWAY,BROOKLYN,2027-03-01,0.000262,0,very_low,baseline
BAY PARKWAY,BROOKLYN,2027-04-01,0.000279,0,very_low,baseline
BAY PARKWAY,BROOKLYN,2027-05-01,0.000297,0,very_low,baseline
BAY PARKWAY,BROOKLYN,2027-06-01,0.000319,0,very_low,baseline
BAY PARKWAY,BROOKLYN,2027-07-01,0.000319,0,very_low,baseline
BAY PARKWAY,BROOKLYN,2027-08-01,0.000319,0,very_low,baseline
BAY PARKWAY,BROOKLYN,2027-09-01,0.000314,0,very_low,baseline
BAY PARKWAY,BROOKLYN,2027-10-01,0.000223,0,very_low,baseline
BAY PARKWAY,BROOKLYN,2027-11-01,0.000222,0,very_low,baseline
BAY PARKWAY,BROOKLYN,2027-12-01,0.000223,0,very_low,baseline
BAY PARKWAY,BROOKLYN,2028-01-01,0.000276,0,very_low,baseline
BAY PARKWAY,BROOKLYN,2028-02-01,0.000281,0,very_low,baseline
BAY PARKWAY,BROOKLYN,2028-03-01,0.000279,0,very_low,baseline
BAY PARKWAY,BROOKLYN,2028-04-01,0.000279,0,very_low,baseline
BAY PARKWAY,BROOKLYN,2028-05-01,0.0003,0,very_low,baseline
BAY PARKWAY,BROOKLYN,2028-06-01,0.000319,0,very_low,baseline
BAY PARKWAY,BROOKLYN,2028-07-01,0.000319,0,very_low,baseline
BAY PARKWAY,BROOKLYN,2028-08-01,0.000319,0,very_low,baseline
BAY PARKWAY,BROOKLYN,2028-09-01,0.000314,0,very_low,baseline
BAY PARKWAY,BROOKLYN,2028-10-01,0.000223,0,very_low,baseline
BAY PARKWAY,BROOKLYN,2028-11-01,0.000222,0,very_low,baseline
BAY PARKWAY,BROOKLYN,2028-12-01,0.000223,0,very_low,baseline
BAY PARKWAY,BROOKLYN,2029-01-01,0.000276,0,very_low,baseline
BAY PARKWAY,BROOKLYN,2029-02-01,0.000281,0,very_low,baseline
BAY PARKWAY,BROOKLYN,2029-03-01,0.000279,0,very_low,baseline
BAY PARKWAY,BROOKLYN,2029-04-01,0.000279,0,very_low,baseline
BAY PARKWAY,BROOKLYN,2029-05-01,0.0003,0,very_low,baseline
BAY PARKWAY,BROOKLYN,2029-06-01,0.000319,0,very_low,baseline
BAY PARKWAY,BROOKLYN,2029-07-01,0.000319,0,very_low,baseline
BAY PARKWAY,BROOKLYN,2029-08-01,0.000319,0,very_low,baseline
BAY PARKWAY,BROOKLYN,2029-09-01,0.000314,0,very_low,baseline
BAY PARKWAY,BROOKLYN,2029-10-01,0.000223,0,very_low,baseline
BAY PARKWAY,BROOKLYN,2029-11-01,0.000222,0,very_low,baseline
BAY PARKWAY,BROOKLYN,2029-12-01,0.000223,0,very_low,baseline
BAY RIDGE AVENUE,BROOKLYN,2027-01-01,7.7e-05,0,very_low,baseline
BAY RIDGE AVENUE,BROOKLYN,2027-02-01,7.4e-05,0,very_low,baseline
BAY RIDGE AVENUE,BROOKLYN,2027-03-01,6.7e-05,0,very_low,baseline
BAY RIDGE AVENUE,BROOKLYN,2027-04-01,7.4e-05,0,very_low,baseline
BAY RIDGE AVENUE,BROOKLYN,2027-05-01,7.6e-05,0,very_low,baseline
BAY RIDGE AVENUE,BROOKLYN,2027-06-01,7.7e-05,0,very_low,baseline
BAY RIDGE AVENUE,BROOKLYN,2027-07-01,7.7e-05,0,very_low,baseline
BAY RIDGE AVENUE,BROOKLYN,2027-08-01,7.7e-05,0,very_low,baseline
BAY RIDGE AVENUE,BROOKLYN,2027-09-01,8.1e-05,0,very_low,baseline
BAY RIDGE AVENUE,BROOKLYN,2027-10-01,7.2e-05,0,very_low,baseline
BAY RIDGE AVENUE,BROOKLYN,2027-11-01,6.8e-05,0,very_low,baseline
BAY RIDGE AVENUE,BROOKLYN,2027-12-01,7e-05,0,very_low,baseline
BAY RIDGE AVENUE,BROOKLYN,2028-01-01,7.6e-05,0,very_low,baseline
BAY RIDGE AVENUE,BROOKLYN,2028-02-01,7.5e-05,0,very_low,baseline
BAY RIDGE AVENUE,BROOKLYN,2028-03-01,7.4e-05,0,very_low,baseline
BAY RIDGE AVENUE,BROOKLYN,2028-04-01,7.4e-05,0,very_low,baseline
BAY RIDGE AVENUE,BROOKLYN,2028-05-01,7.6e-05,0,very_low,baseline
BAY RIDGE AVENUE,BROOKLYN,2028-06-01,7.7e-05,0,very_low,baseline
BAY RIDGE AVENUE,BROOKLYN,2028-07-01,7.7e-05,0,very_low,baseline
BAY RIDGE AVENUE,BROOKLYN,2028-08-01,7.7e-05,0,very_low,baseline
BAY RIDGE AVENUE,BROOKLYN,2028-09-01,8.1e-05,0,very_low,baseline
BAY RIDGE AVENUE,BROOKLYN,2028-10-01,7.2e-05,0,very_low,baseline
BAY RIDGE AVENUE,BROOKLYN,2028-11-01,6.8e-05,0,very_low,baseline
BAY RIDGE AVENUE,BROOKLYN,2028-12-01,7e-05,0,very_low,baseline
BAY RIDGE AVENUE,BROOKLYN,2029-01-01,7.6e-05,0,very_low,baseline
BAY RIDGE AVENUE,BROOKLYN,2029-02-01,7.5e-05,0,very_low,baseline
BAY RIDGE AVENUE,BROOKLYN,2029-03-01,7.4e-05,0,very_low,baseline
BAY RIDGE AVENUE,BROOKLYN,2029-04-01,7.4e-05,0,very_low,baseline
BAY RIDGE AVENUE,BROOKLYN,2029-05-01,7.6e-05,0,very_low,baseline
BAY RIDGE AVENUE,BROOKLYN,2029-06-01,7.7e-05,0,very_low,baseline
BAY RIDGE AVENUE,BROOKLYN,2029-07-01,7.7e-05,0,very_low,baseline
BAY RIDGE AVENUE,BROOKLYN,2029-08-01,7.7e-05,0,very_low,baseline
BAY RIDGE AVENUE,BROOKLYN,2029-09-01,8.1e-05,0,very_low,baseline
BAY RIDGE AVENUE,BROOKLYN,2029-10-01,7.2e-05,0,very_low,baseline
BAY RIDGE AVENUE,BROOKLYN,2029-11-01,6.8e-05,0,very_low,baseline
BAY RIDGE AVENUE,BROOKLYN,2029-12-01,7e-05,0,very_low,baseline
BAYCHESTER AVENUE,BRONX,2027-01-01,0.000459,0,very_low,baseline
BAYCHESTER AVENUE,BRONX,2027-02-01,0.000364,0,very_low,baseline
BAYCHESTER AVENUE,BRONX,2027-03-01,0.000443,0,very_low,baseline
BAYCHESTER AVENUE,BRONX,2027-04-01,0.000364,0,very_low,baseline
BAYCHESTER AVENUE,BRONX,2027-05-01,0.000352,0,very_low,baseline
BAYCHESTER AVENUE,BRONX,2027-06-01,0.000353,0,very_low,baseline
BAYCHESTER AVENUE,BRONX,2027-07-01,0.000353,0,very_low,baseline
BAYCHESTER AVENUE,BRONX,2027-08-01,0.000353,0,very_low,baseline
BAYCHESTER AVENUE,BRONX,2027-09-01,0.000368,0,very_low,baseline
BAYCHESTER AVENUE,BRONX,2027-10-01,0.00026,0,very_low,baseline
BAYCHESTER AVENUE,BRONX,2027-11-01,0.000248,0,very_low,baseline
BAYCHESTER AVENUE,BRONX,2027-12-01,0.000244,0,very_low,baseline
BAYCHESTER AVENUE,BRONX,2028-01-01,0.000355,0,very_low,baseline
BAYCHESTER AVENUE,BRONX,2028-02-01,0.000354,0,very_low,baseline
BAYCHESTER AVENUE,BRONX,2028-03-01,0.000356,0,very_low,baseline
BAYCHESTER AVENUE,BRONX,2028-04-01,0.000356,0,very_low,baseline
BAYCHESTER AVENUE,BRONX,2028-05-01,0.000352,0,very_low,baseline
BAYCHESTER AVENUE,BRONX,2028-06-01,0.000353,0,very_low,baseline
BAYCHESTER AVENUE,BRONX,2028-07-01,0.000353,0,very_low,baseline
BAYCHESTER AVENUE,BRONX,2028-08-01,0.000353,0,very_low,baseline
BAYCHESTER AVENUE,BRONX,2028-09-01,0.000368,0,very_low,baseline
BAYCHESTER AVENUE,BRONX,2028-10-01,0.00026,0,very_low,baseline
BAYCHESTER AVENUE,BRONX,2028-11-01,0.000248,0,very_low,baseline
BAYCHESTER AVENUE,BRONX,2028-12-01,0.000244,0,very_low,baseline
BAYCHESTER AVENUE,BRONX,2029-01-01,0.000355,0,very_low,baseline
BAYCHESTER AVENUE,BRONX,2029-02-01,0.000354,0,very_low,baseline
BAYCHESTER AVENUE,BRONX,2029-03-01,0.000356,0,very_low,baseline
BAYCHESTER AVENUE,BRONX,2029-04-01,0.000356,0,very_low,baseline
BAYCHESTER AVENUE,BRONX,2029-05-01,0.000352,0,very_low,baseline
BAYCHESTER AVENUE,BRONX,2029-06-01,0.000353,0,very_low,baseline
BAYCHESTER AVENUE,BRONX,2029-07-01,0.000353,0,very_low,baseline
BAYCHESTER AVENUE,BRONX,2029-08-01,0.000353,0,very_low,baseline
BAYCHESTER AVENUE,BRONX,2029-09-01,0.000368,0,very_low,baseline
BAYCHESTER AVENUE,BRONX,2029-10-01,0.00026,0,very_low,baseline
BAYCHESTER AVENUE,BRONX,2029-11-01,0.000248,0,very_low,baseline
BAYCHESTER AVENUE,BRONX,2029-12-01,0.000244,0,very_low,baseline
BEACH 105 STREET,QUEENS,2027-01-01,0.000615,0,very_low,baseline
BEACH 105 STREET,QUEENS,2027-02-01,0.00054,0,very_low,baseline
BEACH 105 STREET,QUEENS,2027-03-01,0.000558,0,very_low,baseline
BEACH 105 STREET,QUEENS,2027-04-01,0.000558,0,very_low,baseline
BEACH 105 STREET,QUEENS,2027-05-01,0.000548,0,very_low,baseline
BEACH 105 STREET,QUEENS,2027-06-01,0.00055,0,very_low,baseline
BEACH 105 STREET,QUEENS,2027-07-01,0.00055,0,very_low,baseline
BEACH 105 STREET,QUEENS,2027-08-01,0.00055,0,very_low,baseline
BEACH 105 STREET,QUEENS,2027-09-01,0.00056,0,very_low,baseline
BEACH 105 STREET,QUEENS,2027-10-01,0.000506,0,very_low,baseline
BEACH 105 STREET,QUEENS,2027-11-01,0.000475,0,very_low,baseline
BEACH 105 STREET,QUEENS,2027-12-01,0.000475,0,very_low,baseline
BEACH 105 STREET,QUEENS,2028-01-01,0.000564,0,very_low,baseline
BEACH 105 STREET,QUEENS,2028-02-01,0.000568,0,very_low,baseline
BEACH 105 STREET,QUEENS,2028-03-01,0.000568,0,very_low,baseline
BEACH 105 STREET,QUEENS,2028-04-01,0.000568,0,very_low,baseline
BEACH 105 STREET,QUEENS,2028-05-01,0.000548,0,very_low,baseline
BEACH 105 STREET,QUEENS,2028-06-01,0.00055,0,very_low,baseline
BEACH 105 STREET,QUEENS,2028-07-01,0.00055,0,very_low,baseline
BEACH 105 STREET,QUEENS,2028-08-01,0.00055,0,very_low,baseline
BEACH 105 STREET,QUEENS,2028-09-01,0.00056,0,very_low,baseline
BEACH 105 STREET,QUEENS,2028-10-01,0.000506,0,very_low,baseline
BEACH 105 STREET,QUEENS,2028-11-01,0.000475,0,very_low,baseline
BEACH 105 STREET,QUEENS,2028-12-01,0.000475,0,very_low,baseline
BEACH 105 STREET,QUEENS,2029-01-01,0.000564,0,very_low,baseline
BEACH 105 STREET,QUEENS,2029-02-01,0.000568,0,very_low,baseline
BEACH 105 STREET,QUEENS,2029-03-01,0.000568,0,very_low,baseline
BEACH 105 STREET,QUEENS,2029-04-01,0.000568,0,very_low,baseline
BEACH 105 STREET,QUEENS,2029-05-01,0.000548,0,very_low,baseline
BEACH 105 STREET,QUEENS,2029-06-01,0.00055,0,very_low,baseline
BEACH 105 STREET,QUEENS,2029-07-01,0.00055,0,very_low,baseline
BEACH 105 STREET,QUEENS,2029-08-01,0.00055,0,very_low,baseline
BEACH 105 STREET,QUEENS,2029-09-01,0.00056,0,very_low,baseline
BEACH 105 STREET,QUEENS,2029-10-01,0.000506,0,very_low,baseline
BEACH 105 STREET,QUEENS,2029-11-01,0.000475,0,very_low,baseline
BEACH 105 STREET,QUEENS,2029-12-01,0.000475,0,very_low,baseline
BEACH 25 STREET,QUEENS,2027-01-01,0.003138,0,very_low,baseline
BEACH 25 STREET,QUEENS,2027-02-01,0.005018,0,very_low,baseline
BEACH 25 STREET,QUEENS,2027-03-01,0.00538,0,very_low,baseline
BEACH 25 STREET,QUEENS,2027-04-01,0.005492,0,very_low,baseline
BEACH 25 STREET,QUEENS,2027-05-01,0.004579,0,very_low,baseline
BEACH 25 STREET,QUEENS,2027-06-01,0.00473,0,very_low,baseline
BEACH 25 STREET,QUEENS,2027-07-01,0.00473,0,very_low,baseline
BEACH 25 STREET,QUEENS,2027-08-01,0.00473,0,very_low,baseline
BEACH 25 STREET,QUEENS,2027-09-01,0.004874,0,very_low,baseline
BEACH 25 STREET,QUEENS,2027-10-01,0.003851,0,very_low,baseline
BEACH 25 STREET,QUEENS,2027-11-01,0.00378,0,very_low,baseline
BEACH 25 STREET,QUEENS,2027-12-01,0.00378,0,very_low,baseline
BEACH 25 STREET,QUEENS,2028-01-01,0.004437,0,very_low,baseline
BEACH 25 STREET,QUEENS,2028-02-01,0.004543,0,very_low,baseline
BEACH 25 STREET,QUEENS,2028-03-01,0.00441,0,very_low,baseline
BEACH 25 STREET,QUEENS,2028-04-01,0.00441,0,very_low,baseline
BEACH 25 STREET,QUEENS,2028-05-01,0.004579,0,very_low,baseline
BEACH 25 STREET,QUEENS,2028-06-01,0.00473,0,very_low,baseline
BEACH 25 STREET,QUEENS,2028-07-01,0.00473,0,very_low,baseline
BEACH 25 STREET,QUEENS,2028-08-01,0.00473,0,very_low,baseline
BEACH 25 STREET,QUEENS,2028-09-01,0.004874,0,very_low,baseline
BEACH 25 STREET,QUEENS,2028-10-01,0.003851,0,very_low,baseline
BEACH 25 STREET,QUEENS,2028-11-01,0.00378,0,very_low,baseline
BEACH 25 STREET,QUEENS,2028-12-01,0.00378,0,very_low,baseline
BEACH 25 STREET,QUEENS,2029-01-01,0.004437,0,very_low,baseline
BEACH 25 STREET,QUEENS,2029-02-01,0.004543,0,very_low,baseline
BEACH 25 STREET,QUEENS,2029-03-01,0.00441,0,very_low,baseline
BEACH 25 STREET,QUEENS,2029-04-01,0.00441,0,very_low,baseline
BEACH 25 STREET,QUEENS,2029-05-01,0.004579,0,very_low,baseline
BEACH 25 STREET,QUEENS,2029-06-01,0.00473,0,very_low,baseline
BEACH 25 STREET,QUEENS,2029-07-01,0.00473,0,very_low,baseline
BEACH 25 STREET,QUEENS,2029-08-01,0.00473,0,very_low,baseline
BEACH 25 STREET,QUEENS,2029-09-01,0.004874,0,very_low,baseline
BEACH 25 STREET,QUEENS,2029-10-01,0.003851,0,very_low,baseline
BEACH 25 STREET,QUEENS,2029-11-01,0.00378,0,very_low,baseline
BEACH 25 STREET,QUEENS,2029-12-01,0.00378,0,very_low,baseline
BEACH 36 STREET,QUEENS,2027-01-01,0.000751,0,very_low,baseline
BEACH 36 STREET,QUEENS,2027-02-01,0.000761,0,very_low,baseline
BEACH 36 STREET,QUEENS,2027-03-01,0.000723,0,very_low,baseline
BEACH 36 STREET,QUEENS,2027-04-01,0.000715,0,very_low,baseline
BEACH 36 STREET,QUEENS,2027-05-01,0.0009,0,very_low,baseline
BEACH 36 STREET,QUEENS,2027-06-01,0.000903,0,very_low,baseline
BEACH 36 STREET,QUEENS,2027-07-01,0.000903,0,very_low,baseline
BEACH 36 STREET,QUEENS,2027-08-01,0.000886,0,very_low,baseline
BEACH 36 STREET,QUEENS,2027-09-01,0.000903,0,very_low,baseline
BEACH 36 STREET,QUEENS,2027-10-01,0.000748,0,very_low,baseline
BEACH 36 STREET,QUEENS,2027-11-01,0.000702,0,very_low,baseline
BEACH 36 STREET,QUEENS,2027-12-01,0.000702,0,very_low,baseline
BEACH 36 STREET,QUEENS,2028-01-01,0.000929,0,very_low,baseline
BEACH 36 STREET,QUEENS,2028-02-01,0.000936,0,very_low,baseline
BEACH 36 STREET,QUEENS,2028-03-01,0.000926,0,very_low,baseline
BEACH 36 STREET,QUEENS,2028-04-01,0.000917,0,very_low,baseline
BEACH 36 STREET,QUEENS,2028-05-01,0.0009,0,very_low,baseline
BEACH 36 STREET,QUEENS,2028-06-01,0.000903,0,very_low,baseline
BEACH 36 STREET,QUEENS,2028-07-01,0.000903,0,very_low,baseline
BEACH 36 STREET,QUEENS,2028-08-01,0.000886,0,very_low,baseline
BEACH 36 STREET,QUEENS,2028-09-01,0.000903,0,very_low,baseline
BEACH 36 STREET,QUEENS,2028-10-01,0.000748,0,very_low,baseline
BEACH 36 STREET,QUEENS,2028-11-01,0.000702,0,very_low,baseline
BEACH 36 STREET,QUEENS,2028-12-01,0.000702,0,very_low,baseline
BEACH 36 STREET,QUEENS,2029-01-01,0.000929,0,very_low,baseline
BEACH 36 STREET,QUEENS,2029-02-01,0.000936,0,very_low,baseline
BEACH 36 STREET,QUEENS,2029-03-01,0.000926,0,very_low,baseline
BEACH 36 STREET,QUEENS,2029-04-01,0.000917,0,very_low,baseline
BEACH 36 STREET,QUEENS,2029-05-01,0.0009,0,very_low,baseline
BEACH 36 STREET,QUEENS,2029-06-01,0.000903,0,very_low,baseline
BEACH 36 STREET,QUEENS,2029-07-01,0.000903,0,very_low,baseline
BEACH 36 STREET,QUEENS,2029-08-01,0.000886,0,very_low,baseline
BEACH 36 STREET,QUEENS,2029-09-01,0.000903,0,very_low,baseline
BEACH 36 STREET,QUEENS,2029-10-01,0.000748,0,very_low,baseline
BEACH 36 STREET,QUEENS,2029-11-01,0.000702,0,very_low,baseline
BEACH 36 STREET,QUEENS,2029-12-01,0.000702,0,very_low,baseline
BEACH 44 STREET,QUEENS,2027-01-01,0.000379,0,very_low,baseline
BEACH 44 STREET,QUEENS,2027-02-01,0.000342,0,very_low,baseline
BEACH 44 STREET,QUEENS,2027-03-01,0.000312,0,very_low,baseline
BEACH 44 STREET,QUEENS,2027-04-01,0.000384,0,very_low,baseline
BEACH 44 STREET,QUEENS,2027-05-01,0.000339,0,very_low,baseline
BEACH 44 STREET,QUEENS,2027-06-01,0.00034,0,very_low,baseline
BEACH 44 STREET,QUEENS,2027-07-01,0.00034,0,very_low,baseline
BEACH 44 STREET,QUEENS,2027-08-01,0.00034,0,very_low,baseline
BEACH 44 STREET,QUEENS,2027-09-01,0.000353,0,very_low,baseline
BEACH 44 STREET,QUEENS,2027-10-01,0.000321,0,very_low,baseline
BEACH 44 STREET,QUEENS,2027-11-01,0.000306,0,very_low,baseline
BEACH 44 STREET,QUEENS,2027-12-01,0.000306,0,very_low,baseline
BEACH 44 STREET,QUEENS,2028-01-01,0.00035,0,very_low,baseline
BEACH 44 STREET,QUEENS,2028-02-01,0.000352,0,very_low,baseline
BEACH 44 STREET,QUEENS,2028-03-01,0.000353,0,very_low,baseline
BEACH 44 STREET,QUEENS,2028-04-01,0.000353,0,very_low,baseline
BEACH 44 STREET,QUEENS,2028-05-01,0.000339,0,very_low,baseline
BEACH 44 STREET,QUEENS,2028-06-01,0.00034,0,very_low,baseline
BEACH 44 STREET,QUEENS,2028-07-01,0.00034,0,very_low,baseline
BEACH 44 STREET,QUEENS,2028-08-01,0.00034,0,very_low,baseline
BEACH 44 STREET,QUEENS,2028-09-01,0.000353,0,very_low,baseline
BEACH 44 STREET,QUEENS,2028-10-01,0.000321,0,very_low,baseline
BEACH 44 STREET,QUEENS,2028-11-01,0.000306,0,very_low,baseline
BEACH 44 STREET,QUEENS,2028-12-01,0.000306,0,very_low,baseline
BEACH 44 STREET,QUEENS,2029-01-01,0.00035,0,very_low,baseline
BEACH 44 STREET,QUEENS,2029-02-01,0.000352,0,very_low,baseline
BEACH 44 STREET,QUEENS,2029-03-01,0.000353,0,very_low,baseline
BEACH 44 STREET,QUEENS,2029-04-01,0.000353,0,very_low,baseline
BEACH 44 STREET,QUEENS,2029-05-01,0.000339,0,very_low,baseline
BEACH 44 STREET,QUEENS,2029-06-01,0.00034,0,very_low,baseline
BEACH 44 STREET,QUEENS,2029-07-01,0.00034,0,very_low,baseline
BEACH 44 STREET,QUEENS,2029-08-01,0.00034,0,very_low,baseline
BEACH 44 STREET,QUEENS,2029-09-01,0.000353,0,very_low,baseline
BEACH 44 STREET,QUEENS,2029-10-01,0.000321,0,very_low,baseline
BEACH 44 STREET,QUEENS,2029-11-01,0.000306,0,very_low,baseline
BEACH 44 STREET,QUEENS,2029-12-01,0.000306,0,very_low,baseline
BEACH 60 STREET,QUEENS,2027-01-01,0.000506,0,very_low,baseline
BEACH 60 STREET,QUEENS,2027-02-01,0.000701,0,very_low,baseline
BEACH 60 STREET,QUEENS,2027-03-01,0.000323,0,very_low,baseline
BEACH 60 STREET,QUEENS,2027-04-01,0.000242,0,very_low,baseline
BEACH 60 STREET,QUEENS,2027-05-01,0.000271,0,very_low,baseline
BEACH 60 STREET,QUEENS,2027-06-01,0.000308,0,very_low,baseline
BEACH 60 STREET,QUEENS,2027-07-01,0.000308,0,very_low,baseline
BEACH 60 STREET,QUEENS,2027-08-01,0.000308,0,very_low,baseline
BEACH 60 STREET,QUEENS,2027-09-01,0.000325,0,very_low,baseline
BEACH 60 STREET,QUEENS,2027-10-01,0.000255,0,very_low,baseline
BEACH 60 STREET,QUEENS,2027-11-01,0.000243,0,very_low,baseline
BEACH 60 STREET,QUEENS,2027-12-01,0.000243,0,very_low,baseline
BEACH 60 STREET,QUEENS,2028-01-01,0.000317,0,very_low,baseline
BEACH 60 STREET,QUEENS,2028-02-01,0.000316,0,very_low,baseline
BEACH 60 STREET,QUEENS,2028-03-01,0.000311,0,very_low,baseline
BEACH 60 STREET,QUEENS,2028-04-01,0.000311,0,very_low,baseline
BEACH 60 STREET,QUEENS,2028-05-01,0.000307,0,very_low,baseline
BEACH 60 STREET,QUEENS,2028-06-01,0.000308,0,very_low,baseline
BEACH 60 STREET,QUEENS,2028-07-01,0.000308,0,very_low,baseline
BEACH 60 STREET,QUEENS,2028-08-01,0.000308,0,very_low,baseline
BEACH 60 STREET,QUEENS,2028-09-01,0.000325,0,very_low,baseline
BEACH 60 STREET,QUEENS,2028-10-01,0.000255,0,very_low,baseline
BEACH 60 STREET,QUEENS,2028-11-01,0.000243,0,very_low,baseline
BEACH 60 STREET,QUEENS,2028-12-01,0.000243,0,very_low,baseline
BEACH 60 STREET,QUEENS,2029-01-01,0.000317,0,very_low,baseline
BEACH 60 STREET,QUEENS,2029-02-01,0.000316,0,very_low,baseline
BEACH 60 STREET,QUEENS,2029-03-01,0.000311,0,very_low,baseline
BEACH 60 STREET,QUEENS,2029-04-01,0.000311,0,very_low,baseline
BEACH 60 STREET,QUEENS,2029-05-01,0.000307,0,very_low,baseline
BEACH 60 STREET,QUEENS,2029-06-01,0.000308,0,very_low,baseline
BEACH 60 STREET,QUEENS,2029-07-01,0.000308,0,very_low,baseline
BEACH 60 STREET,QUEENS,2029-08-01,0.000308,0,very_low,baseline
BEACH 60 STREET,QUEENS,2029-09-01,0.000325,0,very_low,baseline
BEACH 60 STREET,QUEENS,2029-10-01,0.000255,0,very_low,baseline
BEACH 60 STREET,QUEENS,2029-11-01,0.000243,0,very_low,baseline
BEACH 60 STREET,QUEENS,2029-12-01,0.000243,0,very_low,baseline
BEACH 67 STREET,QUEENS,2027-01-01,0.023713,0,very_low,baseline
BEACH 67 STREET,QUEENS,2027-02-01,0.022163,0,very_low,baseline
BEACH 67 STREET,QUEENS,2027-03-01,0.077274,0,very_low,baseline
BEACH 67 STREET,QUEENS,2027-04-01,0.052713,0,very_low,baseline
BEACH 67 STREET,QUEENS,2027-05-01,0.066222,0,very_low,baseline
BEACH 67 STREET,QUEENS,2027-06-01,0.054976,0,very_low,baseline
BEACH 67 STREET,QUEENS,2027-07-01,0.055546,0,very_low,baseline
BEACH 67 STREET,QUEENS,2027-08-01,0.055546,0,very_low,baseline
BEACH 67 STREET,QUEENS,2027-09-01,0.058125,0,very_low,baseline
BEACH 67 STREET,QUEENS,2027-10-01,0.036185,0,very_low,baseline
BEACH 67 STREET,QUEENS,2027-11-01,0.034251,0,very_low,baseline
BEACH 67 STREET,QUEENS,2027-12-01,0.034251,0,very_low,baseline
BEACH 67 STREET,QUEENS,2028-01-01,0.052759,0,very_low,baseline
BEACH 67 STREET,QUEENS,2028-02-01,0.0528,0,very_low,baseline
BEACH 67 STREET,QUEENS,2028-03-01,0.053441,0,very_low,baseline
BEACH 67 STREET,QUEENS,2028-04-01,0.053615,0,very_low,baseline
BEACH 67 STREET,QUEENS,2028-05-01,0.054199,0,very_low,baseline
BEACH 67 STREET,QUEENS,2028-06-01,0.054976,0,very_low,baseline
BEACH 67 STREET,QUEENS,2028-07-01,0.055546,0,very_low,baseline
BEACH 67 STREET,QUEENS,2028-08-01,0.055546,0,very_low,baseline
BEACH 67 STREET,QUEENS,2028-09-01,0.058125,0,very_low,baseline
BEACH 67 STREET,QUEENS,2028-10-01,0.036185,0,very_low,baseline
BEACH 67 STREET,QUEENS,2028-11-01,0.034251,0,very_low,baseline
BEACH 67 STREET,QUEENS,2028-12-01,0.034251,0,very_low,baseline
BEACH 67 STREET,QUEENS,2029-01-01,0.052759,0,very_low,baseline
BEACH 67 STREET,QUEENS,2029-02-01,0.0528,0,very_low,baseline
BEACH 67 STREET,QUEENS,2029-03-01,0.053441,0,very_low,baseline
BEACH 67 STREET,QUEENS,2029-04-01,0.053615,0,very_low,baseline
BEACH 67 STREET,QUEENS,2029-05-01,0.054199,0,very_low,baseline
BEACH 67 STREET,QUEENS,2029-06-01,0.054976,0,very_low,baseline
BEACH 67 STREET,QUEENS,2029-07-01,0.055546,0,very_low,baseline
BEACH 67 STREET,QUEENS,2029-08-01,0.055546,0,very_low,baseline
BEACH 67 STREET,QUEENS,2029-09-01,0.058125,0,very_low,baseline
BEACH 67 STREET,QUEENS,2029-10-01,0.036185,0,very_low,baseline
BEACH 67 STREET,QUEENS,2029-11-01,0.034251,0,very_low,baseline
BEACH 67 STREET,QUEENS,2029-12-01,0.034251,0,very_low,baseline
BEACH 90 STREET,QUEENS,2027-01-01,0.000354,0,very_low,baseline
BEACH 90 STREET,QUEENS,2027-02-01,0.000409,0,very_low,baseline
BEACH 90 STREET,QUEENS,2027-03-01,0.000359,0,very_low,baseline
BEACH 90 STREET,QUEENS,2027-04-01,0.000337,0,very_low,baseline
BEACH 90 STREET,QUEENS,2027-05-01,0.000345,0,very_low,baseline
BEACH 90 STREET,QUEENS,2027-06-01,0.000325,0,very_low,baseline
BEACH 90 STREET,QUEENS,2027-07-01,0.000325,0,very_low,baseline
BEACH 90 STREET,QUEENS,2027-08-01,0.000325,0,very_low,baseline
BEACH 90 STREET,QUEENS,2027-09-01,0.000347,0,very_low,baseline
BEACH 90 STREET,QUEENS,2027-10-01,0.000309,0,very_low,baseline
BEACH 90 STREET,QUEENS,2027-11-01,0.000294,0,very_low,baseline
BEACH 90 STREET,QUEENS,2027-12-01,0.000294,0,very_low,baseline
BEACH 90 STREET,QUEENS,2028-01-01,0.000326,0,very_low,baseline
BEACH 90 STREET,QUEENS,2028-02-01,0.000328,0,very_low,baseline
BEACH 90 STREET,QUEENS,2028-03-01,0.000337,0,very_low,baseline
BEACH 90 STREET,QUEENS,2028-04-01,0.000337,0,very_low,baseline
BEACH 90 STREET,QUEENS,2028-05-01,0.000324,0,very_low,baseline
BEACH 90 STREET,QUEENS,2028-06-01,0.000325,0,very_low,baseline
BEACH 90 STREET,QUEENS,2028-07-01,0.000325,0,very_low,baseline
BEACH 90 STREET,QUEENS,2028-08-01,0.000325,0,very_low,baseline
BEACH 90 STREET,QUEENS,2028-09-01,0.000347,0,very_low,baseline
BEACH 90 STREET,QUEENS,2028-10-01,0.000309,0,very_low,baseline
BEACH 90 STREET,QUEENS,2028-11-01,0.000294,0,very_low,baseline
BEACH 90 STREET,QUEENS,2028-12-01,0.000294,0,very_low,baseline
BEACH 90 STREET,QUEENS,2029-01-01,0.000326,0,very_low,baseline
BEACH 90 STREET,QUEENS,2029-02-01,0.000328,0,very_low,baseline
BEACH 90 STREET,QUEENS,2029-03-01,0.000337,0,very_low,baseline
BEACH 90 STREET,QUEENS,2029-04-01,0.000337,0,very_low,baseline
BEACH 90 STREET,QUEENS,2029-05-01,0.000324,0,very_low,baseline
BEACH 90 STREET,QUEENS,2029-06-01,0.000325,0,very_low,baseline
BEACH 90 STREET,QUEENS,2029-07-01,0.000325,0,very_low,baseline
BEACH 90 STREET,QUEENS,2029-08-01,0.000325,0,very_low,baseline
BEACH 90 STREET,QUEENS,2029-09-01,0.000347,0,very_low,baseline
BEACH 90 STREET,QUEENS,2029-10-01,0.000309,0,very_low,baseline
BEACH 90 STREET,QUEENS,2029-11-01,0.000294,0,very_low,baseline
BEACH 90 STREET,QUEENS,2029-12-01,0.000294,0,very_low,baseline
BEACH 98 STREET,QUEENS,2027-01-01,0.000408,0,very_low,baseline
BEACH 98 STREET,QUEENS,2027-02-01,0.000399,0,very_low,baseline
BEACH 98 STREET,QUEENS,2027-03-01,0.000388,0,very_low,baseline
BEACH 98 STREET,QUEENS,2027-04-01,0.000386,0,very_low,baseline
BEACH 98 STREET,QUEENS,2027-05-01,0.000379,0,very_low,baseline
BEACH 98 STREET,QUEENS,2027-06-01,0.000381,0,very_low,baseline
BEACH 98 STREET,QUEENS,2027-07-01,0.000381,0,very_low,baseline
BEACH 98 STREET,QUEENS,2027-08-01,0.000381,0,very_low,baseline
BEACH 98 STREET,QUEENS,2027-09-01,0.000391,0,very_low,baseline
BEACH 98 STREET,QUEENS,2027-10-01,0.000331,0,very_low,baseline
BEACH 98 STREET,QUEENS,2027-11-01,0.00031,0,very_low,baseline
BEACH 98 STREET,QUEENS,2027-12-01,0.00031,0,very_low,baseline
BEACH 98 STREET,QUEENS,2028-01-01,0.000395,0,very_low,baseline
BEACH 98 STREET,QUEENS,2028-02-01,0.000398,0,very_low,baseline
BEACH 98 STREET,QUEENS,2028-03-01,0.000388,0,very_low,baseline
BEACH 98 STREET,QUEENS,2028-04-01,0.000388,0,very_low,baseline
BEACH 98 STREET,QUEENS,2028-05-01,0.000379,0,very_low,baseline
BEACH 98 STREET,QUEENS,2028-06-01,0.000381,0,very_low,baseline
BEACH 98 STREET,QUEENS,2028-07-01,0.000381,0,very_low,baseline
BEACH 98 STREET,QUEENS,2028-08-01,0.000381,0,very_low,baseline
BEACH 98 STREET,QUEENS,2028-09-01,0.000391,0,very_low,baseline
BEACH 98 STREET,QUEENS,2028-10-01,0.000331,0,very_low,baseline
BEACH 98 STREET,QUEENS,2028-11-01,0.00031,0,very_low,baseline
BEACH 98 STREET,QUEENS,2028-12-01,0.00031,0,very_low,baseline
BEACH 98 STREET,QUEENS,2029-01-01,0.000395,0,very_low,baseline
BEACH 98 STREET,QUEENS,2029-02-01,0.000398,0,very_low,baseline
BEACH 98 STREET,QUEENS,2029-03-01,0.000388,0,very_low,baseline
BEACH 98 STREET,QUEENS,2029-04-01,0.000388,0,very_low,baseline
BEACH 98 STREET,QUEENS,2029-05-01,0.000379,0,very_low,baseline
BEACH 98 STREET,QUEENS,2029-06-01,0.000381,0,very_low,baseline
BEACH 98 STREET,QUEENS,2029-07-01,0.000381,0,very_low,baseline
BEACH 98 STREET,QUEENS,2029-08-01,0.000381,0,very_low,baseline
BEACH 98 STREET,QUEENS,2029-09-01,0.000391,0,very_low,baseline
BEACH 98 STREET,QUEENS,2029-10-01,0.000331,0,very_low,baseline
BEACH 98 STREET,QUEENS,2029-11-01,0.00031,0,very_low,baseline
BEACH 98 STREET,QUEENS,2029-12-01,0.00031,0,very_low,baseline
BEDFORD AVENUE,BROOKLYN,2027-01-01,9.3e-05,0,very_low,baseline
BEDFORD AVENUE,BROOKLYN,2027-02-01,8.2e-05,0,very_low,baseline
BEDFORD AVENUE,BROOKLYN,2027-03-01,7.6e-05,0,very_low,baseline
BEDFORD AVENUE,BROOKLYN,2027-04-01,7.3e-05,0,very_low,baseline
BEDFORD AVENUE,BROOKLYN,2027-05-01,8.3e-05,0,very_low,baseline
BEDFORD AVENUE,BROOKLYN,2027-06-01,8.7e-05,0,very_low,baseline
BEDFORD AVENUE,BROOKLYN,2027-07-01,8.7e-05,0,very_low,baseline
BEDFORD AVENUE,BROOKLYN,2027-08-01,8.7e-05,0,very_low,baseline
BEDFORD AVENUE,BROOKLYN,2027-09-01,8.5e-05,0,very_low,baseline
BEDFORD AVENUE,BROOKLYN,2027-10-01,6.1e-05,0,very_low,baseline
BEDFORD AVENUE,BROOKLYN,2027-11-01,5.9e-05,0,very_low,baseline
BEDFORD AVENUE,BROOKLYN,2027-12-01,5.9e-05,0,very_low,baseline
BEDFORD AVENUE,BROOKLYN,2028-01-01,7.8e-05,0,very_low,baseline
BEDFORD AVENUE,BROOKLYN,2028-02-01,8e-05,0,very_low,baseline
BEDFORD AVENUE,BROOKLYN,2028-03-01,7.9e-05,0,very_low,baseline
BEDFORD AVENUE,BROOKLYN,2028-04-01,7.9e-05,0,very_low,baseline
BEDFORD AVENUE,BROOKLYN,2028-05-01,8.5e-05,0,very_low,baseline
BEDFORD AVENUE,BROOKLYN,2028-06-01,8.7e-05,0,very_low,baseline
BEDFORD AVENUE,BROOKLYN,2028-07-01,8.7e-05,0,very_low,baseline
BEDFORD AVENUE,BROOKLYN,2028-08-01,8.7e-05,0,very_low,baseline
BEDFORD AVENUE,BROOKLYN,2028-09-01,8.5e-05,0,very_low,baseline
BEDFORD AVENUE,BROOKLYN,2028-10-01,6.1e-05,0,very_low,baseline
BEDFORD AVENUE,BROOKLYN,2028-11-01,5.9e-05,0,very_low,baseline
BEDFORD AVENUE,BROOKLYN,2028-12-01,5.9e-05,0,very_low,baseline
BEDFORD AVENUE,BROOKLYN,2029-01-01,7.8e-05,0,very_low,baseline
BEDFORD AVENUE,BROOKLYN,2029-02-01,8e-05,0,very_low,baseline
BEDFORD AVENUE,BROOKLYN,2029-03-01,7.9e-05,0,very_low,baseline
BEDFORD AVENUE,BROOKLYN,2029-04-01,7.9e-05,0,very_low,baseline
BEDFORD AVENUE,BROOKLYN,2029-05-01,8.5e-05,0,very_low,baseline
BEDFORD AVENUE,BROOKLYN,2029-06-01,8.7e-05,0,very_low,baseline
BEDFORD AVENUE,BROOKLYN,2029-07-01,8.7e-05,0,very_low,baseline
BEDFORD AVENUE,BROOKLYN,2029-08-01,8.7e-05,0,very_low,baseline
BEDFORD AVENUE,BROOKLYN,2029-09-01,8.5e-05,0,very_low,baseline
BEDFORD AVENUE,BROOKLYN,2029-10-01,6.1e-05,0,very_low,baseline
BEDFORD AVENUE,BROOKLYN,2029-11-01,5.9e-05,0,very_low,baseline
BEDFORD AVENUE,BROOKLYN,2029-12-01,5.9e-05,0,very_low,baseline
BEDFORD PK. BLVD.,BRONX,2027-01-01,0.000237,0,very_low,baseline
BEDFORD PK. BLVD.,BRONX,2027-02-01,0.000195,0,very_low,baseline
BEDFORD PK. BLVD.,BRONX,2027-03-01,0.000194,0,very_low,baseline
BEDFORD PK. BLVD.,BRONX,2027-04-01,0.000187,0,very_low,baseline
BEDFORD PK. BLVD.,BRONX,2027-05-01,0.000174,0,very_low,baseline
BEDFORD PK. BLVD.,BRONX,2027-06-01,0.000198,0,very_low,baseline
BEDFORD PK. BLVD.,BRONX,2027-07-01,0.000198,0,very_low,baseline
BEDFORD PK. BLVD.,BRONX,2027-08-01,0.000195,0,very_low,baseline
BEDFORD PK. BLVD.,BRONX,2027-09-01,0.000202,0,very_low,baseline
BEDFORD PK. BLVD.,BRONX,2027-10-01,0.000149,0,very_low,baseline
BEDFORD PK. BLVD.,BRONX,2027-11-01,0.000142,0,very_low,baseline
BEDFORD PK. BLVD.,BRONX,2027-12-01,0.000143,0,very_low,baseline
BEDFORD PK. BLVD.,BRONX,2028-01-01,0.000193,0,very_low,baseline
BEDFORD PK. BLVD.,BRONX,2028-02-01,0.000192,0,very_low,baseline
BEDFORD PK. BLVD.,BRONX,2028-03-01,0.000191,0,very_low,baseline
BEDFORD PK. BLVD.,BRONX,2028-04-01,0.00019,0,very_low,baseline
BEDFORD PK. BLVD.,BRONX,2028-05-01,0.000198,0,very_low,baseline
BEDFORD PK. BLVD.,BRONX,2028-06-01,0.000198,0,very_low,baseline
BEDFORD PK. BLVD.,BRONX,2028-07-01,0.000198,0,very_low,baseline
BEDFORD PK. BLVD.,BRONX,2028-08-01,0.000195,0,very_low,baseline
BEDFORD PK. BLVD.,BRONX,2028-09-01,0.000202,0,very_low,baseline
BEDFORD PK. BLVD.,BRONX,2028-10-01,0.000149,0,very_low,baseline
BEDFORD PK. BLVD.,BRONX,2028-11-01,0.000142,0,very_low,baseline
BEDFORD PK. BLVD.,BRONX,2028-12-01,0.000143,0,very_low,baseline
BEDFORD PK. BLVD.,BRONX,2029-01-01,0.000193,0,very_low,baseline
BEDFORD PK. BLVD.,BRONX,2029-02-01,0.000192,0,very_low,baseline
BEDFORD PK. BLVD.,BRONX,2029-03-01,0.000191,0,very_low,baseline
BEDFORD PK. BLVD.,BRONX,2029-04-01,0.00019,0,very_low,baseline
BEDFORD PK. BLVD.,BRONX,2029-05-01,0.000198,0,very_low,baseline
BEDFORD PK. BLVD.,BRONX,2029-06-01,0.000198,0,very_low,baseline
BEDFORD PK. BLVD.,BRONX,2029-07-01,0.000198,0,very_low,baseline
BEDFORD PK. BLVD.,BRONX,2029-08-01,0.000195,0,very_low,baseline
BEDFORD PK. BLVD.,BRONX,2029-09-01,0.000202,0,very_low,baseline
BEDFORD PK. BLVD.,BRONX,2029-10-01,0.000149,0,very_low,baseline
BEDFORD PK. BLVD.,BRONX,2029-11-01,0.000142,0,very_low,baseline
BEDFORD PK. BLVD.,BRONX,2029-12-01,0.000143,0,very_low,baseline
BEDFORD PK. BLVD.-LEHMAN COLLE,BRONX,2027-01-01,0.000134,0,very_low,baseline
BEDFORD PK. BLVD.-LEHMAN COLLE,BRONX,2027-02-01,0.000146,0,very_low,baseline
BEDFORD PK. BLVD.-LEHMAN COLLE,BRONX,2027-03-01,0.000164,0,very_low,baseline
BEDFORD PK. BLVD.-LEHMAN COLLE,BRONX,2027-04-01,0.000173,0,very_low,baseline
BEDFORD PK. BLVD.-LEHMAN COLLE,BRONX,2027-05-01,0.000175,0,very_low,baseline
BEDFORD PK. BLVD.-LEHMAN COLLE,BRONX,2027-06-01,0.000144,0,very_low,baseline
BEDFORD PK. BLVD.-LEHMAN COLLE,BRONX,2027-07-01,0.000144,0,very_low,baseline
BEDFORD PK. BLVD.-LEHMAN COLLE,BRONX,2027-08-01,0.000144,0,very_low,baseline
BEDFORD PK. BLVD.-LEHMAN COLLE,BRONX,2027-09-01,0.00015,0,very_low,baseline
BEDFORD PK. BLVD.-LEHMAN COLLE,BRONX,2027-10-01,0.000123,0,very_low,baseline
BEDFORD PK. BLVD.-LEHMAN COLLE,BRONX,2027-11-01,0.000117,0,very_low,baseline
BEDFORD PK. BLVD.-LEHMAN COLLE,BRONX,2027-12-01,0.000119,0,very_low,baseline
BEDFORD PK. BLVD.-LEHMAN COLLE,BRONX,2028-01-01,0.00014,0,very_low,baseline
BEDFORD PK. BLVD.-LEHMAN COLLE,BRONX,2028-02-01,0.00014,0,very_low,baseline
BEDFORD PK. BLVD.-LEHMAN COLLE,BRONX,2028-03-01,0.00014,0,very_low,baseline
BEDFORD PK. BLVD.-LEHMAN COLLE,BRONX,2028-04-01,0.00014,0,very_low,baseline
BEDFORD PK. BLVD.-LEHMAN COLLE,BRONX,2028-05-01,0.000144,0,very_low,baseline
BEDFORD PK. BLVD.-LEHMAN COLLE,BRONX,2028-06-01,0.000144,0,very_low,baseline
BEDFORD PK. BLVD.-LEHMAN COLLE,BRONX,2028-07-01,0.000144,0,very_low,baseline
BEDFORD PK. BLVD.-LEHMAN COLLE,BRONX,2028-08-01,0.000144,0,very_low,baseline
BEDFORD PK. BLVD.-LEHMAN COLLE,BRONX,2028-09-01,0.00015,0,very_low,baseline
BEDFORD PK. BLVD.-LEHMAN COLLE,BRONX,2028-10-01,0.000123,0,very_low,baseline
BEDFORD PK. BLVD.-LEHMAN COLLE,BRONX,2028-11-01,0.000117,0,very_low,baseline
BEDFORD PK. BLVD.-LEHMAN COLLE,BRONX,2028-12-01,0.000119,0,very_low,baseline
BEDFORD PK. BLVD.-LEHMAN COLLE,BRONX,2029-01-01,0.00014,0,very_low,baseline
BEDFORD PK. BLVD.-LEHMAN COLLE,BRONX,2029-02-01,0.00014,0,very_low,baseline
BEDFORD PK. BLVD.-LEHMAN COLLE,BRONX,2029-03-01,0.00014,0,very_low,baseline
BEDFORD PK. BLVD.-LEHMAN COLLE,BRONX,2029-04-01,0.00014,0,very_low,baseline
BEDFORD PK. BLVD.-LEHMAN COLLE,BRONX,2029-05-01,0.000144,0,very_low,baseline
BEDFORD PK. BLVD.-LEHMAN COLLE,BRONX,2029-06-01,0.000144,0,very_low,baseline
BEDFORD PK. BLVD.-LEHMAN COLLE,BRONX,2029-07-01,0.000144,0,very_low,baseline
BEDFORD PK. BLVD.-LEHMAN COLLE,BRONX,2029-08-01,0.000144,0,very_low,baseline
BEDFORD PK. BLVD.-LEHMAN COLLE,BRONX,2029-09-01,0.00015,0,very_low,baseline
BEDFORD PK. BLVD.-LEHMAN COLLE,BRONX,2029-10-01,0.000123,0,very_low,baseline
BEDFORD PK. BLVD.-LEHMAN COLLE,BRONX,2029-11-01,0.000117,0,very_low,baseline
BEDFORD PK. BLVD.-LEHMAN COLLE,BRONX,2029-12-01,0.000119,0,very_low,baseline
BEDFORD-NOSTRAND AVENUES,BROOKLYN,2027-01-01,0.003485,0,very_low,baseline
BEDFORD-NOSTRAND AVENUES,BROOKLYN,2027-02-01,0.00274,0,very_low,baseline
BEDFORD-NOSTRAND AVENUES,BROOKLYN,2027-03-01,0.004389,0,very_low,baseline
BEDFORD-NOSTRAND AVENUES,BROOKLYN,2027-04-01,0.002642,0,very_low,baseline
BEDFORD-NOSTRAND AVENUES,BROOKLYN,2027-05-01,0.002897,0,very_low,baseline
BEDFORD-NOSTRAND AVENUES,BROOKLYN,2027-06-01,0.002955,0,very_low,baseline
BEDFORD-NOSTRAND AVENUES,BROOKLYN,2027-07-01,0.002955,0,very_low,baseline
BEDFORD-NOSTRAND AVENUES,BROOKLYN,2027-08-01,0.002955,0,very_low,baseline
BEDFORD-NOSTRAND AVENUES,BROOKLYN,2027-09-01,0.002982,0,very_low,baseline
BEDFORD-NOSTRAND AVENUES,BROOKLYN,2027-10-01,0.001671,0,very_low,baseline
BEDFORD-NOSTRAND AVENUES,BROOKLYN,2027-11-01,0.001579,0,very_low,baseline
BEDFORD-NOSTRAND AVENUES,BROOKLYN,2027-12-01,0.0016,0,very_low,baseline
BEDFORD-NOSTRAND AVENUES,BROOKLYN,2028-01-01,0.002624,0,very_low,baseline
BEDFORD-NOSTRAND AVENUES,BROOKLYN,2028-02-01,0.002649,0,very_low,baseline
BEDFORD-NOSTRAND AVENUES,BROOKLYN,2028-03-01,0.002629,0,very_low,baseline
BEDFORD-NOSTRAND AVENUES,BROOKLYN,2028-04-01,0.002675,0,very_low,baseline
BEDFORD-NOSTRAND AVENUES,BROOKLYN,2028-05-01,0.002826,0,very_low,baseline
BEDFORD-NOSTRAND AVENUES,BROOKLYN,2028-06-01,0.002955,0,very_low,baseline
BEDFORD-NOSTRAND AVENUES,BROOKLYN,2028-07-01,0.002955,0,very_low,baseline
BEDFORD-NOSTRAND AVENUES,BROOKLYN,2028-08-01,0.002955,0,very_low,baseline
BEDFORD-NOSTRAND AVENUES,BROOKLYN,2028-09-01,0.002982,0,very_low,baseline
BEDFORD-NOSTRAND AVENUES,BROOKLYN,2028-10-01,0.001671,0,very_low,baseline
BEDFORD-NOSTRAND AVENUES,BROOKLYN,2028-11-01,0.001579,0,very_low,baseline
BEDFORD-NOSTRAND AVENUES,BROOKLYN,2028-12-01,0.0016,0,very_low,baseline
BEDFORD-NOSTRAND AVENUES,BROOKLYN,2029-01-01,0.002624,0,very_low,baseline
BEDFORD-NOSTRAND AVENUES,BROOKLYN,2029-02-01,0.002649,0,very_low,baseline
BEDFORD-NOSTRAND AVENUES,BROOKLYN,2029-03-01,0.002629,0,very_low,baseline
BEDFORD-NOSTRAND AVENUES,BROOKLYN,2029-04-01,0.002675,0,very_low,baseline
BEDFORD-NOSTRAND AVENUES,BROOKLYN,2029-05-01,0.002826,0,very_low,baseline
BEDFORD-NOSTRAND AVENUES,BROOKLYN,2029-06-01,0.002955,0,very_low,baseline
BEDFORD-NOSTRAND AVENUES,BROOKLYN,2029-07-01,0.002955,0,very_low,baseline
BEDFORD-NOSTRAND AVENUES,BROOKLYN,2029-08-01,0.002955,0,very_low,baseline
BEDFORD-NOSTRAND AVENUES,BROOKLYN,2029-09-01,0.002982,0,very_low,baseline
BEDFORD-NOSTRAND AVENUES,BROOKLYN,2029-10-01,0.001671,0,very_low,baseline
BEDFORD-NOSTRAND AVENUES,BROOKLYN,2029-11-01,0.001579,0,very_low,baseline
BEDFORD-NOSTRAND AVENUES,BROOKLYN,2029-12-01,0.0016,0,very_low,baseline
BERGEN STREET,BROOKLYN,2027-01-01,0.000236,0,very_low,baseline
BERGEN STREET,BROOKLYN,2027-02-01,0.000224,0,very_low,baseline
BERGEN STREET,BROOKLYN,2027-03-01,0.000238,0,very_low,baseline
BERGEN STREET,BROOKLYN,2027-04-01,0.000262,0,very_low,baseline
BERGEN STREET,BROOKLYN,2027-05-01,0.000303,0,very_low,baseline
BERGEN STREET,BROOKLYN,2027-06-01,0.000274,0,very_low,baseline
BERGEN STREET,BROOKLYN,2027-07-01,0.000274,0,very_low,baseline
BERGEN STREET,BROOKLYN,2027-08-01,0.000274,0,very_low,baseline
BERGEN STREET,BROOKLYN,2027-09-01,0.000274,0,very_low,baseline
BERGEN STREET,BROOKLYN,2027-10-01,0.000169,0,very_low,baseline
BERGEN STREET,BROOKLYN,2027-11-01,0.000162,0,very_low,baseline
BERGEN STREET,BROOKLYN,2027-12-01,0.000162,0,very_low,baseline
BERGEN STREET,BROOKLYN,2028-01-01,0.000247,0,very_low,baseline
BERGEN STREET,BROOKLYN,2028-02-01,0.000254,0,very_low,baseline
BERGEN STREET,BROOKLYN,2028-03-01,0.000253,0,very_low,baseline
BERGEN STREET,BROOKLYN,2028-04-01,0.000253,0,very_low,baseline
BERGEN STREET,BROOKLYN,2028-05-01,0.00027,0,very_low,baseline
BERGEN STREET,BROOKLYN,2028-06-01,0.000274,0,very_low,baseline
BERGEN STREET,BROOKLYN,2028-07-01,0.000274,0,very_low,baseline
BERGEN STREET,BROOKLYN,2028-08-01,0.000274,0,very_low,baseline
BERGEN STREET,BROOKLYN,2028-09-01,0.000274,0,very_low,baseline
BERGEN STREET,BROOKLYN,2028-10-01,0.000169,0,very_low,baseline
BERGEN STREET,BROOKLYN,2028-11-01,0.000162,0,very_low,baseline
BERGEN STREET,BROOKLYN,2028-12-01,0.000162,0,very_low,baseline
BERGEN STREET,BROOKLYN,2029-01-01,0.000247,0,very_low,baseline
BERGEN STREET,BROOKLYN,2029-02-01,0.000254,0,very_low,baseline
BERGEN STREET,BROOKLYN,2029-03-01,0.000253,0,very_low,baseline
BERGEN STREET,BROOKLYN,2029-04-01,0.000253,0,very_low,baseline
BERGEN STREET,BROOKLYN,2029-05-01,0.00027,0,very_low,baseline
BERGEN STREET,BROOKLYN,2029-06-01,0.000274,0,very_low,baseline
BERGEN STREET,BROOKLYN,2029-07-01,0.000274,0,very_low,baseline
BERGEN STREET,BROOKLYN,2029-08-01,0.000274,0,very_low,baseline
BERGEN STREET,BROOKLYN,2029-09-01,0.000274,0,very_low,baseline
BERGEN STREET,BROOKLYN,2029-10-01,0.000169,0,very_low,baseline
BERGEN STREET,BROOKLYN,2029-11-01,0.000162,0,very_low,baseline
BERGEN STREET,BROOKLYN,2029-12-01,0.000162,0,very_low,baseline
BEVERLEY ROAD,BROOKLYN,2027-01-01,0.000235,0,very_low,baseline
BEVERLEY ROAD,BROOKLYN,2027-02-01,0.000245,0,very_low,baseline
BEVERLEY ROAD,BROOKLYN,2027-03-01,0.000237,0,very_low,baseline
BEVERLEY ROAD,BROOKLYN,2027-04-01,0.00021,0,very_low,baseline
BEVERLEY ROAD,BROOKLYN,2027-05-01,0.000206,0,very_low,baseline
BEVERLEY ROAD,BROOKLYN,2027-06-01,0.000216,0,very_low,baseline
BEVERLEY ROAD,BROOKLYN,2027-07-01,0.00021,0,very_low,baseline
BEVERLEY ROAD,BROOKLYN,2027-08-01,0.00021,0,very_low,baseline
BEVERLEY ROAD,BROOKLYN,2027-09-01,0.000222,0,very_low,baseline
BEVERLEY ROAD,BROOKLYN,2027-10-01,0.000179,0,very_low,baseline
BEVERLEY ROAD,BROOKLYN,2027-11-01,0.00017,0,very_low,baseline
BEVERLEY ROAD,BROOKLYN,2027-12-01,0.000168,0,very_low,baseline
BEVERLEY ROAD,BROOKLYN,2028-01-01,0.000206,0,very_low,baseline
BEVERLEY ROAD,BROOKLYN,2028-02-01,0.000205,0,very_low,baseline
BEVERLEY ROAD,BROOKLYN,2028-03-01,0.000204,0,very_low,baseline
BEVERLEY ROAD,BROOKLYN,2028-04-01,0.000204,0,very_low,baseline
BEVERLEY ROAD,BROOKLYN,2028-05-01,0.000209,0,very_low,baseline
BEVERLEY ROAD,BROOKLYN,2028-06-01,0.000216,0,very_low,baseline
BEVERLEY ROAD,BROOKLYN,2028-07-01,0.00021,0,very_low,baseline
BEVERLEY ROAD,BROOKLYN,2028-08-01,0.00021,0,very_low,baseline
BEVERLEY ROAD,BROOKLYN,2028-09-01,0.000222,0,very_low,baseline
BEVERLEY ROAD,BROOKLYN,2028-10-01,0.000179,0,very_low,baseline
BEVERLEY ROAD,BROOKLYN,2028-11-01,0.00017,0,very_low,baseline
BEVERLEY ROAD,BROOKLYN,2028-12-01,0.000168,0,very_low,baseline
BEVERLEY ROAD,BROOKLYN,2029-01-01,0.000206,0,very_low,baseline
BEVERLEY ROAD,BROOKLYN,2029-02-01,0.000205,0,very_low,baseline
BEVERLEY ROAD,BROOKLYN,2029-03-01,0.000204,0,very_low,baseline
BEVERLEY ROAD,BROOKLYN,2029-04-01,0.000204,0,very_low,baseline
BEVERLEY ROAD,BROOKLYN,2029-05-01,0.000209,0,very_low,baseline
BEVERLEY ROAD,BROOKLYN,2029-06-01,0.000216,0,very_low,baseline
BEVERLEY ROAD,BROOKLYN,2029-07-01,0.00021,0,very_low,baseline
BEVERLEY ROAD,BROOKLYN,2029-08-01,0.00021,0,very_low,baseline
BEVERLEY ROAD,BROOKLYN,2029-09-01,0.000222,0,very_low,baseline
BEVERLEY ROAD,BROOKLYN,2029-10-01,0.000179,0,very_low,baseline
BEVERLEY ROAD,BROOKLYN,2029-11-01,0.00017,0,very_low,baseline
BEVERLEY ROAD,BROOKLYN,2029-12-01,0.000168,0,very_low,baseline
BEVERLY ROAD,BROOKLYN,2027-01-01,8.7e-05,0,very_low,baseline
BEVERLY ROAD,BROOKLYN,2027-02-01,0.000122,0,very_low,baseline
BEVERLY ROAD,BROOKLYN,2027-03-01,9.2e-05,0,very_low,baseline
BEVERLY ROAD,BROOKLYN,2027-04-01,0.000106,0,very_low,baseline
BEVERLY ROAD,BROOKLYN,2027-05-01,0.000106,0,very_low,baseline
BEVERLY ROAD,BROOKLYN,2027-06-01,0.000118,0,very_low,baseline
BEVERLY ROAD,BROOKLYN,2027-07-01,0.000118,0,very_low,baseline
BEVERLY ROAD,BROOKLYN,2027-08-01,0.000118,0,very_low,baseline
BEVERLY ROAD,BROOKLYN,2027-09-01,0.000122,0,very_low,baseline
BEVERLY ROAD,BROOKLYN,2027-10-01,0.000102,0,very_low,baseline
BEVERLY ROAD,BROOKLYN,2027-11-01,9.6e-05,0,very_low,baseline
BEVERLY ROAD,BROOKLYN,2027-12-01,9.9e-05,0,very_low,baseline
BEVERLY ROAD,BROOKLYN,2028-01-01,0.000116,0,very_low,baseline
BEVERLY ROAD,BROOKLYN,2028-02-01,0.000115,0,very_low,baseline
BEVERLY ROAD,BROOKLYN,2028-03-01,0.000113,0,very_low,baseline
BEVERLY ROAD,BROOKLYN,2028-04-01,0.000113,0,very_low,baseline
BEVERLY ROAD,BROOKLYN,2028-05-01,0.000117,0,very_low,baseline
BEVERLY ROAD,BROOKLYN,2028-06-01,0.000118,0,very_low,baseline
BEVERLY ROAD,BROOKLYN,2028-07-01,0.000118,0,very_low,baseline
BEVERLY ROAD,BROOKLYN,2028-08-01,0.000118,0,very_low,baseline
BEVERLY ROAD,BROOKLYN,2028-09-01,0.000122,0,very_low,baseline
BEVERLY ROAD,BROOKLYN,2028-10-01,0.000102,0,very_low,baseline
BEVERLY ROAD,BROOKLYN,2028-11-01,9.6e-05,0,very_low,baseline
BEVERLY ROAD,BROOKLYN,2028-12-01,9.9e-05,0,very_low,baseline
BEVERLY ROAD,BROOKLYN,2029-01-01,0.000116,0,very_low,baseline
BEVERLY ROAD,BROOKLYN,2029-02-01,0.000115,0,very_low,baseline
BEVERLY ROAD,BROOKLYN,2029-03-01,0.000113,0,very_low,baseline
BEVERLY ROAD,BROOKLYN,2029-04-01,0.000113,0,very_low,baseline
BEVERLY ROAD,BROOKLYN,2029-05-01,0.000117,0,very_low,baseline
BEVERLY ROAD,BROOKLYN,2029-06-01,0.000118,0,very_low,baseline
BEVERLY ROAD,BROOKLYN,2029-07-01,0.000118,0,very_low,baseline
BEVERLY ROAD,BROOKLYN,2029-08-01,0.000118,0,very_low,baseline
BEVERLY ROAD,BROOKLYN,2029-09-01,0.000122,0,very_low,baseline
BEVERLY ROAD,BROOKLYN,2029-10-01,0.000102,0,very_low,baseline
BEVERLY ROAD,BROOKLYN,2029-11-01,9.6e-05,0,very_low,baseline
BEVERLY ROAD,BROOKLYN,2029-12-01,9.9e-05,0,very_low,baseline
BLEECKER STREET,MANHATTAN,2027-01-01,0.000133,0,very_low,baseline
BLEECKER STREET,MANHATTAN,2027-02-01,0.000147,0,very_low,baseline
BLEECKER STREET,MANHATTAN,2027-03-01,0.00014,0,very_low,baseline
BLEECKER STREET,MANHATTAN,2027-04-01,0.000149,0,very_low,baseline
BLEECKER STREET,MANHATTAN,2027-05-01,0.000162,0,very_low,baseline
BLEECKER STREET,MANHATTAN,2027-06-01,0.000156,0,very_low,baseline
BLEECKER STREET,MANHATTAN,2027-07-01,0.000156,0,very_low,baseline
BLEECKER STREET,MANHATTAN,2027-08-01,0.000156,0,very_low,baseline
BLEECKER STREET,MANHATTAN,2027-09-01,0.000151,0,very_low,baseline
BLEECKER STREET,MANHATTAN,2027-10-01,9.8e-05,0,very_low,baseline
BLEECKER STREET,MANHATTAN,2027-11-01,9.4e-05,0,very_low,baseline
BLEECKER STREET,MANHATTAN,2027-12-01,9.2e-05,0,very_low,baseline
BLEECKER STREET,MANHATTAN,2028-01-01,0.000145,0,very_low,baseline
BLEECKER STREET,MANHATTAN,2028-02-01,0.000146,0,very_low,baseline
BLEECKER STREET,MANHATTAN,2028-03-01,0.000144,0,very_low,baseline
BLEECKER STREET,MANHATTAN,2028-04-01,0.000147,0,very_low,baseline
BLEECKER STREET,MANHATTAN,2028-05-01,0.000157,0,very_low,baseline
BLEECKER STREET,MANHATTAN,2028-06-01,0.000156,0,very_low,baseline
BLEECKER STREET,MANHATTAN,2028-07-01,0.000156,0,very_low,baseline
BLEECKER STREET,MANHATTAN,2028-08-01,0.000156,0,very_low,baseline
BLEECKER STREET,MANHATTAN,2028-09-01,0.000151,0,very_low,baseline
BLEECKER STREET,MANHATTAN,2028-10-01,9.8e-05,0,very_low,baseline
BLEECKER STREET,MANHATTAN,2028-11-01,9.4e-05,0,very_low,baseline
BLEECKER STREET,MANHATTAN,2028-12-01,9.2e-05,0,very_low,baseline
BLEECKER STREET,MANHATTAN,2029-01-01,0.000145,0,very_low,baseline
BLEECKER STREET,MANHATTAN,2029-02-01,0.000146,0,very_low,baseline
BLEECKER STREET,MANHATTAN,2029-03-01,0.000144,0,very_low,baseline
BLEECKER STREET,MANHATTAN,2029-04-01,0.000147,0,very_low,baseline
BLEECKER STREET,MANHATTAN,2029-05-01,0.000157,0,very_low,baseline
BLEECKER STREET,MANHATTAN,2029-06-01,0.000156,0,very_low,baseline
BLEECKER STREET,MANHATTAN,2029-07-01,0.000156,0,very_low,baseline
BLEECKER STREET,MANHATTAN,2029-08-01,0.000156,0,very_low,baseline
BLEECKER STREET,MANHATTAN,2029-09-01,0.000151,0,very_low,baseline
BLEECKER STREET,MANHATTAN,2029-10-01,9.8e-05,0,very_low,baseline
BLEECKER STREET,MANHATTAN,2029-11-01,9.4e-05,0,very_low,baseline
BLEECKER STREET,MANHATTAN,2029-12-01,9.2e-05,0,very_low,baseline
BOROUGH HALL,BROOKLYN,2027-01-01,0.000463,0,very_low,baseline
BOROUGH HALL,BROOKLYN,2027-02-01,0.000491,0,very_low,baseline
BOROUGH HALL,BROOKLYN,2027-03-01,0.000456,0,very_low,baseline
BOROUGH HALL,BROOKLYN,2027-04-01,0.000453,0,very_low,baseline
BOROUGH HALL,BROOKLYN,2027-05-01,0.000499,0,very_low,baseline
BOROUGH HALL,BROOKLYN,2027-06-01,0.000515,0,very_low,baseline
BOROUGH HALL,BROOKLYN,2027-07-01,0.000515,0,very_low,baseline
BOROUGH HALL,BROOKLYN,2027-08-01,0.000515,0,very_low,baseline
BOROUGH HALL,BROOKLYN,2027-09-01,0.000501,0,very_low,baseline
BOROUGH HALL,BROOKLYN,2027-10-01,0.000328,0,very_low,baseline
BOROUGH HALL,BROOKLYN,2027-11-01,0.000326,0,very_low,baseline
BOROUGH HALL,BROOKLYN,2027-12-01,0.000318,0,very_low,baseline
BOROUGH HALL,BROOKLYN,2028-01-01,0.000455,0,very_low,baseline
BOROUGH HALL,BROOKLYN,2028-02-01,0.000477,0,very_low,baseline
BOROUGH HALL,BROOKLYN,2028-03-01,0.000475,0,very_low,baseline
BOROUGH HALL,BROOKLYN,2028-04-01,0.000475,0,very_low,baseline
BOROUGH HALL,BROOKLYN,2028-05-01,0.000499,0,very_low,baseline
BOROUGH HALL,BROOKLYN,2028-06-01,0.000515,0,very_low,baseline
BOROUGH HALL,BROOKLYN,2028-07-01,0.000515,0,very_low,baseline
BOROUGH HALL,BROOKLYN,2028-08-01,0.000515,0,very_low,baseline
BOROUGH HALL,BROOKLYN,2028-09-01,0.000501,0,very_low,baseline
BOROUGH HALL,BROOKLYN,2028-10-01,0.000328,0,very_low,baseline
BOROUGH HALL,BROOKLYN,2028-11-01,0.000326,0,very_low,baseline
BOROUGH HALL,BROOKLYN,2028-12-01,0.000318,0,very_low,baseline
BOROUGH HALL,BROOKLYN,2029-01-01,0.000455,0,very_low,baseline
BOROUGH HALL,BROOKLYN,2029-02-01,0.000477,0,very_low,baseline
BOROUGH HALL,BROOKLYN,2029-03-01,0.000475,0,very_low,baseline
BOROUGH HALL,BROOKLYN,2029-04-01,0.000475,0,very_low,baseline
BOROUGH HALL,BROOKLYN,2029-05-01,0.000499,0,very_low,baseline
BOROUGH HALL,BROOKLYN,2029-06-01,0.000515,0,very_low,baseline
BOROUGH HALL,BROOKLYN,2029-07-01,0.000515,0,very_low,baseline
BOROUGH HALL,BROOKLYN,2029-08-01,0.000515,0,very_low,baseline
BOROUGH HALL,BROOKLYN,2029-09-01,0.000501,0,very_low,baseline
BOROUGH HALL,BROOKLYN,2029-10-01,0.000328,0,very_low,baseline
BOROUGH HALL,BROOKLYN,2029-11-01,0.000326,0,very_low,baseline
BOROUGH HALL,BROOKLYN,2029-12-01,0.000318,0,very_low,baseline
BOTANIC GARDEN,BROOKLYN,2027-01-01,5.8e-05,0,very_low,baseline
BOTANIC GARDEN,BROOKLYN,2027-02-01,6e-05,0,very_low,baseline
BOTANIC GARDEN,BROOKLYN,2027-03-01,5.8e-05,0,very_low,baseline
BOTANIC GARDEN,BROOKLYN,2027-04-01,6.7e-05,0,very_low,baseline
BOTANIC GARDEN,BROOKLYN,2027-05-01,6.9e-05,0,very_low,baseline
BOTANIC GARDEN,BROOKLYN,2027-06-01,7.5e-05,0,very_low,baseline
BOTANIC GARDEN,BROOKLYN,2027-07-01,7.5e-05,0,very_low,baseline
BOTANIC GARDEN,BROOKLYN,2027-08-01,7.5e-05,0,very_low,baseline
BOTANIC GARDEN,BROOKLYN,2027-09-01,7.9e-05,0,very_low,baseline
BOTANIC GARDEN,BROOKLYN,2027-10-01,7e-05,0,very_low,baseline
BOTANIC GARDEN,BROOKLYN,2027-11-01,6.6e-05,0,very_low,baseline
BOTANIC GARDEN,BROOKLYN,2027-12-01,6.8e-05,0,very_low,baseline
BOTANIC GARDEN,BROOKLYN,2028-01-01,7.5e-05,0,very_low,baseline
BOTANIC GARDEN,BROOKLYN,2028-02-01,7.3e-05,0,very_low,baseline
BOTANIC GARDEN,BROOKLYN,2028-03-01,7.2e-05,0,very_low,baseline
BOTANIC GARDEN,BROOKLYN,2028-04-01,7.2e-05,0,very_low,baseline
BOTANIC GARDEN,BROOKLYN,2028-05-01,7.5e-05,0,very_low,baseline
BOTANIC GARDEN,BROOKLYN,2028-06-01,7.5e-05,0,very_low,baseline
BOTANIC GARDEN,BROOKLYN,2028-07-01,7.5e-05,0,very_low,baseline
BOTANIC GARDEN,BROOKLYN,2028-08-01,7.5e-05,0,very_low,baseline
BOTANIC GARDEN,BROOKLYN,2028-09-01,7.9e-05,0,very_low,baseline
BOTANIC GARDEN,BROOKLYN,2028-10-01,7e-05,0,very_low,baseline
BOTANIC GARDEN,BROOKLYN,2028-11-01,6.6e-05,0,very_low,baseline
BOTANIC GARDEN,BROOKLYN,2028-12-01,6.8e-05,0,very_low,baseline
BOTANIC GARDEN,BROOKLYN,2029-01-01,7.5e-05,0,very_low,baseline
BOTANIC GARDEN,BROOKLYN,2029-02-01,7.3e-05,0,very_low,baseline
BOTANIC GARDEN,BROOKLYN,2029-03-01,7.2e-05,0,very_low,baseline
BOTANIC GARDEN,BROOKLYN,2029-04-01,7.2e-05,0,very_low,baseline
BOTANIC GARDEN,BROOKLYN,2029-05-01,7.5e-05,0,very_low,baseline
BOTANIC GARDEN,BROOKLYN,2029-06-01,7.5e-05,0,very_low,baseline
BOTANIC GARDEN,BROOKLYN,2029-07-01,7.5e-05,0,very_low,baseline
BOTANIC GARDEN,BROOKLYN,2029-08-01,7.5e-05,0,very_low,baseline
BOTANIC GARDEN,BROOKLYN,2029-09-01,7.9e-05,0,very_low,baseline
BOTANIC GARDEN,BROOKLYN,2029-10-01,7e-05,0,very_low,baseline
BOTANIC GARDEN,BROOKLYN,2029-11-01,6.6e-05,0,very_low,baseline
BOTANIC GARDEN,BROOKLYN,2029-12-01,6.8e-05,0,very_low,baseline
BOWERY,MANHATTAN,2027-01-01,0.000792,0,very_low,baseline
BOWERY,MANHATTAN,2027-02-01,0.000993,0,very_low,baseline
BOWERY,MANHATTAN,2027-03-01,0.000681,0,very_low,baseline
BOWERY,MANHATTAN,2027-04-01,0.000765,0,very_low,baseline
BOWERY,MANHATTAN,2027-05-01,0.000744,0,very_low,baseline
BOWERY,MANHATTAN,2027-06-01,0.000777,0,very_low,baseline
BOWERY,MANHATTAN,2027-07-01,0.000777,0,very_low,baseline
BOWERY,MANHATTAN,2027-08-01,0.000809,0,very_low,baseline
BOWERY,MANHATTAN,2027-09-01,0.000815,0,very_low,baseline
BOWERY,MANHATTAN,2027-10-01,0.000662,0,very_low,baseline
BOWERY,MANHATTAN,2027-11-01,0.000687,0,very_low,baseline
BOWERY,MANHATTAN,2027-12-01,0.000734,0,very_low,baseline
BOWERY,MANHATTAN,2028-01-01,0.00068,0,very_low,baseline
BOWERY,MANHATTAN,2028-02-01,0.000718,0,very_low,baseline
BOWERY,MANHATTAN,2028-03-01,0.000715,0,very_low,baseline
BOWERY,MANHATTAN,2028-04-01,0.000715,0,very_low,baseline
BOWERY,MANHATTAN,2028-05-01,0.000752,0,very_low,baseline
BOWERY,MANHATTAN,2028-06-01,0.000777,0,very_low,baseline
BOWERY,MANHATTAN,2028-07-01,0.000777,0,very_low,baseline
BOWERY,MANHATTAN,2028-08-01,0.000809,0,very_low,baseline
BOWERY,MANHATTAN,2028-09-01,0.000815,0,very_low,baseline
BOWERY,MANHATTAN,2028-10-01,0.000662,0,very_low,baseline
BOWERY,MANHATTAN,2028-11-01,0.000687,0,very_low,baseline
BOWERY,MANHATTAN,2028-12-01,0.000734,0,very_low,baseline
BOWERY,MANHATTAN,2029-01-01,0.00068,0,very_low,baseline
BOWERY,MANHATTAN,2029-02-01,0.000718,0,very_low,baseline
BOWERY,MANHATTAN,2029-03-01,0.000715,0,very_low,baseline
BOWERY,MANHATTAN,2029-04-01,0.000715,0,very_low,baseline
BOWERY,MANHATTAN,2029-05-01,0.000752,0,very_low,baseline
BOWERY,MANHATTAN,2029-06-01,0.000777,0,very_low,baseline
BOWERY,MANHATTAN,2029-07-01,0.000777,0,very_low,baseline
BOWERY,MANHATTAN,2029-08-01,0.000809,0,very_low,baseline
BOWERY,MANHATTAN,2029-09-01,0.000815,0,very_low,baseline
BOWERY,MANHATTAN,2029-10-01,0.000662,0,very_low,baseline
BOWERY,MANHATTAN,2029-11-01,0.000687,0,very_low,baseline
BOWERY,MANHATTAN,2029-12-01,0.000734,0,very_low,baseline
BOWLING GREEN,MANHATTAN,2027-01-01,0.000103,0,very_low,baseline
BOWLING GREEN,MANHATTAN,2027-02-01,8.7e-05,0,very_low,baseline
BOWLING GREEN,MANHATTAN,2027-03-01,6.2e-05,0,very_low,baseline
BOWLING GREEN,MANHATTAN,2027-04-01,6.9e-05,0,very_low,baseline
BOWLING GREEN,MANHATTAN,2027-05-01,7.8e-05,0,very_low,baseline
BOWLING GREEN,MANHATTAN,2027-06-01,8.4e-05,0,very_low,baseline
BOWLING GREEN,MANHATTAN,2027-07-01,8.4e-05,0,very_low,baseline
BOWLING GREEN,MANHATTAN,2027-08-01,8.4e-05,0,very_low,baseline
BOWLING GREEN,MANHATTAN,2027-09-01,8.8e-05,0,very_low,baseline
BOWLING GREEN,MANHATTAN,2027-10-01,7.7e-05,0,very_low,baseline
BOWLING GREEN,MANHATTAN,2027-11-01,7.2e-05,0,very_low,baseline
BOWLING GREEN,MANHATTAN,2027-12-01,7.2e-05,0,very_low,baseline
BOWLING GREEN,MANHATTAN,2028-01-01,8.3e-05,0,very_low,baseline
BOWLING GREEN,MANHATTAN,2028-02-01,8.2e-05,0,very_low,baseline
BOWLING GREEN,MANHATTAN,2028-03-01,8e-05,0,very_low,baseline
BOWLING GREEN,MANHATTAN,2028-04-01,8e-05,0,very_low,baseline
BOWLING GREEN,MANHATTAN,2028-05-01,8.3e-05,0,very_low,baseline
BOWLING GREEN,MANHATTAN,2028-06-01,8.4e-05,0,very_low,baseline
BOWLING GREEN,MANHATTAN,2028-07-01,8.4e-05,0,very_low,baseline
BOWLING GREEN,MANHATTAN,2028-08-01,8.4e-05,0,very_low,baseline
BOWLING GREEN,MANHATTAN,2028-09-01,8.8e-05,0,very_low,baseline
BOWLING GREEN,MANHATTAN,2028-10-01,7.7e-05,0,very_low,baseline
BOWLING GREEN,MANHATTAN,2028-11-01,7.2e-05,0,very_low,baseline
BOWLING GREEN,MANHATTAN,2028-12-01,7.2e-05,0,very_low,baseline
BOWLING GREEN,MANHATTAN,2029-01-01,8.3e-05,0,very_low,baseline
BOWLING GREEN,MANHATTAN,2029-02-01,8.2e-05,0,very_low,baseline
BOWLING GREEN,MANHATTAN,2029-03-01,8e-05,0,very_low,baseline
BOWLING GREEN,MANHATTAN,2029-04-01,8e-05,0,very_low,baseline
BOWLING GREEN,MANHATTAN,2029-05-01,8.3e-05,0,very_low,baseline
BOWLING GREEN,MANHATTAN,2029-06-01,8.4e-05,0,very_low,baseline
BOWLING GREEN,MANHATTAN,2029-07-01,8.4e-05,0,very_low,baseline
BOWLING GREEN,MANHATTAN,2029-08-01,8.4e-05,0,very_low,baseline
BOWLING GREEN,MANHATTAN,2029-09-01,8.8e-05,0,very_low,baseline
BOWLING GREEN,MANHATTAN,2029-10-01,7.7e-05,0,very_low,baseline
BOWLING GREEN,MANHATTAN,2029-11-01,7.2e-05,0,very_low,baseline
BOWLING GREEN,MANHATTAN,2029-12-01,7.2e-05,0,very_low,baseline
BRIGHTON BEACH,BROOKLYN,2027-01-01,0.000844,0,very_low,baseline
BRIGHTON BEACH,BROOKLYN,2027-02-01,0.000615,0,very_low,baseline
BRIGHTON BEACH,BROOKLYN,2027-03-01,0.000709,0,very_low,baseline
BRIGHTON BEACH,BROOKLYN,2027-04-01,0.000671,0,very_low,baseline
BRIGHTON BEACH,BROOKLYN,2027-05-01,0.000698,0,very_low,baseline
BRIGHTON BEACH,BROOKLYN,2027-06-01,0.000637,0,very_low,baseline
BRIGHTON BEACH,BROOKLYN,2027-07-01,0.000637,0,very_low,baseline
BRIGHTON BEACH,BROOKLYN,2027-08-01,0.000637,0,very_low,baseline
BRIGHTON BEACH,BROOKLYN,2027-09-01,0.000671,0,very_low,baseline
BRIGHTON BEACH,BROOKLYN,2027-10-01,0.000506,0,very_low,baseline
BRIGHTON BEACH,BROOKLYN,2027-11-01,0.000525,0,very_low,baseline
BRIGHTON BEACH,BROOKLYN,2027-12-01,0.000561,0,very_low,baseline
BRIGHTON BEACH,BROOKLYN,2028-01-01,0.000616,0,very_low,baseline
BRIGHTON BEACH,BROOKLYN,2028-02-01,0.000631,0,very_low,baseline
BRIGHTON BEACH,BROOKLYN,2028-03-01,0.000613,0,very_low,baseline
BRIGHTON BEACH,BROOKLYN,2028-04-01,0.000613,0,very_low,baseline
BRIGHTON BEACH,BROOKLYN,2028-05-01,0.000637,0,very_low,baseline
BRIGHTON BEACH,BROOKLYN,2028-06-01,0.000637,0,very_low,baseline
BRIGHTON BEACH,BROOKLYN,2028-07-01,0.000637,0,very_low,baseline
BRIGHTON BEACH,BROOKLYN,2028-08-01,0.000637,0,very_low,baseline
BRIGHTON BEACH,BROOKLYN,2028-09-01,0.000671,0,very_low,baseline
BRIGHTON BEACH,BROOKLYN,2028-10-01,0.000506,0,very_low,baseline
BRIGHTON BEACH,BROOKLYN,2028-11-01,0.000525,0,very_low,baseline
BRIGHTON BEACH,BROOKLYN,2028-12-01,0.000561,0,very_low,baseline
BRIGHTON BEACH,BROOKLYN,2029-01-01,0.000616,0,very_low,baseline
BRIGHTON BEACH,BROOKLYN,2029-02-01,0.000631,0,very_low,baseline
BRIGHTON BEACH,BROOKLYN,2029-03-01,0.000613,0,very_low,baseline
BRIGHTON BEACH,BROOKLYN,2029-04-01,0.000613,0,very_low,baseline
BRIGHTON BEACH,BROOKLYN,2029-05-01,0.000637,0,very_low,baseline
BRIGHTON BEACH,BROOKLYN,2029-06-01,0.000637,0,very_low,baseline
BRIGHTON BEACH,BROOKLYN,2029-07-01,0.000637,0,very_low,baseline
BRIGHTON BEACH,BROOKLYN,2029-08-01,0.000637,0,very_low,baseline
BRIGHTON BEACH,BROOKLYN,2029-09-01,0.000671,0,very_low,baseline
BRIGHTON BEACH,BROOKLYN,2029-10-01,0.000506,0,very_low,baseline
BRIGHTON BEACH,BROOKLYN,2029-11-01,0.000525,0,very_low,baseline
BRIGHTON BEACH,BROOKLYN,2029-12-01,0.000561,0,very_low,baseline
BROAD CHANNEL,QUEENS,2027-01-01,0.065597,0,very_low,baseline
BROAD CHANNEL,QUEENS,2027-02-01,0.069961,0,very_low,baseline
BROAD CHANNEL,QUEENS,2027-03-01,0.099729,1,very_low,baseline
BROAD CHANNEL,QUEENS,2027-04-01,0.079484,0,very_low,baseline
BROAD CHANNEL,QUEENS,2027-05-01,0.073404,0,very_low,baseline
BROAD CHANNEL,QUEENS,2027-06-01,0.065639,0,very_low,baseline
BROAD CHANNEL,QUEENS,2027-07-01,0.067807,0,very_low,baseline
BROAD CHANNEL,QUEENS,2027-08-01,0.067807,0,very_low,baseline
BROAD CHANNEL,QUEENS,2027-09-01,0.068177,0,very_low,baseline
BROAD CHANNEL,QUEENS,2027-10-01,0.043201,0,very_low,baseline
BROAD CHANNEL,QUEENS,2027-11-01,0.041581,0,very_low,baseline
BROAD CHANNEL,QUEENS,2027-12-01,0.041581,0,very_low,baseline
BROAD CHANNEL,QUEENS,2028-01-01,0.069314,0,very_low,baseline
BROAD CHANNEL,QUEENS,2028-02-01,0.069455,0,very_low,baseline
BROAD CHANNEL,QUEENS,2028-03-01,0.065749,0,very_low,baseline
BROAD CHANNEL,QUEENS,2028-04-01,0.108965,1,very_low,baseline
BROAD CHANNEL,QUEENS,2028-05-01,0.074207,0,very_low,baseline
BROAD CHANNEL,QUEENS,2028-06-01,0.063489,0,very_low,baseline
BROAD CHANNEL,QUEENS,2028-07-01,0.066312,0,very_low,baseline
BROAD CHANNEL,QUEENS,2028-08-01,0.067807,0,very_low,baseline
BROAD CHANNEL,QUEENS,2028-09-01,0.068264,0,very_low,baseline
BROAD CHANNEL,QUEENS,2028-10-01,0.043145,0,very_low,baseline
BROAD CHANNEL,QUEENS,2028-11-01,0.041581,0,very_low,baseline
BROAD CHANNEL,QUEENS,2028-12-01,0.041581,0,very_low,baseline
BROAD CHANNEL,QUEENS,2029-01-01,0.069314,0,very_low,baseline
BROAD CHANNEL,QUEENS,2029-02-01,0.069455,0,very_low,baseline
BROAD CHANNEL,QUEENS,2029-03-01,0.065749,0,very_low,baseline
BROAD CHANNEL,QUEENS,2029-04-01,0.065961,0,very_low,baseline
BROAD CHANNEL,QUEENS,2029-05-01,0.11008,1,very_low,baseline
BROAD CHANNEL,QUEENS,2029-06-01,0.075248,0,very_low,baseline
BROAD CHANNEL,QUEENS,2029-07-01,0.064141,0,very_low,baseline
BROAD CHANNEL,QUEENS,2029-08-01,0.066312,0,very_low,baseline
BROAD CHANNEL,QUEENS,2029-09-01,0.068264,0,very_low,baseline
BROAD CHANNEL,QUEENS,2029-10-01,0.043201,0,very_low,baseline
BROAD CHANNEL,QUEENS,2029-11-01,0.042726,0,very_low,baseline
BROAD CHANNEL,QUEENS,2029-12-01,0.041581,0,very_low,baseline
BROAD STREET,MANHATTAN,2027-01-01,0.000308,0,very_low,baseline
BROAD STREET,MANHATTAN,2027-02-01,0.000317,0,very_low,baseline
BROAD STREET,MANHATTAN,2027-03-01,0.000269,0,very_low,baseline
BROAD STREET,MANHATTAN,2027-04-01,0.00028,0,very_low,baseline
BROAD STREET,MANHATTAN,2027-05-01,0.000296,0,very_low,baseline
BROAD STREET,MANHATTAN,2027-06-01,0.000309,0,very_low,baseline
BROAD STREET,MANHATTAN,2027-07-01,0.000309,0,very_low,baseline
BROAD STREET,MANHATTAN,2027-08-01,0.000309,0,very_low,baseline
BROAD STREET,MANHATTAN,2027-09-01,0.000312,0,very_low,baseline
BROAD STREET,MANHATTAN,2027-10-01,0.000197,0,very_low,baseline
BROAD STREET,MANHATTAN,2027-11-01,0.000191,0,very_low,baseline
BROAD STREET,MANHATTAN,2027-12-01,0.000188,0,very_low,baseline
BROAD STREET,MANHATTAN,2028-01-01,0.000273,0,very_low,baseline
BROAD STREET,MANHATTAN,2028-02-01,0.000273,0,very_low,baseline
BROAD STREET,MANHATTAN,2028-03-01,0.00027,0,very_low,baseline
BROAD STREET,MANHATTAN,2028-04-01,0.00028,0,very_low,baseline
BROAD STREET,MANHATTAN,2028-05-01,0.000296,0,very_low,baseline
BROAD STREET,MANHATTAN,2028-06-01,0.000309,0,very_low,baseline
BROAD STREET,MANHATTAN,2028-07-01,0.000309,0,very_low,baseline
BROAD STREET,MANHATTAN,2028-08-01,0.000309,0,very_low,baseline
BROAD STREET,MANHATTAN,2028-09-01,0.000312,0,very_low,baseline
BROAD STREET,MANHATTAN,2028-10-01,0.000197,0,very_low,baseline
BROAD STREET,MANHATTAN,2028-11-01,0.000191,0,very_low,baseline
BROAD STREET,MANHATTAN,2028-12-01,0.000188,0,very_low,baseline
BROAD STREET,MANHATTAN,2029-01-01,0.000273,0,very_low,baseline
BROAD STREET,MANHATTAN,2029-02-01,0.000273,0,very_low,baseline
BROAD STREET,MANHATTAN,2029-03-01,0.00027,0,very_low,baseline
BROAD STREET,MANHATTAN,2029-04-01,0.00028,0,very_low,baseline
BROAD STREET,MANHATTAN,2029-05-01,0.000296,0,very_low,baseline
BROAD STREET,MANHATTAN,2029-06-01,0.000309,0,very_low,baseline
BROAD STREET,MANHATTAN,2029-07-01,0.000309,0,very_low,baseline
BROAD STREET,MANHATTAN,2029-08-01,0.000309,0,very_low,baseline
BROAD STREET,MANHATTAN,2029-09-01,0.000312,0,very_low,baseline
BROAD STREET,MANHATTAN,2029-10-01,0.000197,0,very_low,baseline
BROAD STREET,MANHATTAN,2029-11-01,0.000191,0,very_low,baseline
BROAD STREET,MANHATTAN,2029-12-01,0.000188,0,very_low,baseline
BROADWAY,BROOKLYN,2027-01-01,6.8e-05,0,very_low,baseline
BROADWAY,BROOKLYN,2027-02-01,6.8e-05,0,very_low,baseline
BROADWAY,BROOKLYN,2027-03-01,6.5e-05,0,very_low,baseline
BROADWAY,BROOKLYN,2027-04-01,6.5e-05,0,very_low,baseline
BROADWAY,BROOKLYN,2027-05-01,7.4e-05,0,very_low,baseline
BROADWAY,BROOKLYN,2027-06-01,7.4e-05,0,very_low,baseline
BROADWAY,BROOKLYN,2027-07-01,7.4e-05,0,very_low,baseline
BROADWAY,BROOKLYN,2027-08-01,7.4e-05,0,very_low,baseline
BROADWAY,BROOKLYN,2027-09-01,7.8e-05,0,very_low,baseline
BROADWAY,BROOKLYN,2027-10-01,7e-05,0,very_low,baseline
BROADWAY,BROOKLYN,2027-11-01,6.5e-05,0,very_low,baseline
BROADWAY,BROOKLYN,2027-12-01,6.7e-05,0,very_low,baseline
BROADWAY,BROOKLYN,2028-01-01,7.4e-05,0,very_low,baseline
BROADWAY,BROOKLYN,2028-02-01,7.2e-05,0,very_low,baseline
BROADWAY,BROOKLYN,2028-03-01,7.1e-05,0,very_low,baseline
BROADWAY,BROOKLYN,2028-04-01,7.1e-05,0,very_low,baseline
BROADWAY,BROOKLYN,2028-05-01,7.4e-05,0,very_low,baseline
BROADWAY,BROOKLYN,2028-06-01,7.4e-05,0,very_low,baseline
BROADWAY,BROOKLYN,2028-07-01,7.4e-05,0,very_low,baseline
BROADWAY,BROOKLYN,2028-08-01,7.4e-05,0,very_low,baseline
BROADWAY,BROOKLYN,2028-09-01,7.8e-05,0,very_low,baseline
BROADWAY,BROOKLYN,2028-10-01,7e-05,0,very_low,baseline
BROADWAY,BROOKLYN,2028-11-01,6.5e-05,0,very_low,baseline
BROADWAY,BROOKLYN,2028-12-01,6.7e-05,0,very_low,baseline
BROADWAY,BROOKLYN,2029-01-01,7.4e-05,0,very_low,baseline
BROADWAY,BROOKLYN,2029-02-01,7.2e-05,0,very_low,baseline
BROADWAY,BROOKLYN,2029-03-01,7.1e-05,0,very_low,baseline
BROADWAY,BROOKLYN,2029-04-01,7.1e-05,0,very_low,baseline
BROADWAY,BROOKLYN,2029-05-01,7.4e-05,0,very_low,baseline
BROADWAY,BROOKLYN,2029-06-01,7.4e-05,0,very_low,baseline
BROADWAY,BROOKLYN,2029-07-01,7.4e-05,0,very_low,baseline
BROADWAY,BROOKLYN,2029-08-01,7.4e-05,0,very_low,baseline
BROADWAY,BROOKLYN,2029-09-01,7.8e-05,0,very_low,baseline
BROADWAY,BROOKLYN,2029-10-01,7e-05,0,very_low,baseline
BROADWAY,BROOKLYN,2029-11-01,6.5e-05,0,very_low,baseline
BROADWAY,BROOKLYN,2029-12-01,6.7e-05,0,very_low,baseline
BROADWAY-EAST NEW YORK,BROOKLYN,2027-01-01,0.982578,1,very_high,baseline
BROADWAY-EAST NEW YORK,BROOKLYN,2027-02-01,0.986066,1,very_high,baseline
BROADWAY-EAST NEW YORK,BROOKLYN,2027-03-01,0.979777,1,very_high,baseline
BROADWAY-EAST NEW YORK,BROOKLYN,2027-04-01,0.982083,1,very_high,baseline
BROADWAY-EAST NEW YORK,BROOKLYN,2027-05-01,0.982492,1,very_high,baseline
BROADWAY-EAST NEW YORK,BROOKLYN,2027-06-01,0.982492,1,very_high,baseline
BROADWAY-EAST NEW YORK,BROOKLYN,2027-07-01,0.982863,1,very_high,baseline
BROADWAY-EAST NEW YORK,BROOKLYN,2027-08-01,0.983795,1,very_high,baseline
BROADWAY-EAST NEW YORK,BROOKLYN,2027-09-01,0.984018,1,very_high,baseline
BROADWAY-EAST NEW YORK,BROOKLYN,2027-10-01,0.984774,1,very_high,baseline
BROADWAY-EAST NEW YORK,BROOKLYN,2027-11-01,0.984589,1,very_high,baseline
BROADWAY-EAST NEW YORK,BROOKLYN,2027-12-01,0.984589,1,very_high,baseline
BROADWAY-EAST NEW YORK,BROOKLYN,2028-01-01,0.981766,1,very_high,baseline
BROADWAY-EAST NEW YORK,BROOKLYN,2028-02-01,0.981766,1,very_high,baseline
BROADWAY-EAST NEW YORK,BROOKLYN,2028-03-01,0.981766,1,very_high,baseline
BROADWAY-EAST NEW YORK,BROOKLYN,2028-04-01,0.982083,1,very_high,baseline
BROADWAY-EAST NEW YORK,BROOKLYN,2028-05-01,0.982492,1,very_high,baseline
BROADWAY-EAST NEW YORK,BROOKLYN,2028-06-01,0.982492,1,very_high,baseline
BROADWAY-EAST NEW YORK,BROOKLYN,2028-07-01,0.982863,1,very_high,baseline
BROADWAY-EAST NEW YORK,BROOKLYN,2028-08-01,0.983795,1,very_high,baseline
BROADWAY-EAST NEW YORK,BROOKLYN,2028-09-01,0.984018,1,very_high,baseline
BROADWAY-EAST NEW YORK,BROOKLYN,2028-10-01,0.984774,1,very_high,baseline
BROADWAY-EAST NEW YORK,BROOKLYN,2028-11-01,0.984589,1,very_high,baseline
BROADWAY-EAST NEW YORK,BROOKLYN,2028-12-01,0.984589,1,very_high,baseline
BROADWAY-EAST NEW YORK,BROOKLYN,2029-01-01,0.981766,1,very_high,baseline
BROADWAY-EAST NEW YORK,BROOKLYN,2029-02-01,0.981766,1,very_high,baseline
BROADWAY-EAST NEW YORK,BROOKLYN,2029-03-01,0.981766,1,very_high,baseline
BROADWAY-EAST NEW YORK,BROOKLYN,2029-04-01,0.982083,1,very_high,baseline
BROADWAY-EAST NEW YORK,BROOKLYN,2029-05-01,0.982492,1,very_high,baseline
BROADWAY-EAST NEW YORK,BROOKLYN,2029-06-01,0.982492,1,very_high,baseline
BROADWAY-EAST NEW YORK,BROOKLYN,2029-07-01,0.982863,1,very_high,baseline
BROADWAY-EAST NEW YORK,BROOKLYN,2029-08-01,0.983795,1,very_high,baseline
BROADWAY-EAST NEW YORK,BROOKLYN,2029-09-01,0.984018,1,very_high,baseline
BROADWAY-EAST NEW YORK,BROOKLYN,2029-10-01,0.984774,1,very_high,baseline
BROADWAY-EAST NEW YORK,BROOKLYN,2029-11-01,0.984589,1,very_high,baseline
BROADWAY-EAST NEW YORK,BROOKLYN,2029-12-01,0.984589,1,very_high,baseline
BROADWAY-EASTERN PKWY,BROOKLYN,2027-01-01,0.792857,1,high,baseline
BROADWAY-EASTERN PKWY,BROOKLYN,2027-02-01,0.732177,1,high,baseline
BROADWAY-EASTERN PKWY,BROOKLYN,2027-03-01,0.817592,1,very_high,baseline
BROADWAY-EASTERN PKWY,BROOKLYN,2027-04-01,0.797577,1,high,baseline
BROADWAY-EASTERN PKWY,BROOKLYN,2027-05-01,0.826492,1,very_high,baseline
BROADWAY-EASTERN PKWY,BROOKLYN,2027-06-01,0.832299,1,very_high,baseline
BROADWAY-EASTERN PKWY,BROOKLYN,2027-07-01,0.837486,1,very_high,baseline
BROADWAY-EASTERN PKWY,BROOKLYN,2027-08-01,0.854411,1,very_high,baseline
BROADWAY-EASTERN PKWY,BROOKLYN,2027-09-01,0.855662,1,very_high,baseline
BROADWAY-EASTERN PKWY,BROOKLYN,2027-10-01,0.84444,1,very_high,baseline
BROADWAY-EASTERN PKWY,BROOKLYN,2027-11-01,0.855296,1,very_high,baseline
BROADWAY-EASTERN PKWY,BROOKLYN,2027-12-01,0.85342,1,very_high,baseline
BROADWAY-EASTERN PKWY,BROOKLYN,2028-01-01,0.845441,1,very_high,baseline
BROADWAY-EASTERN PKWY,BROOKLYN,2028-02-01,0.845441,1,very_high,baseline
BROADWAY-EASTERN PKWY,BROOKLYN,2028-03-01,0.845441,1,very_high,baseline
BROADWAY-EASTERN PKWY,BROOKLYN,2028-04-01,0.851332,1,very_high,baseline
BROADWAY-EASTERN PKWY,BROOKLYN,2028-05-01,0.854511,1,very_high,baseline
BROADWAY-EASTERN PKWY,BROOKLYN,2028-06-01,0.854511,1,very_high,baseline
BROADWAY-EASTERN PKWY,BROOKLYN,2028-07-01,0.854511,1,very_high,baseline
BROADWAY-EASTERN PKWY,BROOKLYN,2028-08-01,0.860173,1,very_high,baseline
BROADWAY-EASTERN PKWY,BROOKLYN,2028-09-01,0.858402,1,very_high,baseline
BROADWAY-EASTERN PKWY,BROOKLYN,2028-10-01,0.847354,1,very_high,baseline
BROADWAY-EASTERN PKWY,BROOKLYN,2028-11-01,0.85342,1,very_high,baseline
BROADWAY-EASTERN PKWY,BROOKLYN,2028-12-01,0.85342,1,very_high,baseline
BROADWAY-EASTERN PKWY,BROOKLYN,2029-01-01,0.845441,1,very_high,baseline
BROADWAY-EASTERN PKWY,BROOKLYN,2029-02-01,0.845441,1,very_high,baseline
BROADWAY-EASTERN PKWY,BROOKLYN,2029-03-01,0.845441,1,very_high,baseline
BROADWAY-EASTERN PKWY,BROOKLYN,2029-04-01,0.851332,1,very_high,baseline
BROADWAY-EASTERN PKWY,BROOKLYN,2029-05-01,0.854511,1,very_high,baseline
BROADWAY-EASTERN PKWY,BROOKLYN,2029-06-01,0.854511,1,very_high,baseline
BROADWAY-EASTERN PKWY,BROOKLYN,2029-07-01,0.854511,1,very_high,baseline
BROADWAY-EASTERN PKWY,BROOKLYN,2029-08-01,0.860173,1,very_high,baseline
BROADWAY-EASTERN PKWY,BROOKLYN,2029-09-01,0.858402,1,very_high,baseline
BROADWAY-EASTERN PKWY,BROOKLYN,2029-10-01,0.847354,1,very_high,baseline
BROADWAY-EASTERN PKWY,BROOKLYN,2029-11-01,0.85342,1,very_high,baseline
BROADWAY-EASTERN PKWY,BROOKLYN,2029-12-01,0.85342,1,very_high,baseline
BROADWAY/LAFAYETTE,MANHATTAN,2027-01-01,0.000489,0,very_low,baseline
BROADWAY/LAFAYETTE,MANHATTAN,2027-02-01,0.000677,0,very_low,baseline
BROADWAY/LAFAYETTE,MANHATTAN,2027-03-01,0.000496,0,very_low,baseline
BROADWAY/LAFAYETTE,MANHATTAN,2027-04-01,0.000553,0,very_low,baseline
BROADWAY/LAFAYETTE,MANHATTAN,2027-05-01,0.000575,0,very_low,baseline
BROADWAY/LAFAYETTE,MANHATTAN,2027-06-01,0.000594,0,very_low,baseline
BROADWAY/LAFAYETTE,MANHATTAN,2027-07-01,0.000594,0,very_low,baseline
BROADWAY/LAFAYETTE,MANHATTAN,2027-08-01,0.000594,0,very_low,baseline
BROADWAY/LAFAYETTE,MANHATTAN,2027-09-01,0.000591,0,very_low,baseline
BROADWAY/LAFAYETTE,MANHATTAN,2027-10-01,0.000438,0,very_low,baseline
BROADWAY/LAFAYETTE,MANHATTAN,2027-11-01,0.000454,0,very_low,baseline
BROADWAY/LAFAYETTE,MANHATTAN,2027-12-01,0.000462,0,very_low,baseline
BROADWAY/LAFAYETTE,MANHATTAN,2028-01-01,0.000458,0,very_low,baseline
BROADWAY/LAFAYETTE,MANHATTAN,2028-02-01,0.000498,0,very_low,baseline
BROADWAY/LAFAYETTE,MANHATTAN,2028-03-01,0.000496,0,very_low,baseline
BROADWAY/LAFAYETTE,MANHATTAN,2028-04-01,0.000517,0,very_low,baseline
BROADWAY/LAFAYETTE,MANHATTAN,2028-05-01,0.000575,0,very_low,baseline
BROADWAY/LAFAYETTE,MANHATTAN,2028-06-01,0.000594,0,very_low,baseline
BROADWAY/LAFAYETTE,MANHATTAN,2028-07-01,0.000594,0,very_low,baseline
BROADWAY/LAFAYETTE,MANHATTAN,2028-08-01,0.000594,0,very_low,baseline
BROADWAY/LAFAYETTE,MANHATTAN,2028-09-01,0.000591,0,very_low,baseline
BROADWAY/LAFAYETTE,MANHATTAN,2028-10-01,0.000438,0,very_low,baseline
BROADWAY/LAFAYETTE,MANHATTAN,2028-11-01,0.000454,0,very_low,baseline
BROADWAY/LAFAYETTE,MANHATTAN,2028-12-01,0.000462,0,very_low,baseline
BROADWAY/LAFAYETTE,MANHATTAN,2029-01-01,0.000458,0,very_low,baseline
BROADWAY/LAFAYETTE,MANHATTAN,2029-02-01,0.000498,0,very_low,baseline
BROADWAY/LAFAYETTE,MANHATTAN,2029-03-01,0.000496,0,very_low,baseline
BROADWAY/LAFAYETTE,MANHATTAN,2029-04-01,0.000517,0,very_low,baseline
BROADWAY/LAFAYETTE,MANHATTAN,2029-05-01,0.000575,0,very_low,baseline
BROADWAY/LAFAYETTE,MANHATTAN,2029-06-01,0.000594,0,very_low,baseline
BROADWAY/LAFAYETTE,MANHATTAN,2029-07-01,0.000594,0,very_low,baseline
BROADWAY/LAFAYETTE,MANHATTAN,2029-08-01,0.000594,0,very_low,baseline
BROADWAY/LAFAYETTE,MANHATTAN,2029-09-01,0.000591,0,very_low,baseline
BROADWAY/LAFAYETTE,MANHATTAN,2029-10-01,0.000438,0,very_low,baseline
BROADWAY/LAFAYETTE,MANHATTAN,2029-11-01,0.000454,0,very_low,baseline
BROADWAY/LAFAYETTE,MANHATTAN,2029-12-01,0.000462,0,very_low,baseline
BROADWAY/NASSAU,MANHATTAN,2027-01-01,0.000315,0,very_low,baseline
BROADWAY/NASSAU,MANHATTAN,2027-02-01,0.000254,0,very_low,baseline
BROADWAY/NASSAU,MANHATTAN,2027-03-01,0.000323,0,very_low,baseline
BROADWAY/NASSAU,MANHATTAN,2027-04-01,0.00033,0,very_low,baseline
BROADWAY/NASSAU,MANHATTAN,2027-05-01,0.00055,0,very_low,baseline
BROADWAY/NASSAU,MANHATTAN,2027-06-01,0.000345,0,very_low,baseline
BROADWAY/NASSAU,MANHATTAN,2027-07-01,0.000345,0,very_low,baseline
BROADWAY/NASSAU,MANHATTAN,2027-08-01,0.000345,0,very_low,baseline
BROADWAY/NASSAU,MANHATTAN,2027-09-01,0.000351,0,very_low,baseline
BROADWAY/NASSAU,MANHATTAN,2027-10-01,0.000217,0,very_low,baseline
BROADWAY/NASSAU,MANHATTAN,2027-11-01,0.000208,0,very_low,baseline
BROADWAY/NASSAU,MANHATTAN,2027-12-01,0.000203,0,very_low,baseline
BROADWAY/NASSAU,MANHATTAN,2028-01-01,0.000289,0,very_low,baseline
BROADWAY/NASSAU,MANHATTAN,2028-02-01,0.000318,0,very_low,baseline
BROADWAY/NASSAU,MANHATTAN,2028-03-01,0.000316,0,very_low,baseline
BROADWAY/NASSAU,MANHATTAN,2028-04-01,0.000316,0,very_low,baseline
BROADWAY/NASSAU,MANHATTAN,2028-05-01,0.000338,0,very_low,baseline
BROADWAY/NASSAU,MANHATTAN,2028-06-01,0.000345,0,very_low,baseline
BROADWAY/NASSAU,MANHATTAN,2028-07-01,0.000345,0,very_low,baseline
BROADWAY/NASSAU,MANHATTAN,2028-08-01,0.000345,0,very_low,baseline
BROADWAY/NASSAU,MANHATTAN,2028-09-01,0.000351,0,very_low,baseline
BROADWAY/NASSAU,MANHATTAN,2028-10-01,0.000217,0,very_low,baseline
BROADWAY/NASSAU,MANHATTAN,2028-11-01,0.000208,0,very_low,baseline
BROADWAY/NASSAU,MANHATTAN,2028-12-01,0.000203,0,very_low,baseline
BROADWAY/NASSAU,MANHATTAN,2029-01-01,0.000289,0,very_low,baseline
BROADWAY/NASSAU,MANHATTAN,2029-02-01,0.000318,0,very_low,baseline
BROADWAY/NASSAU,MANHATTAN,2029-03-01,0.000316,0,very_low,baseline
BROADWAY/NASSAU,MANHATTAN,2029-04-01,0.000316,0,very_low,baseline
BROADWAY/NASSAU,MANHATTAN,2029-05-01,0.000338,0,very_low,baseline
BROADWAY/NASSAU,MANHATTAN,2029-06-01,0.000345,0,very_low,baseline
BROADWAY/NASSAU,MANHATTAN,2029-07-01,0.000345,0,very_low,baseline
BROADWAY/NASSAU,MANHATTAN,2029-08-01,0.000345,0,very_low,baseline
BROADWAY/NASSAU,MANHATTAN,2029-09-01,0.000351,0,very_low,baseline
BROADWAY/NASSAU,MANHATTAN,2029-10-01,0.000217,0,very_low,baseline
BROADWAY/NASSAU,MANHATTAN,2029-11-01,0.000208,0,very_low,baseline
BROADWAY/NASSAU,MANHATTAN,2029-12-01,0.000203,0,very_low,baseline
BRONX PARK EAST,BRONX,2027-01-01,0.001286,0,very_low,baseline
BRONX PARK EAST,BRONX,2027-02-01,0.002064,0,very_low,baseline
BRONX PARK EAST,BRONX,2027-03-01,0.001649,0,very_low,baseline
BRONX PARK EAST,BRONX,2027-04-01,0.001613,0,very_low,baseline
BRONX PARK EAST,BRONX,2027-05-01,0.001956,0,very_low,baseline
BRONX PARK EAST,BRONX,2027-06-01,0.001775,0,very_low,baseline
BRONX PARK EAST,BRONX,2027-07-01,0.001857,0,very_low,baseline
BRONX PARK EAST,BRONX,2027-08-01,0.001932,0,very_low,baseline
BRONX PARK EAST,BRONX,2027-09-01,0.001937,0,very_low,baseline
BRONX PARK EAST,BRONX,2027-10-01,0.001325,0,very_low,baseline
BRONX PARK EAST,BRONX,2027-11-01,0.001284,0,very_low,baseline
BRONX PARK EAST,BRONX,2027-12-01,0.001284,0,very_low,baseline
BRONX PARK EAST,BRONX,2028-01-01,0.001594,0,very_low,baseline
BRONX PARK EAST,BRONX,2028-02-01,0.001652,0,very_low,baseline
BRONX PARK EAST,BRONX,2028-03-01,0.001645,0,very_low,baseline
BRONX PARK EAST,BRONX,2028-04-01,0.001645,0,very_low,baseline
BRONX PARK EAST,BRONX,2028-05-01,0.001692,0,very_low,baseline
BRONX PARK EAST,BRONX,2028-06-01,0.001775,0,very_low,baseline
BRONX PARK EAST,BRONX,2028-07-01,0.001857,0,very_low,baseline
BRONX PARK EAST,BRONX,2028-08-01,0.001932,0,very_low,baseline
BRONX PARK EAST,BRONX,2028-09-01,0.001937,0,very_low,baseline
BRONX PARK EAST,BRONX,2028-10-01,0.001325,0,very_low,baseline
BRONX PARK EAST,BRONX,2028-11-01,0.001284,0,very_low,baseline
BRONX PARK EAST,BRONX,2028-12-01,0.001284,0,very_low,baseline
BRONX PARK EAST,BRONX,2029-01-01,0.001594,0,very_low,baseline
BRONX PARK EAST,BRONX,2029-02-01,0.001652,0,very_low,baseline
BRONX PARK EAST,BRONX,2029-03-01,0.001645,0,very_low,baseline
BRONX PARK EAST,BRONX,2029-04-01,0.001645,0,very_low,baseline
BRONX PARK EAST,BRONX,2029-05-01,0.001692,0,very_low,baseline
BRONX PARK EAST,BRONX,2029-06-01,0.001775,0,very_low,baseline
BRONX PARK EAST,BRONX,2029-07-01,0.001857,0,very_low,baseline
BRONX PARK EAST,BRONX,2029-08-01,0.001932,0,very_low,baseline
BRONX PARK EAST,BRONX,2029-09-01,0.001937,0,very_low,baseline
BRONX PARK EAST,BRONX,2029-10-01,0.001325,0,very_low,baseline
BRONX PARK EAST,BRONX,2029-11-01,0.001284,0,very_low,baseline
BRONX PARK EAST,BRONX,2029-12-01,0.001284,0,very_low,baseline
BROOK AVENUE,BRONX,2027-01-01,0.022517,0,very_low,baseline
BROOK AVENUE,BRONX,2027-02-01,0.054941,0,very_low,baseline
BROOK AVENUE,BRONX,2027-03-01,0.043443,0,very_low,baseline
BROOK AVENUE,BRONX,2027-04-01,0.058751,0,very_low,baseline
BROOK AVENUE,BRONX,2027-05-01,0.062082,0,very_low,baseline
BROOK AVENUE,BRONX,2027-06-01,0.064937,0,very_low,baseline
BROOK AVENUE,BRONX,2027-07-01,0.064937,0,very_low,baseline
BROOK AVENUE,BRONX,2027-08-01,0.064937,0,very_low,baseline
BROOK AVENUE,BRONX,2027-09-01,0.064042,0,very_low,baseline
BROOK AVENUE,BRONX,2027-10-01,0.043982,0,very_low,baseline
BROOK AVENUE,BRONX,2027-11-01,0.041891,0,very_low,baseline
BROOK AVENUE,BRONX,2027-12-01,0.041891,0,very_low,baseline
BROOK AVENUE,BRONX,2028-01-01,0.057167,0,very_low,baseline
BROOK AVENUE,BRONX,2028-02-01,0.060225,0,very_low,baseline
BROOK AVENUE,BRONX,2028-03-01,0.060225,0,very_low,baseline
BROOK AVENUE,BRONX,2028-04-01,0.060085,0,very_low,baseline
BROOK AVENUE,BRONX,2028-05-01,0.062992,0,very_low,baseline
BROOK AVENUE,BRONX,2028-06-01,0.064937,0,very_low,baseline
BROOK AVENUE,BRONX,2028-07-01,0.064937,0,very_low,baseline
BROOK AVENUE,BRONX,2028-08-01,0.064937,0,very_low,baseline
BROOK AVENUE,BRONX,2028-09-01,0.064042,0,very_low,baseline
BROOK AVENUE,BRONX,2028-10-01,0.043982,0,very_low,baseline
BROOK AVENUE,BRONX,2028-11-01,0.041891,0,very_low,baseline
BROOK AVENUE,BRONX,2028-12-01,0.041891,0,very_low,baseline
BROOK AVENUE,BRONX,2029-01-01,0.057167,0,very_low,baseline
BROOK AVENUE,BRONX,2029-02-01,0.060225,0,very_low,baseline
BROOK AVENUE,BRONX,2029-03-01,0.060225,0,very_low,baseline
BROOK AVENUE,BRONX,2029-04-01,0.060085,0,very_low,baseline
BROOK AVENUE,BRONX,2029-05-01,0.062992,0,very_low,baseline
BROOK AVENUE,BRONX,2029-06-01,0.064937,0,very_low,baseline
BROOK AVENUE,BRONX,2029-07-01,0.064937,0,very_low,baseline
BROOK AVENUE,BRONX,2029-08-01,0.064937,0,very_low,baseline
BROOK AVENUE,BRONX,2029-09-01,0.064042,0,very_low,baseline
BROOK AVENUE,BRONX,2029-10-01,0.043982,0,very_low,baseline
BROOK AVENUE,BRONX,2029-11-01,0.041891,0,very_low,baseline
BROOK AVENUE,BRONX,2029-12-01,0.041891,0,very_low,baseline
BROOKLYN BRIDGE-CITY HALL,MANHATTAN,2027-01-01,0.000451,0,very_low,baseline
BROOKLYN BRIDGE-CITY HALL,MANHATTAN,2027-02-01,0.000459,0,very_low,baseline
BROOKLYN BRIDGE-CITY HALL,MANHATTAN,2027-03-01,0.000498,0,very_low,baseline
BROOKLYN BRIDGE-CITY HALL,MANHATTAN,2027-04-01,0.000498,0,very_low,baseline
BROOKLYN BRIDGE-CITY HALL,MANHATTAN,2027-05-01,0.000816,0,very_low,baseline
BROOKLYN BRIDGE-CITY HALL,MANHATTAN,2027-06-01,0.000482,0,very_low,baseline
BROOKLYN BRIDGE-CITY HALL,MANHATTAN,2027-07-01,0.000482,0,very_low,baseline
BROOKLYN BRIDGE-CITY HALL,MANHATTAN,2027-08-01,0.000482,0,very_low,baseline
BROOKLYN BRIDGE-CITY HALL,MANHATTAN,2027-09-01,0.00047,0,very_low,baseline
BROOKLYN BRIDGE-CITY HALL,MANHATTAN,2027-10-01,0.000319,0,very_low,baseline
BROOKLYN BRIDGE-CITY HALL,MANHATTAN,2027-11-01,0.000313,0,very_low,baseline
BROOKLYN BRIDGE-CITY HALL,MANHATTAN,2027-12-01,0.000306,0,very_low,baseline
BROOKLYN BRIDGE-CITY HALL,MANHATTAN,2028-01-01,0.000414,0,very_low,baseline
BROOKLYN BRIDGE-CITY HALL,MANHATTAN,2028-02-01,0.00045,0,very_low,baseline
BROOKLYN BRIDGE-CITY HALL,MANHATTAN,2028-03-01,0.000458,0,very_low,baseline
BROOKLYN BRIDGE-CITY HALL,MANHATTAN,2028-04-01,0.000458,0,very_low,baseline
BROOKLYN BRIDGE-CITY HALL,MANHATTAN,2028-05-01,0.00049,0,very_low,baseline
BROOKLYN BRIDGE-CITY HALL,MANHATTAN,2028-06-01,0.000482,0,very_low,baseline
BROOKLYN BRIDGE-CITY HALL,MANHATTAN,2028-07-01,0.000482,0,very_low,baseline
BROOKLYN BRIDGE-CITY HALL,MANHATTAN,2028-08-01,0.000482,0,very_low,baseline
BROOKLYN BRIDGE-CITY HALL,MANHATTAN,2028-09-01,0.00047,0,very_low,baseline
BROOKLYN BRIDGE-CITY HALL,MANHATTAN,2028-10-01,0.000319,0,very_low,baseline
BROOKLYN BRIDGE-CITY HALL,MANHATTAN,2028-11-01,0.000313,0,very_low,baseline
BROOKLYN BRIDGE-CITY HALL,MANHATTAN,2028-12-01,0.000306,0,very_low,baseline
BROOKLYN BRIDGE-CITY HALL,MANHATTAN,2029-01-01,0.000414,0,very_low,baseline
BROOKLYN BRIDGE-CITY HALL,MANHATTAN,2029-02-01,0.00045,0,very_low,baseline
BROOKLYN BRIDGE-CITY HALL,MANHATTAN,2029-03-01,0.000458,0,very_low,baseline
BROOKLYN BRIDGE-CITY HALL,MANHATTAN,2029-04-01,0.000458,0,very_low,baseline
BROOKLYN BRIDGE-CITY HALL,MANHATTAN,2029-05-01,0.00049,0,very_low,baseline
BROOKLYN BRIDGE-CITY HALL,MANHATTAN,2029-06-01,0.000482,0,very_low,baseline
BROOKLYN BRIDGE-CITY HALL,MANHATTAN,2029-07-01,0.000482,0,very_low,baseline
BROOKLYN BRIDGE-CITY HALL,MANHATTAN,2029-08-01,0.000482,0,very_low,baseline
BROOKLYN BRIDGE-CITY HALL,MANHATTAN,2029-09-01,0.00047,0,very_low,baseline
BROOKLYN BRIDGE-CITY HALL,MANHATTAN,2029-10-01,0.000319,0,very_low,baseline
BROOKLYN BRIDGE-CITY HALL,MANHATTAN,2029-11-01,0.000313,0,very_low,baseline
BROOKLYN BRIDGE-CITY HALL,MANHATTAN,2029-12-01,0.000306,0,very_low,baseline
BUHRE AVENUE,BRONX,2027-01-01,0.000131,0,very_low,baseline
BUHRE AVENUE,BRONX,2027-02-01,0.00013,0,very_low,baseline
BUHRE AVENUE,BRONX,2027-03-01,0.000127,0,very_low,baseline
BUHRE AVENUE,BRONX,2027-04-01,0.000127,0,very_low,baseline
BUHRE AVENUE,BRONX,2027-05-01,0.000132,0,very_low,baseline
BUHRE AVENUE,BRONX,2027-06-01,0.000129,0,very_low,baseline
BUHRE AVENUE,BRONX,2027-07-01,0.000129,0,very_low,baseline
BUHRE AVENUE,BRONX,2027-08-01,0.000129,0,very_low,baseline
BUHRE AVENUE,BRONX,2027-09-01,0.000132,0,very_low,baseline
BUHRE AVENUE,BRONX,2027-10-01,0.000111,0,very_low,baseline
BUHRE AVENUE,BRONX,2027-11-01,0.000104,0,very_low,baseline
BUHRE AVENUE,BRONX,2027-12-01,0.000107,0,very_low,baseline
BUHRE AVENUE,BRONX,2028-01-01,0.000131,0,very_low,baseline
BUHRE AVENUE,BRONX,2028-02-01,0.00013,0,very_low,baseline
BUHRE AVENUE,BRONX,2028-03-01,0.000127,0,very_low,baseline
BUHRE AVENUE,BRONX,2028-04-01,0.000127,0,very_low,baseline
BUHRE AVENUE,BRONX,2028-05-01,0.000132,0,very_low,baseline
BUHRE AVENUE,BRONX,2028-06-01,0.000129,0,very_low,baseline
BUHRE AVENUE,BRONX,2028-07-01,0.000129,0,very_low,baseline
BUHRE AVENUE,BRONX,2028-08-01,0.000129,0,very_low,baseline
BUHRE AVENUE,BRONX,2028-09-01,0.000132,0,very_low,baseline
BUHRE AVENUE,BRONX,2028-10-01,0.000111,0,very_low,baseline
BUHRE AVENUE,BRONX,2028-11-01,0.000104,0,very_low,baseline
BUHRE AVENUE,BRONX,2028-12-01,0.000107,0,very_low,baseline
BUHRE AVENUE,BRONX,2029-01-01,0.000131,0,very_low,baseline
BUHRE AVENUE,BRONX,2029-02-01,0.00013,0,very_low,baseline
BUHRE AVENUE,BRONX,2029-03-01,0.000127,0,very_low,baseline
BUHRE AVENUE,BRONX,2029-04-01,0.000127,0,very_low,baseline
BUHRE AVENUE,BRONX,2029-05-01,0.000132,0,very_low,baseline
BUHRE AVENUE,BRONX,2029-06-01,0.000129,0,very_low,baseline
BUHRE AVENUE,BRONX,2029-07-01,0.000129,0,very_low,baseline
BUHRE AVENUE,BRONX,2029-08-01,0.000129,0,very_low,baseline
BUHRE AVENUE,BRONX,2029-09-01,0.000132,0,very_low,baseline
BUHRE AVENUE,BRONX,2029-10-01,0.000111,0,very_low,baseline
BUHRE AVENUE,BRONX,2029-11-01,0.000104,0,very_low,baseline
BUHRE AVENUE,BRONX,2029-12-01,0.000107,0,very_low,baseline
BURKE AVENUE,BRONX,2027-01-01,0.000304,0,very_low,baseline
BURKE AVENUE,BRONX,2027-02-01,0.000323,0,very_low,baseline
BURKE AVENUE,BRONX,2027-03-01,0.000363,0,very_low,baseline
BURKE AVENUE,BRONX,2027-04-01,0.000422,0,very_low,baseline
BURKE AVENUE,BRONX,2027-05-01,0.000376,0,very_low,baseline
BURKE AVENUE,BRONX,2027-06-01,0.000349,0,very_low,baseline
BURKE AVENUE,BRONX,2027-07-01,0.000349,0,very_low,baseline
BURKE AVENUE,BRONX,2027-08-01,0.000349,0,very_low,baseline
BURKE AVENUE,BRONX,2027-09-01,0.000364,0,very_low,baseline
BURKE AVENUE,BRONX,2027-10-01,0.000278,0,very_low,baseline
BURKE AVENUE,BRONX,2027-11-01,0.000265,0,very_low,baseline
BURKE AVENUE,BRONX,2027-12-01,0.000261,0,very_low,baseline
BURKE AVENUE,BRONX,2028-01-01,0.000337,0,very_low,baseline
BURKE AVENUE,BRONX,2028-02-01,0.000337,0,very_low,baseline
BURKE AVENUE,BRONX,2028-03-01,0.000339,0,very_low,baseline
BURKE AVENUE,BRONX,2028-04-01,0.000339,0,very_low,baseline
BURKE AVENUE,BRONX,2028-05-01,0.000348,0,very_low,baseline
BURKE AVENUE,BRONX,2028-06-01,0.000349,0,very_low,baseline
BURKE AVENUE,BRONX,2028-07-01,0.000349,0,very_low,baseline
BURKE AVENUE,BRONX,2028-08-01,0.000349,0,very_low,baseline
BURKE AVENUE,BRONX,2028-09-01,0.000364,0,very_low,baseline
BURKE AVENUE,BRONX,2028-10-01,0.000278,0,very_low,baseline
BURKE AVENUE,BRONX,2028-11-01,0.000265,0,very_low,baseline
BURKE AVENUE,BRONX,2028-12-01,0.000261,0,very_low,baseline
BURKE AVENUE,BRONX,2029-01-01,0.000337,0,very_low,baseline
BURKE AVENUE,BRONX,2029-02-01,0.000337,0,very_low,baseline
BURKE AVENUE,BRONX,2029-03-01,0.000339,0,very_low,baseline
BURKE AVENUE,BRONX,2029-04-01,0.000339,0,very_low,baseline
BURKE AVENUE,BRONX,2029-05-01,0.000348,0,very_low,baseline
BURKE AVENUE,BRONX,2029-06-01,0.000349,0,very_low,baseline
BURKE AVENUE,BRONX,2029-07-01,0.000349,0,very_low,baseline
BURKE AVENUE,BRONX,2029-08-01,0.000349,0,very_low,baseline
BURKE AVENUE,BRONX,2029-09-01,0.000364,0,very_low,baseline
BURKE AVENUE,BRONX,2029-10-01,0.000278,0,very_low,baseline
BURKE AVENUE,BRONX,2029-11-01,0.000265,0,very_low,baseline
BURKE AVENUE,BRONX,2029-12-01,0.000261,0,very_low,baseline
BURNSIDE AVENUE,BRONX,2027-01-01,0.002907,0,very_low,baseline
BURNSIDE AVENUE,BRONX,2027-02-01,0.00875,0,very_low,baseline
BURNSIDE AVENUE,BRONX,2027-03-01,0.013497,0,very_low,baseline
BURNSIDE AVENUE,BRONX,2027-04-01,0.013413,0,very_low,baseline
BURNSIDE AVENUE,BRONX,2027-05-01,0.016105,0,very_low,baseline
BURNSIDE AVENUE,BRONX,2027-06-01,0.011263,0,very_low,baseline
BURNSIDE AVENUE,BRONX,2027-07-01,0.011478,0,very_low,baseline
BURNSIDE AVENUE,BRONX,2027-08-01,0.011478,0,very_low,baseline
BURNSIDE AVENUE,BRONX,2027-09-01,0.011639,0,very_low,baseline
BURNSIDE AVENUE,BRONX,2027-10-01,0.007328,0,very_low,baseline
BURNSIDE AVENUE,BRONX,2027-11-01,0.006937,0,very_low,baseline
BURNSIDE AVENUE,BRONX,2027-12-01,0.007029,0,very_low,baseline
BURNSIDE AVENUE,BRONX,2028-01-01,0.009547,0,very_low,baseline
BURNSIDE AVENUE,BRONX,2028-02-01,0.010708,0,very_low,baseline
BURNSIDE AVENUE,BRONX,2028-03-01,0.010041,0,very_low,baseline
BURNSIDE AVENUE,BRONX,2028-04-01,0.010421,0,very_low,baseline
BURNSIDE AVENUE,BRONX,2028-05-01,0.011005,0,very_low,baseline
BURNSIDE AVENUE,BRONX,2028-06-01,0.01117,0,very_low,baseline
BURNSIDE AVENUE,BRONX,2028-07-01,0.011478,0,very_low,baseline
BURNSIDE AVENUE,BRONX,2028-08-01,0.011478,0,very_low,baseline
BURNSIDE AVENUE,BRONX,2028-09-01,0.011639,0,very_low,baseline
BURNSIDE AVENUE,BRONX,2028-10-01,0.007328,0,very_low,baseline
BURNSIDE AVENUE,BRONX,2028-11-01,0.006937,0,very_low,baseline
BURNSIDE AVENUE,BRONX,2028-12-01,0.007029,0,very_low,baseline
BURNSIDE AVENUE,BRONX,2029-01-01,0.009547,0,very_low,baseline
BURNSIDE AVENUE,BRONX,2029-02-01,0.010708,0,very_low,baseline
BURNSIDE AVENUE,BRONX,2029-03-01,0.010041,0,very_low,baseline
BURNSIDE AVENUE,BRONX,2029-04-01,0.010421,0,very_low,baseline
BURNSIDE AVENUE,BRONX,2029-05-01,0.011005,0,very_low,baseline
BURNSIDE AVENUE,BRONX,2029-06-01,0.01117,0,very_low,baseline
BURNSIDE AVENUE,BRONX,2029-07-01,0.011478,0,very_low,baseline
BURNSIDE AVENUE,BRONX,2029-08-01,0.011478,0,very_low,baseline
BURNSIDE AVENUE,BRONX,2029-09-01,0.011639,0,very_low,baseline
BURNSIDE AVENUE,BRONX,2029-10-01,0.007328,0,very_low,baseline
BURNSIDE AVENUE,BRONX,2029-11-01,0.006937,0,very_low,baseline
BURNSIDE AVENUE,BRONX,2029-12-01,0.007029,0,very_low,baseline
BUSHWICK AVE.-ABERDEEN ST.,BROOKLYN,2027-01-01,0.000452,0,very_low,baseline
BUSHWICK AVE.-ABERDEEN ST.,BROOKLYN,2027-02-01,0.000471,0,very_low,baseline
BUSHWICK AVE.-ABERDEEN ST.,BROOKLYN,2027-03-01,0.000488,0,very_low,baseline
BUSHWICK AVE.-ABERDEEN ST.,BROOKLYN,2027-04-01,0.00064,0,very_low,baseline
BUSHWICK AVE.-ABERDEEN ST.,BROOKLYN,2027-05-01,0.00047,0,very_low,baseline
BUSHWICK AVE.-ABERDEEN ST.,BROOKLYN,2027-06-01,0.000501,0,very_low,baseline
BUSHWICK AVE.-ABERDEEN ST.,BROOKLYN,2027-07-01,0.000501,0,very_low,baseline
BUSHWICK AVE.-ABERDEEN ST.,BROOKLYN,2027-08-01,0.000501,0,very_low,baseline
BUSHWICK AVE.-ABERDEEN ST.,BROOKLYN,2027-09-01,0.000509,0,very_low,baseline
BUSHWICK AVE.-ABERDEEN ST.,BROOKLYN,2027-10-01,0.000333,0,very_low,baseline
BUSHWICK AVE.-ABERDEEN ST.,BROOKLYN,2027-11-01,0.000323,0,very_low,baseline
BUSHWICK AVE.-ABERDEEN ST.,BROOKLYN,2027-12-01,0.000318,0,very_low,baseline
BUSHWICK AVE.-ABERDEEN ST.,BROOKLYN,2028-01-01,0.000501,0,very_low,baseline
BUSHWICK AVE.-ABERDEEN ST.,BROOKLYN,2028-02-01,0.000501,0,very_low,baseline
BUSHWICK AVE.-ABERDEEN ST.,BROOKLYN,2028-03-01,0.000499,0,very_low,baseline
BUSHWICK AVE.-ABERDEEN ST.,BROOKLYN,2028-04-01,0.000499,0,very_low,baseline
BUSHWICK AVE.-ABERDEEN ST.,BROOKLYN,2028-05-01,0.000493,0,very_low,baseline
BUSHWICK AVE.-ABERDEEN ST.,BROOKLYN,2028-06-01,0.000501,0,very_low,baseline
BUSHWICK AVE.-ABERDEEN ST.,BROOKLYN,2028-07-01,0.000501,0,very_low,baseline
BUSHWICK AVE.-ABERDEEN ST.,BROOKLYN,2028-08-01,0.000501,0,very_low,baseline
BUSHWICK AVE.-ABERDEEN ST.,BROOKLYN,2028-09-01,0.000509,0,very_low,baseline
BUSHWICK AVE.-ABERDEEN ST.,BROOKLYN,2028-10-01,0.000333,0,very_low,baseline
BUSHWICK AVE.-ABERDEEN ST.,BROOKLYN,2028-11-01,0.000323,0,very_low,baseline
BUSHWICK AVE.-ABERDEEN ST.,BROOKLYN,2028-12-01,0.000318,0,very_low,baseline
BUSHWICK AVE.-ABERDEEN ST.,BROOKLYN,2029-01-01,0.000501,0,very_low,baseline
BUSHWICK AVE.-ABERDEEN ST.,BROOKLYN,2029-02-01,0.000501,0,very_low,baseline
BUSHWICK AVE.-ABERDEEN ST.,BROOKLYN,2029-03-01,0.000499,0,very_low,baseline
BUSHWICK AVE.-ABERDEEN ST.,BROOKLYN,2029-04-01,0.000499,0,very_low,baseline
BUSHWICK AVE.-ABERDEEN ST.,BROOKLYN,2029-05-01,0.000493,0,very_low,baseline
BUSHWICK AVE.-ABERDEEN ST.,BROOKLYN,2029-06-01,0.000501,0,very_low,baseline
BUSHWICK AVE.-ABERDEEN ST.,BROOKLYN,2029-07-01,0.000501,0,very_low,baseline
BUSHWICK AVE.-ABERDEEN ST.,BROOKLYN,2029-08-01,0.000501,0,very_low,baseline
BUSHWICK AVE.-ABERDEEN ST.,BROOKLYN,2029-09-01,0.000509,0,very_low,baseline
BUSHWICK AVE.-ABERDEEN ST.,BROOKLYN,2029-10-01,0.000333,0,very_low,baseline
BUSHWICK AVE.-ABERDEEN ST.,BROOKLYN,2029-11-01,0.000323,0,very_low,baseline
BUSHWICK AVE.-ABERDEEN ST.,BROOKLYN,2029-12-01,0.000318,0,very_low,baseline
CANAL STREET,MANHATTAN,2027-01-01,0.000561,0,very_low,baseline
CANAL STREET,MANHATTAN,2027-02-01,0.002117,0,very_low,baseline
CANAL STREET,MANHATTAN,2027-03-01,0.00217,0,very_low,baseline
CANAL STREET,MANHATTAN,2027-04-01,0.002199,0,very_low,baseline
CANAL STREET,MANHATTAN,2027-05-01,0.001637,0,very_low,baseline
CANAL STREET,MANHATTAN,2027-06-01,0.001693,0,very_low,baseline
CANAL STREET,MANHATTAN,2027-07-01,0.001693,0,very_low,baseline
CANAL STREET,MANHATTAN,2027-08-01,0.001693,0,very_low,baseline
CANAL STREET,MANHATTAN,2027-09-01,0.001794,0,very_low,baseline
CANAL STREET,MANHATTAN,2027-10-01,0.001351,0,very_low,baseline
CANAL STREET,MANHATTAN,2027-11-01,0.001432,0,very_low,baseline
CANAL STREET,MANHATTAN,2027-12-01,0.001397,0,very_low,baseline
CANAL STREET,MANHATTAN,2028-01-01,0.001554,0,very_low,baseline
CANAL STREET,MANHATTAN,2028-02-01,0.001723,0,very_low,baseline
CANAL STREET,MANHATTAN,2028-03-01,0.001723,0,very_low,baseline
CANAL STREET,MANHATTAN,2028-04-01,0.001723,0,very_low,baseline
CANAL STREET,MANHATTAN,2028-05-01,0.001751,0,very_low,baseline
CANAL STREET,MANHATTAN,2028-06-01,0.001693,0,very_low,baseline
CANAL STREET,MANHATTAN,2028-07-01,0.001693,0,very_low,baseline
CANAL STREET,MANHATTAN,2028-08-01,0.001693,0,very_low,baseline
CANAL STREET,MANHATTAN,2028-09-01,0.001794,0,very_low,baseline
CANAL STREET,MANHATTAN,2028-10-01,0.001351,0,very_low,baseline
CANAL STREET,MANHATTAN,2028-11-01,0.001432,0,very_low,baseline
CANAL STREET,MANHATTAN,2028-12-01,0.001397,0,very_low,baseline
CANAL STREET,MANHATTAN,2029-01-01,0.001554,0,very_low,baseline
CANAL STREET,MANHATTAN,2029-02-01,0.001723,0,very_low,baseline
CANAL STREET,MANHATTAN,2029-03-01,0.001723,0,very_low,baseline
CANAL STREET,MANHATTAN,2029-04-01,0.001723,0,very_low,baseline
CANAL STREET,MANHATTAN,2029-05-01,0.001751,0,very_low,baseline
CANAL STREET,MANHATTAN,2029-06-01,0.001693,0,very_low,baseline
CANAL STREET,MANHATTAN,2029-07-01,0.001693,0,very_low,baseline
CANAL STREET,MANHATTAN,2029-08-01,0.001693,0,very_low,baseline
CANAL STREET,MANHATTAN,2029-09-01,0.001794,0,very_low,baseline
CANAL STREET,MANHATTAN,2029-10-01,0.001351,0,very_low,baseline
CANAL STREET,MANHATTAN,2029-11-01,0.001432,0,very_low,baseline
CANAL STREET,MANHATTAN,2029-12-01,0.001397,0,very_low,baseline
CARROLL STREET,BROOKLYN,2027-01-01,0.000149,0,very_low,baseline
CARROLL STREET,BROOKLYN,2027-02-01,0.000162,0,very_low,baseline
CARROLL STREET,BROOKLYN,2027-03-01,0.000155,0,very_low,baseline
CARROLL STREET,BROOKLYN,2027-04-01,0.000152,0,very_low,baseline
CARROLL STREET,BROOKLYN,2027-05-01,0.000104,0,very_low,baseline
CARROLL STREET,BROOKLYN,2027-06-01,0.000104,0,very_low,baseline
CARROLL STREET,BROOKLYN,2027-07-01,0.000104,0,very_low,baseline
CARROLL STREET,BROOKLYN,2027-08-01,0.000104,0,very_low,baseline
CARROLL STREET,BROOKLYN,2027-09-01,0.000106,0,very_low,baseline
CARROLL STREET,BROOKLYN,2027-10-01,7.6e-05,0,very_low,baseline
CARROLL STREET,BROOKLYN,2027-11-01,7.2e-05,0,very_low,baseline
CARROLL STREET,BROOKLYN,2027-12-01,7.3e-05,0,very_low,baseline
CARROLL STREET,BROOKLYN,2028-01-01,0.000102,0,very_low,baseline
CARROLL STREET,BROOKLYN,2028-02-01,0.000101,0,very_low,baseline
CARROLL STREET,BROOKLYN,2028-03-01,0.000102,0,very_low,baseline
CARROLL STREET,BROOKLYN,2028-04-01,0.000102,0,very_low,baseline
CARROLL STREET,BROOKLYN,2028-05-01,0.000106,0,very_low,baseline
CARROLL STREET,BROOKLYN,2028-06-01,0.000104,0,very_low,baseline
CARROLL STREET,BROOKLYN,2028-07-01,0.000104,0,very_low,baseline
CARROLL STREET,BROOKLYN,2028-08-01,0.000104,0,very_low,baseline
CARROLL STREET,BROOKLYN,2028-09-01,0.000106,0,very_low,baseline
CARROLL STREET,BROOKLYN,2028-10-01,7.6e-05,0,very_low,baseline
CARROLL STREET,BROOKLYN,2028-11-01,7.2e-05,0,very_low,baseline
CARROLL STREET,BROOKLYN,2028-12-01,7.3e-05,0,very_low,baseline
CARROLL STREET,BROOKLYN,2029-01-01,0.000102,0,very_low,baseline
CARROLL STREET,BROOKLYN,2029-02-01,0.000101,0,very_low,baseline
CARROLL STREET,BROOKLYN,2029-03-01,0.000102,0,very_low,baseline
CARROLL STREET,BROOKLYN,2029-04-01,0.000102,0,very_low,baseline
CARROLL STREET,BROOKLYN,2029-05-01,0.000106,0,very_low,baseline
CARROLL STREET,BROOKLYN,2029-06-01,0.000104,0,very_low,baseline
CARROLL STREET,BROOKLYN,2029-07-01,0.000104,0,very_low,baseline
CARROLL STREET,BROOKLYN,2029-08-01,0.000104,0,very_low,baseline
CARROLL STREET,BROOKLYN,2029-09-01,0.000106,0,very_low,baseline
CARROLL STREET,BROOKLYN,2029-10-01,7.6e-05,0,very_low,baseline
CARROLL STREET,BROOKLYN,2029-11-01,7.2e-05,0,very_low,baseline
CARROLL STREET,BROOKLYN,2029-12-01,7.3e-05,0,very_low,baseline
CASTLE HILL AVENUE,BRONX,2027-01-01,0.0001,0,very_low,baseline
CASTLE HILL AVENUE,BRONX,2027-02-01,9.5e-05,0,very_low,baseline
CASTLE HILL AVENUE,BRONX,2027-03-01,9.2e-05,0,very_low,baseline
CASTLE HILL AVENUE,BRONX,2027-04-01,9.9e-05,0,very_low,baseline
CASTLE HILL AVENUE,BRONX,2027-05-01,0.000106,0,very_low,baseline
CASTLE HILL AVENUE,BRONX,2027-06-01,0.000117,0,very_low,baseline
CASTLE HILL AVENUE,BRONX,2027-07-01,0.000117,0,very_low,baseline
CASTLE HILL AVENUE,BRONX,2027-08-01,0.000117,0,very_low,baseline
CASTLE HILL AVENUE,BRONX,2027-09-01,0.00012,0,very_low,baseline
CASTLE HILL AVENUE,BRONX,2027-10-01,0.000104,0,very_low,baseline
CASTLE HILL AVENUE,BRONX,2027-11-01,9.7e-05,0,very_low,baseline
CASTLE HILL AVENUE,BRONX,2027-12-01,0.0001,0,very_low,baseline
CASTLE HILL AVENUE,BRONX,2028-01-01,0.000118,0,very_low,baseline
CASTLE HILL AVENUE,BRONX,2028-02-01,0.000117,0,very_low,baseline
CASTLE HILL AVENUE,BRONX,2028-03-01,0.000115,0,very_low,baseline
CASTLE HILL AVENUE,BRONX,2028-04-01,0.000115,0,very_low,baseline
CASTLE HILL AVENUE,BRONX,2028-05-01,0.000119,0,very_low,baseline
CASTLE HILL AVENUE,BRONX,2028-06-01,0.000117,0,very_low,baseline
CASTLE HILL AVENUE,BRONX,2028-07-01,0.000117,0,very_low,baseline
CASTLE HILL AVENUE,BRONX,2028-08-01,0.000117,0,very_low,baseline
CASTLE HILL AVENUE,BRONX,2028-09-01,0.00012,0,very_low,baseline
CASTLE HILL AVENUE,BRONX,2028-10-01,0.000104,0,very_low,baseline
CASTLE HILL AVENUE,BRONX,2028-11-01,9.7e-05,0,very_low,baseline
CASTLE HILL AVENUE,BRONX,2028-12-01,0.0001,0,very_low,baseline
CASTLE HILL AVENUE,BRONX,2029-01-01,0.000118,0,very_low,baseline
CASTLE HILL AVENUE,BRONX,2029-02-01,0.000117,0,very_low,baseline
CASTLE HILL AVENUE,BRONX,2029-03-01,0.000115,0,very_low,baseline
CASTLE HILL AVENUE,BRONX,2029-04-01,0.000115,0,very_low,baseline
CASTLE HILL AVENUE,BRONX,2029-05-01,0.000119,0,very_low,baseline
CASTLE HILL AVENUE,BRONX,2029-06-01,0.000117,0,very_low,baseline
CASTLE HILL AVENUE,BRONX,2029-07-01,0.000117,0,very_low,baseline
CASTLE HILL AVENUE,BRONX,2029-08-01,0.000117,0,very_low,baseline
CASTLE HILL AVENUE,BRONX,2029-09-01,0.00012,0,very_low,baseline
CASTLE HILL AVENUE,BRONX,2029-10-01,0.000104,0,very_low,baseline
CASTLE HILL AVENUE,BRONX,2029-11-01,9.7e-05,0,very_low,baseline
CASTLE HILL AVENUE,BRONX,2029-12-01,0.0001,0,very_low,baseline
CENTRAL AVENUE,BROOKLYN,2027-01-01,0.000163,0,very_low,baseline
CENTRAL AVENUE,BROOKLYN,2027-02-01,0.00011,0,very_low,baseline
CENTRAL AVENUE,BROOKLYN,2027-03-01,0.000113,0,very_low,baseline
CENTRAL AVENUE,BROOKLYN,2027-04-01,0.000118,0,very_low,baseline
CENTRAL AVENUE,BROOKLYN,2027-05-01,0.000124,0,very_low,baseline
CENTRAL AVENUE,BROOKLYN,2027-06-01,0.000125,0,very_low,baseline
CENTRAL AVENUE,BROOKLYN,2027-07-01,0.000125,0,very_low,baseline
CENTRAL AVENUE,BROOKLYN,2027-08-01,0.000125,0,very_low,baseline
CENTRAL AVENUE,BROOKLYN,2027-09-01,0.000122,0,very_low,baseline
CENTRAL AVENUE,BROOKLYN,2027-10-01,9.9e-05,0,very_low,baseline
CENTRAL AVENUE,BROOKLYN,2027-11-01,9.3e-05,0,very_low,baseline
CENTRAL AVENUE,BROOKLYN,2027-12-01,9.6e-05,0,very_low,baseline
CENTRAL AVENUE,BROOKLYN,2028-01-01,0.000122,0,very_low,baseline
CENTRAL AVENUE,BROOKLYN,2028-02-01,0.000121,0,very_low,baseline
CENTRAL AVENUE,BROOKLYN,2028-03-01,0.000119,0,very_low,baseline
CENTRAL AVENUE,BROOKLYN,2028-04-01,0.000119,0,very_low,baseline
CENTRAL AVENUE,BROOKLYN,2028-05-01,0.000124,0,very_low,baseline
CENTRAL AVENUE,BROOKLYN,2028-06-01,0.000125,0,very_low,baseline
CENTRAL AVENUE,BROOKLYN,2028-07-01,0.000125,0,very_low,baseline
CENTRAL AVENUE,BROOKLYN,2028-08-01,0.000125,0,very_low,baseline
CENTRAL AVENUE,BROOKLYN,2028-09-01,0.000122,0,very_low,baseline
CENTRAL AVENUE,BROOKLYN,2028-10-01,9.9e-05,0,very_low,baseline
CENTRAL AVENUE,BROOKLYN,2028-11-01,9.3e-05,0,very_low,baseline
CENTRAL AVENUE,BROOKLYN,2028-12-01,9.6e-05,0,very_low,baseline
CENTRAL AVENUE,BROOKLYN,2029-01-01,0.000122,0,very_low,baseline
CENTRAL AVENUE,BROOKLYN,2029-02-01,0.000121,0,very_low,baseline
CENTRAL AVENUE,BROOKLYN,2029-03-01,0.000119,0,very_low,baseline
CENTRAL AVENUE,BROOKLYN,2029-04-01,0.000119,0,very_low,baseline
CENTRAL AVENUE,BROOKLYN,2029-05-01,0.000124,0,very_low,baseline
CENTRAL AVENUE,BROOKLYN,2029-06-01,0.000125,0,very_low,baseline
CENTRAL AVENUE,BROOKLYN,2029-07-01,0.000125,0,very_low,baseline
CENTRAL AVENUE,BROOKLYN,2029-08-01,0.000125,0,very_low,baseline
CENTRAL AVENUE,BROOKLYN,2029-09-01,0.000122,0,very_low,baseline
CENTRAL AVENUE,BROOKLYN,2029-10-01,9.9e-05,0,very_low,baseline
CENTRAL AVENUE,BROOKLYN,2029-11-01,9.3e-05,0,very_low,baseline
CENTRAL AVENUE,BROOKLYN,2029-12-01,9.6e-05,0,very_low,baseline
CHAMBERS ST.-WORLD TRADE CENTE,MANHATTAN,2027-01-01,0.000166,0,very_low,baseline
CHAMBERS ST.-WORLD TRADE CENTE,MANHATTAN,2027-02-01,0.000178,0,very_low,baseline
CHAMBERS ST.-WORLD TRADE CENTE,MANHATTAN,2027-03-01,0.000173,0,very_low,baseline
CHAMBERS ST.-WORLD TRADE CENTE,MANHATTAN,2027-04-01,0.000183,0,very_low,baseline
CHAMBERS ST.-WORLD TRADE CENTE,MANHATTAN,2027-05-01,0.000173,0,very_low,baseline
CHAMBERS ST.-WORLD TRADE CENTE,MANHATTAN,2027-06-01,0.000177,0,very_low,baseline
CHAMBERS ST.-WORLD TRADE CENTE,MANHATTAN,2027-07-01,0.000171,0,very_low,baseline
CHAMBERS ST.-WORLD TRADE CENTE,MANHATTAN,2027-08-01,0.000171,0,very_low,baseline
CHAMBERS ST.-WORLD TRADE CENTE,MANHATTAN,2027-09-01,0.000174,0,very_low,baseline
CHAMBERS ST.-WORLD TRADE CENTE,MANHATTAN,2027-10-01,0.000127,0,very_low,baseline
CHAMBERS ST.-WORLD TRADE CENTE,MANHATTAN,2027-11-01,0.000122,0,very_low,baseline
CHAMBERS ST.-WORLD TRADE CENTE,MANHATTAN,2027-12-01,0.00012,0,very_low,baseline
CHAMBERS ST.-WORLD TRADE CENTE,MANHATTAN,2028-01-01,0.000154,0,very_low,baseline
CHAMBERS ST.-WORLD TRADE CENTE,MANHATTAN,2028-02-01,0.000165,0,very_low,baseline
CHAMBERS ST.-WORLD TRADE CENTE,MANHATTAN,2028-03-01,0.00016,0,very_low,baseline
CHAMBERS ST.-WORLD TRADE CENTE,MANHATTAN,2028-04-01,0.000162,0,very_low,baseline
CHAMBERS ST.-WORLD TRADE CENTE,MANHATTAN,2028-05-01,0.000173,0,very_low,baseline
CHAMBERS ST.-WORLD TRADE CENTE,MANHATTAN,2028-06-01,0.000177,0,very_low,baseline
CHAMBERS ST.-WORLD TRADE CENTE,MANHATTAN,2028-07-01,0.000171,0,very_low,baseline
CHAMBERS ST.-WORLD TRADE CENTE,MANHATTAN,2028-08-01,0.000171,0,very_low,baseline
CHAMBERS ST.-WORLD TRADE CENTE,MANHATTAN,2028-09-01,0.000174,0,very_low,baseline
CHAMBERS ST.-WORLD TRADE CENTE,MANHATTAN,2028-10-01,0.000127,0,very_low,baseline
CHAMBERS ST.-WORLD TRADE CENTE,MANHATTAN,2028-11-01,0.000122,0,very_low,baseline
CHAMBERS ST.-WORLD TRADE CENTE,MANHATTAN,2028-12-01,0.00012,0,very_low,baseline
CHAMBERS ST.-WORLD TRADE CENTE,MANHATTAN,2029-01-01,0.000154,0,very_low,baseline
CHAMBERS ST.-WORLD TRADE CENTE,MANHATTAN,2029-02-01,0.000165,0,very_low,baseline
CHAMBERS ST.-WORLD TRADE CENTE,MANHATTAN,2029-03-01,0.00016,0,very_low,baseline
CHAMBERS ST.-WORLD TRADE CENTE,MANHATTAN,2029-04-01,0.000162,0,very_low,baseline
CHAMBERS ST.-WORLD TRADE CENTE,MANHATTAN,2029-05-01,0.000173,0,very_low,baseline
CHAMBERS ST.-WORLD TRADE CENTE,MANHATTAN,2029-06-01,0.000177,0,very_low,baseline
CHAMBERS ST.-WORLD TRADE CENTE,MANHATTAN,2029-07-01,0.000171,0,very_low,baseline
CHAMBERS ST.-WORLD TRADE CENTE,MANHATTAN,2029-08-01,0.000171,0,very_low,baseline
CHAMBERS ST.-WORLD TRADE CENTE,MANHATTAN,2029-09-01,0.000174,0,very_low,baseline
CHAMBERS ST.-WORLD TRADE CENTE,MANHATTAN,2029-10-01,0.000127,0,very_low,baseline
CHAMBERS ST.-WORLD TRADE CENTE,MANHATTAN,2029-11-01,0.000122,0,very_low,baseline
CHAMBERS ST.-WORLD TRADE CENTE,MANHATTAN,2029-12-01,0.00012,0,very_low,baseline
CHAMBERS STREET,MANHATTAN,2027-01-01,9.7e-05,0,very_low,baseline
CHAMBERS STREET,MANHATTAN,2027-02-01,9.2e-05,0,very_low,baseline
CHAMBERS STREET,MANHATTAN,2027-03-01,8.8e-05,0,very_low,baseline
CHAMBERS STREET,MANHATTAN,2027-04-01,7.8e-05,0,very_low,baseline
CHAMBERS STREET,MANHATTAN,2027-05-01,8.5e-05,0,very_low,baseline
CHAMBERS STREET,MANHATTAN,2027-06-01,0.000113,0,very_low,baseline
CHAMBERS STREET,MANHATTAN,2027-07-01,0.00011,0,very_low,baseline
CHAMBERS STREET,MANHATTAN,2027-08-01,0.00011,0,very_low,baseline
CHAMBERS STREET,MANHATTAN,2027-09-01,0.000109,0,very_low,baseline
CHAMBERS STREET,MANHATTAN,2027-10-01,9.8e-05,0,very_low,baseline
CHAMBERS STREET,MANHATTAN,2027-11-01,9.2e-05,0,very_low,baseline
CHAMBERS STREET,MANHATTAN,2027-12-01,9.2e-05,0,very_low,baseline
CHAMBERS STREET,MANHATTAN,2028-01-01,0.000105,0,very_low,baseline
CHAMBERS STREET,MANHATTAN,2028-02-01,0.000112,0,very_low,baseline
CHAMBERS STREET,MANHATTAN,2028-03-01,0.000113,0,very_low,baseline
CHAMBERS STREET,MANHATTAN,2028-04-01,0.00011,0,very_low,baseline
CHAMBERS STREET,MANHATTAN,2028-05-01,0.000114,0,very_low,baseline
CHAMBERS STREET,MANHATTAN,2028-06-01,0.000113,0,very_low,baseline
CHAMBERS STREET,MANHATTAN,2028-07-01,0.00011,0,very_low,baseline
CHAMBERS STREET,MANHATTAN,2028-08-01,0.00011,0,very_low,baseline
CHAMBERS STREET,MANHATTAN,2028-09-01,0.000109,0,very_low,baseline
CHAMBERS STREET,MANHATTAN,2028-10-01,9.8e-05,0,very_low,baseline
CHAMBERS STREET,MANHATTAN,2028-11-01,9.2e-05,0,very_low,baseline
CHAMBERS STREET,MANHATTAN,2028-12-01,9.2e-05,0,very_low,baseline
CHAMBERS STREET,MANHATTAN,2029-01-01,0.000105,0,very_low,baseline
CHAMBERS STREET,MANHATTAN,2029-02-01,0.000112,0,very_low,baseline
CHAMBERS STREET,MANHATTAN,2029-03-01,0.000113,0,very_low,baseline
CHAMBERS STREET,MANHATTAN,2029-04-01,0.00011,0,very_low,baseline
CHAMBERS STREET,MANHATTAN,2029-05-01,0.000114,0,very_low,baseline
CHAMBERS STREET,MANHATTAN,2029-06-01,0.000113,0,very_low,baseline
CHAMBERS STREET,MANHATTAN,2029-07-01,0.00011,0,very_low,baseline
CHAMBERS STREET,MANHATTAN,2029-08-01,0.00011,0,very_low,baseline
CHAMBERS STREET,MANHATTAN,2029-09-01,0.000109,0,very_low,baseline
CHAMBERS STREET,MANHATTAN,2029-10-01,9.8e-05,0,very_low,baseline
CHAMBERS STREET,MANHATTAN,2029-11-01,9.2e-05,0,very_low,baseline
CHAMBERS STREET,MANHATTAN,2029-12-01,9.2e-05,0,very_low,baseline
CHAUNCEY STREET,BROOKLYN,2027-01-01,0.000183,0,very_low,baseline
CHAUNCEY STREET,BROOKLYN,2027-02-01,0.000151,0,very_low,baseline
CHAUNCEY STREET,BROOKLYN,2027-03-01,0.000132,0,very_low,baseline
CHAUNCEY STREET,BROOKLYN,2027-04-01,0.000147,0,very_low,baseline
CHAUNCEY STREET,BROOKLYN,2027-05-01,0.000154,0,very_low,baseline
CHAUNCEY STREET,BROOKLYN,2027-06-01,0.000154,0,very_low,baseline
CHAUNCEY STREET,BROOKLYN,2027-07-01,0.000154,0,very_low,baseline
CHAUNCEY STREET,BROOKLYN,2027-08-01,0.000154,0,very_low,baseline
CHAUNCEY STREET,BROOKLYN,2027-09-01,0.000161,0,very_low,baseline
CHAUNCEY STREET,BROOKLYN,2027-10-01,0.000134,0,very_low,baseline
CHAUNCEY STREET,BROOKLYN,2027-11-01,0.000126,0,very_low,baseline
CHAUNCEY STREET,BROOKLYN,2027-12-01,0.00013,0,very_low,baseline
CHAUNCEY STREET,BROOKLYN,2028-01-01,0.000151,0,very_low,baseline
CHAUNCEY STREET,BROOKLYN,2028-02-01,0.000151,0,very_low,baseline
CHAUNCEY STREET,BROOKLYN,2028-03-01,0.000148,0,very_low,baseline
CHAUNCEY STREET,BROOKLYN,2028-04-01,0.000148,0,very_low,baseline
CHAUNCEY STREET,BROOKLYN,2028-05-01,0.000154,0,very_low,baseline
CHAUNCEY STREET,BROOKLYN,2028-06-01,0.000154,0,very_low,baseline
CHAUNCEY STREET,BROOKLYN,2028-07-01,0.000154,0,very_low,baseline
CHAUNCEY STREET,BROOKLYN,2028-08-01,0.000154,0,very_low,baseline
CHAUNCEY STREET,BROOKLYN,2028-09-01,0.000161,0,very_low,baseline
CHAUNCEY STREET,BROOKLYN,2028-10-01,0.000134,0,very_low,baseline
CHAUNCEY STREET,BROOKLYN,2028-11-01,0.000126,0,very_low,baseline
CHAUNCEY STREET,BROOKLYN,2028-12-01,0.00013,0,very_low,baseline
CHAUNCEY STREET,BROOKLYN,2029-01-01,0.000151,0,very_low,baseline
CHAUNCEY STREET,BROOKLYN,2029-02-01,0.000151,0,very_low,baseline
CHAUNCEY STREET,BROOKLYN,2029-03-01,0.000148,0,very_low,baseline
CHAUNCEY STREET,BROOKLYN,2029-04-01,0.000148,0,very_low,baseline
CHAUNCEY STREET,BROOKLYN,2029-05-01,0.000154,0,very_low,baseline
CHAUNCEY STREET,BROOKLYN,2029-06-01,0.000154,0,very_low,baseline
CHAUNCEY STREET,BROOKLYN,2029-07-01,0.000154,0,very_low,baseline
CHAUNCEY STREET,BROOKLYN,2029-08-01,0.000154,0,very_low,baseline
CHAUNCEY STREET,BROOKLYN,2029-09-01,0.000161,0,very_low,baseline
CHAUNCEY STREET,BROOKLYN,2029-10-01,0.000134,0,very_low,baseline
CHAUNCEY STREET,BROOKLYN,2029-11-01,0.000126,0,very_low,baseline
CHAUNCEY STREET,BROOKLYN,2029-12-01,0.00013,0,very_low,baseline
CHRISTOPHER ST.-SHERIDAN SQ.,MANHATTAN,2027-01-01,0.000373,0,very_low,baseline
CHRISTOPHER ST.-SHERIDAN SQ.,MANHATTAN,2027-02-01,0.000463,0,very_low,baseline
CHRISTOPHER ST.-SHERIDAN SQ.,MANHATTAN,2027-03-01,0.000366,0,very_low,baseline
CHRISTOPHER ST.-SHERIDAN SQ.,MANHATTAN,2027-04-01,0.000376,0,very_low,baseline
CHRISTOPHER ST.-SHERIDAN SQ.,MANHATTAN,2027-05-01,0.000397,0,very_low,baseline
CHRISTOPHER ST.-SHERIDAN SQ.,MANHATTAN,2027-06-01,0.000415,0,very_low,baseline
CHRISTOPHER ST.-SHERIDAN SQ.,MANHATTAN,2027-07-01,0.000415,0,very_low,baseline
CHRISTOPHER ST.-SHERIDAN SQ.,MANHATTAN,2027-08-01,0.000415,0,very_low,baseline
CHRISTOPHER ST.-SHERIDAN SQ.,MANHATTAN,2027-09-01,0.000423,0,very_low,baseline
CHRISTOPHER ST.-SHERIDAN SQ.,MANHATTAN,2027-10-01,0.000326,0,very_low,baseline
CHRISTOPHER ST.-SHERIDAN SQ.,MANHATTAN,2027-11-01,0.000338,0,very_low,baseline
CHRISTOPHER ST.-SHERIDAN SQ.,MANHATTAN,2027-12-01,0.000352,0,very_low,baseline
CHRISTOPHER ST.-SHERIDAN SQ.,MANHATTAN,2028-01-01,0.000381,0,very_low,baseline
CHRISTOPHER ST.-SHERIDAN SQ.,MANHATTAN,2028-02-01,0.000387,0,very_low,baseline
CHRISTOPHER ST.-SHERIDAN SQ.,MANHATTAN,2028-03-01,0.000376,0,very_low,baseline
CHRISTOPHER ST.-SHERIDAN SQ.,MANHATTAN,2028-04-01,0.000376,0,very_low,baseline
CHRISTOPHER ST.-SHERIDAN SQ.,MANHATTAN,2028-05-01,0.000403,0,very_low,baseline
CHRISTOPHER ST.-SHERIDAN SQ.,MANHATTAN,2028-06-01,0.000415,0,very_low,baseline
CHRISTOPHER ST.-SHERIDAN SQ.,MANHATTAN,2028-07-01,0.000415,0,very_low,baseline
CHRISTOPHER ST.-SHERIDAN SQ.,MANHATTAN,2028-08-01,0.000415,0,very_low,baseline
CHRISTOPHER ST.-SHERIDAN SQ.,MANHATTAN,2028-09-01,0.000423,0,very_low,baseline
CHRISTOPHER ST.-SHERIDAN SQ.,MANHATTAN,2028-10-01,0.000326,0,very_low,baseline
CHRISTOPHER ST.-SHERIDAN SQ.,MANHATTAN,2028-11-01,0.000338,0,very_low,baseline
CHRISTOPHER ST.-SHERIDAN SQ.,MANHATTAN,2028-12-01,0.000352,0,very_low,baseline
CHRISTOPHER ST.-SHERIDAN SQ.,MANHATTAN,2029-01-01,0.000381,0,very_low,baseline
CHRISTOPHER ST.-SHERIDAN SQ.,MANHATTAN,2029-02-01,0.000387,0,very_low,baseline
CHRISTOPHER ST.-SHERIDAN SQ.,MANHATTAN,2029-03-01,0.000376,0,very_low,baseline
CHRISTOPHER ST.-SHERIDAN SQ.,MANHATTAN,2029-04-01,0.000376,0,very_low,baseline
CHRISTOPHER ST.-SHERIDAN SQ.,MANHATTAN,2029-05-01,0.000403,0,very_low,baseline
CHRISTOPHER ST.-SHERIDAN SQ.,MANHATTAN,2029-06-01,0.000415,0,very_low,baseline
CHRISTOPHER ST.-SHERIDAN SQ.,MANHATTAN,2029-07-01,0.000415,0,very_low,baseline
CHRISTOPHER ST.-SHERIDAN SQ.,MANHATTAN,2029-08-01,0.000415,0,very_low,baseline
CHRISTOPHER ST.-SHERIDAN SQ.,MANHATTAN,2029-09-01,0.000423,0,very_low,baseline
CHRISTOPHER ST.-SHERIDAN SQ.,MANHATTAN,2029-10-01,0.000326,0,very_low,baseline
CHRISTOPHER ST.-SHERIDAN SQ.,MANHATTAN,2029-11-01,0.000338,0,very_low,baseline
CHRISTOPHER ST.-SHERIDAN SQ.,MANHATTAN,2029-12-01,0.000352,0,very_low,baseline
CHURCH AVENUE,BROOKLYN,2027-01-01,0.005626,0,very_low,baseline
CHURCH AVENUE,BROOKLYN,2027-02-01,0.004305,0,very_low,baseline
CHURCH AVENUE,BROOKLYN,2027-03-01,0.006761,0,very_low,baseline
CHURCH AVENUE,BROOKLYN,2027-04-01,0.004854,0,very_low,baseline
CHURCH AVENUE,BROOKLYN,2027-05-01,0.004519,0,very_low,baseline
CHURCH AVENUE,BROOKLYN,2027-06-01,0.007985,0,very_low,baseline
CHURCH AVENUE,BROOKLYN,2027-07-01,0.007985,0,very_low,baseline
CHURCH AVENUE,BROOKLYN,2027-08-01,0.007985,0,very_low,baseline
CHURCH AVENUE,BROOKLYN,2027-09-01,0.007373,0,very_low,baseline
CHURCH AVENUE,BROOKLYN,2027-10-01,0.00449,0,very_low,baseline
CHURCH AVENUE,BROOKLYN,2027-11-01,0.00454,0,very_low,baseline
CHURCH AVENUE,BROOKLYN,2027-12-01,0.004557,0,very_low,baseline
CHURCH AVENUE,BROOKLYN,2028-01-01,0.008038,0,very_low,baseline
CHURCH AVENUE,BROOKLYN,2028-02-01,0.008618,0,very_low,baseline
CHURCH AVENUE,BROOKLYN,2028-03-01,0.008351,0,very_low,baseline
CHURCH AVENUE,BROOKLYN,2028-04-01,0.008351,0,very_low,baseline
CHURCH AVENUE,BROOKLYN,2028-05-01,0.008248,0,very_low,baseline
CHURCH AVENUE,BROOKLYN,2028-06-01,0.007985,0,very_low,baseline
CHURCH AVENUE,BROOKLYN,2028-07-01,0.007985,0,very_low,baseline
CHURCH AVENUE,BROOKLYN,2028-08-01,0.007985,0,very_low,baseline
CHURCH AVENUE,BROOKLYN,2028-09-01,0.007373,0,very_low,baseline
CHURCH AVENUE,BROOKLYN,2028-10-01,0.00449,0,very_low,baseline
CHURCH AVENUE,BROOKLYN,2028-11-01,0.00454,0,very_low,baseline
CHURCH AVENUE,BROOKLYN,2028-12-01,0.004557,0,very_low,baseline
CHURCH AVENUE,BROOKLYN,2029-01-01,0.008038,0,very_low,baseline
CHURCH AVENUE,BROOKLYN,2029-02-01,0.008618,0,very_low,baseline
CHURCH AVENUE,BROOKLYN,2029-03-01,0.008351,0,very_low,baseline
CHURCH AVENUE,BROOKLYN,2029-04-01,0.008351,0,very_low,baseline
CHURCH AVENUE,BROOKLYN,2029-05-01,0.008248,0,very_low,baseline
CHURCH AVENUE,BROOKLYN,2029-06-01,0.007985,0,very_low,baseline
CHURCH AVENUE,BROOKLYN,2029-07-01,0.007985,0,very_low,baseline
CHURCH AVENUE,BROOKLYN,2029-08-01,0.007985,0,very_low,baseline
CHURCH AVENUE,BROOKLYN,2029-09-01,0.007373,0,very_low,baseline
CHURCH AVENUE,BROOKLYN,2029-10-01,0.00449,0,very_low,baseline
CHURCH AVENUE,BROOKLYN,2029-11-01,0.00454,0,very_low,baseline
CHURCH AVENUE,BROOKLYN,2029-12-01,0.004557,0,very_low,baseline
CITY HALL,MANHATTAN,2027-01-01,0.000276,0,very_low,baseline
CITY HALL,MANHATTAN,2027-02-01,0.000209,0,very_low,baseline
CITY HALL,MANHATTAN,2027-03-01,0.000124,0,very_low,baseline
CITY HALL,MANHATTAN,2027-04-01,0.000142,0,very_low,baseline
CITY HALL,MANHATTAN,2027-05-01,0.000171,0,very_low,baseline
CITY HALL,MANHATTAN,2027-06-01,0.000155,0,very_low,baseline
CITY HALL,MANHATTAN,2027-07-01,0.000155,0,very_low,baseline
CITY HALL,MANHATTAN,2027-08-01,0.000155,0,very_low,baseline
CITY HALL,MANHATTAN,2027-09-01,0.000163,0,very_low,baseline
CITY HALL,MANHATTAN,2027-10-01,0.000129,0,very_low,baseline
CITY HALL,MANHATTAN,2027-11-01,0.000122,0,very_low,baseline
CITY HALL,MANHATTAN,2027-12-01,0.000122,0,very_low,baseline
CITY HALL,MANHATTAN,2028-01-01,0.000148,0,very_low,baseline
CITY HALL,MANHATTAN,2028-02-01,0.000147,0,very_low,baseline
CITY HALL,MANHATTAN,2028-03-01,0.000148,0,very_low,baseline
CITY HALL,MANHATTAN,2028-04-01,0.000148,0,very_low,baseline
CITY HALL,MANHATTAN,2028-05-01,0.000153,0,very_low,baseline
CITY HALL,MANHATTAN,2028-06-01,0.000155,0,very_low,baseline
CITY HALL,MANHATTAN,2028-07-01,0.000155,0,very_low,baseline
CITY HALL,MANHATTAN,2028-08-01,0.000155,0,very_low,baseline
CITY HALL,MANHATTAN,2028-09-01,0.000163,0,very_low,baseline
CITY HALL,MANHATTAN,2028-10-01,0.000129,0,very_low,baseline
CITY HALL,MANHATTAN,2028-11-01,0.000122,0,very_low,baseline
CITY HALL,MANHATTAN,2028-12-01,0.000122,0,very_low,baseline
CITY HALL,MANHATTAN,2029-01-01,0.000148,0,very_low,baseline
CITY HALL,MANHATTAN,2029-02-01,0.000147,0,very_low,baseline
CITY HALL,MANHATTAN,2029-03-01,0.000148,0,very_low,baseline
CITY HALL,MANHATTAN,2029-04-01,0.000148,0,very_low,baseline
CITY HALL,MANHATTAN,2029-05-01,0.000153,0,very_low,baseline
CITY HALL,MANHATTAN,2029-06-01,0.000155,0,very_low,baseline
CITY HALL,MANHATTAN,2029-07-01,0.000155,0,very_low,baseline
CITY HALL,MANHATTAN,2029-08-01,0.000155,0,very_low,baseline
CITY HALL,MANHATTAN,2029-09-01,0.000163,0,very_low,baseline
CITY HALL,MANHATTAN,2029-10-01,0.000129,0,very_low,baseline
CITY HALL,MANHATTAN,2029-11-01,0.000122,0,very_low,baseline
CITY HALL,MANHATTAN,2029-12-01,0.000122,0,very_low,baseline
CLARK STREET,BROOKLYN,2027-01-01,0.000197,0,very_low,baseline
CLARK STREET,BROOKLYN,2027-02-01,0.00019,0,very_low,baseline
CLARK STREET,BROOKLYN,2027-03-01,0.000208,0,very_low,baseline
CLARK STREET,BROOKLYN,2027-04-01,0.000173,0,very_low,baseline
CLARK STREET,BROOKLYN,2027-05-01,0.000179,0,very_low,baseline
CLARK STREET,BROOKLYN,2027-06-01,0.000245,0,very_low,baseline
CLARK STREET,BROOKLYN,2027-07-01,0.000245,0,very_low,baseline
CLARK STREET,BROOKLYN,2027-08-01,0.000245,0,very_low,baseline
CLARK STREET,BROOKLYN,2027-09-01,0.000254,0,very_low,baseline
CLARK STREET,BROOKLYN,2027-10-01,0.00017,0,very_low,baseline
CLARK STREET,BROOKLYN,2027-11-01,0.000165,0,very_low,baseline
CLARK STREET,BROOKLYN,2027-12-01,0.000167,0,very_low,baseline
CLARK STREET,BROOKLYN,2028-01-01,0.000235,0,very_low,baseline
CLARK STREET,BROOKLYN,2028-02-01,0.000234,0,very_low,baseline
CLARK STREET,BROOKLYN,2028-03-01,0.000227,0,very_low,baseline
CLARK STREET,BROOKLYN,2028-04-01,0.000225,0,very_low,baseline
CLARK STREET,BROOKLYN,2028-05-01,0.000234,0,very_low,baseline
CLARK STREET,BROOKLYN,2028-06-01,0.000245,0,very_low,baseline
CLARK STREET,BROOKLYN,2028-07-01,0.000245,0,very_low,baseline
CLARK STREET,BROOKLYN,2028-08-01,0.000245,0,very_low,baseline
CLARK STREET,BROOKLYN,2028-09-01,0.000254,0,very_low,baseline
CLARK STREET,BROOKLYN,2028-10-01,0.00017,0,very_low,baseline
CLARK STREET,BROOKLYN,2028-11-01,0.000165,0,very_low,baseline
CLARK STREET,BROOKLYN,2028-12-01,0.000167,0,very_low,baseline
CLARK STREET,BROOKLYN,2029-01-01,0.000235,0,very_low,baseline
CLARK STREET,BROOKLYN,2029-02-01,0.000234,0,very_low,baseline
CLARK STREET,BROOKLYN,2029-03-01,0.000227,0,very_low,baseline
CLARK STREET,BROOKLYN,2029-04-01,0.000225,0,very_low,baseline
CLARK STREET,BROOKLYN,2029-05-01,0.000234,0,very_low,baseline
CLARK STREET,BROOKLYN,2029-06-01,0.000245,0,very_low,baseline
CLARK STREET,BROOKLYN,2029-07-01,0.000245,0,very_low,baseline
CLARK STREET,BROOKLYN,2029-08-01,0.000245,0,very_low,baseline
CLARK STREET,BROOKLYN,2029-09-01,0.000254,0,very_low,baseline
CLARK STREET,BROOKLYN,2029-10-01,0.00017,0,very_low,baseline
CLARK STREET,BROOKLYN,2029-11-01,0.000165,0,very_low,baseline
CLARK STREET,BROOKLYN,2029-12-01,0.000167,0,very_low,baseline
CLASSON AVENUE,BROOKLYN,2027-01-01,0.000188,0,very_low,baseline
CLASSON AVENUE,BROOKLYN,2027-02-01,0.000143,0,very_low,baseline
CLASSON AVENUE,BROOKLYN,2027-03-01,0.000116,0,very_low,baseline
CLASSON AVENUE,BROOKLYN,2027-04-01,8.3e-05,0,very_low,baseline
CLASSON AVENUE,BROOKLYN,2027-05-01,0.000101,0,very_low,baseline
CLASSON AVENUE,BROOKLYN,2027-06-01,0.000116,0,very_low,baseline
CLASSON AVENUE,BROOKLYN,2027-07-01,0.000116,0,very_low,baseline
CLASSON AVENUE,BROOKLYN,2027-08-01,0.000116,0,very_low,baseline
CLASSON AVENUE,BROOKLYN,2027-09-01,0.000119,0,very_low,baseline
CLASSON AVENUE,BROOKLYN,2027-10-01,0.0001,0,very_low,baseline
CLASSON AVENUE,BROOKLYN,2027-11-01,9.4e-05,0,very_low,baseline
CLASSON AVENUE,BROOKLYN,2027-12-01,9.6e-05,0,very_low,baseline
CLASSON AVENUE,BROOKLYN,2028-01-01,0.000117,0,very_low,baseline
CLASSON AVENUE,BROOKLYN,2028-02-01,0.000116,0,very_low,baseline
CLASSON AVENUE,BROOKLYN,2028-03-01,0.000114,0,very_low,baseline
CLASSON AVENUE,BROOKLYN,2028-04-01,0.000114,0,very_low,baseline
CLASSON AVENUE,BROOKLYN,2028-05-01,0.000118,0,very_low,baseline
CLASSON AVENUE,BROOKLYN,2028-06-01,0.000116,0,very_low,baseline
CLASSON AVENUE,BROOKLYN,2028-07-01,0.000116,0,very_low,baseline
CLASSON AVENUE,BROOKLYN,2028-08-01,0.000116,0,very_low,baseline
CLASSON AVENUE,BROOKLYN,2028-09-01,0.000119,0,very_low,baseline
CLASSON AVENUE,BROOKLYN,2028-10-01,0.0001,0,very_low,baseline
CLASSON AVENUE,BROOKLYN,2028-11-01,9.4e-05,0,very_low,baseline
CLASSON AVENUE,BROOKLYN,2028-12-01,9.6e-05,0,very_low,baseline
CLASSON AVENUE,BROOKLYN,2029-01-01,0.000117,0,very_low,baseline
CLASSON AVENUE,BROOKLYN,2029-02-01,0.000116,0,very_low,baseline
CLASSON AVENUE,BROOKLYN,2029-03-01,0.000114,0,very_low,baseline
CLASSON AVENUE,BROOKLYN,2029-04-01,0.000114,0,very_low,baseline
CLASSON AVENUE,BROOKLYN,2029-05-01,0.000118,0,very_low,baseline
CLASSON AVENUE,BROOKLYN,2029-06-01,0.000116,0,very_low,baseline
CLASSON AVENUE,BROOKLYN,2029-07-01,0.000116,0,very_low,baseline
CLASSON AVENUE,BROOKLYN,2029-08-01,0.000116,0,very_low,baseline
CLASSON AVENUE,BROOKLYN,2029-09-01,0.000119,0,very_low,baseline
CLASSON AVENUE,BROOKLYN,2029-10-01,0.0001,0,very_low,baseline
CLASSON AVENUE,BROOKLYN,2029-11-01,9.4e-05,0,very_low,baseline
CLASSON AVENUE,BROOKLYN,2029-12-01,9.6e-05,0,very_low,baseline
CLEVELAND STREET,BROOKLYN,2027-01-01,0.000421,0,very_low,baseline
CLEVELAND STREET,BROOKLYN,2027-02-01,0.00046,0,very_low,baseline
CLEVELAND STREET,BROOKLYN,2027-03-01,0.000421,0,very_low,baseline
CLEVELAND STREET,BROOKLYN,2027-04-01,0.000484,0,very_low,baseline
CLEVELAND STREET,BROOKLYN,2027-05-01,0.000419,0,very_low,baseline
CLEVELAND STREET,BROOKLYN,2027-06-01,0.000467,0,very_low,baseline
CLEVELAND STREET,BROOKLYN,2027-07-01,0.000467,0,very_low,baseline
CLEVELAND STREET,BROOKLYN,2027-08-01,0.000459,0,very_low,baseline
CLEVELAND STREET,BROOKLYN,2027-09-01,0.000479,0,very_low,baseline
CLEVELAND STREET,BROOKLYN,2027-10-01,0.000353,0,very_low,baseline
CLEVELAND STREET,BROOKLYN,2027-11-01,0.000336,0,very_low,baseline
CLEVELAND STREET,BROOKLYN,2027-12-01,0.000336,0,very_low,baseline
CLEVELAND STREET,BROOKLYN,2028-01-01,0.000472,0,very_low,baseline
CLEVELAND STREET,BROOKLYN,2028-02-01,0.000475,0,very_low,baseline
CLEVELAND STREET,BROOKLYN,2028-03-01,0.000473,0,very_low,baseline
CLEVELAND STREET,BROOKLYN,2028-04-01,0.000469,0,very_low,baseline
CLEVELAND STREET,BROOKLYN,2028-05-01,0.000466,0,very_low,baseline
CLEVELAND STREET,BROOKLYN,2028-06-01,0.000467,0,very_low,baseline
CLEVELAND STREET,BROOKLYN,2028-07-01,0.000467,0,very_low,baseline
CLEVELAND STREET,BROOKLYN,2028-08-01,0.000459,0,very_low,baseline
CLEVELAND STREET,BROOKLYN,2028-09-01,0.000479,0,very_low,baseline
CLEVELAND STREET,BROOKLYN,2028-10-01,0.000353,0,very_low,baseline
CLEVELAND STREET,BROOKLYN,2028-11-01,0.000336,0,very_low,baseline
CLEVELAND STREET,BROOKLYN,2028-12-01,0.000336,0,very_low,baseline
CLEVELAND STREET,BROOKLYN,2029-01-01,0.000472,0,very_low,baseline
CLEVELAND STREET,BROOKLYN,2029-02-01,0.000475,0,very_low,baseline
CLEVELAND STREET,BROOKLYN,2029-03-01,0.000473,0,very_low,baseline
CLEVELAND STREET,BROOKLYN,2029-04-01,0.000469,0,very_low,baseline
CLEVELAND STREET,BROOKLYN,2029-05-01,0.000466,0,very_low,baseline
CLEVELAND STREET,BROOKLYN,2029-06-01,0.000467,0,very_low,baseline
CLEVELAND STREET,BROOKLYN,2029-07-01,0.000467,0,very_low,baseline
CLEVELAND STREET,BROOKLYN,2029-08-01,0.000459,0,very_low,baseline
CLEVELAND STREET,BROOKLYN,2029-09-01,0.000479,0,very_low,baseline
CLEVELAND STREET,BROOKLYN,2029-10-01,0.000353,0,very_low,baseline
CLEVELAND STREET,BROOKLYN,2029-11-01,0.000336,0,very_low,baseline
CLEVELAND STREET,BROOKLYN,2029-12-01,0.000336,0,very_low,baseline
CLINTON-WASHINGTON AVENUES,BROOKLYN,2027-01-01,0.000167,0,very_low,baseline
CLINTON-WASHINGTON AVENUES,BROOKLYN,2027-02-01,0.000227,0,very_low,baseline
CLINTON-WASHINGTON AVENUES,BROOKLYN,2027-03-01,0.000201,0,very_low,baseline
CLINTON-WASHINGTON AVENUES,BROOKLYN,2027-04-01,0.00017,0,very_low,baseline
CLINTON-WASHINGTON AVENUES,BROOKLYN,2027-05-01,0.000185,0,very_low,baseline
CLINTON-WASHINGTON AVENUES,BROOKLYN,2027-06-01,0.000194,0,very_low,baseline
CLINTON-WASHINGTON AVENUES,BROOKLYN,2027-07-01,0.000194,0,very_low,baseline
CLINTON-WASHINGTON AVENUES,BROOKLYN,2027-08-01,0.000194,0,very_low,baseline
CLINTON-WASHINGTON AVENUES,BROOKLYN,2027-09-01,0.000193,0,very_low,baseline
CLINTON-WASHINGTON AVENUES,BROOKLYN,2027-10-01,0.000124,0,very_low,baseline
CLINTON-WASHINGTON AVENUES,BROOKLYN,2027-11-01,0.000119,0,very_low,baseline
CLINTON-WASHINGTON AVENUES,BROOKLYN,2027-12-01,0.00012,0,very_low,baseline
CLINTON-WASHINGTON AVENUES,BROOKLYN,2028-01-01,0.000194,0,very_low,baseline
CLINTON-WASHINGTON AVENUES,BROOKLYN,2028-02-01,0.000193,0,very_low,baseline
CLINTON-WASHINGTON AVENUES,BROOKLYN,2028-03-01,0.000187,0,very_low,baseline
CLINTON-WASHINGTON AVENUES,BROOKLYN,2028-04-01,0.000185,0,very_low,baseline
CLINTON-WASHINGTON AVENUES,BROOKLYN,2028-05-01,0.000196,0,very_low,baseline
CLINTON-WASHINGTON AVENUES,BROOKLYN,2028-06-01,0.000194,0,very_low,baseline
CLINTON-WASHINGTON AVENUES,BROOKLYN,2028-07-01,0.000194,0,very_low,baseline
CLINTON-WASHINGTON AVENUES,BROOKLYN,2028-08-01,0.000194,0,very_low,baseline
CLINTON-WASHINGTON AVENUES,BROOKLYN,2028-09-01,0.000193,0,very_low,baseline
CLINTON-WASHINGTON AVENUES,BROOKLYN,2028-10-01,0.000124,0,very_low,baseline
CLINTON-WASHINGTON AVENUES,BROOKLYN,2028-11-01,0.000119,0,very_low,baseline
CLINTON-WASHINGTON AVENUES,BROOKLYN,2028-12-01,0.00012,0,very_low,baseline
CLINTON-WASHINGTON AVENUES,BROOKLYN,2029-01-01,0.000194,0,very_low,baseline
CLINTON-WASHINGTON AVENUES,BROOKLYN,2029-02-01,0.000193,0,very_low,baseline
CLINTON-WASHINGTON AVENUES,BROOKLYN,2029-03-01,0.000187,0,very_low,baseline
CLINTON-WASHINGTON AVENUES,BROOKLYN,2029-04-01,0.000185,0,very_low,baseline
CLINTON-WASHINGTON AVENUES,BROOKLYN,2029-05-01,0.000196,0,very_low,baseline
CLINTON-WASHINGTON AVENUES,BROOKLYN,2029-06-01,0.000194,0,very_low,baseline
CLINTON-WASHINGTON AVENUES,BROOKLYN,2029-07-01,0.000194,0,very_low,baseline
CLINTON-WASHINGTON AVENUES,BROOKLYN,2029-08-01,0.000194,0,very_low,baseline
CLINTON-WASHINGTON AVENUES,BROOKLYN,2029-09-01,0.000193,0,very_low,baseline
CLINTON-WASHINGTON AVENUES,BROOKLYN,2029-10-01,0.000124,0,very_low,baseline
CLINTON-WASHINGTON AVENUES,BROOKLYN,2029-11-01,0.000119,0,very_low,baseline
CLINTON-WASHINGTON AVENUES,BROOKLYN,2029-12-01,0.00012,0,very_low,baseline
CORTELYOU ROAD,BROOKLYN,2027-01-01,0.000105,0,very_low,baseline
CORTELYOU ROAD,BROOKLYN,2027-02-01,0.0001,0,very_low,baseline
CORTELYOU ROAD,BROOKLYN,2027-03-01,0.000105,0,very_low,baseline
CORTELYOU ROAD,BROOKLYN,2027-04-01,0.000106,0,very_low,baseline
CORTELYOU ROAD,BROOKLYN,2027-05-01,9.9e-05,0,very_low,baseline
CORTELYOU ROAD,BROOKLYN,2027-06-01,0.000107,0,very_low,baseline
CORTELYOU ROAD,BROOKLYN,2027-07-01,0.000107,0,very_low,baseline
CORTELYOU ROAD,BROOKLYN,2027-08-01,0.000107,0,very_low,baseline
CORTELYOU ROAD,BROOKLYN,2027-09-01,0.00011,0,very_low,baseline
CORTELYOU ROAD,BROOKLYN,2027-10-01,9.2e-05,0,very_low,baseline
CORTELYOU ROAD,BROOKLYN,2027-11-01,8.6e-05,0,very_low,baseline
CORTELYOU ROAD,BROOKLYN,2027-12-01,8.9e-05,0,very_low,baseline
CORTELYOU ROAD,BROOKLYN,2028-01-01,0.000107,0,very_low,baseline
CORTELYOU ROAD,BROOKLYN,2028-02-01,0.000107,0,very_low,baseline
CORTELYOU ROAD,BROOKLYN,2028-03-01,0.000105,0,very_low,baseline
CORTELYOU ROAD,BROOKLYN,2028-04-01,0.000105,0,very_low,baseline
CORTELYOU ROAD,BROOKLYN,2028-05-01,0.000109,0,very_low,baseline
CORTELYOU ROAD,BROOKLYN,2028-06-01,0.000107,0,very_low,baseline
CORTELYOU ROAD,BROOKLYN,2028-07-01,0.000107,0,very_low,baseline
CORTELYOU ROAD,BROOKLYN,2028-08-01,0.000107,0,very_low,baseline
CORTELYOU ROAD,BROOKLYN,2028-09-01,0.00011,0,very_low,baseline
CORTELYOU ROAD,BROOKLYN,2028-10-01,9.2e-05,0,very_low,baseline
CORTELYOU ROAD,BROOKLYN,2028-11-01,8.6e-05,0,very_low,baseline
CORTELYOU ROAD,BROOKLYN,2028-12-01,8.9e-05,0,very_low,baseline
CORTELYOU ROAD,BROOKLYN,2029-01-01,0.000107,0,very_low,baseline
CORTELYOU ROAD,BROOKLYN,2029-02-01,0.000107,0,very_low,baseline
CORTELYOU ROAD,BROOKLYN,2029-03-01,0.000105,0,very_low,baseline
CORTELYOU ROAD,BROOKLYN,2029-04-01,0.000105,0,very_low,baseline
CORTELYOU ROAD,BROOKLYN,2029-05-01,0.000109,0,very_low,baseline
CORTELYOU ROAD,BROOKLYN,2029-06-01,0.000107,0,very_low,baseline
CORTELYOU ROAD,BROOKLYN,2029-07-01,0.000107,0,very_low,baseline
CORTELYOU ROAD,BROOKLYN,2029-08-01,0.000107,0,very_low,baseline
CORTELYOU ROAD,BROOKLYN,2029-09-01,0.00011,0,very_low,baseline
CORTELYOU ROAD,BROOKLYN,2029-10-01,9.2e-05,0,very_low,baseline
CORTELYOU ROAD,BROOKLYN,2029-11-01,8.6e-05,0,very_low,baseline
CORTELYOU ROAD,BROOKLYN,2029-12-01,8.9e-05,0,very_low,baseline
CORTLANDT STREET,MANHATTAN,2027-01-01,0.0001,0,very_low,baseline
CORTLANDT STREET,MANHATTAN,2027-02-01,0.000115,0,very_low,baseline
CORTLANDT STREET,MANHATTAN,2027-03-01,0.000128,0,very_low,baseline
CORTLANDT STREET,MANHATTAN,2027-04-01,0.000167,0,very_low,baseline
CORTLANDT STREET,MANHATTAN,2027-05-01,0.000125,0,very_low,baseline
CORTLANDT STREET,MANHATTAN,2027-06-01,0.000128,0,very_low,baseline
CORTLANDT STREET,MANHATTAN,2027-07-01,0.000128,0,very_low,baseline
CORTLANDT STREET,MANHATTAN,2027-08-01,0.000128,0,very_low,baseline
CORTLANDT STREET,MANHATTAN,2027-09-01,0.000131,0,very_low,baseline
CORTLANDT STREET,MANHATTAN,2027-10-01,8.4e-05,0,very_low,baseline
CORTLANDT STREET,MANHATTAN,2027-11-01,8.1e-05,0,very_low,baseline
CORTLANDT STREET,MANHATTAN,2027-12-01,7.9e-05,0,very_low,baseline
CORTLANDT STREET,MANHATTAN,2028-01-01,0.000123,0,very_low,baseline
CORTLANDT STREET,MANHATTAN,2028-02-01,0.000122,0,very_low,baseline
CORTLANDT STREET,MANHATTAN,2028-03-01,0.00012,0,very_low,baseline
CORTLANDT STREET,MANHATTAN,2028-04-01,0.000121,0,very_low,baseline
CORTLANDT STREET,MANHATTAN,2028-05-01,0.000129,0,very_low,baseline
CORTLANDT STREET,MANHATTAN,2028-06-01,0.000128,0,very_low,baseline
CORTLANDT STREET,MANHATTAN,2028-07-01,0.000128,0,very_low,baseline
CORTLANDT STREET,MANHATTAN,2028-08-01,0.000128,0,very_low,baseline
CORTLANDT STREET,MANHATTAN,2028-09-01,0.000131,0,very_low,baseline
CORTLANDT STREET,MANHATTAN,2028-10-01,8.4e-05,0,very_low,baseline
CORTLANDT STREET,MANHATTAN,2028-11-01,8.1e-05,0,very_low,baseline
CORTLANDT STREET,MANHATTAN,2028-12-01,7.9e-05,0,very_low,baseline
CORTLANDT STREET,MANHATTAN,2029-01-01,0.000123,0,very_low,baseline
CORTLANDT STREET,MANHATTAN,2029-02-01,0.000122,0,very_low,baseline
CORTLANDT STREET,MANHATTAN,2029-03-01,0.00012,0,very_low,baseline
CORTLANDT STREET,MANHATTAN,2029-04-01,0.000121,0,very_low,baseline
CORTLANDT STREET,MANHATTAN,2029-05-01,0.000129,0,very_low,baseline
CORTLANDT STREET,MANHATTAN,2029-06-01,0.000128,0,very_low,baseline
CORTLANDT STREET,MANHATTAN,2029-07-01,0.000128,0,very_low,baseline
CORTLANDT STREET,MANHATTAN,2029-08-01,0.000128,0,very_low,baseline
CORTLANDT STREET,MANHATTAN,2029-09-01,0.000131,0,very_low,baseline
CORTLANDT STREET,MANHATTAN,2029-10-01,8.4e-05,0,very_low,baseline
CORTLANDT STREET,MANHATTAN,2029-11-01,8.1e-05,0,very_low,baseline
CORTLANDT STREET,MANHATTAN,2029-12-01,7.9e-05,0,very_low,baseline
COURT SQUARE,QUEENS,2027-01-01,0.000464,0,very_low,baseline
COURT SQUARE,QUEENS,2027-02-01,0.000566,0,very_low,baseline
COURT SQUARE,QUEENS,2027-03-01,0.000483,0,very_low,baseline
COURT SQUARE,QUEENS,2027-04-01,0.000503,0,very_low,baseline
COURT SQUARE,QUEENS,2027-05-01,0.000584,0,very_low,baseline
COURT SQUARE,QUEENS,2027-06-01,0.000522,0,very_low,baseline
COURT SQUARE,QUEENS,2027-07-01,0.000507,0,very_low,baseline
COURT SQUARE,QUEENS,2027-08-01,0.000507,0,very_low,baseline
COURT SQUARE,QUEENS,2027-09-01,0.000516,0,very_low,baseline
COURT SQUARE,QUEENS,2027-10-01,0.000328,0,very_low,baseline
COURT SQUARE,QUEENS,2027-11-01,0.000318,0,very_low,baseline
COURT SQUARE,QUEENS,2027-12-01,0.000314,0,very_low,baseline
COURT SQUARE,QUEENS,2028-01-01,0.00047,0,very_low,baseline
COURT SQUARE,QUEENS,2028-02-01,0.000464,0,very_low,baseline
COURT SQUARE,QUEENS,2028-03-01,0.000464,0,very_low,baseline
COURT SQUARE,QUEENS,2028-04-01,0.000472,0,very_low,baseline
COURT SQUARE,QUEENS,2028-05-01,0.000499,0,very_low,baseline
COURT SQUARE,QUEENS,2028-06-01,0.000522,0,very_low,baseline
COURT SQUARE,QUEENS,2028-07-01,0.000507,0,very_low,baseline
COURT SQUARE,QUEENS,2028-08-01,0.000507,0,very_low,baseline
COURT SQUARE,QUEENS,2028-09-01,0.000516,0,very_low,baseline
COURT SQUARE,QUEENS,2028-10-01,0.000328,0,very_low,baseline
COURT SQUARE,QUEENS,2028-11-01,0.000318,0,very_low,baseline
COURT SQUARE,QUEENS,2028-12-01,0.000314,0,very_low,baseline
COURT SQUARE,QUEENS,2029-01-01,0.00047,0,very_low,baseline
COURT SQUARE,QUEENS,2029-02-01,0.000464,0,very_low,baseline
COURT SQUARE,QUEENS,2029-03-01,0.000464,0,very_low,baseline
COURT SQUARE,QUEENS,2029-04-01,0.000472,0,very_low,baseline
COURT SQUARE,QUEENS,2029-05-01,0.000499,0,very_low,baseline
COURT SQUARE,QUEENS,2029-06-01,0.000522,0,very_low,baseline
COURT SQUARE,QUEENS,2029-07-01,0.000507,0,very_low,baseline
COURT SQUARE,QUEENS,2029-08-01,0.000507,0,very_low,baseline
COURT SQUARE,QUEENS,2029-09-01,0.000516,0,very_low,baseline
COURT SQUARE,QUEENS,2029-10-01,0.000328,0,very_low,baseline
COURT SQUARE,QUEENS,2029-11-01,0.000318,0,very_low,baseline
COURT SQUARE,QUEENS,2029-12-01,0.000314,0,very_low,baseline
COURT STREET,BROOKLYN,2027-01-01,6.8e-05,0,very_low,baseline
COURT STREET,BROOKLYN,2027-02-01,7.4e-05,0,very_low,baseline
COURT STREET,BROOKLYN,2027-03-01,7.2e-05,0,very_low,baseline
COURT STREET,BROOKLYN,2027-04-01,6.6e-05,0,very_low,baseline
COURT STREET,BROOKLYN,2027-05-01,7.6e-05,0,very_low,baseline
COURT STREET,BROOKLYN,2027-06-01,7.5e-05,0,very_low,baseline
COURT STREET,BROOKLYN,2027-07-01,7.5e-05,0,very_low,baseline
COURT STREET,BROOKLYN,2027-08-01,7.5e-05,0,very_low,baseline
COURT STREET,BROOKLYN,2027-09-01,7.9e-05,0,very_low,baseline
COURT STREET,BROOKLYN,2027-10-01,7e-05,0,very_low,baseline
COURT STREET,BROOKLYN,2027-11-01,6.6e-05,0,very_low,baseline
COURT STREET,BROOKLYN,2027-12-01,6.8e-05,0,very_low,baseline
COURT STREET,BROOKLYN,2028-01-01,7.5e-05,0,very_low,baseline
COURT STREET,BROOKLYN,2028-02-01,7.3e-05,0,very_low,baseline
COURT STREET,BROOKLYN,2028-03-01,7.2e-05,0,very_low,baseline
COURT STREET,BROOKLYN,2028-04-01,7.2e-05,0,very_low,baseline
COURT STREET,BROOKLYN,2028-05-01,7.5e-05,0,very_low,baseline
COURT STREET,BROOKLYN,2028-06-01,7.5e-05,0,very_low,baseline
COURT STREET,BROOKLYN,2028-07-01,7.5e-05,0,very_low,baseline
COURT STREET,BROOKLYN,2028-08-01,7.5e-05,0,very_low,baseline
COURT STREET,BROOKLYN,2028-09-01,7.9e-05,0,very_low,baseline
COURT STREET,BROOKLYN,2028-10-01,7e-05,0,very_low,baseline
COURT STREET,BROOKLYN,2028-11-01,6.6e-05,0,very_low,baseline
COURT STREET,BROOKLYN,2028-12-01,6.8e-05,0,very_low,baseline
COURT STREET,BROOKLYN,2029-01-01,7.5e-05,0,very_low,baseline
COURT STREET,BROOKLYN,2029-02-01,7.3e-05,0,very_low,baseline
COURT STREET,BROOKLYN,2029-03-01,7.2e-05,0,very_low,baseline
COURT STREET,BROOKLYN,2029-04-01,7.2e-05,0,very_low,baseline
COURT STREET,BROOKLYN,2029-05-01,7.5e-05,0,very_low,baseline
COURT STREET,BROOKLYN,2029-06-01,7.5e-05,0,very_low,baseline
COURT STREET,BROOKLYN,2029-07-01,7.5e-05,0,very_low,baseline
COURT STREET,BROOKLYN,2029-08-01,7.5e-05,0,very_low,baseline
COURT STREET,BROOKLYN,2029-09-01,7.9e-05,0,very_low,baseline
COURT STREET,BROOKLYN,2029-10-01,7e-05,0,very_low,baseline
COURT STREET,BROOKLYN,2029-11-01,6.6e-05,0,very_low,baseline
COURT STREET,BROOKLYN,2029-12-01,6.8e-05,0,very_low,baseline
CRESCENT STREET,BROOKLYN,2027-01-01,0.000156,0,very_low,baseline
CRESCENT STREET,BROOKLYN,2027-02-01,0.000123,0,very_low,baseline
CRESCENT STREET,BROOKLYN,2027-03-01,0.000127,0,very_low,baseline
CRESCENT STREET,BROOKLYN,2027-04-01,0.000126,0,very_low,baseline
CRESCENT STREET,BROOKLYN,2027-05-01,0.000131,0,very_low,baseline
CRESCENT STREET,BROOKLYN,2027-06-01,0.000132,0,very_low,baseline
CRESCENT STREET,BROOKLYN,2027-07-01,0.000132,0,very_low,baseline
CRESCENT STREET,BROOKLYN,2027-08-01,0.000132,0,very_low,baseline
CRESCENT STREET,BROOKLYN,2027-09-01,0.000128,0,very_low,baseline
CRESCENT STREET,BROOKLYN,2027-10-01,0.000107,0,very_low,baseline
CRESCENT STREET,BROOKLYN,2027-11-01,0.000101,0,very_low,baseline
CRESCENT STREET,BROOKLYN,2027-12-01,0.000103,0,very_low,baseline
CRESCENT STREET,BROOKLYN,2028-01-01,0.000129,0,very_low,baseline
CRESCENT STREET,BROOKLYN,2028-02-01,0.000128,0,very_low,baseline
CRESCENT STREET,BROOKLYN,2028-03-01,0.000126,0,very_low,baseline
CRESCENT STREET,BROOKLYN,2028-04-01,0.000126,0,very_low,baseline
CRESCENT STREET,BROOKLYN,2028-05-01,0.000131,0,very_low,baseline
CRESCENT STREET,BROOKLYN,2028-06-01,0.000132,0,very_low,baseline
CRESCENT STREET,BROOKLYN,2028-07-01,0.000132,0,very_low,baseline
CRESCENT STREET,BROOKLYN,2028-08-01,0.000132,0,very_low,baseline
CRESCENT STREET,BROOKLYN,2028-09-01,0.000128,0,very_low,baseline
CRESCENT STREET,BROOKLYN,2028-10-01,0.000107,0,very_low,baseline
CRESCENT STREET,BROOKLYN,2028-11-01,0.000101,0,very_low,baseline
CRESCENT STREET,BROOKLYN,2028-12-01,0.000103,0,very_low,baseline
CRESCENT STREET,BROOKLYN,2029-01-01,0.000129,0,very_low,baseline
CRESCENT STREET,BROOKLYN,2029-02-01,0.000128,0,very_low,baseline
CRESCENT STREET,BROOKLYN,2029-03-01,0.000126,0,very_low,baseline
CRESCENT STREET,BROOKLYN,2029-04-01,0.000126,0,very_low,baseline
CRESCENT STREET,BROOKLYN,2029-05-01,0.000131,0,very_low,baseline
CRESCENT STREET,BROOKLYN,2029-06-01,0.000132,0,very_low,baseline
CRESCENT STREET,BROOKLYN,2029-07-01,0.000132,0,very_low,baseline
CRESCENT STREET,BROOKLYN,2029-08-01,0.000132,0,very_low,baseline
CRESCENT STREET,BROOKLYN,2029-09-01,0.000128,0,very_low,baseline
CRESCENT STREET,BROOKLYN,2029-10-01,0.000107,0,very_low,baseline
CRESCENT STREET,BROOKLYN,2029-11-01,0.000101,0,very_low,baseline
CRESCENT STREET,BROOKLYN,2029-12-01,0.000103,0,very_low,baseline
CYPRESS AVENUE,BRONX,2027-01-01,0.00021,0,very_low,baseline
CYPRESS AVENUE,BRONX,2027-02-01,0.000246,0,very_low,baseline
CYPRESS AVENUE,BRONX,2027-03-01,0.00015,0,very_low,baseline
CYPRESS AVENUE,BRONX,2027-04-01,0.000108,0,very_low,baseline
CYPRESS AVENUE,BRONX,2027-05-01,0.000126,0,very_low,baseline
CYPRESS AVENUE,BRONX,2027-06-01,0.000137,0,very_low,baseline
CYPRESS AVENUE,BRONX,2027-07-01,0.000137,0,very_low,baseline
CYPRESS AVENUE,BRONX,2027-08-01,0.000137,0,very_low,baseline
CYPRESS AVENUE,BRONX,2027-09-01,0.000144,0,very_low,baseline
CYPRESS AVENUE,BRONX,2027-10-01,0.000127,0,very_low,baseline
CYPRESS AVENUE,BRONX,2027-11-01,0.000121,0,very_low,baseline
CYPRESS AVENUE,BRONX,2027-12-01,0.000124,0,very_low,baseline
CYPRESS AVENUE,BRONX,2028-01-01,0.000137,0,very_low,baseline
CYPRESS AVENUE,BRONX,2028-02-01,0.000136,0,very_low,baseline
CYPRESS AVENUE,BRONX,2028-03-01,0.000134,0,very_low,baseline
CYPRESS AVENUE,BRONX,2028-04-01,0.000134,0,very_low,baseline
CYPRESS AVENUE,BRONX,2028-05-01,0.000137,0,very_low,baseline
CYPRESS AVENUE,BRONX,2028-06-01,0.000137,0,very_low,baseline
CYPRESS AVENUE,BRONX,2028-07-01,0.000137,0,very_low,baseline
CYPRESS AVENUE,BRONX,2028-08-01,0.000137,0,very_low,baseline
CYPRESS AVENUE,BRONX,2028-09-01,0.000144,0,very_low,baseline
CYPRESS AVENUE,BRONX,2028-10-01,0.000127,0,very_low,baseline
CYPRESS AVENUE,BRONX,2028-11-01,0.000121,0,very_low,baseline
CYPRESS AVENUE,BRONX,2028-12-01,0.000124,0,very_low,baseline
CYPRESS AVENUE,BRONX,2029-01-01,0.000137,0,very_low,baseline
CYPRESS AVENUE,BRONX,2029-02-01,0.000136,0,very_low,baseline
CYPRESS AVENUE,BRONX,2029-03-01,0.000134,0,very_low,baseline
CYPRESS AVENUE,BRONX,2029-04-01,0.000134,0,very_low,baseline
CYPRESS AVENUE,BRONX,2029-05-01,0.000137,0,very_low,baseline
CYPRESS AVENUE,BRONX,2029-06-01,0.000137,0,very_low,baseline
CYPRESS AVENUE,BRONX,2029-07-01,0.000137,0,very_low,baseline
CYPRESS AVENUE,BRONX,2029-08-01,0.000137,0,very_low,baseline
CYPRESS AVENUE,BRONX,2029-09-01,0.000144,0,very_low,baseline
CYPRESS AVENUE,BRONX,2029-10-01,0.000127,0,very_low,baseline
CYPRESS AVENUE,BRONX,2029-11-01,0.000121,0,very_low,baseline
CYPRESS AVENUE,BRONX,2029-12-01,0.000124,0,very_low,baseline
CYPRESS HILLS,BROOKLYN,2027-01-01,0.000243,0,very_low,baseline
CYPRESS HILLS,BROOKLYN,2027-02-01,0.000287,0,very_low,baseline
CYPRESS HILLS,BROOKLYN,2027-03-01,0.000269,0,very_low,baseline
CYPRESS HILLS,BROOKLYN,2027-04-01,0.000269,0,very_low,baseline
CYPRESS HILLS,BROOKLYN,2027-05-01,0.000258,0,very_low,baseline
CYPRESS HILLS,BROOKLYN,2027-06-01,0.000286,0,very_low,baseline
CYPRESS HILLS,BROOKLYN,2027-07-01,0.000286,0,very_low,baseline
CYPRESS HILLS,BROOKLYN,2027-08-01,0.000286,0,very_low,baseline
CYPRESS HILLS,BROOKLYN,2027-09-01,0.000298,0,very_low,baseline
CYPRESS HILLS,BROOKLYN,2027-10-01,0.00025,0,very_low,baseline
CYPRESS HILLS,BROOKLYN,2027-11-01,0.000238,0,very_low,baseline
CYPRESS HILLS,BROOKLYN,2027-12-01,0.000238,0,very_low,baseline
CYPRESS HILLS,BROOKLYN,2028-01-01,0.0003,0,very_low,baseline
CYPRESS HILLS,BROOKLYN,2028-02-01,0.000302,0,very_low,baseline
CYPRESS HILLS,BROOKLYN,2028-03-01,0.000297,0,very_low,baseline
CYPRESS HILLS,BROOKLYN,2028-04-01,0.000297,0,very_low,baseline
CYPRESS HILLS,BROOKLYN,2028-05-01,0.000285,0,very_low,baseline
CYPRESS HILLS,BROOKLYN,2028-06-01,0.000286,0,very_low,baseline
CYPRESS HILLS,BROOKLYN,2028-07-01,0.000286,0,very_low,baseline
CYPRESS HILLS,BROOKLYN,2028-08-01,0.000286,0,very_low,baseline
CYPRESS HILLS,BROOKLYN,2028-09-01,0.000298,0,very_low,baseline
CYPRESS HILLS,BROOKLYN,2028-10-01,0.00025,0,very_low,baseline
CYPRESS HILLS,BROOKLYN,2028-11-01,0.000238,0,very_low,baseline
CYPRESS HILLS,BROOKLYN,2028-12-01,0.000238,0,very_low,baseline
CYPRESS HILLS,BROOKLYN,2029-01-01,0.0003,0,very_low,baseline
CYPRESS HILLS,BROOKLYN,2029-02-01,0.000302,0,very_low,baseline
CYPRESS HILLS,BROOKLYN,2029-03-01,0.000297,0,very_low,baseline
CYPRESS HILLS,BROOKLYN,2029-04-01,0.000297,0,very_low,baseline
CYPRESS HILLS,BROOKLYN,2029-05-01,0.000285,0,very_low,baseline
CYPRESS HILLS,BROOKLYN,2029-06-01,0.000286,0,very_low,baseline
CYPRESS HILLS,BROOKLYN,2029-07-01,0.000286,0,very_low,baseline
CYPRESS HILLS,BROOKLYN,2029-08-01,0.000286,0,very_low,baseline
CYPRESS HILLS,BROOKLYN,2029-09-01,0.000298,0,very_low,baseline
CYPRESS HILLS,BROOKLYN,2029-10-01,0.00025,0,very_low,baseline
CYPRESS HILLS,BROOKLYN,2029-11-01,0.000238,0,very_low,baseline
CYPRESS HILLS,BROOKLYN,2029-12-01,0.000238,0,very_low,baseline
DEKALB AVENUE,BROOKLYN,2027-01-01,0.061948,0,very_low,baseline
DEKALB AVENUE,BROOKLYN,2027-02-01,0.035986,0,very_low,baseline
DEKALB AVENUE,BROOKLYN,2027-03-01,0.034846,0,very_low,baseline
DEKALB AVENUE,BROOKLYN,2027-04-01,0.047918,0,very_low,baseline
DEKALB AVENUE,BROOKLYN,2027-05-01,0.059584,0,very_low,baseline
DEKALB AVENUE,BROOKLYN,2027-06-01,0.060776,0,very_low,baseline
DEKALB AVENUE,BROOKLYN,2027-07-01,0.060776,0,very_low,baseline
DEKALB AVENUE,BROOKLYN,2027-08-01,0.059522,0,very_low,baseline
DEKALB AVENUE,BROOKLYN,2027-09-01,0.055444,0,very_low,baseline
DEKALB AVENUE,BROOKLYN,2027-10-01,0.036601,0,very_low,baseline
DEKALB AVENUE,BROOKLYN,2027-11-01,0.036332,0,very_low,baseline
DEKALB AVENUE,BROOKLYN,2027-12-01,0.036467,0,very_low,baseline
DEKALB AVENUE,BROOKLYN,2028-01-01,0.057571,0,very_low,baseline
DEKALB AVENUE,BROOKLYN,2028-02-01,0.060799,0,very_low,baseline
DEKALB AVENUE,BROOKLYN,2028-03-01,0.05901,0,very_low,baseline
DEKALB AVENUE,BROOKLYN,2028-04-01,0.060289,0,very_low,baseline
DEKALB AVENUE,BROOKLYN,2028-05-01,0.059584,0,very_low,baseline
DEKALB AVENUE,BROOKLYN,2028-06-01,0.060776,0,very_low,baseline
DEKALB AVENUE,BROOKLYN,2028-07-01,0.060776,0,very_low,baseline
DEKALB AVENUE,BROOKLYN,2028-08-01,0.059522,0,very_low,baseline
DEKALB AVENUE,BROOKLYN,2028-09-01,0.055444,0,very_low,baseline
DEKALB AVENUE,BROOKLYN,2028-10-01,0.036601,0,very_low,baseline
DEKALB AVENUE,BROOKLYN,2028-11-01,0.036332,0,very_low,baseline
DEKALB AVENUE,BROOKLYN,2028-12-01,0.036467,0,very_low,baseline
DEKALB AVENUE,BROOKLYN,2029-01-01,0.057571,0,very_low,baseline
DEKALB AVENUE,BROOKLYN,2029-02-01,0.060799,0,very_low,baseline
DEKALB AVENUE,BROOKLYN,2029-03-01,0.05901,0,very_low,baseline
DEKALB AVENUE,BROOKLYN,2029-04-01,0.060289,0,very_low,baseline
DEKALB AVENUE,BROOKLYN,2029-05-01,0.059584,0,very_low,baseline
DEKALB AVENUE,BROOKLYN,2029-06-01,0.060776,0,very_low,baseline
DEKALB AVENUE,BROOKLYN,2029-07-01,0.060776,0,very_low,baseline
DEKALB AVENUE,BROOKLYN,2029-08-01,0.059522,0,very_low,baseline
DEKALB AVENUE,BROOKLYN,2029-09-01,0.055444,0,very_low,baseline
DEKALB AVENUE,BROOKLYN,2029-10-01,0.036601,0,very_low,baseline
DEKALB AVENUE,BROOKLYN,2029-11-01,0.036332,0,very_low,baseline
DEKALB AVENUE,BROOKLYN,2029-12-01,0.036467,0,very_low,baseline
DELANCEY STREET,MANHATTAN,2027-01-01,0.000776,0,very_low,baseline
DELANCEY STREET,MANHATTAN,2027-02-01,0.001006,0,very_low,baseline
DELANCEY STREET,MANHATTAN,2027-03-01,0.001258,0,very_low,baseline
DELANCEY STREET,MANHATTAN,2027-04-01,0.001352,0,very_low,baseline
DELANCEY STREET,MANHATTAN,2027-05-01,0.001364,0,very_low,baseline
DELANCEY STREET,MANHATTAN,2027-06-01,0.001376,0,very_low,baseline
DELANCEY STREET,MANHATTAN,2027-07-01,0.001376,0,very_low,baseline
DELANCEY STREET,MANHATTAN,2027-08-01,0.001376,0,very_low,baseline
DELANCEY STREET,MANHATTAN,2027-09-01,0.001393,0,very_low,baseline
DELANCEY STREET,MANHATTAN,2027-10-01,0.001232,0,very_low,baseline
DELANCEY STREET,MANHATTAN,2027-11-01,0.001278,0,very_low,baseline
DELANCEY STREET,MANHATTAN,2027-12-01,0.001247,0,very_low,baseline
DELANCEY STREET,MANHATTAN,2028-01-01,0.001108,0,very_low,baseline
DELANCEY STREET,MANHATTAN,2028-02-01,0.001204,0,very_low,baseline
DELANCEY STREET,MANHATTAN,2028-03-01,0.001195,0,very_low,baseline
DELANCEY STREET,MANHATTAN,2028-04-01,0.001246,0,very_low,baseline
DELANCEY STREET,MANHATTAN,2028-05-01,0.001336,0,very_low,baseline
DELANCEY STREET,MANHATTAN,2028-06-01,0.001376,0,very_low,baseline
DELANCEY STREET,MANHATTAN,2028-07-01,0.001376,0,very_low,baseline
DELANCEY STREET,MANHATTAN,2028-08-01,0.001376,0,very_low,baseline
DELANCEY STREET,MANHATTAN,2028-09-01,0.001393,0,very_low,baseline
DELANCEY STREET,MANHATTAN,2028-10-01,0.001232,0,very_low,baseline
DELANCEY STREET,MANHATTAN,2028-11-01,0.001278,0,very_low,baseline
DELANCEY STREET,MANHATTAN,2028-12-01,0.001247,0,very_low,baseline
DELANCEY STREET,MANHATTAN,2029-01-01,0.001108,0,very_low,baseline
DELANCEY STREET,MANHATTAN,2029-02-01,0.001204,0,very_low,baseline
DELANCEY STREET,MANHATTAN,2029-03-01,0.001195,0,very_low,baseline
DELANCEY STREET,MANHATTAN,2029-04-01,0.001246,0,very_low,baseline
DELANCEY STREET,MANHATTAN,2029-05-01,0.001336,0,very_low,baseline
DELANCEY STREET,MANHATTAN,2029-06-01,0.001376,0,very_low,baseline
DELANCEY STREET,MANHATTAN,2029-07-01,0.001376,0,very_low,baseline
DELANCEY STREET,MANHATTAN,2029-08-01,0.001376,0,very_low,baseline
DELANCEY STREET,MANHATTAN,2029-09-01,0.001393,0,very_low,baseline
DELANCEY STREET,MANHATTAN,2029-10-01,0.001232,0,very_low,baseline
DELANCEY STREET,MANHATTAN,2029-11-01,0.001278,0,very_low,baseline
DELANCEY STREET,MANHATTAN,2029-12-01,0.001247,0,very_low,baseline
DISTRICT 1 OFFICE,MANHATTAN,2027-01-01,5.2e-05,0,very_low,baseline
DISTRICT 1 OFFICE,MANHATTAN,2027-02-01,4.8e-05,0,very_low,baseline
DISTRICT 1 OFFICE,MANHATTAN,2027-03-01,5.1e-05,0,very_low,baseline
DISTRICT 1 OFFICE,MANHATTAN,2027-04-01,5.6e-05,0,very_low,baseline
DISTRICT 1 OFFICE,MANHATTAN,2027-05-01,6.3e-05,0,very_low,baseline
DISTRICT 1 OFFICE,MANHATTAN,2027-06-01,6.3e-05,0,very_low,baseline
DISTRICT 1 OFFICE,MANHATTAN,2027-07-01,6.3e-05,0,very_low,baseline
DISTRICT 1 OFFICE,MANHATTAN,2027-08-01,6.3e-05,0,very_low,baseline
DISTRICT 1 OFFICE,MANHATTAN,2027-09-01,6.6e-05,0,very_low,baseline
DISTRICT 1 OFFICE,MANHATTAN,2027-10-01,6e-05,0,very_low,baseline
DISTRICT 1 OFFICE,MANHATTAN,2027-11-01,5.6e-05,0,very_low,baseline
DISTRICT 1 OFFICE,MANHATTAN,2027-12-01,5.6e-05,0,very_low,baseline
DISTRICT 1 OFFICE,MANHATTAN,2028-01-01,6.2e-05,0,very_low,baseline
DISTRICT 1 OFFICE,MANHATTAN,2028-02-01,6.1e-05,0,very_low,baseline
DISTRICT 1 OFFICE,MANHATTAN,2028-03-01,6e-05,0,very_low,baseline
DISTRICT 1 OFFICE,MANHATTAN,2028-04-01,6e-05,0,very_low,baseline
DISTRICT 1 OFFICE,MANHATTAN,2028-05-01,6.2e-05,0,very_low,baseline
DISTRICT 1 OFFICE,MANHATTAN,2028-06-01,6.3e-05,0,very_low,baseline
DISTRICT 1 OFFICE,MANHATTAN,2028-07-01,6.3e-05,0,very_low,baseline
DISTRICT 1 OFFICE,MANHATTAN,2028-08-01,6.3e-05,0,very_low,baseline
DISTRICT 1 OFFICE,MANHATTAN,2028-09-01,6.6e-05,0,very_low,baseline
DISTRICT 1 OFFICE,MANHATTAN,2028-10-01,6e-05,0,very_low,baseline
DISTRICT 1 OFFICE,MANHATTAN,2028-11-01,5.6e-05,0,very_low,baseline
DISTRICT 1 OFFICE,MANHATTAN,2028-12-01,5.6e-05,0,very_low,baseline
DISTRICT 1 OFFICE,MANHATTAN,2029-01-01,6.2e-05,0,very_low,baseline
DISTRICT 1 OFFICE,MANHATTAN,2029-02-01,6.1e-05,0,very_low,baseline
DISTRICT 1 OFFICE,MANHATTAN,2029-03-01,6e-05,0,very_low,baseline
DISTRICT 1 OFFICE,MANHATTAN,2029-04-01,6e-05,0,very_low,baseline
DISTRICT 1 OFFICE,MANHATTAN,2029-05-01,6.2e-05,0,very_low,baseline
DISTRICT 1 OFFICE,MANHATTAN,2029-06-01,6.3e-05,0,very_low,baseline
DISTRICT 1 OFFICE,MANHATTAN,2029-07-01,6.3e-05,0,very_low,baseline
DISTRICT 1 OFFICE,MANHATTAN,2029-08-01,6.3e-05,0,very_low,baseline
DISTRICT 1 OFFICE,MANHATTAN,2029-09-01,6.6e-05,0,very_low,baseline
DISTRICT 1 OFFICE,MANHATTAN,2029-10-01,6e-05,0,very_low,baseline
DISTRICT 1 OFFICE,MANHATTAN,2029-11-01,5.6e-05,0,very_low,baseline
DISTRICT 1 OFFICE,MANHATTAN,2029-12-01,5.6e-05,0,very_low,baseline
DISTRICT 11 OFFICE,BRONX,2027-01-01,8.6e-05,0,very_low,baseline
DISTRICT 11 OFFICE,BRONX,2027-02-01,9.4e-05,0,very_low,baseline
DISTRICT 11 OFFICE,BRONX,2027-03-01,9.1e-05,0,very_low,baseline
DISTRICT 11 OFFICE,BRONX,2027-04-01,8.2e-05,0,very_low,baseline
DISTRICT 11 OFFICE,BRONX,2027-05-01,9.4e-05,0,very_low,baseline
DISTRICT 11 OFFICE,BRONX,2027-06-01,9.2e-05,0,very_low,baseline
DISTRICT 11 OFFICE,BRONX,2027-07-01,9.2e-05,0,very_low,baseline
DISTRICT 11 OFFICE,BRONX,2027-08-01,9.2e-05,0,very_low,baseline
DISTRICT 11 OFFICE,BRONX,2027-09-01,9.5e-05,0,very_low,baseline
DISTRICT 11 OFFICE,BRONX,2027-10-01,8.4e-05,0,very_low,baseline
DISTRICT 11 OFFICE,BRONX,2027-11-01,7.9e-05,0,very_low,baseline
DISTRICT 11 OFFICE,BRONX,2027-12-01,8.1e-05,0,very_low,baseline
DISTRICT 11 OFFICE,BRONX,2028-01-01,9.3e-05,0,very_low,baseline
DISTRICT 11 OFFICE,BRONX,2028-02-01,9.2e-05,0,very_low,baseline
DISTRICT 11 OFFICE,BRONX,2028-03-01,9.1e-05,0,very_low,baseline
DISTRICT 11 OFFICE,BRONX,2028-04-01,9.1e-05,0,very_low,baseline
DISTRICT 11 OFFICE,BRONX,2028-05-01,9.4e-05,0,very_low,baseline
DISTRICT 11 OFFICE,BRONX,2028-06-01,9.2e-05,0,very_low,baseline
DISTRICT 11 OFFICE,BRONX,2028-07-01,9.2e-05,0,very_low,baseline
DISTRICT 11 OFFICE,BRONX,2028-08-01,9.2e-05,0,very_low,baseline
DISTRICT 11 OFFICE,BRONX,2028-09-01,9.5e-05,0,very_low,baseline
DISTRICT 11 OFFICE,BRONX,2028-10-01,8.4e-05,0,very_low,baseline
DISTRICT 11 OFFICE,BRONX,2028-11-01,7.9e-05,0,very_low,baseline
DISTRICT 11 OFFICE,BRONX,2028-12-01,8.1e-05,0,very_low,baseline
DISTRICT 11 OFFICE,BRONX,2029-01-01,9.3e-05,0,very_low,baseline
DISTRICT 11 OFFICE,BRONX,2029-02-01,9.2e-05,0,very_low,baseline
DISTRICT 11 OFFICE,BRONX,2029-03-01,9.1e-05,0,very_low,baseline
DISTRICT 11 OFFICE,BRONX,2029-04-01,9.1e-05,0,very_low,baseline
DISTRICT 11 OFFICE,BRONX,2029-05-01,9.4e-05,0,very_low,baseline
DISTRICT 11 OFFICE,BRONX,2029-06-01,9.2e-05,0,very_low,baseline
DISTRICT 11 OFFICE,BRONX,2029-07-01,9.2e-05,0,very_low,baseline
DISTRICT 11 OFFICE,BRONX,2029-08-01,9.2e-05,0,very_low,baseline
DISTRICT 11 OFFICE,BRONX,2029-09-01,9.5e-05,0,very_low,baseline
DISTRICT 11 OFFICE,BRONX,2029-10-01,8.4e-05,0,very_low,baseline
DISTRICT 11 OFFICE,BRONX,2029-11-01,7.9e-05,0,very_low,baseline
DISTRICT 11 OFFICE,BRONX,2029-12-01,8.1e-05,0,very_low,baseline
DISTRICT 12 OFFICE,BRONX,2027-01-01,9e-05,0,very_low,baseline
DISTRICT 12 OFFICE,BRONX,2027-02-01,8.5e-05,0,very_low,baseline
DISTRICT 12 OFFICE,BRONX,2027-03-01,9.1e-05,0,very_low,baseline
DISTRICT 12 OFFICE,BRONX,2027-04-01,9.1e-05,0,very_low,baseline
DISTRICT 12 OFFICE,BRONX,2027-05-01,8.5e-05,0,very_low,baseline
DISTRICT 12 OFFICE,BRONX,2027-06-01,9.2e-05,0,very_low,baseline
DISTRICT 12 OFFICE,BRONX,2027-07-01,9.2e-05,0,very_low,baseline
DISTRICT 12 OFFICE,BRONX,2027-08-01,9.2e-05,0,very_low,baseline
DISTRICT 12 OFFICE,BRONX,2027-09-01,9.5e-05,0,very_low,baseline
DISTRICT 12 OFFICE,BRONX,2027-10-01,8.4e-05,0,very_low,baseline
DISTRICT 12 OFFICE,BRONX,2027-11-01,7.9e-05,0,very_low,baseline
DISTRICT 12 OFFICE,BRONX,2027-12-01,8.1e-05,0,very_low,baseline
DISTRICT 12 OFFICE,BRONX,2028-01-01,9.3e-05,0,very_low,baseline
DISTRICT 12 OFFICE,BRONX,2028-02-01,9.2e-05,0,very_low,baseline
DISTRICT 12 OFFICE,BRONX,2028-03-01,9.1e-05,0,very_low,baseline
DISTRICT 12 OFFICE,BRONX,2028-04-01,9.1e-05,0,very_low,baseline
DISTRICT 12 OFFICE,BRONX,2028-05-01,9.4e-05,0,very_low,baseline
DISTRICT 12 OFFICE,BRONX,2028-06-01,9.2e-05,0,very_low,baseline
DISTRICT 12 OFFICE,BRONX,2028-07-01,9.2e-05,0,very_low,baseline
DISTRICT 12 OFFICE,BRONX,2028-08-01,9.2e-05,0,very_low,baseline
DISTRICT 12 OFFICE,BRONX,2028-09-01,9.5e-05,0,very_low,baseline
DISTRICT 12 OFFICE,BRONX,2028-10-01,8.4e-05,0,very_low,baseline
DISTRICT 12 OFFICE,BRONX,2028-11-01,7.9e-05,0,very_low,baseline
DISTRICT 12 OFFICE,BRONX,2028-12-01,8.1e-05,0,very_low,baseline
DISTRICT 12 OFFICE,BRONX,2029-01-01,9.3e-05,0,very_low,baseline
DISTRICT 12 OFFICE,BRONX,2029-02-01,9.2e-05,0,very_low,baseline
DISTRICT 12 OFFICE,BRONX,2029-03-01,9.1e-05,0,very_low,baseline
DISTRICT 12 OFFICE,BRONX,2029-04-01,9.1e-05,0,very_low,baseline
DISTRICT 12 OFFICE,BRONX,2029-05-01,9.4e-05,0,very_low,baseline
DISTRICT 12 OFFICE,BRONX,2029-06-01,9.2e-05,0,very_low,baseline
DISTRICT 12 OFFICE,BRONX,2029-07-01,9.2e-05,0,very_low,baseline
DISTRICT 12 OFFICE,BRONX,2029-08-01,9.2e-05,0,very_low,baseline
DISTRICT 12 OFFICE,BRONX,2029-09-01,9.5e-05,0,very_low,baseline
DISTRICT 12 OFFICE,BRONX,2029-10-01,8.4e-05,0,very_low,baseline
DISTRICT 12 OFFICE,BRONX,2029-11-01,7.9e-05,0,very_low,baseline
DISTRICT 12 OFFICE,BRONX,2029-12-01,8.1e-05,0,very_low,baseline
DISTRICT 2 OFFICE,MANHATTAN,2027-01-01,5.4e-05,0,very_low,baseline
DISTRICT 2 OFFICE,MANHATTAN,2027-02-01,6.3e-05,0,very_low,baseline
DISTRICT 2 OFFICE,MANHATTAN,2027-03-01,6.6e-05,0,very_low,baseline
DISTRICT 2 OFFICE,MANHATTAN,2027-04-01,5.7e-05,0,very_low,baseline
DISTRICT 2 OFFICE,MANHATTAN,2027-05-01,6.8e-05,0,very_low,baseline
DISTRICT 2 OFFICE,MANHATTAN,2027-06-01,6.4e-05,0,very_low,baseline
DISTRICT 2 OFFICE,MANHATTAN,2027-07-01,6.4e-05,0,very_low,baseline
DISTRICT 2 OFFICE,MANHATTAN,2027-08-01,6.4e-05,0,very_low,baseline
DISTRICT 2 OFFICE,MANHATTAN,2027-09-01,6.7e-05,0,very_low,baseline
DISTRICT 2 OFFICE,MANHATTAN,2027-10-01,6e-05,0,very_low,baseline
DISTRICT 2 OFFICE,MANHATTAN,2027-11-01,5.6e-05,0,very_low,baseline
DISTRICT 2 OFFICE,MANHATTAN,2027-12-01,5.6e-05,0,very_low,baseline
DISTRICT 2 OFFICE,MANHATTAN,2028-01-01,6.3e-05,0,very_low,baseline
DISTRICT 2 OFFICE,MANHATTAN,2028-02-01,6.2e-05,0,very_low,baseline
DISTRICT 2 OFFICE,MANHATTAN,2028-03-01,6.1e-05,0,very_low,baseline
DISTRICT 2 OFFICE,MANHATTAN,2028-04-01,6.1e-05,0,very_low,baseline
DISTRICT 2 OFFICE,MANHATTAN,2028-05-01,6.3e-05,0,very_low,baseline
DISTRICT 2 OFFICE,MANHATTAN,2028-06-01,6.4e-05,0,very_low,baseline
DISTRICT 2 OFFICE,MANHATTAN,2028-07-01,6.4e-05,0,very_low,baseline
DISTRICT 2 OFFICE,MANHATTAN,2028-08-01,6.4e-05,0,very_low,baseline
DISTRICT 2 OFFICE,MANHATTAN,2028-09-01,6.7e-05,0,very_low,baseline
DISTRICT 2 OFFICE,MANHATTAN,2028-10-01,6e-05,0,very_low,baseline
DISTRICT 2 OFFICE,MANHATTAN,2028-11-01,5.6e-05,0,very_low,baseline
DISTRICT 2 OFFICE,MANHATTAN,2028-12-01,5.6e-05,0,very_low,baseline
DISTRICT 2 OFFICE,MANHATTAN,2029-01-01,6.3e-05,0,very_low,baseline
DISTRICT 2 OFFICE,MANHATTAN,2029-02-01,6.2e-05,0,very_low,baseline
DISTRICT 2 OFFICE,MANHATTAN,2029-03-01,6.1e-05,0,very_low,baseline
DISTRICT 2 OFFICE,MANHATTAN,2029-04-01,6.1e-05,0,very_low,baseline
DISTRICT 2 OFFICE,MANHATTAN,2029-05-01,6.3e-05,0,very_low,baseline
DISTRICT 2 OFFICE,MANHATTAN,2029-06-01,6.4e-05,0,very_low,baseline
DISTRICT 2 OFFICE,MANHATTAN,2029-07-01,6.4e-05,0,very_low,baseline
DISTRICT 2 OFFICE,MANHATTAN,2029-08-01,6.4e-05,0,very_low,baseline
DISTRICT 2 OFFICE,MANHATTAN,2029-09-01,6.7e-05,0,very_low,baseline
DISTRICT 2 OFFICE,MANHATTAN,2029-10-01,6e-05,0,very_low,baseline
DISTRICT 2 OFFICE,MANHATTAN,2029-11-01,5.6e-05,0,very_low,baseline
DISTRICT 2 OFFICE,MANHATTAN,2029-12-01,5.6e-05,0,very_low,baseline
DISTRICT 20 OFFICE,QUEENS,2027-01-01,0.000212,0,very_low,baseline
DISTRICT 20 OFFICE,QUEENS,2027-02-01,0.00022,0,very_low,baseline
DISTRICT 20 OFFICE,QUEENS,2027-03-01,0.000165,0,very_low,baseline
DISTRICT 20 OFFICE,QUEENS,2027-04-01,0.000153,0,very_low,baseline
DISTRICT 20 OFFICE,QUEENS,2027-05-01,0.000157,0,very_low,baseline
DISTRICT 20 OFFICE,QUEENS,2027-06-01,0.00017,0,very_low,baseline
DISTRICT 20 OFFICE,QUEENS,2027-07-01,0.00017,0,very_low,baseline
DISTRICT 20 OFFICE,QUEENS,2027-08-01,0.00017,0,very_low,baseline
DISTRICT 20 OFFICE,QUEENS,2027-09-01,0.000174,0,very_low,baseline
DISTRICT 20 OFFICE,QUEENS,2027-10-01,0.000144,0,very_low,baseline
DISTRICT 20 OFFICE,QUEENS,2027-11-01,0.000135,0,very_low,baseline
DISTRICT 20 OFFICE,QUEENS,2027-12-01,0.000133,0,very_low,baseline
DISTRICT 20 OFFICE,QUEENS,2028-01-01,0.000162,0,very_low,baseline
DISTRICT 20 OFFICE,QUEENS,2028-02-01,0.000161,0,very_low,baseline
DISTRICT 20 OFFICE,QUEENS,2028-03-01,0.000162,0,very_low,baseline
DISTRICT 20 OFFICE,QUEENS,2028-04-01,0.000162,0,very_low,baseline
DISTRICT 20 OFFICE,QUEENS,2028-05-01,0.000168,0,very_low,baseline
DISTRICT 20 OFFICE,QUEENS,2028-06-01,0.00017,0,very_low,baseline
DISTRICT 20 OFFICE,QUEENS,2028-07-01,0.00017,0,very_low,baseline
DISTRICT 20 OFFICE,QUEENS,2028-08-01,0.00017,0,very_low,baseline
DISTRICT 20 OFFICE,QUEENS,2028-09-01,0.000174,0,very_low,baseline
DISTRICT 20 OFFICE,QUEENS,2028-10-01,0.000144,0,very_low,baseline
DISTRICT 20 OFFICE,QUEENS,2028-11-01,0.000135,0,very_low,baseline
DISTRICT 20 OFFICE,QUEENS,2028-12-01,0.000133,0,very_low,baseline
DISTRICT 20 OFFICE,QUEENS,2029-01-01,0.000162,0,very_low,baseline
DISTRICT 20 OFFICE,QUEENS,2029-02-01,0.000161,0,very_low,baseline
DISTRICT 20 OFFICE,QUEENS,2029-03-01,0.000162,0,very_low,baseline
DISTRICT 20 OFFICE,QUEENS,2029-04-01,0.000162,0,very_low,baseline
DISTRICT 20 OFFICE,QUEENS,2029-05-01,0.000168,0,very_low,baseline
DISTRICT 20 OFFICE,QUEENS,2029-06-01,0.00017,0,very_low,baseline
DISTRICT 20 OFFICE,QUEENS,2029-07-01,0.00017,0,very_low,baseline
DISTRICT 20 OFFICE,QUEENS,2029-08-01,0.00017,0,very_low,baseline
DISTRICT 20 OFFICE,QUEENS,2029-09-01,0.000174,0,very_low,baseline
DISTRICT 20 OFFICE,QUEENS,2029-10-01,0.000144,0,very_low,baseline
DISTRICT 20 OFFICE,QUEENS,2029-11-01,0.000135,0,very_low,baseline
DISTRICT 20 OFFICE,QUEENS,2029-12-01,0.000133,0,very_low,baseline
DISTRICT 3 OFFICE,MANHATTAN,2027-01-01,6.8e-05,0,very_low,baseline
DISTRICT 3 OFFICE,MANHATTAN,2027-02-01,5.9e-05,0,very_low,baseline
DISTRICT 3 OFFICE,MANHATTAN,2027-03-01,6e-05,0,very_low,baseline
DISTRICT 3 OFFICE,MANHATTAN,2027-04-01,6e-05,0,very_low,baseline
DISTRICT 3 OFFICE,MANHATTAN,2027-05-01,6.3e-05,0,very_low,baseline
DISTRICT 3 OFFICE,MANHATTAN,2027-06-01,6.3e-05,0,very_low,baseline
DISTRICT 3 OFFICE,MANHATTAN,2027-07-01,6.3e-05,0,very_low,baseline
DISTRICT 3 OFFICE,MANHATTAN,2027-08-01,6.3e-05,0,very_low,baseline
DISTRICT 3 OFFICE,MANHATTAN,2027-09-01,6.7e-05,0,very_low,baseline
DISTRICT 3 OFFICE,MANHATTAN,2027-10-01,6e-05,0,very_low,baseline
DISTRICT 3 OFFICE,MANHATTAN,2027-11-01,5.7e-05,0,very_low,baseline
DISTRICT 3 OFFICE,MANHATTAN,2027-12-01,5.7e-05,0,very_low,baseline
DISTRICT 3 OFFICE,MANHATTAN,2028-01-01,6.3e-05,0,very_low,baseline
DISTRICT 3 OFFICE,MANHATTAN,2028-02-01,6.2e-05,0,very_low,baseline
DISTRICT 3 OFFICE,MANHATTAN,2028-03-01,6e-05,0,very_low,baseline
DISTRICT 3 OFFICE,MANHATTAN,2028-04-01,6e-05,0,very_low,baseline
DISTRICT 3 OFFICE,MANHATTAN,2028-05-01,6.3e-05,0,very_low,baseline
DISTRICT 3 OFFICE,MANHATTAN,2028-06-01,6.3e-05,0,very_low,baseline
DISTRICT 3 OFFICE,MANHATTAN,2028-07-01,6.3e-05,0,very_low,baseline
DISTRICT 3 OFFICE,MANHATTAN,2028-08-01,6.3e-05,0,very_low,baseline
DISTRICT 3 OFFICE,MANHATTAN,2028-09-01,6.7e-05,0,very_low,baseline
DISTRICT 3 OFFICE,MANHATTAN,2028-10-01,6e-05,0,very_low,baseline
DISTRICT 3 OFFICE,MANHATTAN,2028-11-01,5.7e-05,0,very_low,baseline
DISTRICT 3 OFFICE,MANHATTAN,2028-12-01,5.7e-05,0,very_low,baseline
DISTRICT 3 OFFICE,MANHATTAN,2029-01-01,6.3e-05,0,very_low,baseline
DISTRICT 3 OFFICE,MANHATTAN,2029-02-01,6.2e-05,0,very_low,baseline
DISTRICT 3 OFFICE,MANHATTAN,2029-03-01,6e-05,0,very_low,baseline
DISTRICT 3 OFFICE,MANHATTAN,2029-04-01,6e-05,0,very_low,baseline
DISTRICT 3 OFFICE,MANHATTAN,2029-05-01,6.3e-05,0,very_low,baseline
DISTRICT 3 OFFICE,MANHATTAN,2029-06-01,6.3e-05,0,very_low,baseline
DISTRICT 3 OFFICE,MANHATTAN,2029-07-01,6.3e-05,0,very_low,baseline
DISTRICT 3 OFFICE,MANHATTAN,2029-08-01,6.3e-05,0,very_low,baseline
DISTRICT 3 OFFICE,MANHATTAN,2029-09-01,6.7e-05,0,very_low,baseline
DISTRICT 3 OFFICE,MANHATTAN,2029-10-01,6e-05,0,very_low,baseline
DISTRICT 3 OFFICE,MANHATTAN,2029-11-01,5.7e-05,0,very_low,baseline
DISTRICT 3 OFFICE,MANHATTAN,2029-12-01,5.7e-05,0,very_low,baseline
DISTRICT 30 OFFICE,BROOKLYN,2027-01-01,7.8e-05,0,very_low,baseline
DISTRICT 30 OFFICE,BROOKLYN,2027-02-01,7.5e-05,0,very_low,baseline
DISTRICT 30 OFFICE,BROOKLYN,2027-03-01,7.4e-05,0,very_low,baseline
DISTRICT 30 OFFICE,BROOKLYN,2027-04-01,7.4e-05,0,very_low,baseline
DISTRICT 30 OFFICE,BROOKLYN,2027-05-01,7.7e-05,0,very_low,baseline
DISTRICT 30 OFFICE,BROOKLYN,2027-06-01,7.8e-05,0,very_low,baseline
DISTRICT 30 OFFICE,BROOKLYN,2027-07-01,7.8e-05,0,very_low,baseline
DISTRICT 30 OFFICE,BROOKLYN,2027-08-01,7.8e-05,0,very_low,baseline
DISTRICT 30 OFFICE,BROOKLYN,2027-09-01,8.2e-05,0,very_low,baseline
DISTRICT 30 OFFICE,BROOKLYN,2027-10-01,7.3e-05,0,very_low,baseline
DISTRICT 30 OFFICE,BROOKLYN,2027-11-01,6.9e-05,0,very_low,baseline
DISTRICT 30 OFFICE,BROOKLYN,2027-12-01,7.1e-05,0,very_low,baseline
DISTRICT 30 OFFICE,BROOKLYN,2028-01-01,7.7e-05,0,very_low,baseline
DISTRICT 30 OFFICE,BROOKLYN,2028-02-01,7.6e-05,0,very_low,baseline
DISTRICT 30 OFFICE,BROOKLYN,2028-03-01,7.4e-05,0,very_low,baseline
DISTRICT 30 OFFICE,BROOKLYN,2028-04-01,7.4e-05,0,very_low,baseline
DISTRICT 30 OFFICE,BROOKLYN,2028-05-01,7.7e-05,0,very_low,baseline
DISTRICT 30 OFFICE,BROOKLYN,2028-06-01,7.8e-05,0,very_low,baseline
DISTRICT 30 OFFICE,BROOKLYN,2028-07-01,7.8e-05,0,very_low,baseline
DISTRICT 30 OFFICE,BROOKLYN,2028-08-01,7.8e-05,0,very_low,baseline
DISTRICT 30 OFFICE,BROOKLYN,2028-09-01,8.2e-05,0,very_low,baseline
DISTRICT 30 OFFICE,BROOKLYN,2028-10-01,7.3e-05,0,very_low,baseline
DISTRICT 30 OFFICE,BROOKLYN,2028-11-01,6.9e-05,0,very_low,baseline
DISTRICT 30 OFFICE,BROOKLYN,2028-12-01,7.1e-05,0,very_low,baseline
DISTRICT 30 OFFICE,BROOKLYN,2029-01-01,7.7e-05,0,very_low,baseline
DISTRICT 30 OFFICE,BROOKLYN,2029-02-01,7.6e-05,0,very_low,baseline
DISTRICT 30 OFFICE,BROOKLYN,2029-03-01,7.4e-05,0,very_low,baseline
DISTRICT 30 OFFICE,BROOKLYN,2029-04-01,7.4e-05,0,very_low,baseline
DISTRICT 30 OFFICE,BROOKLYN,2029-05-01,7.7e-05,0,very_low,baseline
DISTRICT 30 OFFICE,BROOKLYN,2029-06-01,7.8e-05,0,very_low,baseline
DISTRICT 30 OFFICE,BROOKLYN,2029-07-01,7.8e-05,0,very_low,baseline
DISTRICT 30 OFFICE,BROOKLYN,2029-08-01,7.8e-05,0,very_low,baseline
DISTRICT 30 OFFICE,BROOKLYN,2029-09-01,8.2e-05,0,very_low,baseline
DISTRICT 30 OFFICE,BROOKLYN,2029-10-01,7.3e-05,0,very_low,baseline
DISTRICT 30 OFFICE,BROOKLYN,2029-11-01,6.9e-05,0,very_low,baseline
DISTRICT 30 OFFICE,BROOKLYN,2029-12-01,7.1e-05,0,very_low,baseline
DISTRICT 32 OFFICE,BROOKLYN,2027-01-01,9.5e-05,0,very_low,baseline
DISTRICT 32 OFFICE,BROOKLYN,2027-02-01,6.6e-05,0,very_low,baseline
DISTRICT 32 OFFICE,BROOKLYN,2027-03-01,6.5e-05,0,very_low,baseline
DISTRICT 32 OFFICE,BROOKLYN,2027-04-01,6.7e-05,0,very_low,baseline
DISTRICT 32 OFFICE,BROOKLYN,2027-05-01,6.8e-05,0,very_low,baseline
DISTRICT 32 OFFICE,BROOKLYN,2027-06-01,7.5e-05,0,very_low,baseline
DISTRICT 32 OFFICE,BROOKLYN,2027-07-01,7.5e-05,0,very_low,baseline
DISTRICT 32 OFFICE,BROOKLYN,2027-08-01,7.5e-05,0,very_low,baseline
DISTRICT 32 OFFICE,BROOKLYN,2027-09-01,7.9e-05,0,very_low,baseline
DISTRICT 32 OFFICE,BROOKLYN,2027-10-01,7e-05,0,very_low,baseline
DISTRICT 32 OFFICE,BROOKLYN,2027-11-01,6.6e-05,0,very_low,baseline
DISTRICT 32 OFFICE,BROOKLYN,2027-12-01,6.8e-05,0,very_low,baseline
DISTRICT 32 OFFICE,BROOKLYN,2028-01-01,7.5e-05,0,very_low,baseline
DISTRICT 32 OFFICE,BROOKLYN,2028-02-01,7.3e-05,0,very_low,baseline
DISTRICT 32 OFFICE,BROOKLYN,2028-03-01,7.2e-05,0,very_low,baseline
DISTRICT 32 OFFICE,BROOKLYN,2028-04-01,7.2e-05,0,very_low,baseline
DISTRICT 32 OFFICE,BROOKLYN,2028-05-01,7.5e-05,0,very_low,baseline
DISTRICT 32 OFFICE,BROOKLYN,2028-06-01,7.5e-05,0,very_low,baseline
DISTRICT 32 OFFICE,BROOKLYN,2028-07-01,7.5e-05,0,very_low,baseline
DISTRICT 32 OFFICE,BROOKLYN,2028-08-01,7.5e-05,0,very_low,baseline
DISTRICT 32 OFFICE,BROOKLYN,2028-09-01,7.9e-05,0,very_low,baseline
DISTRICT 32 OFFICE,BROOKLYN,2028-10-01,7e-05,0,very_low,baseline
DISTRICT 32 OFFICE,BROOKLYN,2028-11-01,6.6e-05,0,very_low,baseline
DISTRICT 32 OFFICE,BROOKLYN,2028-12-01,6.8e-05,0,very_low,baseline
DISTRICT 32 OFFICE,BROOKLYN,2029-01-01,7.5e-05,0,very_low,baseline
DISTRICT 32 OFFICE,BROOKLYN,2029-02-01,7.3e-05,0,very_low,baseline
DISTRICT 32 OFFICE,BROOKLYN,2029-03-01,7.2e-05,0,very_low,baseline
DISTRICT 32 OFFICE,BROOKLYN,2029-04-01,7.2e-05,0,very_low,baseline
DISTRICT 32 OFFICE,BROOKLYN,2029-05-01,7.5e-05,0,very_low,baseline
DISTRICT 32 OFFICE,BROOKLYN,2029-06-01,7.5e-05,0,very_low,baseline
DISTRICT 32 OFFICE,BROOKLYN,2029-07-01,7.5e-05,0,very_low,baseline
DISTRICT 32 OFFICE,BROOKLYN,2029-08-01,7.5e-05,0,very_low,baseline
DISTRICT 32 OFFICE,BROOKLYN,2029-09-01,7.9e-05,0,very_low,baseline
DISTRICT 32 OFFICE,BROOKLYN,2029-10-01,7e-05,0,very_low,baseline
DISTRICT 32 OFFICE,BROOKLYN,2029-11-01,6.6e-05,0,very_low,baseline
DISTRICT 32 OFFICE,BROOKLYN,2029-12-01,6.8e-05,0,very_low,baseline
DISTRICT 33 OFFICE,BROOKLYN,2027-01-01,7.1e-05,0,very_low,baseline
DISTRICT 33 OFFICE,BROOKLYN,2027-02-01,7.8e-05,0,very_low,baseline
DISTRICT 33 OFFICE,BROOKLYN,2027-03-01,7.7e-05,0,very_low,baseline
DISTRICT 33 OFFICE,BROOKLYN,2027-04-01,7.7e-05,0,very_low,baseline
DISTRICT 33 OFFICE,BROOKLYN,2027-05-01,7.9e-05,0,very_low,baseline
DISTRICT 33 OFFICE,BROOKLYN,2027-06-01,8e-05,0,very_low,baseline
DISTRICT 33 OFFICE,BROOKLYN,2027-07-01,8e-05,0,very_low,baseline
DISTRICT 33 OFFICE,BROOKLYN,2027-08-01,8e-05,0,very_low,baseline
DISTRICT 33 OFFICE,BROOKLYN,2027-09-01,8.4e-05,0,very_low,baseline
DISTRICT 33 OFFICE,BROOKLYN,2027-10-01,7.3e-05,0,very_low,baseline
DISTRICT 33 OFFICE,BROOKLYN,2027-11-01,6.8e-05,0,very_low,baseline
DISTRICT 33 OFFICE,BROOKLYN,2027-12-01,7e-05,0,very_low,baseline
DISTRICT 33 OFFICE,BROOKLYN,2028-01-01,7.9e-05,0,very_low,baseline
DISTRICT 33 OFFICE,BROOKLYN,2028-02-01,7.8e-05,0,very_low,baseline
DISTRICT 33 OFFICE,BROOKLYN,2028-03-01,7.7e-05,0,very_low,baseline
DISTRICT 33 OFFICE,BROOKLYN,2028-04-01,7.7e-05,0,very_low,baseline
DISTRICT 33 OFFICE,BROOKLYN,2028-05-01,7.9e-05,0,very_low,baseline
DISTRICT 33 OFFICE,BROOKLYN,2028-06-01,8e-05,0,very_low,baseline
DISTRICT 33 OFFICE,BROOKLYN,2028-07-01,8e-05,0,very_low,baseline
DISTRICT 33 OFFICE,BROOKLYN,2028-08-01,8e-05,0,very_low,baseline
DISTRICT 33 OFFICE,BROOKLYN,2028-09-01,8.4e-05,0,very_low,baseline
DISTRICT 33 OFFICE,BROOKLYN,2028-10-01,7.3e-05,0,very_low,baseline
DISTRICT 33 OFFICE,BROOKLYN,2028-11-01,6.8e-05,0,very_low,baseline
DISTRICT 33 OFFICE,BROOKLYN,2028-12-01,7e-05,0,very_low,baseline
DISTRICT 33 OFFICE,BROOKLYN,2029-01-01,7.9e-05,0,very_low,baseline
DISTRICT 33 OFFICE,BROOKLYN,2029-02-01,7.8e-05,0,very_low,baseline
DISTRICT 33 OFFICE,BROOKLYN,2029-03-01,7.7e-05,0,very_low,baseline
DISTRICT 33 OFFICE,BROOKLYN,2029-04-01,7.7e-05,0,very_low,baseline
DISTRICT 33 OFFICE,BROOKLYN,2029-05-01,7.9e-05,0,very_low,baseline
DISTRICT 33 OFFICE,BROOKLYN,2029-06-01,8e-05,0,very_low,baseline
DISTRICT 33 OFFICE,BROOKLYN,2029-07-01,8e-05,0,very_low,baseline
DISTRICT 33 OFFICE,BROOKLYN,2029-08-01,8e-05,0,very_low,baseline
DISTRICT 33 OFFICE,BROOKLYN,2029-09-01,8.4e-05,0,very_low,baseline
DISTRICT 33 OFFICE,BROOKLYN,2029-10-01,7.3e-05,0,very_low,baseline
DISTRICT 33 OFFICE,BROOKLYN,2029-11-01,6.8e-05,0,very_low,baseline
DISTRICT 33 OFFICE,BROOKLYN,2029-12-01,7e-05,0,very_low,baseline
DISTRICT 34 OFFICE,BROOKLYN,2027-01-01,9.7e-05,0,very_low,baseline
DISTRICT 34 OFFICE,BROOKLYN,2027-02-01,8.8e-05,0,very_low,baseline
DISTRICT 34 OFFICE,BROOKLYN,2027-03-01,8.6e-05,0,very_low,baseline
DISTRICT 34 OFFICE,BROOKLYN,2027-04-01,8.7e-05,0,very_low,baseline
DISTRICT 34 OFFICE,BROOKLYN,2027-05-01,8.9e-05,0,very_low,baseline
DISTRICT 34 OFFICE,BROOKLYN,2027-06-01,8.1e-05,0,very_low,baseline
DISTRICT 34 OFFICE,BROOKLYN,2027-07-01,8.1e-05,0,very_low,baseline
DISTRICT 34 OFFICE,BROOKLYN,2027-08-01,8.1e-05,0,very_low,baseline
DISTRICT 34 OFFICE,BROOKLYN,2027-09-01,8.4e-05,0,very_low,baseline
DISTRICT 34 OFFICE,BROOKLYN,2027-10-01,6.9e-05,0,very_low,baseline
DISTRICT 34 OFFICE,BROOKLYN,2027-11-01,6.5e-05,0,very_low,baseline
DISTRICT 34 OFFICE,BROOKLYN,2027-12-01,6.7e-05,0,very_low,baseline
DISTRICT 34 OFFICE,BROOKLYN,2028-01-01,7.8e-05,0,very_low,baseline
DISTRICT 34 OFFICE,BROOKLYN,2028-02-01,7.7e-05,0,very_low,baseline
DISTRICT 34 OFFICE,BROOKLYN,2028-03-01,7.8e-05,0,very_low,baseline
DISTRICT 34 OFFICE,BROOKLYN,2028-04-01,7.8e-05,0,very_low,baseline
DISTRICT 34 OFFICE,BROOKLYN,2028-05-01,8.1e-05,0,very_low,baseline
DISTRICT 34 OFFICE,BROOKLYN,2028-06-01,8.1e-05,0,very_low,baseline
DISTRICT 34 OFFICE,BROOKLYN,2028-07-01,8.1e-05,0,very_low,baseline
DISTRICT 34 OFFICE,BROOKLYN,2028-08-01,8.1e-05,0,very_low,baseline
DISTRICT 34 OFFICE,BROOKLYN,2028-09-01,8.4e-05,0,very_low,baseline
DISTRICT 34 OFFICE,BROOKLYN,2028-10-01,6.9e-05,0,very_low,baseline
DISTRICT 34 OFFICE,BROOKLYN,2028-11-01,6.5e-05,0,very_low,baseline
DISTRICT 34 OFFICE,BROOKLYN,2028-12-01,6.7e-05,0,very_low,baseline
DISTRICT 34 OFFICE,BROOKLYN,2029-01-01,7.8e-05,0,very_low,baseline
DISTRICT 34 OFFICE,BROOKLYN,2029-02-01,7.7e-05,0,very_low,baseline
DISTRICT 34 OFFICE,BROOKLYN,2029-03-01,7.8e-05,0,very_low,baseline
DISTRICT 34 OFFICE,BROOKLYN,2029-04-01,7.8e-05,0,very_low,baseline
DISTRICT 34 OFFICE,BROOKLYN,2029-05-01,8.1e-05,0,very_low,baseline
DISTRICT 34 OFFICE,BROOKLYN,2029-06-01,8.1e-05,0,very_low,baseline
DISTRICT 34 OFFICE,BROOKLYN,2029-07-01,8.1e-05,0,very_low,baseline
DISTRICT 34 OFFICE,BROOKLYN,2029-08-01,8.1e-05,0,very_low,baseline
DISTRICT 34 OFFICE,BROOKLYN,2029-09-01,8.4e-05,0,very_low,baseline
DISTRICT 34 OFFICE,BROOKLYN,2029-10-01,6.9e-05,0,very_low,baseline
DISTRICT 34 OFFICE,BROOKLYN,2029-11-01,6.5e-05,0,very_low,baseline
DISTRICT 34 OFFICE,BROOKLYN,2029-12-01,6.7e-05,0,very_low,baseline
DISTRICT 4 OFFICE,MANHATTAN,2027-01-01,5.6e-05,0,very_low,baseline
DISTRICT 4 OFFICE,MANHATTAN,2027-02-01,5.2e-05,0,very_low,baseline
DISTRICT 4 OFFICE,MANHATTAN,2027-03-01,6e-05,0,very_low,baseline
DISTRICT 4 OFFICE,MANHATTAN,2027-04-01,5.6e-05,0,very_low,baseline
DISTRICT 4 OFFICE,MANHATTAN,2027-05-01,5.9e-05,0,very_low,baseline
DISTRICT 4 OFFICE,MANHATTAN,2027-06-01,6.3e-05,0,very_low,baseline
DISTRICT 4 OFFICE,MANHATTAN,2027-07-01,6.3e-05,0,very_low,baseline
DISTRICT 4 OFFICE,MANHATTAN,2027-08-01,6.3e-05,0,very_low,baseline
DISTRICT 4 OFFICE,MANHATTAN,2027-09-01,6.7e-05,0,very_low,baseline
DISTRICT 4 OFFICE,MANHATTAN,2027-10-01,6e-05,0,very_low,baseline
DISTRICT 4 OFFICE,MANHATTAN,2027-11-01,5.7e-05,0,very_low,baseline
DISTRICT 4 OFFICE,MANHATTAN,2027-12-01,5.7e-05,0,very_low,baseline
DISTRICT 4 OFFICE,MANHATTAN,2028-01-01,6.3e-05,0,very_low,baseline
DISTRICT 4 OFFICE,MANHATTAN,2028-02-01,6.2e-05,0,very_low,baseline
DISTRICT 4 OFFICE,MANHATTAN,2028-03-01,6e-05,0,very_low,baseline
DISTRICT 4 OFFICE,MANHATTAN,2028-04-01,6e-05,0,very_low,baseline
DISTRICT 4 OFFICE,MANHATTAN,2028-05-01,6.3e-05,0,very_low,baseline
DISTRICT 4 OFFICE,MANHATTAN,2028-06-01,6.3e-05,0,very_low,baseline
DISTRICT 4 OFFICE,MANHATTAN,2028-07-01,6.3e-05,0,very_low,baseline
DISTRICT 4 OFFICE,MANHATTAN,2028-08-01,6.3e-05,0,very_low,baseline
DISTRICT 4 OFFICE,MANHATTAN,2028-09-01,6.7e-05,0,very_low,baseline
DISTRICT 4 OFFICE,MANHATTAN,2028-10-01,6e-05,0,very_low,baseline
DISTRICT 4 OFFICE,MANHATTAN,2028-11-01,5.7e-05,0,very_low,baseline
DISTRICT 4 OFFICE,MANHATTAN,2028-12-01,5.7e-05,0,very_low,baseline
DISTRICT 4 OFFICE,MANHATTAN,2029-01-01,6.3e-05,0,very_low,baseline
DISTRICT 4 OFFICE,MANHATTAN,2029-02-01,6.2e-05,0,very_low,baseline
DISTRICT 4 OFFICE,MANHATTAN,2029-03-01,6e-05,0,very_low,baseline
DISTRICT 4 OFFICE,MANHATTAN,2029-04-01,6e-05,0,very_low,baseline
DISTRICT 4 OFFICE,MANHATTAN,2029-05-01,6.3e-05,0,very_low,baseline
DISTRICT 4 OFFICE,MANHATTAN,2029-06-01,6.3e-05,0,very_low,baseline
DISTRICT 4 OFFICE,MANHATTAN,2029-07-01,6.3e-05,0,very_low,baseline
DISTRICT 4 OFFICE,MANHATTAN,2029-08-01,6.3e-05,0,very_low,baseline
DISTRICT 4 OFFICE,MANHATTAN,2029-09-01,6.7e-05,0,very_low,baseline
DISTRICT 4 OFFICE,MANHATTAN,2029-10-01,6e-05,0,very_low,baseline
DISTRICT 4 OFFICE,MANHATTAN,2029-11-01,5.7e-05,0,very_low,baseline
DISTRICT 4 OFFICE,MANHATTAN,2029-12-01,5.7e-05,0,very_low,baseline
DITMARS BLVD.-ASTORIA,QUEENS,2027-01-01,0.000703,0,very_low,baseline
DITMARS BLVD.-ASTORIA,QUEENS,2027-02-01,0.000222,0,very_low,baseline
DITMARS BLVD.-ASTORIA,QUEENS,2027-03-01,0.000267,0,very_low,baseline
DITMARS BLVD.-ASTORIA,QUEENS,2027-04-01,0.000275,0,very_low,baseline
DITMARS BLVD.-ASTORIA,QUEENS,2027-05-01,0.000382,0,very_low,baseline
DITMARS BLVD.-ASTORIA,QUEENS,2027-06-01,0.000385,0,very_low,baseline
DITMARS BLVD.-ASTORIA,QUEENS,2027-07-01,0.000385,0,very_low,baseline
DITMARS BLVD.-ASTORIA,QUEENS,2027-08-01,0.000385,0,very_low,baseline
DITMARS BLVD.-ASTORIA,QUEENS,2027-09-01,0.000381,0,very_low,baseline
DITMARS BLVD.-ASTORIA,QUEENS,2027-10-01,0.000306,0,very_low,baseline
DITMARS BLVD.-ASTORIA,QUEENS,2027-11-01,0.000288,0,very_low,baseline
DITMARS BLVD.-ASTORIA,QUEENS,2027-12-01,0.0003,0,very_low,baseline
DITMARS BLVD.-ASTORIA,QUEENS,2028-01-01,0.000378,0,very_low,baseline
DITMARS BLVD.-ASTORIA,QUEENS,2028-02-01,0.000364,0,very_low,baseline
DITMARS BLVD.-ASTORIA,QUEENS,2028-03-01,0.000367,0,very_low,baseline
DITMARS BLVD.-ASTORIA,QUEENS,2028-04-01,0.000367,0,very_low,baseline
DITMARS BLVD.-ASTORIA,QUEENS,2028-05-01,0.000382,0,very_low,baseline
DITMARS BLVD.-ASTORIA,QUEENS,2028-06-01,0.000385,0,very_low,baseline
DITMARS BLVD.-ASTORIA,QUEENS,2028-07-01,0.000385,0,very_low,baseline
DITMARS BLVD.-ASTORIA,QUEENS,2028-08-01,0.000385,0,very_low,baseline
DITMARS BLVD.-ASTORIA,QUEENS,2028-09-01,0.000381,0,very_low,baseline
DITMARS BLVD.-ASTORIA,QUEENS,2028-10-01,0.000306,0,very_low,baseline
DITMARS BLVD.-ASTORIA,QUEENS,2028-11-01,0.000288,0,very_low,baseline
DITMARS BLVD.-ASTORIA,QUEENS,2028-12-01,0.0003,0,very_low,baseline
DITMARS BLVD.-ASTORIA,QUEENS,2029-01-01,0.000378,0,very_low,baseline
DITMARS BLVD.-ASTORIA,QUEENS,2029-02-01,0.000364,0,very_low,baseline
DITMARS BLVD.-ASTORIA,QUEENS,2029-03-01,0.000367,0,very_low,baseline
DITMARS BLVD.-ASTORIA,QUEENS,2029-04-01,0.000367,0,very_low,baseline
DITMARS BLVD.-ASTORIA,QUEENS,2029-05-01,0.000382,0,very_low,baseline
DITMARS BLVD.-ASTORIA,QUEENS,2029-06-01,0.000385,0,very_low,baseline
DITMARS BLVD.-ASTORIA,QUEENS,2029-07-01,0.000385,0,very_low,baseline
DITMARS BLVD.-ASTORIA,QUEENS,2029-08-01,0.000385,0,very_low,baseline
DITMARS BLVD.-ASTORIA,QUEENS,2029-09-01,0.000381,0,very_low,baseline
DITMARS BLVD.-ASTORIA,QUEENS,2029-10-01,0.000306,0,very_low,baseline
DITMARS BLVD.-ASTORIA,QUEENS,2029-11-01,0.000288,0,very_low,baseline
DITMARS BLVD.-ASTORIA,QUEENS,2029-12-01,0.0003,0,very_low,baseline
DITMAS AVENUE,BROOKLYN,2027-01-01,0.000143,0,very_low,baseline
DITMAS AVENUE,BROOKLYN,2027-02-01,0.000119,0,very_low,baseline
DITMAS AVENUE,BROOKLYN,2027-03-01,0.000115,0,very_low,baseline
DITMAS AVENUE,BROOKLYN,2027-04-01,0.000113,0,very_low,baseline
DITMAS AVENUE,BROOKLYN,2027-05-01,0.000133,0,very_low,baseline
DITMAS AVENUE,BROOKLYN,2027-06-01,0.00013,0,very_low,baseline
DITMAS AVENUE,BROOKLYN,2027-07-01,0.00013,0,very_low,baseline
DITMAS AVENUE,BROOKLYN,2027-08-01,0.00013,0,very_low,baseline
DITMAS AVENUE,BROOKLYN,2027-09-01,0.000132,0,very_low,baseline
DITMAS AVENUE,BROOKLYN,2027-10-01,0.000107,0,very_low,baseline
DITMAS AVENUE,BROOKLYN,2027-11-01,0.000101,0,very_low,baseline
DITMAS AVENUE,BROOKLYN,2027-12-01,0.000103,0,very_low,baseline
DITMAS AVENUE,BROOKLYN,2028-01-01,0.000128,0,very_low,baseline
DITMAS AVENUE,BROOKLYN,2028-02-01,0.000127,0,very_low,baseline
DITMAS AVENUE,BROOKLYN,2028-03-01,0.000125,0,very_low,baseline
DITMAS AVENUE,BROOKLYN,2028-04-01,0.000125,0,very_low,baseline
DITMAS AVENUE,BROOKLYN,2028-05-01,0.000129,0,very_low,baseline
DITMAS AVENUE,BROOKLYN,2028-06-01,0.00013,0,very_low,baseline
DITMAS AVENUE,BROOKLYN,2028-07-01,0.00013,0,very_low,baseline
DITMAS AVENUE,BROOKLYN,2028-08-01,0.00013,0,very_low,baseline
DITMAS AVENUE,BROOKLYN,2028-09-01,0.000132,0,very_low,baseline
DITMAS AVENUE,BROOKLYN,2028-10-01,0.000107,0,very_low,baseline
DITMAS AVENUE,BROOKLYN,2028-11-01,0.000101,0,very_low,baseline
DITMAS AVENUE,BROOKLYN,2028-12-01,0.000103,0,very_low,baseline
DITMAS AVENUE,BROOKLYN,2029-01-01,0.000128,0,very_low,baseline
DITMAS AVENUE,BROOKLYN,2029-02-01,0.000127,0,very_low,baseline
DITMAS AVENUE,BROOKLYN,2029-03-01,0.000125,0,very_low,baseline
DITMAS AVENUE,BROOKLYN,2029-04-01,0.000125,0,very_low,baseline
DITMAS AVENUE,BROOKLYN,2029-05-01,0.000129,0,very_low,baseline
DITMAS AVENUE,BROOKLYN,2029-06-01,0.00013,0,very_low,baseline
DITMAS AVENUE,BROOKLYN,2029-07-01,0.00013,0,very_low,baseline
DITMAS AVENUE,BROOKLYN,2029-08-01,0.00013,0,very_low,baseline
DITMAS AVENUE,BROOKLYN,2029-09-01,0.000132,0,very_low,baseline
DITMAS AVENUE,BROOKLYN,2029-10-01,0.000107,0,very_low,baseline
DITMAS AVENUE,BROOKLYN,2029-11-01,0.000101,0,very_low,baseline
DITMAS AVENUE,BROOKLYN,2029-12-01,0.000103,0,very_low,baseline
DYRE AVE.-EASTCHESTER,BRONX,2027-01-01,0.0001,0,very_low,baseline
DYRE AVE.-EASTCHESTER,BRONX,2027-02-01,8.8e-05,0,very_low,baseline
DYRE AVE.-EASTCHESTER,BRONX,2027-03-01,7.9e-05,0,very_low,baseline
DYRE AVE.-EASTCHESTER,BRONX,2027-04-01,7e-05,0,very_low,baseline
DYRE AVE.-EASTCHESTER,BRONX,2027-05-01,8.5e-05,0,very_low,baseline
DYRE AVE.-EASTCHESTER,BRONX,2027-06-01,0.000104,0,very_low,baseline
DYRE AVE.-EASTCHESTER,BRONX,2027-07-01,0.000104,0,very_low,baseline
DYRE AVE.-EASTCHESTER,BRONX,2027-08-01,0.000104,0,very_low,baseline
DYRE AVE.-EASTCHESTER,BRONX,2027-09-01,0.000108,0,very_low,baseline
DYRE AVE.-EASTCHESTER,BRONX,2027-10-01,9.3e-05,0,very_low,baseline
DYRE AVE.-EASTCHESTER,BRONX,2027-11-01,8.7e-05,0,very_low,baseline
DYRE AVE.-EASTCHESTER,BRONX,2027-12-01,9e-05,0,very_low,baseline
DYRE AVE.-EASTCHESTER,BRONX,2028-01-01,0.000105,0,very_low,baseline
DYRE AVE.-EASTCHESTER,BRONX,2028-02-01,0.000104,0,very_low,baseline
DYRE AVE.-EASTCHESTER,BRONX,2028-03-01,0.000103,0,very_low,baseline
DYRE AVE.-EASTCHESTER,BRONX,2028-04-01,0.000103,0,very_low,baseline
DYRE AVE.-EASTCHESTER,BRONX,2028-05-01,0.000107,0,very_low,baseline
DYRE AVE.-EASTCHESTER,BRONX,2028-06-01,0.000104,0,very_low,baseline
DYRE AVE.-EASTCHESTER,BRONX,2028-07-01,0.000104,0,very_low,baseline
DYRE AVE.-EASTCHESTER,BRONX,2028-08-01,0.000104,0,very_low,baseline
DYRE AVE.-EASTCHESTER,BRONX,2028-09-01,0.000108,0,very_low,baseline
DYRE AVE.-EASTCHESTER,BRONX,2028-10-01,9.3e-05,0,very_low,baseline
DYRE AVE.-EASTCHESTER,BRONX,2028-11-01,8.7e-05,0,very_low,baseline
DYRE AVE.-EASTCHESTER,BRONX,2028-12-01,9e-05,0,very_low,baseline
DYRE AVE.-EASTCHESTER,BRONX,2029-01-01,0.000105,0,very_low,baseline
DYRE AVE.-EASTCHESTER,BRONX,2029-02-01,0.000104,0,very_low,baseline
DYRE AVE.-EASTCHESTER,BRONX,2029-03-01,0.000103,0,very_low,baseline
DYRE AVE.-EASTCHESTER,BRONX,2029-04-01,0.000103,0,very_low,baseline
DYRE AVE.-EASTCHESTER,BRONX,2029-05-01,0.000107,0,very_low,baseline
DYRE AVE.-EASTCHESTER,BRONX,2029-06-01,0.000104,0,very_low,baseline
DYRE AVE.-EASTCHESTER,BRONX,2029-07-01,0.000104,0,very_low,baseline
DYRE AVE.-EASTCHESTER,BRONX,2029-08-01,0.000104,0,very_low,baseline
DYRE AVE.-EASTCHESTER,BRONX,2029-09-01,0.000108,0,very_low,baseline
DYRE AVE.-EASTCHESTER,BRONX,2029-10-01,9.3e-05,0,very_low,baseline
DYRE AVE.-EASTCHESTER,BRONX,2029-11-01,8.7e-05,0,very_low,baseline
DYRE AVE.-EASTCHESTER,BRONX,2029-12-01,9e-05,0,very_low,baseline
EAST 105 STREET,BROOKLYN,2027-01-01,0.000362,0,very_low,baseline
EAST 105 STREET,BROOKLYN,2027-02-01,0.000193,0,very_low,baseline
EAST 105 STREET,BROOKLYN,2027-03-01,0.000134,0,very_low,baseline
EAST 105 STREET,BROOKLYN,2027-04-01,0.00015,0,very_low,baseline
EAST 105 STREET,BROOKLYN,2027-05-01,0.000168,0,very_low,baseline
EAST 105 STREET,BROOKLYN,2027-06-01,0.000174,0,very_low,baseline
EAST 105 STREET,BROOKLYN,2027-07-01,0.000174,0,very_low,baseline
EAST 105 STREET,BROOKLYN,2027-08-01,0.000174,0,very_low,baseline
EAST 105 STREET,BROOKLYN,2027-09-01,0.000177,0,very_low,baseline
EAST 105 STREET,BROOKLYN,2027-10-01,0.000151,0,very_low,baseline
EAST 105 STREET,BROOKLYN,2027-11-01,0.000144,0,very_low,baseline
EAST 105 STREET,BROOKLYN,2027-12-01,0.000148,0,very_low,baseline
EAST 105 STREET,BROOKLYN,2028-01-01,0.000165,0,very_low,baseline
EAST 105 STREET,BROOKLYN,2028-02-01,0.000164,0,very_low,baseline
EAST 105 STREET,BROOKLYN,2028-03-01,0.000161,0,very_low,baseline
EAST 105 STREET,BROOKLYN,2028-04-01,0.000161,0,very_low,baseline
EAST 105 STREET,BROOKLYN,2028-05-01,0.000168,0,very_low,baseline
EAST 105 STREET,BROOKLYN,2028-06-01,0.000174,0,very_low,baseline
EAST 105 STREET,BROOKLYN,2028-07-01,0.000174,0,very_low,baseline
EAST 105 STREET,BROOKLYN,2028-08-01,0.000174,0,very_low,baseline
EAST 105 STREET,BROOKLYN,2028-09-01,0.000177,0,very_low,baseline
EAST 105 STREET,BROOKLYN,2028-10-01,0.000151,0,very_low,baseline
EAST 105 STREET,BROOKLYN,2028-11-01,0.000144,0,very_low,baseline
EAST 105 STREET,BROOKLYN,2028-12-01,0.000148,0,very_low,baseline
EAST 105 STREET,BROOKLYN,2029-01-01,0.000165,0,very_low,baseline
EAST 105 STREET,BROOKLYN,2029-02-01,0.000164,0,very_low,baseline
EAST 105 STREET,BROOKLYN,2029-03-01,0.000161,0,very_low,baseline
EAST 105 STREET,BROOKLYN,2029-04-01,0.000161,0,very_low,baseline
EAST 105 STREET,BROOKLYN,2029-05-01,0.000168,0,very_low,baseline
EAST 105 STREET,BROOKLYN,2029-06-01,0.000174,0,very_low,baseline
EAST 105 STREET,BROOKLYN,2029-07-01,0.000174,0,very_low,baseline
EAST 105 STREET,BROOKLYN,2029-08-01,0.000174,0,very_low,baseline
EAST 105 STREET,BROOKLYN,2029-09-01,0.000177,0,very_low,baseline
EAST 105 STREET,BROOKLYN,2029-10-01,0.000151,0,very_low,baseline
EAST 105 STREET,BROOKLYN,2029-11-01,0.000144,0,very_low,baseline
EAST 105 STREET,BROOKLYN,2029-12-01,0.000148,0,very_low,baseline
EAST 143 ST.-ST. MARY'S STREET,BRONX,2027-01-01,0.000195,0,very_low,baseline
EAST 143 ST.-ST. MARY'S STREET,BRONX,2027-02-01,0.000235,0,very_low,baseline
EAST 143 ST.-ST. MARY'S STREET,BRONX,2027-03-01,0.000175,0,very_low,baseline
EAST 143 ST.-ST. MARY'S STREET,BRONX,2027-04-01,0.000191,0,very_low,baseline
EAST 143 ST.-ST. MARY'S STREET,BRONX,2027-05-01,0.000178,0,very_low,baseline
EAST 143 ST.-ST. MARY'S STREET,BRONX,2027-06-01,0.000196,0,very_low,baseline
EAST 143 ST.-ST. MARY'S STREET,BRONX,2027-07-01,0.000191,0,very_low,baseline
EAST 143 ST.-ST. MARY'S STREET,BRONX,2027-08-01,0.000191,0,very_low,baseline
EAST 143 ST.-ST. MARY'S STREET,BRONX,2027-09-01,0.000202,0,very_low,baseline
EAST 143 ST.-ST. MARY'S STREET,BRONX,2027-10-01,0.000183,0,very_low,baseline
EAST 143 ST.-ST. MARY'S STREET,BRONX,2027-11-01,0.000174,0,very_low,baseline
EAST 143 ST.-ST. MARY'S STREET,BRONX,2027-12-01,0.000174,0,very_low,baseline
EAST 143 ST.-ST. MARY'S STREET,BRONX,2028-01-01,0.000196,0,very_low,baseline
EAST 143 ST.-ST. MARY'S STREET,BRONX,2028-02-01,0.000194,0,very_low,baseline
EAST 143 ST.-ST. MARY'S STREET,BRONX,2028-03-01,0.000191,0,very_low,baseline
EAST 143 ST.-ST. MARY'S STREET,BRONX,2028-04-01,0.000191,0,very_low,baseline
EAST 143 ST.-ST. MARY'S STREET,BRONX,2028-05-01,0.000196,0,very_low,baseline
EAST 143 ST.-ST. MARY'S STREET,BRONX,2028-06-01,0.000196,0,very_low,baseline
EAST 143 ST.-ST. MARY'S STREET,BRONX,2028-07-01,0.000191,0,very_low,baseline
EAST 143 ST.-ST. MARY'S STREET,BRONX,2028-08-01,0.000191,0,very_low,baseline
EAST 143 ST.-ST. MARY'S STREET,BRONX,2028-09-01,0.000202,0,very_low,baseline
EAST 143 ST.-ST. MARY'S STREET,BRONX,2028-10-01,0.000183,0,very_low,baseline
EAST 143 ST.-ST. MARY'S STREET,BRONX,2028-11-01,0.000174,0,very_low,baseline
EAST 143 ST.-ST. MARY'S STREET,BRONX,2028-12-01,0.000174,0,very_low,baseline
EAST 143 ST.-ST. MARY'S STREET,BRONX,2029-01-01,0.000196,0,very_low,baseline
EAST 143 ST.-ST. MARY'S STREET,BRONX,2029-02-01,0.000194,0,very_low,baseline
EAST 143 ST.-ST. MARY'S STREET,BRONX,2029-03-01,0.000191,0,very_low,baseline
EAST 143 ST.-ST. MARY'S STREET,BRONX,2029-04-01,0.000191,0,very_low,baseline
EAST 143 ST.-ST. MARY'S STREET,BRONX,2029-05-01,0.000196,0,very_low,baseline
EAST 143 ST.-ST. MARY'S STREET,BRONX,2029-06-01,0.000196,0,very_low,baseline
EAST 143 ST.-ST. MARY'S STREET,BRONX,2029-07-01,0.000191,0,very_low,baseline
EAST 143 ST.-ST. MARY'S STREET,BRONX,2029-08-01,0.000191,0,very_low,baseline
EAST 143 ST.-ST. MARY'S STREET,BRONX,2029-09-01,0.000202,0,very_low,baseline
EAST 143 ST.-ST. MARY'S STREET,BRONX,2029-10-01,0.000183,0,very_low,baseline
EAST 143 ST.-ST. MARY'S STREET,BRONX,2029-11-01,0.000174,0,very_low,baseline
EAST 143 ST.-ST. MARY'S STREET,BRONX,2029-12-01,0.000174,0,very_low,baseline
EAST 149 STREET,BRONX,2027-01-01,0.012778,0,very_low,baseline
EAST 149 STREET,BRONX,2027-02-01,0.016687,0,very_low,baseline
EAST 149 STREET,BRONX,2027-03-01,0.016971,0,very_low,baseline
EAST 149 STREET,BRONX,2027-04-01,0.017216,0,very_low,baseline
EAST 149 STREET,BRONX,2027-05-01,0.026048,0,very_low,baseline
EAST 149 STREET,BRONX,2027-06-01,0.026893,0,very_low,baseline
EAST 149 STREET,BRONX,2027-07-01,0.02775,0,very_low,baseline
EAST 149 STREET,BRONX,2027-08-01,0.027093,0,very_low,baseline
EAST 149 STREET,BRONX,2027-09-01,0.026382,0,very_low,baseline
EAST 149 STREET,BRONX,2027-10-01,0.013618,0,very_low,baseline
EAST 149 STREET,BRONX,2027-11-01,0.012875,0,very_low,baseline
EAST 149 STREET,BRONX,2027-12-01,0.012875,0,very_low,baseline
EAST 149 STREET,BRONX,2028-01-01,0.023394,0,very_low,baseline
EAST 149 STREET,BRONX,2028-02-01,0.024234,0,very_low,baseline
EAST 149 STREET,BRONX,2028-03-01,0.024234,0,very_low,baseline
EAST 149 STREET,BRONX,2028-04-01,0.024175,0,very_low,baseline
EAST 149 STREET,BRONX,2028-05-01,0.025676,0,very_low,baseline
EAST 149 STREET,BRONX,2028-06-01,0.026893,0,very_low,baseline
EAST 149 STREET,BRONX,2028-07-01,0.02775,0,very_low,baseline
EAST 149 STREET,BRONX,2028-08-01,0.027093,0,very_low,baseline
EAST 149 STREET,BRONX,2028-09-01,0.026382,0,very_low,baseline
EAST 149 STREET,BRONX,2028-10-01,0.013618,0,very_low,baseline
EAST 149 STREET,BRONX,2028-11-01,0.012875,0,very_low,baseline
EAST 149 STREET,BRONX,2028-12-01,0.012875,0,very_low,baseline
EAST 149 STREET,BRONX,2029-01-01,0.023394,0,very_low,baseline
EAST 149 STREET,BRONX,2029-02-01,0.024234,0,very_low,baseline
EAST 149 STREET,BRONX,2029-03-01,0.024234,0,very_low,baseline
EAST 149 STREET,BRONX,2029-04-01,0.024175,0,very_low,baseline
EAST 149 STREET,BRONX,2029-05-01,0.025676,0,very_low,baseline
EAST 149 STREET,BRONX,2029-06-01,0.026893,0,very_low,baseline
EAST 149 STREET,BRONX,2029-07-01,0.02775,0,very_low,baseline
EAST 149 STREET,BRONX,2029-08-01,0.027093,0,very_low,baseline
EAST 149 STREET,BRONX,2029-09-01,0.026382,0,very_low,baseline
EAST 149 STREET,BRONX,2029-10-01,0.013618,0,very_low,baseline
EAST 149 STREET,BRONX,2029-11-01,0.012875,0,very_low,baseline
EAST 149 STREET,BRONX,2029-12-01,0.012875,0,very_low,baseline
EAST 174 STREET,BRONX,2027-01-01,0.230826,1,low,baseline
EAST 174 STREET,BRONX,2027-02-01,0.095311,1,very_low,baseline
EAST 174 STREET,BRONX,2027-03-01,0.116714,1,very_low,baseline
EAST 174 STREET,BRONX,2027-04-01,0.127733,1,very_low,baseline
EAST 174 STREET,BRONX,2027-05-01,0.11458,1,very_low,baseline
EAST 174 STREET,BRONX,2027-06-01,0.121834,1,very_low,baseline
EAST 174 STREET,BRONX,2027-07-01,0.134213,1,very_low,baseline
EAST 174 STREET,BRONX,2027-08-01,0.145212,1,very_low,baseline
EAST 174 STREET,BRONX,2027-09-01,0.156126,1,very_low,baseline
EAST 174 STREET,BRONX,2027-10-01,0.121868,1,very_low,baseline
EAST 174 STREET,BRONX,2027-11-01,0.12456,1,very_low,baseline
EAST 174 STREET,BRONX,2027-12-01,0.136621,1,very_low,baseline
EAST 174 STREET,BRONX,2028-01-01,0.15861,1,very_low,baseline
EAST 174 STREET,BRONX,2028-02-01,0.153436,1,very_low,baseline
EAST 174 STREET,BRONX,2028-03-01,0.146512,1,very_low,baseline
EAST 174 STREET,BRONX,2028-04-01,0.151756,1,very_low,baseline
EAST 174 STREET,BRONX,2028-05-01,0.154098,1,very_low,baseline
EAST 174 STREET,BRONX,2028-06-01,0.154098,1,very_low,baseline
EAST 174 STREET,BRONX,2028-07-01,0.155795,1,very_low,baseline
EAST 174 STREET,BRONX,2028-08-01,0.164875,1,very_low,baseline
EAST 174 STREET,BRONX,2028-09-01,0.163579,1,very_low,baseline
EAST 174 STREET,BRONX,2028-10-01,0.124655,1,very_low,baseline
EAST 174 STREET,BRONX,2028-11-01,0.126157,1,very_low,baseline
EAST 174 STREET,BRONX,2028-12-01,0.136621,1,very_low,baseline
EAST 174 STREET,BRONX,2029-01-01,0.15861,1,very_low,baseline
EAST 174 STREET,BRONX,2029-02-01,0.153436,1,very_low,baseline
EAST 174 STREET,BRONX,2029-03-01,0.146512,1,very_low,baseline
EAST 174 STREET,BRONX,2029-04-01,0.151756,1,very_low,baseline
EAST 174 STREET,BRONX,2029-05-01,0.154098,1,very_low,baseline
EAST 174 STREET,BRONX,2029-06-01,0.154098,1,very_low,baseline
EAST 174 STREET,BRONX,2029-07-01,0.155795,1,very_low,baseline
EAST 174 STREET,BRONX,2029-08-01,0.164875,1,very_low,baseline
EAST 174 STREET,BRONX,2029-09-01,0.163579,1,very_low,baseline
EAST 174 STREET,BRONX,2029-10-01,0.124655,1,very_low,baseline
EAST 174 STREET,BRONX,2029-11-01,0.126157,1,very_low,baseline
EAST 174 STREET,BRONX,2029-12-01,0.136621,1,very_low,baseline
EAST 177 ST.-PARKCHESTER,BRONX,2027-01-01,0.004236,0,very_low,baseline
EAST 177 ST.-PARKCHESTER,BRONX,2027-02-01,0.00309,0,very_low,baseline
EAST 177 ST.-PARKCHESTER,BRONX,2027-03-01,0.002715,0,very_low,baseline
EAST 177 ST.-PARKCHESTER,BRONX,2027-04-01,0.002985,0,very_low,baseline
EAST 177 ST.-PARKCHESTER,BRONX,2027-05-01,0.003472,0,very_low,baseline
EAST 177 ST.-PARKCHESTER,BRONX,2027-06-01,0.003204,0,very_low,baseline
EAST 177 ST.-PARKCHESTER,BRONX,2027-07-01,0.003113,0,very_low,baseline
EAST 177 ST.-PARKCHESTER,BRONX,2027-08-01,0.003113,0,very_low,baseline
EAST 177 ST.-PARKCHESTER,BRONX,2027-09-01,0.003145,0,very_low,baseline
EAST 177 ST.-PARKCHESTER,BRONX,2027-10-01,0.001831,0,very_low,baseline
EAST 177 ST.-PARKCHESTER,BRONX,2027-11-01,0.001768,0,very_low,baseline
EAST 177 ST.-PARKCHESTER,BRONX,2027-12-01,0.001741,0,very_low,baseline
EAST 177 ST.-PARKCHESTER,BRONX,2028-01-01,0.002856,0,very_low,baseline
EAST 177 ST.-PARKCHESTER,BRONX,2028-02-01,0.002854,0,very_low,baseline
EAST 177 ST.-PARKCHESTER,BRONX,2028-03-01,0.002829,0,very_low,baseline
EAST 177 ST.-PARKCHESTER,BRONX,2028-04-01,0.002937,0,very_low,baseline
EAST 177 ST.-PARKCHESTER,BRONX,2028-05-01,0.003156,0,very_low,baseline
EAST 177 ST.-PARKCHESTER,BRONX,2028-06-01,0.003204,0,very_low,baseline
EAST 177 ST.-PARKCHESTER,BRONX,2028-07-01,0.003113,0,very_low,baseline
EAST 177 ST.-PARKCHESTER,BRONX,2028-08-01,0.003113,0,very_low,baseline
EAST 177 ST.-PARKCHESTER,BRONX,2028-09-01,0.003145,0,very_low,baseline
EAST 177 ST.-PARKCHESTER,BRONX,2028-10-01,0.001831,0,very_low,baseline
EAST 177 ST.-PARKCHESTER,BRONX,2028-11-01,0.001768,0,very_low,baseline
EAST 177 ST.-PARKCHESTER,BRONX,2028-12-01,0.001741,0,very_low,baseline
EAST 177 ST.-PARKCHESTER,BRONX,2029-01-01,0.002856,0,very_low,baseline
EAST 177 ST.-PARKCHESTER,BRONX,2029-02-01,0.002854,0,very_low,baseline
EAST 177 ST.-PARKCHESTER,BRONX,2029-03-01,0.002829,0,very_low,baseline
EAST 177 ST.-PARKCHESTER,BRONX,2029-04-01,0.002937,0,very_low,baseline
EAST 177 ST.-PARKCHESTER,BRONX,2029-05-01,0.003156,0,very_low,baseline
EAST 177 ST.-PARKCHESTER,BRONX,2029-06-01,0.003204,0,very_low,baseline
EAST 177 ST.-PARKCHESTER,BRONX,2029-07-01,0.003113,0,very_low,baseline
EAST 177 ST.-PARKCHESTER,BRONX,2029-08-01,0.003113,0,very_low,baseline
EAST 177 ST.-PARKCHESTER,BRONX,2029-09-01,0.003145,0,very_low,baseline
EAST 177 ST.-PARKCHESTER,BRONX,2029-10-01,0.001831,0,very_low,baseline
EAST 177 ST.-PARKCHESTER,BRONX,2029-11-01,0.001768,0,very_low,baseline
EAST 177 ST.-PARKCHESTER,BRONX,2029-12-01,0.001741,0,very_low,baseline
EAST 180 STREET,BRONX,2027-01-01,0.897825,1,very_high,baseline
EAST 180 STREET,BRONX,2027-02-01,0.937082,1,very_high,baseline
EAST 180 STREET,BRONX,2027-03-01,0.894866,1,very_high,baseline
EAST 180 STREET,BRONX,2027-04-01,0.929622,1,very_high,baseline
EAST 180 STREET,BRONX,2027-05-01,0.912565,1,very_high,baseline
EAST 180 STREET,BRONX,2027-06-01,0.904399,1,very_high,baseline
EAST 180 STREET,BRONX,2027-07-01,0.902066,1,very_high,baseline
EAST 180 STREET,BRONX,2027-08-01,0.905583,1,very_high,baseline
EAST 180 STREET,BRONX,2027-09-01,0.916338,1,very_high,baseline
EAST 180 STREET,BRONX,2027-10-01,0.903884,1,very_high,baseline
EAST 180 STREET,BRONX,2027-11-01,0.908235,1,very_high,baseline
EAST 180 STREET,BRONX,2027-12-01,0.90625,1,very_high,baseline
EAST 180 STREET,BRONX,2028-01-01,0.910588,1,very_high,baseline
EAST 180 STREET,BRONX,2028-02-01,0.910588,1,very_high,baseline
EAST 180 STREET,BRONX,2028-03-01,0.910588,1,very_high,baseline
EAST 180 STREET,BRONX,2028-04-01,0.912033,1,very_high,baseline
EAST 180 STREET,BRONX,2028-05-01,0.912386,1,very_high,baseline
EAST 180 STREET,BRONX,2028-06-01,0.912386,1,very_high,baseline
EAST 180 STREET,BRONX,2028-07-01,0.912386,1,very_high,baseline
EAST 180 STREET,BRONX,2028-08-01,0.916017,1,very_high,baseline
EAST 180 STREET,BRONX,2028-09-01,0.91821,1,very_high,baseline
EAST 180 STREET,BRONX,2028-10-01,0.902837,1,very_high,baseline
EAST 180 STREET,BRONX,2028-11-01,0.904032,1,very_high,baseline
EAST 180 STREET,BRONX,2028-12-01,0.90625,1,very_high,baseline
EAST 180 STREET,BRONX,2029-01-01,0.910588,1,very_high,baseline
EAST 180 STREET,BRONX,2029-02-01,0.910588,1,very_high,baseline
EAST 180 STREET,BRONX,2029-03-01,0.910588,1,very_high,baseline
EAST 180 STREET,BRONX,2029-04-01,0.912033,1,very_high,baseline
EAST 180 STREET,BRONX,2029-05-01,0.912386,1,very_high,baseline
EAST 180 STREET,BRONX,2029-06-01,0.912386,1,very_high,baseline
EAST 180 STREET,BRONX,2029-07-01,0.912386,1,very_high,baseline
EAST 180 STREET,BRONX,2029-08-01,0.916017,1,very_high,baseline
EAST 180 STREET,BRONX,2029-09-01,0.91821,1,very_high,baseline
EAST 180 STREET,BRONX,2029-10-01,0.902837,1,very_high,baseline
EAST 180 STREET,BRONX,2029-11-01,0.904032,1,very_high,baseline
EAST 180 STREET,BRONX,2029-12-01,0.90625,1,very_high,baseline
EAST BROADWAY,MANHATTAN,2027-01-01,0.000798,0,very_low,baseline
EAST BROADWAY,MANHATTAN,2027-02-01,0.000778,0,very_low,baseline
EAST BROADWAY,MANHATTAN,2027-03-01,0.000756,0,very_low,baseline
EAST BROADWAY,MANHATTAN,2027-04-01,0.000782,0,very_low,baseline
EAST BROADWAY,MANHATTAN,2027-05-01,0.000973,0,very_low,baseline
EAST BROADWAY,MANHATTAN,2027-06-01,0.0009,0,very_low,baseline
EAST BROADWAY,MANHATTAN,2027-07-01,0.0009,0,very_low,baseline
EAST BROADWAY,MANHATTAN,2027-08-01,0.0009,0,very_low,baseline
EAST BROADWAY,MANHATTAN,2027-09-01,0.000895,0,very_low,baseline
EAST BROADWAY,MANHATTAN,2027-10-01,0.000728,0,very_low,baseline
EAST BROADWAY,MANHATTAN,2027-11-01,0.000725,0,very_low,baseline
EAST BROADWAY,MANHATTAN,2027-12-01,0.000707,0,very_low,baseline
EAST BROADWAY,MANHATTAN,2028-01-01,0.000694,0,very_low,baseline
EAST BROADWAY,MANHATTAN,2028-02-01,0.000754,0,very_low,baseline
EAST BROADWAY,MANHATTAN,2028-03-01,0.000751,0,very_low,baseline
EAST BROADWAY,MANHATTAN,2028-04-01,0.000783,0,very_low,baseline
EAST BROADWAY,MANHATTAN,2028-05-01,0.000872,0,very_low,baseline
EAST BROADWAY,MANHATTAN,2028-06-01,0.0009,0,very_low,baseline
EAST BROADWAY,MANHATTAN,2028-07-01,0.0009,0,very_low,baseline
EAST BROADWAY,MANHATTAN,2028-08-01,0.0009,0,very_low,baseline
EAST BROADWAY,MANHATTAN,2028-09-01,0.000895,0,very_low,baseline
EAST BROADWAY,MANHATTAN,2028-10-01,0.000728,0,very_low,baseline
EAST BROADWAY,MANHATTAN,2028-11-01,0.000725,0,very_low,baseline
EAST BROADWAY,MANHATTAN,2028-12-01,0.000707,0,very_low,baseline
EAST BROADWAY,MANHATTAN,2029-01-01,0.000694,0,very_low,baseline
EAST BROADWAY,MANHATTAN,2029-02-01,0.000754,0,very_low,baseline
EAST BROADWAY,MANHATTAN,2029-03-01,0.000751,0,very_low,baseline
EAST BROADWAY,MANHATTAN,2029-04-01,0.000783,0,very_low,baseline
EAST BROADWAY,MANHATTAN,2029-05-01,0.000872,0,very_low,baseline
EAST BROADWAY,MANHATTAN,2029-06-01,0.0009,0,very_low,baseline
EAST BROADWAY,MANHATTAN,2029-07-01,0.0009,0,very_low,baseline
EAST BROADWAY,MANHATTAN,2029-08-01,0.0009,0,very_low,baseline
EAST BROADWAY,MANHATTAN,2029-09-01,0.000895,0,very_low,baseline
EAST BROADWAY,MANHATTAN,2029-10-01,0.000728,0,very_low,baseline
EAST BROADWAY,MANHATTAN,2029-11-01,0.000725,0,very_low,baseline
EAST BROADWAY,MANHATTAN,2029-12-01,0.000707,0,very_low,baseline
EAST TREMONT AV.-WESTCHESTER S,BRONX,2027-01-01,0.000389,0,very_low,baseline
EAST TREMONT AV.-WESTCHESTER S,BRONX,2027-02-01,0.000231,0,very_low,baseline
EAST TREMONT AV.-WESTCHESTER S,BRONX,2027-03-01,0.000225,0,very_low,baseline
EAST TREMONT AV.-WESTCHESTER S,BRONX,2027-04-01,0.000208,0,very_low,baseline
EAST TREMONT AV.-WESTCHESTER S,BRONX,2027-05-01,0.000243,0,very_low,baseline
EAST TREMONT AV.-WESTCHESTER S,BRONX,2027-06-01,0.000222,0,very_low,baseline
EAST TREMONT AV.-WESTCHESTER S,BRONX,2027-07-01,0.000216,0,very_low,baseline
EAST TREMONT AV.-WESTCHESTER S,BRONX,2027-08-01,0.000216,0,very_low,baseline
EAST TREMONT AV.-WESTCHESTER S,BRONX,2027-09-01,0.000222,0,very_low,baseline
EAST TREMONT AV.-WESTCHESTER S,BRONX,2027-10-01,0.00016,0,very_low,baseline
EAST TREMONT AV.-WESTCHESTER S,BRONX,2027-11-01,0.000156,0,very_low,baseline
EAST TREMONT AV.-WESTCHESTER S,BRONX,2027-12-01,0.000153,0,very_low,baseline
EAST TREMONT AV.-WESTCHESTER S,BRONX,2028-01-01,0.000214,0,very_low,baseline
EAST TREMONT AV.-WESTCHESTER S,BRONX,2028-02-01,0.000214,0,very_low,baseline
EAST TREMONT AV.-WESTCHESTER S,BRONX,2028-03-01,0.000205,0,very_low,baseline
EAST TREMONT AV.-WESTCHESTER S,BRONX,2028-04-01,0.000207,0,very_low,baseline
EAST TREMONT AV.-WESTCHESTER S,BRONX,2028-05-01,0.000219,0,very_low,baseline
EAST TREMONT AV.-WESTCHESTER S,BRONX,2028-06-01,0.000222,0,very_low,baseline
EAST TREMONT AV.-WESTCHESTER S,BRONX,2028-07-01,0.000216,0,very_low,baseline
EAST TREMONT AV.-WESTCHESTER S,BRONX,2028-08-01,0.000216,0,very_low,baseline
EAST TREMONT AV.-WESTCHESTER S,BRONX,2028-09-01,0.000222,0,very_low,baseline
EAST TREMONT AV.-WESTCHESTER S,BRONX,2028-10-01,0.00016,0,very_low,baseline
EAST TREMONT AV.-WESTCHESTER S,BRONX,2028-11-01,0.000156,0,very_low,baseline
EAST TREMONT AV.-WESTCHESTER S,BRONX,2028-12-01,0.000153,0,very_low,baseline
EAST TREMONT AV.-WESTCHESTER S,BRONX,2029-01-01,0.000214,0,very_low,baseline
EAST TREMONT AV.-WESTCHESTER S,BRONX,2029-02-01,0.000214,0,very_low,baseline
EAST TREMONT AV.-WESTCHESTER S,BRONX,2029-03-01,0.000205,0,very_low,baseline
EAST TREMONT AV.-WESTCHESTER S,BRONX,2029-04-01,0.000207,0,very_low,baseline
EAST TREMONT AV.-WESTCHESTER S,BRONX,2029-05-01,0.000219,0,very_low,baseline
EAST TREMONT AV.-WESTCHESTER S,BRONX,2029-06-01,0.000222,0,very_low,baseline
EAST TREMONT AV.-WESTCHESTER S,BRONX,2029-07-01,0.000216,0,very_low,baseline
EAST TREMONT AV.-WESTCHESTER S,BRONX,2029-08-01,0.000216,0,very_low,baseline
EAST TREMONT AV.-WESTCHESTER S,BRONX,2029-09-01,0.000222,0,very_low,baseline
EAST TREMONT AV.-WESTCHESTER S,BRONX,2029-10-01,0.00016,0,very_low,baseline
EAST TREMONT AV.-WESTCHESTER S,BRONX,2029-11-01,0.000156,0,very_low,baseline
EAST TREMONT AV.-WESTCHESTER S,BRONX,2029-12-01,0.000153,0,very_low,baseline
EAST TREMONT AVE.-WEST FARMS S,BRONX,2027-01-01,0.000762,0,very_low,baseline
EAST TREMONT AVE.-WEST FARMS S,BRONX,2027-02-01,0.000834,0,very_low,baseline
EAST TREMONT AVE.-WEST FARMS S,BRONX,2027-03-01,0.000904,0,very_low,baseline
EAST TREMONT AVE.-WEST FARMS S,BRONX,2027-04-01,0.000886,0,very_low,baseline
EAST TREMONT AVE.-WEST FARMS S,BRONX,2027-05-01,0.001449,0,very_low,baseline
EAST TREMONT AVE.-WEST FARMS S,BRONX,2027-06-01,0.000653,0,very_low,baseline
EAST TREMONT AVE.-WEST FARMS S,BRONX,2027-07-01,0.000653,0,very_low,baseline
EAST TREMONT AVE.-WEST FARMS S,BRONX,2027-08-01,0.000653,0,very_low,baseline
EAST TREMONT AVE.-WEST FARMS S,BRONX,2027-09-01,0.000635,0,very_low,baseline
EAST TREMONT AVE.-WEST FARMS S,BRONX,2027-10-01,0.000446,0,very_low,baseline
EAST TREMONT AVE.-WEST FARMS S,BRONX,2027-11-01,0.000444,0,very_low,baseline
EAST TREMONT AVE.-WEST FARMS S,BRONX,2027-12-01,0.000444,0,very_low,baseline
EAST TREMONT AVE.-WEST FARMS S,BRONX,2028-01-01,0.000589,0,very_low,baseline
EAST TREMONT AVE.-WEST FARMS S,BRONX,2028-02-01,0.000603,0,very_low,baseline
EAST TREMONT AVE.-WEST FARMS S,BRONX,2028-03-01,0.000601,0,very_low,baseline
EAST TREMONT AVE.-WEST FARMS S,BRONX,2028-04-01,0.000601,0,very_low,baseline
EAST TREMONT AVE.-WEST FARMS S,BRONX,2028-05-01,0.000632,0,very_low,baseline
EAST TREMONT AVE.-WEST FARMS S,BRONX,2028-06-01,0.000653,0,very_low,baseline
EAST TREMONT AVE.-WEST FARMS S,BRONX,2028-07-01,0.000653,0,very_low,baseline
EAST TREMONT AVE.-WEST FARMS S,BRONX,2028-08-01,0.000653,0,very_low,baseline
EAST TREMONT AVE.-WEST FARMS S,BRONX,2028-09-01,0.000635,0,very_low,baseline
EAST TREMONT AVE.-WEST FARMS S,BRONX,2028-10-01,0.000446,0,very_low,baseline
EAST TREMONT AVE.-WEST FARMS S,BRONX,2028-11-01,0.000444,0,very_low,baseline
EAST TREMONT AVE.-WEST FARMS S,BRONX,2028-12-01,0.000444,0,very_low,baseline
EAST TREMONT AVE.-WEST FARMS S,BRONX,2029-01-01,0.000589,0,very_low,baseline
EAST TREMONT AVE.-WEST FARMS S,BRONX,2029-02-01,0.000603,0,very_low,baseline
EAST TREMONT AVE.-WEST FARMS S,BRONX,2029-03-01,0.000601,0,very_low,baseline
EAST TREMONT AVE.-WEST FARMS S,BRONX,2029-04-01,0.000601,0,very_low,baseline
EAST TREMONT AVE.-WEST FARMS S,BRONX,2029-05-01,0.000632,0,very_low,baseline
EAST TREMONT AVE.-WEST FARMS S,BRONX,2029-06-01,0.000653,0,very_low,baseline
EAST TREMONT AVE.-WEST FARMS S,BRONX,2029-07-01,0.000653,0,very_low,baseline
EAST TREMONT AVE.-WEST FARMS S,BRONX,2029-08-01,0.000653,0,very_low,baseline
EAST TREMONT AVE.-WEST FARMS S,BRONX,2029-09-01,0.000635,0,very_low,baseline
EAST TREMONT AVE.-WEST FARMS S,BRONX,2029-10-01,0.000446,0,very_low,baseline
EAST TREMONT AVE.-WEST FARMS S,BRONX,2029-11-01,0.000444,0,very_low,baseline
EAST TREMONT AVE.-WEST FARMS S,BRONX,2029-12-01,0.000444,0,very_low,baseline
EASTERN PKWY-BROOKLYN MUSEUM,BROOKLYN,2027-01-01,0.00026,0,very_low,baseline
EASTERN PKWY-BROOKLYN MUSEUM,BROOKLYN,2027-02-01,0.000516,0,very_low,baseline
EASTERN PKWY-BROOKLYN MUSEUM,BROOKLYN,2027-03-01,0.00034,0,very_low,baseline
EASTERN PKWY-BROOKLYN MUSEUM,BROOKLYN,2027-04-01,0.000513,0,very_low,baseline
EASTERN PKWY-BROOKLYN MUSEUM,BROOKLYN,2027-05-01,0.00036,0,very_low,baseline
EASTERN PKWY-BROOKLYN MUSEUM,BROOKLYN,2027-06-01,0.000379,0,very_low,baseline
EASTERN PKWY-BROOKLYN MUSEUM,BROOKLYN,2027-07-01,0.000379,0,very_low,baseline
EASTERN PKWY-BROOKLYN MUSEUM,BROOKLYN,2027-08-01,0.000379,0,very_low,baseline
EASTERN PKWY-BROOKLYN MUSEUM,BROOKLYN,2027-09-01,0.000396,0,very_low,baseline
EASTERN PKWY-BROOKLYN MUSEUM,BROOKLYN,2027-10-01,0.00025,0,very_low,baseline
EASTERN PKWY-BROOKLYN MUSEUM,BROOKLYN,2027-11-01,0.000242,0,very_low,baseline
EASTERN PKWY-BROOKLYN MUSEUM,BROOKLYN,2027-12-01,0.000238,0,very_low,baseline
EASTERN PKWY-BROOKLYN MUSEUM,BROOKLYN,2028-01-01,0.000354,0,very_low,baseline
EASTERN PKWY-BROOKLYN MUSEUM,BROOKLYN,2028-02-01,0.000359,0,very_low,baseline
EASTERN PKWY-BROOKLYN MUSEUM,BROOKLYN,2028-03-01,0.000347,0,very_low,baseline
EASTERN PKWY-BROOKLYN MUSEUM,BROOKLYN,2028-04-01,0.000353,0,very_low,baseline
EASTERN PKWY-BROOKLYN MUSEUM,BROOKLYN,2028-05-01,0.000373,0,very_low,baseline
EASTERN PKWY-BROOKLYN MUSEUM,BROOKLYN,2028-06-01,0.000379,0,very_low,baseline
EASTERN PKWY-BROOKLYN MUSEUM,BROOKLYN,2028-07-01,0.000379,0,very_low,baseline
EASTERN PKWY-BROOKLYN MUSEUM,BROOKLYN,2028-08-01,0.000379,0,very_low,baseline
EASTERN PKWY-BROOKLYN MUSEUM,BROOKLYN,2028-09-01,0.000396,0,very_low,baseline
EASTERN PKWY-BROOKLYN MUSEUM,BROOKLYN,2028-10-01,0.00025,0,very_low,baseline
EASTERN PKWY-BROOKLYN MUSEUM,BROOKLYN,2028-11-01,0.000242,0,very_low,baseline
EASTERN PKWY-BROOKLYN MUSEUM,BROOKLYN,2028-12-01,0.000238,0,very_low,baseline
EASTERN PKWY-BROOKLYN MUSEUM,BROOKLYN,2029-01-01,0.000354,0,very_low,baseline
EASTERN PKWY-BROOKLYN MUSEUM,BROOKLYN,2029-02-01,0.000359,0,very_low,baseline
EASTERN PKWY-BROOKLYN MUSEUM,BROOKLYN,2029-03-01,0.000347,0,very_low,baseline
EASTERN PKWY-BROOKLYN MUSEUM,BROOKLYN,2029-04-01,0.000353,0,very_low,baseline
EASTERN PKWY-BROOKLYN MUSEUM,BROOKLYN,2029-05-01,0.000373,0,very_low,baseline
EASTERN PKWY-BROOKLYN MUSEUM,BROOKLYN,2029-06-01,0.000379,0,very_low,baseline
EASTERN PKWY-BROOKLYN MUSEUM,BROOKLYN,2029-07-01,0.000379,0,very_low,baseline
EASTERN PKWY-BROOKLYN MUSEUM,BROOKLYN,2029-08-01,0.000379,0,very_low,baseline
EASTERN PKWY-BROOKLYN MUSEUM,BROOKLYN,2029-09-01,0.000396,0,very_low,baseline
EASTERN PKWY-BROOKLYN MUSEUM,BROOKLYN,2029-10-01,0.00025,0,very_low,baseline
EASTERN PKWY-BROOKLYN MUSEUM,BROOKLYN,2029-11-01,0.000242,0,very_low,baseline
EASTERN PKWY-BROOKLYN MUSEUM,BROOKLYN,2029-12-01,0.000238,0,very_low,baseline
ELDER AVENUE,BRONX,2027-01-01,0.001438,0,very_low,baseline
ELDER AVENUE,BRONX,2027-02-01,0.001396,0,very_low,baseline
ELDER AVENUE,BRONX,2027-03-01,0.001541,0,very_low,baseline
ELDER AVENUE,BRONX,2027-04-01,0.001656,0,very_low,baseline
ELDER AVENUE,BRONX,2027-05-01,0.001617,0,very_low,baseline
ELDER AVENUE,BRONX,2027-06-01,0.001557,0,very_low,baseline
ELDER AVENUE,BRONX,2027-07-01,0.001578,0,very_low,baseline
ELDER AVENUE,BRONX,2027-08-01,0.001642,0,very_low,baseline
ELDER AVENUE,BRONX,2027-09-01,0.001665,0,very_low,baseline
ELDER AVENUE,BRONX,2027-10-01,0.001475,0,very_low,baseline
ELDER AVENUE,BRONX,2027-11-01,0.00153,0,very_low,baseline
ELDER AVENUE,BRONX,2027-12-01,0.001634,0,very_low,baseline
ELDER AVENUE,BRONX,2028-01-01,0.001506,0,very_low,baseline
ELDER AVENUE,BRONX,2028-02-01,0.001543,0,very_low,baseline
ELDER AVENUE,BRONX,2028-03-01,0.001499,0,very_low,baseline
ELDER AVENUE,BRONX,2028-04-01,0.001499,0,very_low,baseline
ELDER AVENUE,BRONX,2028-05-01,0.001557,0,very_low,baseline
ELDER AVENUE,BRONX,2028-06-01,0.001557,0,very_low,baseline
ELDER AVENUE,BRONX,2028-07-01,0.001578,0,very_low,baseline
ELDER AVENUE,BRONX,2028-08-01,0.001642,0,very_low,baseline
ELDER AVENUE,BRONX,2028-09-01,0.001665,0,very_low,baseline
ELDER AVENUE,BRONX,2028-10-01,0.001475,0,very_low,baseline
ELDER AVENUE,BRONX,2028-11-01,0.00153,0,very_low,baseline
ELDER AVENUE,BRONX,2028-12-01,0.001634,0,very_low,baseline
ELDER AVENUE,BRONX,2029-01-01,0.001506,0,very_low,baseline
ELDER AVENUE,BRONX,2029-02-01,0.001543,0,very_low,baseline
ELDER AVENUE,BRONX,2029-03-01,0.001499,0,very_low,baseline
ELDER AVENUE,BRONX,2029-04-01,0.001499,0,very_low,baseline
ELDER AVENUE,BRONX,2029-05-01,0.001557,0,very_low,baseline
ELDER AVENUE,BRONX,2029-06-01,0.001557,0,very_low,baseline
ELDER AVENUE,BRONX,2029-07-01,0.001578,0,very_low,baseline
ELDER AVENUE,BRONX,2029-08-01,0.001642,0,very_low,baseline
ELDER AVENUE,BRONX,2029-09-01,0.001665,0,very_low,baseline
ELDER AVENUE,BRONX,2029-10-01,0.001475,0,very_low,baseline
ELDER AVENUE,BRONX,2029-11-01,0.00153,0,very_low,baseline
ELDER AVENUE,BRONX,2029-12-01,0.001634,0,very_low,baseline
ELMHURST AVE.,QUEENS,2027-01-01,0.000363,0,very_low,baseline
ELMHURST AVE.,QUEENS,2027-02-01,0.000314,0,very_low,baseline
ELMHURST AVE.,QUEENS,2027-03-01,0.000417,0,very_low,baseline
ELMHURST AVE.,QUEENS,2027-04-01,0.000432,0,very_low,baseline
ELMHURST AVE.,QUEENS,2027-05-01,0.000597,0,very_low,baseline
ELMHURST AVE.,QUEENS,2027-06-01,0.00044,0,very_low,baseline
ELMHURST AVE.,QUEENS,2027-07-01,0.00044,0,very_low,baseline
ELMHURST AVE.,QUEENS,2027-08-01,0.00044,0,very_low,baseline
ELMHURST AVE.,QUEENS,2027-09-01,0.000439,0,very_low,baseline
ELMHURST AVE.,QUEENS,2027-10-01,0.000261,0,very_low,baseline
ELMHURST AVE.,QUEENS,2027-11-01,0.00025,0,very_low,baseline
ELMHURST AVE.,QUEENS,2027-12-01,0.000246,0,very_low,baseline
ELMHURST AVE.,QUEENS,2028-01-01,0.000399,0,very_low,baseline
ELMHURST AVE.,QUEENS,2028-02-01,0.000395,0,very_low,baseline
ELMHURST AVE.,QUEENS,2028-03-01,0.000398,0,very_low,baseline
ELMHURST AVE.,QUEENS,2028-04-01,0.000405,0,very_low,baseline
ELMHURST AVE.,QUEENS,2028-05-01,0.000433,0,very_low,baseline
ELMHURST AVE.,QUEENS,2028-06-01,0.00044,0,very_low,baseline
ELMHURST AVE.,QUEENS,2028-07-01,0.00044,0,very_low,baseline
ELMHURST AVE.,QUEENS,2028-08-01,0.00044,0,very_low,baseline
ELMHURST AVE.,QUEENS,2028-09-01,0.000439,0,very_low,baseline
ELMHURST AVE.,QUEENS,2028-10-01,0.000261,0,very_low,baseline
ELMHURST AVE.,QUEENS,2028-11-01,0.00025,0,very_low,baseline
ELMHURST AVE.,QUEENS,2028-12-01,0.000246,0,very_low,baseline
ELMHURST AVE.,QUEENS,2029-01-01,0.000399,0,very_low,baseline
ELMHURST AVE.,QUEENS,2029-02-01,0.000395,0,very_low,baseline
ELMHURST AVE.,QUEENS,2029-03-01,0.000398,0,very_low,baseline
ELMHURST AVE.,QUEENS,2029-04-01,0.000405,0,very_low,baseline
ELMHURST AVE.,QUEENS,2029-05-01,0.000433,0,very_low,baseline
ELMHURST AVE.,QUEENS,2029-06-01,0.00044,0,very_low,baseline
ELMHURST AVE.,QUEENS,2029-07-01,0.00044,0,very_low,baseline
ELMHURST AVE.,QUEENS,2029-08-01,0.00044,0,very_low,baseline
ELMHURST AVE.,QUEENS,2029-09-01,0.000439,0,very_low,baseline
ELMHURST AVE.,QUEENS,2029-10-01,0.000261,0,very_low,baseline
ELMHURST AVE.,QUEENS,2029-11-01,0.00025,0,very_low,baseline
ELMHURST AVE.,QUEENS,2029-12-01,0.000246,0,very_low,baseline
ESSEX STREET,MANHATTAN,2027-01-01,0.000612,0,very_low,baseline
ESSEX STREET,MANHATTAN,2027-02-01,0.000403,0,very_low,baseline
ESSEX STREET,MANHATTAN,2027-03-01,0.000488,0,very_low,baseline
ESSEX STREET,MANHATTAN,2027-04-01,0.000461,0,very_low,baseline
ESSEX STREET,MANHATTAN,2027-05-01,0.000559,0,very_low,baseline
ESSEX STREET,MANHATTAN,2027-06-01,0.00051,0,very_low,baseline
ESSEX STREET,MANHATTAN,2027-07-01,0.00051,0,very_low,baseline
ESSEX STREET,MANHATTAN,2027-08-01,0.00051,0,very_low,baseline
ESSEX STREET,MANHATTAN,2027-09-01,0.000532,0,very_low,baseline
ESSEX STREET,MANHATTAN,2027-10-01,0.000408,0,very_low,baseline
ESSEX STREET,MANHATTAN,2027-11-01,0.000424,0,very_low,baseline
ESSEX STREET,MANHATTAN,2027-12-01,0.000441,0,very_low,baseline
ESSEX STREET,MANHATTAN,2028-01-01,0.00045,0,very_low,baseline
ESSEX STREET,MANHATTAN,2028-02-01,0.000476,0,very_low,baseline
ESSEX STREET,MANHATTAN,2028-03-01,0.000476,0,very_low,baseline
ESSEX STREET,MANHATTAN,2028-04-01,0.000476,0,very_low,baseline
ESSEX STREET,MANHATTAN,2028-05-01,0.00051,0,very_low,baseline
ESSEX STREET,MANHATTAN,2028-06-01,0.00051,0,very_low,baseline
ESSEX STREET,MANHATTAN,2028-07-01,0.00051,0,very_low,baseline
ESSEX STREET,MANHATTAN,2028-08-01,0.00051,0,very_low,baseline
ESSEX STREET,MANHATTAN,2028-09-01,0.000532,0,very_low,baseline
ESSEX STREET,MANHATTAN,2028-10-01,0.000408,0,very_low,baseline
ESSEX STREET,MANHATTAN,2028-11-01,0.000424,0,very_low,baseline
ESSEX STREET,MANHATTAN,2028-12-01,0.000441,0,very_low,baseline
ESSEX STREET,MANHATTAN,2029-01-01,0.00045,0,very_low,baseline
ESSEX STREET,MANHATTAN,2029-02-01,0.000476,0,very_low,baseline
ESSEX STREET,MANHATTAN,2029-03-01,0.000476,0,very_low,baseline
ESSEX STREET,MANHATTAN,2029-04-01,0.000476,0,very_low,baseline
ESSEX STREET,MANHATTAN,2029-05-01,0.00051,0,very_low,baseline
ESSEX STREET,MANHATTAN,2029-06-01,0.00051,0,very_low,baseline
ESSEX STREET,MANHATTAN,2029-07-01,0.00051,0,very_low,baseline
ESSEX STREET,MANHATTAN,2029-08-01,0.00051,0,very_low,baseline
ESSEX STREET,MANHATTAN,2029-09-01,0.000532,0,very_low,baseline
ESSEX STREET,MANHATTAN,2029-10-01,0.000408,0,very_low,baseline
ESSEX STREET,MANHATTAN,2029-11-01,0.000424,0,very_low,baseline
ESSEX STREET,MANHATTAN,2029-12-01,0.000441,0,very_low,baseline
EUCLID AVENUE,BROOKLYN,2027-01-01,0.171838,1,very_low,baseline
EUCLID AVENUE,BROOKLYN,2027-02-01,0.254242,1,low,baseline
EUCLID AVENUE,BROOKLYN,2027-03-01,0.356614,1,low,baseline
EUCLID AVENUE,BROOKLYN,2027-04-01,0.38088,1,low,baseline
EUCLID AVENUE,BROOKLYN,2027-05-01,0.384326,1,low,baseline
EUCLID AVENUE,BROOKLYN,2027-06-01,0.368008,1,low,baseline
EUCLID AVENUE,BROOKLYN,2027-07-01,0.363297,1,low,baseline
EUCLID AVENUE,BROOKLYN,2027-08-01,0.37833,1,low,baseline
EUCLID AVENUE,BROOKLYN,2027-09-01,0.373021,1,low,baseline
EUCLID AVENUE,BROOKLYN,2027-10-01,0.270138,1,low,baseline
EUCLID AVENUE,BROOKLYN,2027-11-01,0.280075,1,low,baseline
EUCLID AVENUE,BROOKLYN,2027-12-01,0.293929,1,low,baseline
EUCLID AVENUE,BROOKLYN,2028-01-01,0.405951,1,medium,baseline
EUCLID AVENUE,BROOKLYN,2028-02-01,0.405951,1,medium,baseline
EUCLID AVENUE,BROOKLYN,2028-03-01,0.405951,1,medium,baseline
EUCLID AVENUE,BROOKLYN,2028-04-01,0.405951,1,medium,baseline
EUCLID AVENUE,BROOKLYN,2028-05-01,0.400302,1,medium,baseline
EUCLID AVENUE,BROOKLYN,2028-06-01,0.400302,1,medium,baseline
EUCLID AVENUE,BROOKLYN,2028-07-01,0.400302,1,medium,baseline
EUCLID AVENUE,BROOKLYN,2028-08-01,0.400302,1,medium,baseline
EUCLID AVENUE,BROOKLYN,2028-09-01,0.385003,1,low,baseline
EUCLID AVENUE,BROOKLYN,2028-10-01,0.282642,1,low,baseline
EUCLID AVENUE,BROOKLYN,2028-11-01,0.288596,1,low,baseline
EUCLID AVENUE,BROOKLYN,2028-12-01,0.293929,1,low,baseline
EUCLID AVENUE,BROOKLYN,2029-01-01,0.405951,1,medium,baseline
EUCLID AVENUE,BROOKLYN,2029-02-01,0.405951,1,medium,baseline
EUCLID AVENUE,BROOKLYN,2029-03-01,0.405951,1,medium,baseline
EUCLID AVENUE,BROOKLYN,2029-04-01,0.405951,1,medium,baseline
EUCLID AVENUE,BROOKLYN,2029-05-01,0.400302,1,medium,baseline
EUCLID AVENUE,BROOKLYN,2029-06-01,0.400302,1,medium,baseline
EUCLID AVENUE,BROOKLYN,2029-07-01,0.400302,1,medium,baseline
EUCLID AVENUE,BROOKLYN,2029-08-01,0.400302,1,medium,baseline
EUCLID AVENUE,BROOKLYN,2029-09-01,0.385003,1,low,baseline
EUCLID AVENUE,BROOKLYN,2029-10-01,0.282642,1,low,baseline
EUCLID AVENUE,BROOKLYN,2029-11-01,0.288596,1,low,baseline
EUCLID AVENUE,BROOKLYN,2029-12-01,0.293929,1,low,baseline
FAR ROCKAWAY-MOTT AVE.,QUEENS,2027-01-01,0.762448,1,high,baseline
FAR ROCKAWAY-MOTT AVE.,QUEENS,2027-02-01,0.82681,1,very_high,baseline
FAR ROCKAWAY-MOTT AVE.,QUEENS,2027-03-01,0.846793,1,very_high,baseline
FAR ROCKAWAY-MOTT AVE.,QUEENS,2027-04-01,0.852315,1,very_high,baseline
FAR ROCKAWAY-MOTT AVE.,QUEENS,2027-05-01,0.845747,1,very_high,baseline
FAR ROCKAWAY-MOTT AVE.,QUEENS,2027-06-01,0.850097,1,very_high,baseline
FAR ROCKAWAY-MOTT AVE.,QUEENS,2027-07-01,0.848351,1,very_high,baseline
FAR ROCKAWAY-MOTT AVE.,QUEENS,2027-08-01,0.852291,1,very_high,baseline
FAR ROCKAWAY-MOTT AVE.,QUEENS,2027-09-01,0.857985,1,very_high,baseline
FAR ROCKAWAY-MOTT AVE.,QUEENS,2027-10-01,0.82418,1,very_high,baseline
FAR ROCKAWAY-MOTT AVE.,QUEENS,2027-11-01,0.835678,1,very_high,baseline
FAR ROCKAWAY-MOTT AVE.,QUEENS,2027-12-01,0.848253,1,very_high,baseline
FAR ROCKAWAY-MOTT AVE.,QUEENS,2028-01-01,0.873614,1,very_high,baseline
FAR ROCKAWAY-MOTT AVE.,QUEENS,2028-02-01,0.873614,1,very_high,baseline
FAR ROCKAWAY-MOTT AVE.,QUEENS,2028-03-01,0.867494,1,very_high,baseline
FAR ROCKAWAY-MOTT AVE.,QUEENS,2028-04-01,0.867494,1,very_high,baseline
FAR ROCKAWAY-MOTT AVE.,QUEENS,2028-05-01,0.866367,1,very_high,baseline
FAR ROCKAWAY-MOTT AVE.,QUEENS,2028-06-01,0.866367,1,very_high,baseline
FAR ROCKAWAY-MOTT AVE.,QUEENS,2028-07-01,0.866367,1,very_high,baseline
FAR ROCKAWAY-MOTT AVE.,QUEENS,2028-08-01,0.866367,1,very_high,baseline
FAR ROCKAWAY-MOTT AVE.,QUEENS,2028-09-01,0.860617,1,very_high,baseline
FAR ROCKAWAY-MOTT AVE.,QUEENS,2028-10-01,0.824707,1,very_high,baseline
FAR ROCKAWAY-MOTT AVE.,QUEENS,2028-11-01,0.83333,1,very_high,baseline
FAR ROCKAWAY-MOTT AVE.,QUEENS,2028-12-01,0.848253,1,very_high,baseline
FAR ROCKAWAY-MOTT AVE.,QUEENS,2029-01-01,0.873614,1,very_high,baseline
FAR ROCKAWAY-MOTT AVE.,QUEENS,2029-02-01,0.873614,1,very_high,baseline
FAR ROCKAWAY-MOTT AVE.,QUEENS,2029-03-01,0.867494,1,very_high,baseline
FAR ROCKAWAY-MOTT AVE.,QUEENS,2029-04-01,0.867494,1,very_high,baseline
FAR ROCKAWAY-MOTT AVE.,QUEENS,2029-05-01,0.866367,1,very_high,baseline
FAR ROCKAWAY-MOTT AVE.,QUEENS,2029-06-01,0.866367,1,very_high,baseline
FAR ROCKAWAY-MOTT AVE.,QUEENS,2029-07-01,0.866367,1,very_high,baseline
FAR ROCKAWAY-MOTT AVE.,QUEENS,2029-08-01,0.866367,1,very_high,baseline
FAR ROCKAWAY-MOTT AVE.,QUEENS,2029-09-01,0.860617,1,very_high,baseline
FAR ROCKAWAY-MOTT AVE.,QUEENS,2029-10-01,0.824707,1,very_high,baseline
FAR ROCKAWAY-MOTT AVE.,QUEENS,2029-11-01,0.83333,1,very_high,baseline
FAR ROCKAWAY-MOTT AVE.,QUEENS,2029-12-01,0.848253,1,very_high,baseline
FLATBUSH AVE.-BROOKLYN COLLEGE,BROOKLYN,2027-01-01,0.009695,0,very_low,baseline
FLATBUSH AVE.-BROOKLYN COLLEGE,BROOKLYN,2027-02-01,0.016521,0,very_low,baseline
FLATBUSH AVE.-BROOKLYN COLLEGE,BROOKLYN,2027-03-01,0.026132,0,very_low,baseline
FLATBUSH AVE.-BROOKLYN COLLEGE,BROOKLYN,2027-04-01,0.019273,0,very_low,baseline
FLATBUSH AVE.-BROOKLYN COLLEGE,BROOKLYN,2027-05-01,0.025473,0,very_low,baseline
FLATBUSH AVE.-BROOKLYN COLLEGE,BROOKLYN,2027-06-01,0.029557,0,very_low,baseline
FLATBUSH AVE.-BROOKLYN COLLEGE,BROOKLYN,2027-07-01,0.029557,0,very_low,baseline
FLATBUSH AVE.-BROOKLYN COLLEGE,BROOKLYN,2027-08-01,0.028813,0,very_low,baseline
FLATBUSH AVE.-BROOKLYN COLLEGE,BROOKLYN,2027-09-01,0.028349,0,very_low,baseline
FLATBUSH AVE.-BROOKLYN COLLEGE,BROOKLYN,2027-10-01,0.020238,0,very_low,baseline
FLATBUSH AVE.-BROOKLYN COLLEGE,BROOKLYN,2027-11-01,0.020461,0,very_low,baseline
FLATBUSH AVE.-BROOKLYN COLLEGE,BROOKLYN,2027-12-01,0.019973,0,very_low,baseline
FLATBUSH AVE.-BROOKLYN COLLEGE,BROOKLYN,2028-01-01,0.0229,0,very_low,baseline
FLATBUSH AVE.-BROOKLYN COLLEGE,BROOKLYN,2028-02-01,0.024836,0,very_low,baseline
FLATBUSH AVE.-BROOKLYN COLLEGE,BROOKLYN,2028-03-01,0.025378,0,very_low,baseline
FLATBUSH AVE.-BROOKLYN COLLEGE,BROOKLYN,2028-04-01,0.025957,0,very_low,baseline
FLATBUSH AVE.-BROOKLYN COLLEGE,BROOKLYN,2028-05-01,0.028813,0,very_low,baseline
FLATBUSH AVE.-BROOKLYN COLLEGE,BROOKLYN,2028-06-01,0.028813,0,very_low,baseline
FLATBUSH AVE.-BROOKLYN COLLEGE,BROOKLYN,2028-07-01,0.028813,0,very_low,baseline
FLATBUSH AVE.-BROOKLYN COLLEGE,BROOKLYN,2028-08-01,0.028813,0,very_low,baseline
FLATBUSH AVE.-BROOKLYN COLLEGE,BROOKLYN,2028-09-01,0.028349,0,very_low,baseline
FLATBUSH AVE.-BROOKLYN COLLEGE,BROOKLYN,2028-10-01,0.020238,0,very_low,baseline
FLATBUSH AVE.-BROOKLYN COLLEGE,BROOKLYN,2028-11-01,0.020461,0,very_low,baseline
FLATBUSH AVE.-BROOKLYN COLLEGE,BROOKLYN,2028-12-01,0.019973,0,very_low,baseline
FLATBUSH AVE.-BROOKLYN COLLEGE,BROOKLYN,2029-01-01,0.0229,0,very_low,baseline
FLATBUSH AVE.-BROOKLYN COLLEGE,BROOKLYN,2029-02-01,0.024836,0,very_low,baseline
FLATBUSH AVE.-BROOKLYN COLLEGE,BROOKLYN,2029-03-01,0.025378,0,very_low,baseline
FLATBUSH AVE.-BROOKLYN COLLEGE,BROOKLYN,2029-04-01,0.025957,0,very_low,baseline
FLATBUSH AVE.-BROOKLYN COLLEGE,BROOKLYN,2029-05-01,0.028813,0,very_low,baseline
FLATBUSH AVE.-BROOKLYN COLLEGE,BROOKLYN,2029-06-01,0.028813,0,very_low,baseline
FLATBUSH AVE.-BROOKLYN COLLEGE,BROOKLYN,2029-07-01,0.028813,0,very_low,baseline
FLATBUSH AVE.-BROOKLYN COLLEGE,BROOKLYN,2029-08-01,0.028813,0,very_low,baseline
FLATBUSH AVE.-BROOKLYN COLLEGE,BROOKLYN,2029-09-01,0.028349,0,very_low,baseline
FLATBUSH AVE.-BROOKLYN COLLEGE,BROOKLYN,2029-10-01,0.020238,0,very_low,baseline
FLATBUSH AVE.-BROOKLYN COLLEGE,BROOKLYN,2029-11-01,0.020461,0,very_low,baseline
FLATBUSH AVE.-BROOKLYN COLLEGE,BROOKLYN,2029-12-01,0.019973,0,very_low,baseline
FLUSHING AVENUE,BROOKLYN,2027-01-01,0.000387,0,very_low,baseline
FLUSHING AVENUE,BROOKLYN,2027-02-01,0.000419,0,very_low,baseline
FLUSHING AVENUE,BROOKLYN,2027-03-01,0.000295,0,very_low,baseline
FLUSHING AVENUE,BROOKLYN,2027-04-01,0.000261,0,very_low,baseline
FLUSHING AVENUE,BROOKLYN,2027-05-01,0.000423,0,very_low,baseline
FLUSHING AVENUE,BROOKLYN,2027-06-01,0.00033,0,very_low,baseline
FLUSHING AVENUE,BROOKLYN,2027-07-01,0.000339,0,very_low,baseline
FLUSHING AVENUE,BROOKLYN,2027-08-01,0.000339,0,very_low,baseline
FLUSHING AVENUE,BROOKLYN,2027-09-01,0.000321,0,very_low,baseline
FLUSHING AVENUE,BROOKLYN,2027-10-01,0.000255,0,very_low,baseline
FLUSHING AVENUE,BROOKLYN,2027-11-01,0.000235,0,very_low,baseline
FLUSHING AVENUE,BROOKLYN,2027-12-01,0.000249,0,very_low,baseline
FLUSHING AVENUE,BROOKLYN,2028-01-01,0.000311,0,very_low,baseline
FLUSHING AVENUE,BROOKLYN,2028-02-01,0.000334,0,very_low,baseline
FLUSHING AVENUE,BROOKLYN,2028-03-01,0.000325,0,very_low,baseline
FLUSHING AVENUE,BROOKLYN,2028-04-01,0.000325,0,very_low,baseline
FLUSHING AVENUE,BROOKLYN,2028-05-01,0.000338,0,very_low,baseline
FLUSHING AVENUE,BROOKLYN,2028-06-01,0.00033,0,very_low,baseline
FLUSHING AVENUE,BROOKLYN,2028-07-01,0.000339,0,very_low,baseline
FLUSHING AVENUE,BROOKLYN,2028-08-01,0.000339,0,very_low,baseline
FLUSHING AVENUE,BROOKLYN,2028-09-01,0.000321,0,very_low,baseline
FLUSHING AVENUE,BROOKLYN,2028-10-01,0.000255,0,very_low,baseline
FLUSHING AVENUE,BROOKLYN,2028-11-01,0.000235,0,very_low,baseline
FLUSHING AVENUE,BROOKLYN,2028-12-01,0.000249,0,very_low,baseline
FLUSHING AVENUE,BROOKLYN,2029-01-01,0.000311,0,very_low,baseline
FLUSHING AVENUE,BROOKLYN,2029-02-01,0.000334,0,very_low,baseline
FLUSHING AVENUE,BROOKLYN,2029-03-01,0.000325,0,very_low,baseline
FLUSHING AVENUE,BROOKLYN,2029-04-01,0.000325,0,very_low,baseline
FLUSHING AVENUE,BROOKLYN,2029-05-01,0.000338,0,very_low,baseline
FLUSHING AVENUE,BROOKLYN,2029-06-01,0.00033,0,very_low,baseline
FLUSHING AVENUE,BROOKLYN,2029-07-01,0.000339,0,very_low,baseline
FLUSHING AVENUE,BROOKLYN,2029-08-01,0.000339,0,very_low,baseline
FLUSHING AVENUE,BROOKLYN,2029-09-01,0.000321,0,very_low,baseline
FLUSHING AVENUE,BROOKLYN,2029-10-01,0.000255,0,very_low,baseline
FLUSHING AVENUE,BROOKLYN,2029-11-01,0.000235,0,very_low,baseline
FLUSHING AVENUE,BROOKLYN,2029-12-01,0.000249,0,very_low,baseline
FORDHAM ROAD,BRONX,2027-01-01,0.884085,1,very_high,baseline
FORDHAM ROAD,BRONX,2027-02-01,0.93057,1,very_high,baseline
FORDHAM ROAD,BRONX,2027-03-01,0.945969,1,very_high,baseline
FORDHAM ROAD,BRONX,2027-04-01,0.949037,1,very_high,baseline
FORDHAM ROAD,BRONX,2027-05-01,0.947529,1,very_high,baseline
FORDHAM ROAD,BRONX,2027-06-01,0.947868,1,very_high,baseline
FORDHAM ROAD,BRONX,2027-07-01,0.949898,1,very_high,baseline
FORDHAM ROAD,BRONX,2027-08-01,0.951723,1,very_high,baseline
FORDHAM ROAD,BRONX,2027-09-01,0.950693,1,very_high,baseline
FORDHAM ROAD,BRONX,2027-10-01,0.946525,1,very_high,baseline
FORDHAM ROAD,BRONX,2027-11-01,0.953163,1,very_high,baseline
FORDHAM ROAD,BRONX,2027-12-01,0.953163,1,very_high,baseline
FORDHAM ROAD,BRONX,2028-01-01,0.953742,1,very_high,baseline
FORDHAM ROAD,BRONX,2028-02-01,0.953742,1,very_high,baseline
FORDHAM ROAD,BRONX,2028-03-01,0.953742,1,very_high,baseline
FORDHAM ROAD,BRONX,2028-04-01,0.954596,1,very_high,baseline
FORDHAM ROAD,BRONX,2028-05-01,0.955164,1,very_high,baseline
FORDHAM ROAD,BRONX,2028-06-01,0.955164,1,very_high,baseline
FORDHAM ROAD,BRONX,2028-07-01,0.955164,1,very_high,baseline
FORDHAM ROAD,BRONX,2028-08-01,0.956806,1,very_high,baseline
FORDHAM ROAD,BRONX,2028-09-01,0.954824,1,very_high,baseline
FORDHAM ROAD,BRONX,2028-10-01,0.950987,1,very_high,baseline
FORDHAM ROAD,BRONX,2028-11-01,0.953163,1,very_high,baseline
FORDHAM ROAD,BRONX,2028-12-01,0.953163,1,very_high,baseline
FORDHAM ROAD,BRONX,2029-01-01,0.953742,1,very_high,baseline
FORDHAM ROAD,BRONX,2029-02-01,0.953742,1,very_high,baseline
FORDHAM ROAD,BRONX,2029-03-01,0.953742,1,very_high,baseline
FORDHAM ROAD,BRONX,2029-04-01,0.954596,1,very_high,baseline
FORDHAM ROAD,BRONX,2029-05-01,0.955164,1,very_high,baseline
FORDHAM ROAD,BRONX,2029-06-01,0.955164,1,very_high,baseline
FORDHAM ROAD,BRONX,2029-07-01,0.955164,1,very_high,baseline
FORDHAM ROAD,BRONX,2029-08-01,0.956806,1,very_high,baseline
FORDHAM ROAD,BRONX,2029-09-01,0.954824,1,very_high,baseline
FORDHAM ROAD,BRONX,2029-10-01,0.950987,1,very_high,baseline
FORDHAM ROAD,BRONX,2029-11-01,0.953163,1,very_high,baseline
FORDHAM ROAD,BRONX,2029-12-01,0.953163,1,very_high,baseline
FOREST AVENUE,QUEENS,2027-01-01,0.002144,0,very_low,baseline
FOREST AVENUE,QUEENS,2027-02-01,0.002089,0,very_low,baseline
FOREST AVENUE,QUEENS,2027-03-01,0.002063,0,very_low,baseline
FOREST AVENUE,QUEENS,2027-04-01,0.002188,0,very_low,baseline
FOREST AVENUE,QUEENS,2027-05-01,0.002176,0,very_low,baseline
FOREST AVENUE,QUEENS,2027-06-01,0.002194,0,very_low,baseline
FOREST AVENUE,QUEENS,2027-07-01,0.002194,0,very_low,baseline
FOREST AVENUE,QUEENS,2027-08-01,0.002136,0,very_low,baseline
FOREST AVENUE,QUEENS,2027-09-01,0.002154,0,very_low,baseline
FOREST AVENUE,QUEENS,2027-10-01,0.001606,0,very_low,baseline
FOREST AVENUE,QUEENS,2027-11-01,0.001552,0,very_low,baseline
FOREST AVENUE,QUEENS,2027-12-01,0.001594,0,very_low,baseline
FOREST AVENUE,QUEENS,2028-01-01,0.002373,0,very_low,baseline
FOREST AVENUE,QUEENS,2028-02-01,0.002313,0,very_low,baseline
FOREST AVENUE,QUEENS,2028-03-01,0.002284,0,very_low,baseline
FOREST AVENUE,QUEENS,2028-04-01,0.002188,0,very_low,baseline
FOREST AVENUE,QUEENS,2028-05-01,0.002176,0,very_low,baseline
FOREST AVENUE,QUEENS,2028-06-01,0.002194,0,very_low,baseline
FOREST AVENUE,QUEENS,2028-07-01,0.002194,0,very_low,baseline
FOREST AVENUE,QUEENS,2028-08-01,0.002136,0,very_low,baseline
FOREST AVENUE,QUEENS,2028-09-01,0.002154,0,very_low,baseline
FOREST AVENUE,QUEENS,2028-10-01,0.001606,0,very_low,baseline
FOREST AVENUE,QUEENS,2028-11-01,0.001552,0,very_low,baseline
FOREST AVENUE,QUEENS,2028-12-01,0.001594,0,very_low,baseline
FOREST AVENUE,QUEENS,2029-01-01,0.002373,0,very_low,baseline
FOREST AVENUE,QUEENS,2029-02-01,0.002313,0,very_low,baseline
FOREST AVENUE,QUEENS,2029-03-01,0.002284,0,very_low,baseline
FOREST AVENUE,QUEENS,2029-04-01,0.002188,0,very_low,baseline
FOREST AVENUE,QUEENS,2029-05-01,0.002176,0,very_low,baseline
FOREST AVENUE,QUEENS,2029-06-01,0.002194,0,very_low,baseline
FOREST AVENUE,QUEENS,2029-07-01,0.002194,0,very_low,baseline
FOREST AVENUE,QUEENS,2029-08-01,0.002136,0,very_low,baseline
FOREST AVENUE,QUEENS,2029-09-01,0.002154,0,very_low,baseline
FOREST AVENUE,QUEENS,2029-10-01,0.001606,0,very_low,baseline
FOREST AVENUE,QUEENS,2029-11-01,0.001552,0,very_low,baseline
FOREST AVENUE,QUEENS,2029-12-01,0.001594,0,very_low,baseline
FORT HAMILTON PKWY,BROOKLYN,2027-01-01,6.4e-05,0,very_low,baseline
FORT HAMILTON PKWY,BROOKLYN,2027-02-01,6.2e-05,0,very_low,baseline
FORT HAMILTON PKWY,BROOKLYN,2027-03-01,5.4e-05,0,very_low,baseline
FORT HAMILTON PKWY,BROOKLYN,2027-04-01,5.4e-05,0,very_low,baseline
FORT HAMILTON PKWY,BROOKLYN,2027-05-01,6.2e-05,0,very_low,baseline
FORT HAMILTON PKWY,BROOKLYN,2027-06-01,5.7e-05,0,very_low,baseline
FORT HAMILTON PKWY,BROOKLYN,2027-07-01,5.7e-05,0,very_low,baseline
FORT HAMILTON PKWY,BROOKLYN,2027-08-01,5.7e-05,0,very_low,baseline
FORT HAMILTON PKWY,BROOKLYN,2027-09-01,5.8e-05,0,very_low,baseline
FORT HAMILTON PKWY,BROOKLYN,2027-10-01,5e-05,0,very_low,baseline
FORT HAMILTON PKWY,BROOKLYN,2027-11-01,4.7e-05,0,very_low,baseline
FORT HAMILTON PKWY,BROOKLYN,2027-12-01,4.8e-05,0,very_low,baseline
FORT HAMILTON PKWY,BROOKLYN,2028-01-01,5.5e-05,0,very_low,baseline
FORT HAMILTON PKWY,BROOKLYN,2028-02-01,5.4e-05,0,very_low,baseline
FORT HAMILTON PKWY,BROOKLYN,2028-03-01,5.4e-05,0,very_low,baseline
FORT HAMILTON PKWY,BROOKLYN,2028-04-01,5.4e-05,0,very_low,baseline
FORT HAMILTON PKWY,BROOKLYN,2028-05-01,5.6e-05,0,very_low,baseline
FORT HAMILTON PKWY,BROOKLYN,2028-06-01,5.7e-05,0,very_low,baseline
FORT HAMILTON PKWY,BROOKLYN,2028-07-01,5.7e-05,0,very_low,baseline
FORT HAMILTON PKWY,BROOKLYN,2028-08-01,5.7e-05,0,very_low,baseline
FORT HAMILTON PKWY,BROOKLYN,2028-09-01,5.8e-05,0,very_low,baseline
FORT HAMILTON PKWY,BROOKLYN,2028-10-01,5e-05,0,very_low,baseline
FORT HAMILTON PKWY,BROOKLYN,2028-11-01,4.7e-05,0,very_low,baseline
FORT HAMILTON PKWY,BROOKLYN,2028-12-01,4.8e-05,0,very_low,baseline
FORT HAMILTON PKWY,BROOKLYN,2029-01-01,5.5e-05,0,very_low,baseline
FORT HAMILTON PKWY,BROOKLYN,2029-02-01,5.4e-05,0,very_low,baseline
FORT HAMILTON PKWY,BROOKLYN,2029-03-01,5.4e-05,0,very_low,baseline
FORT HAMILTON PKWY,BROOKLYN,2029-04-01,5.4e-05,0,very_low,baseline
FORT HAMILTON PKWY,BROOKLYN,2029-05-01,5.6e-05,0,very_low,baseline
FORT HAMILTON PKWY,BROOKLYN,2029-06-01,5.7e-05,0,very_low,baseline
FORT HAMILTON PKWY,BROOKLYN,2029-07-01,5.7e-05,0,very_low,baseline
FORT HAMILTON PKWY,BROOKLYN,2029-08-01,5.7e-05,0,very_low,baseline
FORT HAMILTON PKWY,BROOKLYN,2029-09-01,5.8e-05,0,very_low,baseline
FORT HAMILTON PKWY,BROOKLYN,2029-10-01,5e-05,0,very_low,baseline
FORT HAMILTON PKWY,BROOKLYN,2029-11-01,4.7e-05,0,very_low,baseline
FORT HAMILTON PKWY,BROOKLYN,2029-12-01,4.8e-05,0,very_low,baseline
FRANKLIN AVENUE,BROOKLYN,2027-01-01,0.979282,1,very_high,baseline
FRANKLIN AVENUE,BROOKLYN,2027-02-01,0.981274,1,very_high,baseline
FRANKLIN AVENUE,BROOKLYN,2027-03-01,0.978208,1,very_high,baseline
FRANKLIN AVENUE,BROOKLYN,2027-04-01,0.979519,1,very_high,baseline
FRANKLIN AVENUE,BROOKLYN,2027-05-01,0.980569,1,very_high,baseline
FRANKLIN AVENUE,BROOKLYN,2027-06-01,0.980987,1,very_high,baseline
FRANKLIN AVENUE,BROOKLYN,2027-07-01,0.980987,1,very_high,baseline
FRANKLIN AVENUE,BROOKLYN,2027-08-01,0.981525,1,very_high,baseline
FRANKLIN AVENUE,BROOKLYN,2027-09-01,0.981779,1,very_high,baseline
FRANKLIN AVENUE,BROOKLYN,2027-10-01,0.982657,1,very_high,baseline
FRANKLIN AVENUE,BROOKLYN,2027-11-01,0.982773,1,very_high,baseline
FRANKLIN AVENUE,BROOKLYN,2027-12-01,0.982773,1,very_high,baseline
FRANKLIN AVENUE,BROOKLYN,2028-01-01,0.978208,1,very_high,baseline
FRANKLIN AVENUE,BROOKLYN,2028-02-01,0.978208,1,very_high,baseline
FRANKLIN AVENUE,BROOKLYN,2028-03-01,0.978208,1,very_high,baseline
FRANKLIN AVENUE,BROOKLYN,2028-04-01,0.979519,1,very_high,baseline
FRANKLIN AVENUE,BROOKLYN,2028-05-01,0.980258,1,very_high,baseline
FRANKLIN AVENUE,BROOKLYN,2028-06-01,0.980987,1,very_high,baseline
FRANKLIN AVENUE,BROOKLYN,2028-07-01,0.980987,1,very_high,baseline
FRANKLIN AVENUE,BROOKLYN,2028-08-01,0.981525,1,very_high,baseline
FRANKLIN AVENUE,BROOKLYN,2028-09-01,0.981779,1,very_high,baseline
FRANKLIN AVENUE,BROOKLYN,2028-10-01,0.982657,1,very_high,baseline
FRANKLIN AVENUE,BROOKLYN,2028-11-01,0.982773,1,very_high,baseline
FRANKLIN AVENUE,BROOKLYN,2028-12-01,0.982773,1,very_high,baseline
FRANKLIN AVENUE,BROOKLYN,2029-01-01,0.978208,1,very_high,baseline
FRANKLIN AVENUE,BROOKLYN,2029-02-01,0.978208,1,very_high,baseline
FRANKLIN AVENUE,BROOKLYN,2029-03-01,0.978208,1,very_high,baseline
FRANKLIN AVENUE,BROOKLYN,2029-04-01,0.979519,1,very_high,baseline
FRANKLIN AVENUE,BROOKLYN,2029-05-01,0.980258,1,very_high,baseline
FRANKLIN AVENUE,BROOKLYN,2029-06-01,0.980987,1,very_high,baseline
FRANKLIN AVENUE,BROOKLYN,2029-07-01,0.980987,1,very_high,baseline
FRANKLIN AVENUE,BROOKLYN,2029-08-01,0.981525,1,very_high,baseline
FRANKLIN AVENUE,BROOKLYN,2029-09-01,0.981779,1,very_high,baseline
FRANKLIN AVENUE,BROOKLYN,2029-10-01,0.982657,1,very_high,baseline
FRANKLIN AVENUE,BROOKLYN,2029-11-01,0.982773,1,very_high,baseline
FRANKLIN AVENUE,BROOKLYN,2029-12-01,0.982773,1,very_high,baseline
FRANKLIN STREET,MANHATTAN,2027-01-01,0.000107,0,very_low,baseline
FRANKLIN STREET,MANHATTAN,2027-02-01,0.000137,0,very_low,baseline
FRANKLIN STREET,MANHATTAN,2027-03-01,0.000114,0,very_low,baseline
FRANKLIN STREET,MANHATTAN,2027-04-01,0.000103,0,very_low,baseline
FRANKLIN STREET,MANHATTAN,2027-05-01,0.00012,0,very_low,baseline
FRANKLIN STREET,MANHATTAN,2027-06-01,0.000129,0,very_low,baseline
FRANKLIN STREET,MANHATTAN,2027-07-01,0.000129,0,very_low,baseline
FRANKLIN STREET,MANHATTAN,2027-08-01,0.000129,0,very_low,baseline
FRANKLIN STREET,MANHATTAN,2027-09-01,0.000133,0,very_low,baseline
FRANKLIN STREET,MANHATTAN,2027-10-01,0.000107,0,very_low,baseline
FRANKLIN STREET,MANHATTAN,2027-11-01,0.000101,0,very_low,baseline
FRANKLIN STREET,MANHATTAN,2027-12-01,0.000101,0,very_low,baseline
FRANKLIN STREET,MANHATTAN,2028-01-01,0.00013,0,very_low,baseline
FRANKLIN STREET,MANHATTAN,2028-02-01,0.000129,0,very_low,baseline
FRANKLIN STREET,MANHATTAN,2028-03-01,0.000127,0,very_low,baseline
FRANKLIN STREET,MANHATTAN,2028-04-01,0.000127,0,very_low,baseline
FRANKLIN STREET,MANHATTAN,2028-05-01,0.000132,0,very_low,baseline
FRANKLIN STREET,MANHATTAN,2028-06-01,0.000129,0,very_low,baseline
FRANKLIN STREET,MANHATTAN,2028-07-01,0.000129,0,very_low,baseline
FRANKLIN STREET,MANHATTAN,2028-08-01,0.000129,0,very_low,baseline
FRANKLIN STREET,MANHATTAN,2028-09-01,0.000133,0,very_low,baseline
FRANKLIN STREET,MANHATTAN,2028-10-01,0.000107,0,very_low,baseline
FRANKLIN STREET,MANHATTAN,2028-11-01,0.000101,0,very_low,baseline
FRANKLIN STREET,MANHATTAN,2028-12-01,0.000101,0,very_low,baseline
FRANKLIN STREET,MANHATTAN,2029-01-01,0.00013,0,very_low,baseline
FRANKLIN STREET,MANHATTAN,2029-02-01,0.000129,0,very_low,baseline
FRANKLIN STREET,MANHATTAN,2029-03-01,0.000127,0,very_low,baseline
FRANKLIN STREET,MANHATTAN,2029-04-01,0.000127,0,very_low,baseline
FRANKLIN STREET,MANHATTAN,2029-05-01,0.000132,0,very_low,baseline
FRANKLIN STREET,MANHATTAN,2029-06-01,0.000129,0,very_low,baseline
FRANKLIN STREET,MANHATTAN,2029-07-01,0.000129,0,very_low,baseline
FRANKLIN STREET,MANHATTAN,2029-08-01,0.000129,0,very_low,baseline
FRANKLIN STREET,MANHATTAN,2029-09-01,0.000133,0,very_low,baseline
FRANKLIN STREET,MANHATTAN,2029-10-01,0.000107,0,very_low,baseline
FRANKLIN STREET,MANHATTAN,2029-11-01,0.000101,0,very_low,baseline
FRANKLIN STREET,MANHATTAN,2029-12-01,0.000101,0,very_low,baseline
FREEMAN STREET,BRONX,2027-01-01,0.000433,0,very_low,baseline
FREEMAN STREET,BRONX,2027-02-01,0.000409,0,very_low,baseline
FREEMAN STREET,BRONX,2027-03-01,0.000873,0,very_low,baseline
FREEMAN STREET,BRONX,2027-04-01,0.000751,0,very_low,baseline
FREEMAN STREET,BRONX,2027-05-01,0.000728,0,very_low,baseline
FREEMAN STREET,BRONX,2027-06-01,0.000603,0,very_low,baseline
FREEMAN STREET,BRONX,2027-07-01,0.00061,0,very_low,baseline
FREEMAN STREET,BRONX,2027-08-01,0.00061,0,very_low,baseline
FREEMAN STREET,BRONX,2027-09-01,0.000613,0,very_low,baseline
FREEMAN STREET,BRONX,2027-10-01,0.000352,0,very_low,baseline
FREEMAN STREET,BRONX,2027-11-01,0.000342,0,very_low,baseline
FREEMAN STREET,BRONX,2027-12-01,0.000342,0,very_low,baseline
FREEMAN STREET,BRONX,2028-01-01,0.000565,0,very_low,baseline
FREEMAN STREET,BRONX,2028-02-01,0.000565,0,very_low,baseline
FREEMAN STREET,BRONX,2028-03-01,0.00057,0,very_low,baseline
FREEMAN STREET,BRONX,2028-04-01,0.00058,0,very_low,baseline
FREEMAN STREET,BRONX,2028-05-01,0.000594,0,very_low,baseline
FREEMAN STREET,BRONX,2028-06-01,0.000603,0,very_low,baseline
FREEMAN STREET,BRONX,2028-07-01,0.00061,0,very_low,baseline
FREEMAN STREET,BRONX,2028-08-01,0.00061,0,very_low,baseline
FREEMAN STREET,BRONX,2028-09-01,0.000613,0,very_low,baseline
FREEMAN STREET,BRONX,2028-10-01,0.000352,0,very_low,baseline
FREEMAN STREET,BRONX,2028-11-01,0.000342,0,very_low,baseline
FREEMAN STREET,BRONX,2028-12-01,0.000342,0,very_low,baseline
FREEMAN STREET,BRONX,2029-01-01,0.000565,0,very_low,baseline
FREEMAN STREET,BRONX,2029-02-01,0.000565,0,very_low,baseline
FREEMAN STREET,BRONX,2029-03-01,0.00057,0,very_low,baseline
FREEMAN STREET,BRONX,2029-04-01,0.00058,0,very_low,baseline
FREEMAN STREET,BRONX,2029-05-01,0.000594,0,very_low,baseline
FREEMAN STREET,BRONX,2029-06-01,0.000603,0,very_low,baseline
FREEMAN STREET,BRONX,2029-07-01,0.00061,0,very_low,baseline
FREEMAN STREET,BRONX,2029-08-01,0.00061,0,very_low,baseline
FREEMAN STREET,BRONX,2029-09-01,0.000613,0,very_low,baseline
FREEMAN STREET,BRONX,2029-10-01,0.000352,0,very_low,baseline
FREEMAN STREET,BRONX,2029-11-01,0.000342,0,very_low,baseline
FREEMAN STREET,BRONX,2029-12-01,0.000342,0,very_low,baseline
FRESH POND ROAD,QUEENS,2027-01-01,0.000173,0,very_low,baseline
FRESH POND ROAD,QUEENS,2027-02-01,0.000129,0,very_low,baseline
FRESH POND ROAD,QUEENS,2027-03-01,0.00013,0,very_low,baseline
FRESH POND ROAD,QUEENS,2027-04-01,0.000143,0,very_low,baseline
FRESH POND ROAD,QUEENS,2027-05-01,0.000135,0,very_low,baseline
FRESH POND ROAD,QUEENS,2027-06-01,0.000136,0,very_low,baseline
FRESH POND ROAD,QUEENS,2027-07-01,0.000136,0,very_low,baseline
FRESH POND ROAD,QUEENS,2027-08-01,0.000136,0,very_low,baseline
FRESH POND ROAD,QUEENS,2027-09-01,0.00014,0,very_low,baseline
FRESH POND ROAD,QUEENS,2027-10-01,0.000111,0,very_low,baseline
FRESH POND ROAD,QUEENS,2027-11-01,0.000104,0,very_low,baseline
FRESH POND ROAD,QUEENS,2027-12-01,0.000104,0,very_low,baseline
FRESH POND ROAD,QUEENS,2028-01-01,0.00013,0,very_low,baseline
FRESH POND ROAD,QUEENS,2028-02-01,0.000129,0,very_low,baseline
FRESH POND ROAD,QUEENS,2028-03-01,0.00013,0,very_low,baseline
FRESH POND ROAD,QUEENS,2028-04-01,0.00013,0,very_low,baseline
FRESH POND ROAD,QUEENS,2028-05-01,0.000135,0,very_low,baseline
FRESH POND ROAD,QUEENS,2028-06-01,0.000136,0,very_low,baseline
FRESH POND ROAD,QUEENS,2028-07-01,0.000136,0,very_low,baseline
FRESH POND ROAD,QUEENS,2028-08-01,0.000136,0,very_low,baseline
FRESH POND ROAD,QUEENS,2028-09-01,0.00014,0,very_low,baseline
FRESH POND ROAD,QUEENS,2028-10-01,0.000111,0,very_low,baseline
FRESH POND ROAD,QUEENS,2028-11-01,0.000104,0,very_low,baseline
FRESH POND ROAD,QUEENS,2028-12-01,0.000104,0,very_low,baseline
FRESH POND ROAD,QUEENS,2029-01-01,0.00013,0,very_low,baseline
FRESH POND ROAD,QUEENS,2029-02-01,0.000129,0,very_low,baseline
FRESH POND ROAD,QUEENS,2029-03-01,0.00013,0,very_low,baseline
FRESH POND ROAD,QUEENS,2029-04-01,0.00013,0,very_low,baseline
FRESH POND ROAD,QUEENS,2029-05-01,0.000135,0,very_low,baseline
FRESH POND ROAD,QUEENS,2029-06-01,0.000136,0,very_low,baseline
FRESH POND ROAD,QUEENS,2029-07-01,0.000136,0,very_low,baseline
FRESH POND ROAD,QUEENS,2029-08-01,0.000136,0,very_low,baseline
FRESH POND ROAD,QUEENS,2029-09-01,0.00014,0,very_low,baseline
FRESH POND ROAD,QUEENS,2029-10-01,0.000111,0,very_low,baseline
FRESH POND ROAD,QUEENS,2029-11-01,0.000104,0,very_low,baseline
FRESH POND ROAD,QUEENS,2029-12-01,0.000104,0,very_low,baseline
FULTON STREET,MANHATTAN,2027-01-01,0.001181,0,very_low,baseline
FULTON STREET,MANHATTAN,2027-02-01,0.001119,0,very_low,baseline
FULTON STREET,MANHATTAN,2027-03-01,0.000905,0,very_low,baseline
FULTON STREET,MANHATTAN,2027-04-01,0.000993,0,very_low,baseline
FULTON STREET,MANHATTAN,2027-05-01,0.001056,0,very_low,baseline
FULTON STREET,MANHATTAN,2027-06-01,0.001134,0,very_low,baseline
FULTON STREET,MANHATTAN,2027-07-01,0.001134,0,very_low,baseline
FULTON STREET,MANHATTAN,2027-08-01,0.001134,0,very_low,baseline
FULTON STREET,MANHATTAN,2027-09-01,0.001119,0,very_low,baseline
FULTON STREET,MANHATTAN,2027-10-01,0.000909,0,very_low,baseline
FULTON STREET,MANHATTAN,2027-11-01,0.000937,0,very_low,baseline
FULTON STREET,MANHATTAN,2027-12-01,0.000927,0,very_low,baseline
FULTON STREET,MANHATTAN,2028-01-01,0.000962,0,very_low,baseline
FULTON STREET,MANHATTAN,2028-02-01,0.001018,0,very_low,baseline
FULTON STREET,MANHATTAN,2028-03-01,0.001041,0,very_low,baseline
FULTON STREET,MANHATTAN,2028-04-01,0.001041,0,very_low,baseline
FULTON STREET,MANHATTAN,2028-05-01,0.001147,0,very_low,baseline
FULTON STREET,MANHATTAN,2028-06-01,0.001134,0,very_low,baseline
FULTON STREET,MANHATTAN,2028-07-01,0.001134,0,very_low,baseline
FULTON STREET,MANHATTAN,2028-08-01,0.001134,0,very_low,baseline
FULTON STREET,MANHATTAN,2028-09-01,0.001119,0,very_low,baseline
FULTON STREET,MANHATTAN,2028-10-01,0.000909,0,very_low,baseline
FULTON STREET,MANHATTAN,2028-11-01,0.000937,0,very_low,baseline
FULTON STREET,MANHATTAN,2028-12-01,0.000927,0,very_low,baseline
FULTON STREET,MANHATTAN,2029-01-01,0.000962,0,very_low,baseline
FULTON STREET,MANHATTAN,2029-02-01,0.001018,0,very_low,baseline
FULTON STREET,MANHATTAN,2029-03-01,0.001041,0,very_low,baseline
FULTON STREET,MANHATTAN,2029-04-01,0.001041,0,very_low,baseline
FULTON STREET,MANHATTAN,2029-05-01,0.001147,0,very_low,baseline
FULTON STREET,MANHATTAN,2029-06-01,0.001134,0,very_low,baseline
FULTON STREET,MANHATTAN,2029-07-01,0.001134,0,very_low,baseline
FULTON STREET,MANHATTAN,2029-08-01,0.001134,0,very_low,baseline
FULTON STREET,MANHATTAN,2029-09-01,0.001119,0,very_low,baseline
FULTON STREET,MANHATTAN,2029-10-01,0.000909,0,very_low,baseline
FULTON STREET,MANHATTAN,2029-11-01,0.000937,0,very_low,baseline
FULTON STREET,MANHATTAN,2029-12-01,0.000927,0,very_low,baseline
GATES AVENUE,BROOKLYN,2027-01-01,0.000196,0,very_low,baseline
GATES AVENUE,BROOKLYN,2027-02-01,0.000238,0,very_low,baseline
GATES AVENUE,BROOKLYN,2027-03-01,0.000169,0,very_low,baseline
GATES AVENUE,BROOKLYN,2027-04-01,0.00015,0,very_low,baseline
GATES AVENUE,BROOKLYN,2027-05-01,0.000163,0,very_low,baseline
GATES AVENUE,BROOKLYN,2027-06-01,0.000177,0,very_low,baseline
GATES AVENUE,BROOKLYN,2027-07-01,0.000177,0,very_low,baseline
GATES AVENUE,BROOKLYN,2027-08-01,0.000177,0,very_low,baseline
GATES AVENUE,BROOKLYN,2027-09-01,0.000174,0,very_low,baseline
GATES AVENUE,BROOKLYN,2027-10-01,0.000135,0,very_low,baseline
GATES AVENUE,BROOKLYN,2027-11-01,0.000127,0,very_low,baseline
GATES AVENUE,BROOKLYN,2027-12-01,0.000129,0,very_low,baseline
GATES AVENUE,BROOKLYN,2028-01-01,0.000169,0,very_low,baseline
GATES AVENUE,BROOKLYN,2028-02-01,0.000169,0,very_low,baseline
GATES AVENUE,BROOKLYN,2028-03-01,0.00017,0,very_low,baseline
GATES AVENUE,BROOKLYN,2028-04-01,0.00017,0,very_low,baseline
GATES AVENUE,BROOKLYN,2028-05-01,0.000176,0,very_low,baseline
GATES AVENUE,BROOKLYN,2028-06-01,0.000177,0,very_low,baseline
GATES AVENUE,BROOKLYN,2028-07-01,0.000177,0,very_low,baseline
GATES AVENUE,BROOKLYN,2028-08-01,0.000177,0,very_low,baseline
GATES AVENUE,BROOKLYN,2028-09-01,0.000174,0,very_low,baseline
GATES AVENUE,BROOKLYN,2028-10-01,0.000135,0,very_low,baseline
GATES AVENUE,BROOKLYN,2028-11-01,0.000127,0,very_low,baseline
GATES AVENUE,BROOKLYN,2028-12-01,0.000129,0,very_low,baseline
GATES AVENUE,BROOKLYN,2029-01-01,0.000169,0,very_low,baseline
GATES AVENUE,BROOKLYN,2029-02-01,0.000169,0,very_low,baseline
GATES AVENUE,BROOKLYN,2029-03-01,0.00017,0,very_low,baseline
GATES AVENUE,BROOKLYN,2029-04-01,0.00017,0,very_low,baseline
GATES AVENUE,BROOKLYN,2029-05-01,0.000176,0,very_low,baseline
GATES AVENUE,BROOKLYN,2029-06-01,0.000177,0,very_low,baseline
GATES AVENUE,BROOKLYN,2029-07-01,0.000177,0,very_low,baseline
GATES AVENUE,BROOKLYN,2029-08-01,0.000177,0,very_low,baseline
GATES AVENUE,BROOKLYN,2029-09-01,0.000174,0,very_low,baseline
GATES AVENUE,BROOKLYN,2029-10-01,0.000135,0,very_low,baseline
GATES AVENUE,BROOKLYN,2029-11-01,0.000127,0,very_low,baseline
GATES AVENUE,BROOKLYN,2029-12-01,0.000129,0,very_low,baseline
GRAHAM AVENUE,BROOKLYN,2027-01-01,0.000134,0,very_low,baseline
GRAHAM AVENUE,BROOKLYN,2027-02-01,0.000212,0,very_low,baseline
GRAHAM AVENUE,BROOKLYN,2027-03-01,0.000283,0,very_low,baseline
GRAHAM AVENUE,BROOKLYN,2027-04-01,0.000282,0,very_low,baseline
GRAHAM AVENUE,BROOKLYN,2027-05-01,0.000213,0,very_low,baseline
GRAHAM AVENUE,BROOKLYN,2027-06-01,0.00022,0,very_low,baseline
GRAHAM AVENUE,BROOKLYN,2027-07-01,0.00022,0,very_low,baseline
GRAHAM AVENUE,BROOKLYN,2027-08-01,0.00022,0,very_low,baseline
GRAHAM AVENUE,BROOKLYN,2027-09-01,0.000228,0,very_low,baseline
GRAHAM AVENUE,BROOKLYN,2027-10-01,0.00015,0,very_low,baseline
GRAHAM AVENUE,BROOKLYN,2027-11-01,0.000146,0,very_low,baseline
GRAHAM AVENUE,BROOKLYN,2027-12-01,0.000147,0,very_low,baseline
GRAHAM AVENUE,BROOKLYN,2028-01-01,0.000196,0,very_low,baseline
GRAHAM AVENUE,BROOKLYN,2028-02-01,0.000198,0,very_low,baseline
GRAHAM AVENUE,BROOKLYN,2028-03-01,0.000195,0,very_low,baseline
GRAHAM AVENUE,BROOKLYN,2028-04-01,0.000199,0,very_low,baseline
GRAHAM AVENUE,BROOKLYN,2028-05-01,0.00021,0,very_low,baseline
GRAHAM AVENUE,BROOKLYN,2028-06-01,0.00022,0,very_low,baseline
GRAHAM AVENUE,BROOKLYN,2028-07-01,0.00022,0,very_low,baseline
GRAHAM AVENUE,BROOKLYN,2028-08-01,0.00022,0,very_low,baseline
GRAHAM AVENUE,BROOKLYN,2028-09-01,0.000228,0,very_low,baseline
GRAHAM AVENUE,BROOKLYN,2028-10-01,0.00015,0,very_low,baseline
GRAHAM AVENUE,BROOKLYN,2028-11-01,0.000146,0,very_low,baseline
GRAHAM AVENUE,BROOKLYN,2028-12-01,0.000147,0,very_low,baseline
GRAHAM AVENUE,BROOKLYN,2029-01-01,0.000196,0,very_low,baseline
GRAHAM AVENUE,BROOKLYN,2029-02-01,0.000198,0,very_low,baseline
GRAHAM AVENUE,BROOKLYN,2029-03-01,0.000195,0,very_low,baseline
GRAHAM AVENUE,BROOKLYN,2029-04-01,0.000199,0,very_low,baseline
GRAHAM AVENUE,BROOKLYN,2029-05-01,0.00021,0,very_low,baseline
GRAHAM AVENUE,BROOKLYN,2029-06-01,0.00022,0,very_low,baseline
GRAHAM AVENUE,BROOKLYN,2029-07-01,0.00022,0,very_low,baseline
GRAHAM AVENUE,BROOKLYN,2029-08-01,0.00022,0,very_low,baseline
GRAHAM AVENUE,BROOKLYN,2029-09-01,0.000228,0,very_low,baseline
GRAHAM AVENUE,BROOKLYN,2029-10-01,0.00015,0,very_low,baseline
GRAHAM AVENUE,BROOKLYN,2029-11-01,0.000146,0,very_low,baseline
GRAHAM AVENUE,BROOKLYN,2029-12-01,0.000147,0,very_low,baseline
GRAND ARMY PLAZA,BROOKLYN,2027-01-01,0.084632,0,very_low,baseline
GRAND ARMY PLAZA,BROOKLYN,2027-02-01,0.028205,0,very_low,baseline
GRAND ARMY PLAZA,BROOKLYN,2027-03-01,0.036975,0,very_low,baseline
GRAND ARMY PLAZA,BROOKLYN,2027-04-01,0.032811,0,very_low,baseline
GRAND ARMY PLAZA,BROOKLYN,2027-05-01,0.038111,0,very_low,baseline
GRAND ARMY PLAZA,BROOKLYN,2027-06-01,0.040009,0,very_low,baseline
GRAND ARMY PLAZA,BROOKLYN,2027-07-01,0.04051,0,very_low,baseline
GRAND ARMY PLAZA,BROOKLYN,2027-08-01,0.043215,0,very_low,baseline
GRAND ARMY PLAZA,BROOKLYN,2027-09-01,0.044301,0,very_low,baseline
GRAND ARMY PLAZA,BROOKLYN,2027-10-01,0.037931,0,very_low,baseline
GRAND ARMY PLAZA,BROOKLYN,2027-11-01,0.039303,0,very_low,baseline
GRAND ARMY PLAZA,BROOKLYN,2027-12-01,0.041868,0,very_low,baseline
GRAND ARMY PLAZA,BROOKLYN,2028-01-01,0.037155,0,very_low,baseline
GRAND ARMY PLAZA,BROOKLYN,2028-02-01,0.038016,0,very_low,baseline
GRAND ARMY PLAZA,BROOKLYN,2028-03-01,0.036975,0,very_low,baseline
GRAND ARMY PLAZA,BROOKLYN,2028-04-01,0.036887,0,very_low,baseline
GRAND ARMY PLAZA,BROOKLYN,2028-05-01,0.040009,0,very_low,baseline
GRAND ARMY PLAZA,BROOKLYN,2028-06-01,0.040009,0,very_low,baseline
GRAND ARMY PLAZA,BROOKLYN,2028-07-01,0.04051,0,very_low,baseline
GRAND ARMY PLAZA,BROOKLYN,2028-08-01,0.043215,0,very_low,baseline
GRAND ARMY PLAZA,BROOKLYN,2028-09-01,0.044301,0,very_low,baseline
GRAND ARMY PLAZA,BROOKLYN,2028-10-01,0.037931,0,very_low,baseline
GRAND ARMY PLAZA,BROOKLYN,2028-11-01,0.039303,0,very_low,baseline
GRAND ARMY PLAZA,BROOKLYN,2028-12-01,0.041868,0,very_low,baseline
GRAND ARMY PLAZA,BROOKLYN,2029-01-01,0.037155,0,very_low,baseline
GRAND ARMY PLAZA,BROOKLYN,2029-02-01,0.038016,0,very_low,baseline
GRAND ARMY PLAZA,BROOKLYN,2029-03-01,0.036975,0,very_low,baseline
GRAND ARMY PLAZA,BROOKLYN,2029-04-01,0.036887,0,very_low,baseline
GRAND ARMY PLAZA,BROOKLYN,2029-05-01,0.040009,0,very_low,baseline
GRAND ARMY PLAZA,BROOKLYN,2029-06-01,0.040009,0,very_low,baseline
GRAND ARMY PLAZA,BROOKLYN,2029-07-01,0.04051,0,very_low,baseline
GRAND ARMY PLAZA,BROOKLYN,2029-08-01,0.043215,0,very_low,baseline
GRAND ARMY PLAZA,BROOKLYN,2029-09-01,0.044301,0,very_low,baseline
GRAND ARMY PLAZA,BROOKLYN,2029-10-01,0.037931,0,very_low,baseline
GRAND ARMY PLAZA,BROOKLYN,2029-11-01,0.039303,0,very_low,baseline
GRAND ARMY PLAZA,BROOKLYN,2029-12-01,0.041868,0,very_low,baseline
GRAND AVE.-NEWTON,QUEENS,2027-01-01,0.000164,0,very_low,baseline
GRAND AVE.-NEWTON,QUEENS,2027-02-01,0.000149,0,very_low,baseline
GRAND AVE.-NEWTON,QUEENS,2027-03-01,0.000195,0,very_low,baseline
GRAND AVE.-NEWTON,QUEENS,2027-04-01,0.00024,0,very_low,baseline
GRAND AVE.-NEWTON,QUEENS,2027-05-01,0.000194,0,very_low,baseline
GRAND AVE.-NEWTON,QUEENS,2027-06-01,0.000193,0,very_low,baseline
GRAND AVE.-NEWTON,QUEENS,2027-07-01,0.000193,0,very_low,baseline
GRAND AVE.-NEWTON,QUEENS,2027-08-01,0.000193,0,very_low,baseline
GRAND AVE.-NEWTON,QUEENS,2027-09-01,0.000196,0,very_low,baseline
GRAND AVE.-NEWTON,QUEENS,2027-10-01,0.000119,0,very_low,baseline
GRAND AVE.-NEWTON,QUEENS,2027-11-01,0.000114,0,very_low,baseline
GRAND AVE.-NEWTON,QUEENS,2027-12-01,0.000112,0,very_low,baseline
GRAND AVE.-NEWTON,QUEENS,2028-01-01,0.000186,0,very_low,baseline
GRAND AVE.-NEWTON,QUEENS,2028-02-01,0.000186,0,very_low,baseline
GRAND AVE.-NEWTON,QUEENS,2028-03-01,0.00018,0,very_low,baseline
GRAND AVE.-NEWTON,QUEENS,2028-04-01,0.000181,0,very_low,baseline
GRAND AVE.-NEWTON,QUEENS,2028-05-01,0.000194,0,very_low,baseline
GRAND AVE.-NEWTON,QUEENS,2028-06-01,0.000193,0,very_low,baseline
GRAND AVE.-NEWTON,QUEENS,2028-07-01,0.000193,0,very_low,baseline
GRAND AVE.-NEWTON,QUEENS,2028-08-01,0.000193,0,very_low,baseline
GRAND AVE.-NEWTON,QUEENS,2028-09-01,0.000196,0,very_low,baseline
GRAND AVE.-NEWTON,QUEENS,2028-10-01,0.000119,0,very_low,baseline
GRAND AVE.-NEWTON,QUEENS,2028-11-01,0.000114,0,very_low,baseline
GRAND AVE.-NEWTON,QUEENS,2028-12-01,0.000112,0,very_low,baseline
GRAND AVE.-NEWTON,QUEENS,2029-01-01,0.000186,0,very_low,baseline
GRAND AVE.-NEWTON,QUEENS,2029-02-01,0.000186,0,very_low,baseline
GRAND AVE.-NEWTON,QUEENS,2029-03-01,0.00018,0,very_low,baseline
GRAND AVE.-NEWTON,QUEENS,2029-04-01,0.000181,0,very_low,baseline
GRAND AVE.-NEWTON,QUEENS,2029-05-01,0.000194,0,very_low,baseline
GRAND AVE.-NEWTON,QUEENS,2029-06-01,0.000193,0,very_low,baseline
GRAND AVE.-NEWTON,QUEENS,2029-07-01,0.000193,0,very_low,baseline
GRAND AVE.-NEWTON,QUEENS,2029-08-01,0.000193,0,very_low,baseline
GRAND AVE.-NEWTON,QUEENS,2029-09-01,0.000196,0,very_low,baseline
GRAND AVE.-NEWTON,QUEENS,2029-10-01,0.000119,0,very_low,baseline
GRAND AVE.-NEWTON,QUEENS,2029-11-01,0.000114,0,very_low,baseline
GRAND AVE.-NEWTON,QUEENS,2029-12-01,0.000112,0,very_low,baseline
GRAND STREET,MANHATTAN,2027-01-01,0.000237,0,very_low,baseline
GRAND STREET,MANHATTAN,2027-02-01,0.000301,0,very_low,baseline
GRAND STREET,MANHATTAN,2027-03-01,0.00032,0,very_low,baseline
GRAND STREET,MANHATTAN,2027-04-01,0.000311,0,very_low,baseline
GRAND STREET,MANHATTAN,2027-05-01,0.000318,0,very_low,baseline
GRAND STREET,MANHATTAN,2027-06-01,0.00033,0,very_low,baseline
GRAND STREET,MANHATTAN,2027-07-01,0.00033,0,very_low,baseline
GRAND STREET,MANHATTAN,2027-08-01,0.00033,0,very_low,baseline
GRAND STREET,MANHATTAN,2027-09-01,0.000333,0,very_low,baseline
GRAND STREET,MANHATTAN,2027-10-01,0.000226,0,very_low,baseline
GRAND STREET,MANHATTAN,2027-11-01,0.000232,0,very_low,baseline
GRAND STREET,MANHATTAN,2027-12-01,0.000226,0,very_low,baseline
GRAND STREET,MANHATTAN,2028-01-01,0.000294,0,very_low,baseline
GRAND STREET,MANHATTAN,2028-02-01,0.000311,0,very_low,baseline
GRAND STREET,MANHATTAN,2028-03-01,0.000311,0,very_low,baseline
GRAND STREET,MANHATTAN,2028-04-01,0.000311,0,very_low,baseline
GRAND STREET,MANHATTAN,2028-05-01,0.000328,0,very_low,baseline
GRAND STREET,MANHATTAN,2028-06-01,0.00033,0,very_low,baseline
GRAND STREET,MANHATTAN,2028-07-01,0.00033,0,very_low,baseline
GRAND STREET,MANHATTAN,2028-08-01,0.00033,0,very_low,baseline
GRAND STREET,MANHATTAN,2028-09-01,0.000333,0,very_low,baseline
GRAND STREET,MANHATTAN,2028-10-01,0.000226,0,very_low,baseline
GRAND STREET,MANHATTAN,2028-11-01,0.000232,0,very_low,baseline
GRAND STREET,MANHATTAN,2028-12-01,0.000226,0,very_low,baseline
GRAND STREET,MANHATTAN,2029-01-01,0.000294,0,very_low,baseline
GRAND STREET,MANHATTAN,2029-02-01,0.000311,0,very_low,baseline
GRAND STREET,MANHATTAN,2029-03-01,0.000311,0,very_low,baseline
GRAND STREET,MANHATTAN,2029-04-01,0.000311,0,very_low,baseline
GRAND STREET,MANHATTAN,2029-05-01,0.000328,0,very_low,baseline
GRAND STREET,MANHATTAN,2029-06-01,0.00033,0,very_low,baseline
GRAND STREET,MANHATTAN,2029-07-01,0.00033,0,very_low,baseline
GRAND STREET,MANHATTAN,2029-08-01,0.00033,0,very_low,baseline
GRAND STREET,MANHATTAN,2029-09-01,0.000333,0,very_low,baseline
GRAND STREET,MANHATTAN,2029-10-01,0.000226,0,very_low,baseline
GRAND STREET,MANHATTAN,2029-11-01,0.000232,0,very_low,baseline
GRAND STREET,MANHATTAN,2029-12-01,0.000226,0,very_low,baseline
GRANT AVENUE,BROOKLYN,2027-01-01,0.012182,0,very_low,baseline
GRANT AVENUE,BROOKLYN,2027-02-01,0.01283,0,very_low,baseline
GRANT AVENUE,BROOKLYN,2027-03-01,0.011448,0,very_low,baseline
GRANT AVENUE,BROOKLYN,2027-04-01,0.012205,0,very_low,baseline
GRANT AVENUE,BROOKLYN,2027-05-01,0.011847,0,very_low,baseline
GRANT AVENUE,BROOKLYN,2027-06-01,0.012401,0,very_low,baseline
GRANT AVENUE,BROOKLYN,2027-07-01,0.012401,0,very_low,baseline
GRANT AVENUE,BROOKLYN,2027-08-01,0.012741,0,very_low,baseline
GRANT AVENUE,BROOKLYN,2027-09-01,0.012387,0,very_low,baseline
GRANT AVENUE,BROOKLYN,2027-10-01,0.008635,0,very_low,baseline
GRANT AVENUE,BROOKLYN,2027-11-01,0.008435,0,very_low,baseline
GRANT AVENUE,BROOKLYN,2027-12-01,0.009004,0,very_low,baseline
GRANT AVENUE,BROOKLYN,2028-01-01,0.010596,0,very_low,baseline
GRANT AVENUE,BROOKLYN,2028-02-01,0.011504,0,very_low,baseline
GRANT AVENUE,BROOKLYN,2028-03-01,0.011455,0,very_low,baseline
GRANT AVENUE,BROOKLYN,2028-04-01,0.011427,0,very_low,baseline
GRANT AVENUE,BROOKLYN,2028-05-01,0.01201,0,very_low,baseline
GRANT AVENUE,BROOKLYN,2028-06-01,0.012401,0,very_low,baseline
GRANT AVENUE,BROOKLYN,2028-07-01,0.012401,0,very_low,baseline
GRANT AVENUE,BROOKLYN,2028-08-01,0.012741,0,very_low,baseline
GRANT AVENUE,BROOKLYN,2028-09-01,0.012387,0,very_low,baseline
GRANT AVENUE,BROOKLYN,2028-10-01,0.008635,0,very_low,baseline
GRANT AVENUE,BROOKLYN,2028-11-01,0.008435,0,very_low,baseline
GRANT AVENUE,BROOKLYN,2028-12-01,0.009004,0,very_low,baseline
GRANT AVENUE,BROOKLYN,2029-01-01,0.010596,0,very_low,baseline
GRANT AVENUE,BROOKLYN,2029-02-01,0.011504,0,very_low,baseline
GRANT AVENUE,BROOKLYN,2029-03-01,0.011455,0,very_low,baseline
GRANT AVENUE,BROOKLYN,2029-04-01,0.011427,0,very_low,baseline
GRANT AVENUE,BROOKLYN,2029-05-01,0.01201,0,very_low,baseline
GRANT AVENUE,BROOKLYN,2029-06-01,0.012401,0,very_low,baseline
GRANT AVENUE,BROOKLYN,2029-07-01,0.012401,0,very_low,baseline
GRANT AVENUE,BROOKLYN,2029-08-01,0.012741,0,very_low,baseline
GRANT AVENUE,BROOKLYN,2029-09-01,0.012387,0,very_low,baseline
GRANT AVENUE,BROOKLYN,2029-10-01,0.008635,0,very_low,baseline
GRANT AVENUE,BROOKLYN,2029-11-01,0.008435,0,very_low,baseline
GRANT AVENUE,BROOKLYN,2029-12-01,0.009004,0,very_low,baseline
GREENPOINT AVENUE,BROOKLYN,2027-01-01,6.5e-05,0,very_low,baseline
GREENPOINT AVENUE,BROOKLYN,2027-02-01,6.3e-05,0,very_low,baseline
GREENPOINT AVENUE,BROOKLYN,2027-03-01,6.3e-05,0,very_low,baseline
GREENPOINT AVENUE,BROOKLYN,2027-04-01,6.2e-05,0,very_low,baseline
GREENPOINT AVENUE,BROOKLYN,2027-05-01,7.1e-05,0,very_low,baseline
GREENPOINT AVENUE,BROOKLYN,2027-06-01,6.4e-05,0,very_low,baseline
GREENPOINT AVENUE,BROOKLYN,2027-07-01,6.4e-05,0,very_low,baseline
GREENPOINT AVENUE,BROOKLYN,2027-08-01,6.4e-05,0,very_low,baseline
GREENPOINT AVENUE,BROOKLYN,2027-09-01,6.8e-05,0,very_low,baseline
GREENPOINT AVENUE,BROOKLYN,2027-10-01,5.9e-05,0,very_low,baseline
GREENPOINT AVENUE,BROOKLYN,2027-11-01,5.5e-05,0,very_low,baseline
GREENPOINT AVENUE,BROOKLYN,2027-12-01,5.7e-05,0,very_low,baseline
GREENPOINT AVENUE,BROOKLYN,2028-01-01,6.2e-05,0,very_low,baseline
GREENPOINT AVENUE,BROOKLYN,2028-02-01,6.1e-05,0,very_low,baseline
GREENPOINT AVENUE,BROOKLYN,2028-03-01,6.2e-05,0,very_low,baseline
GREENPOINT AVENUE,BROOKLYN,2028-04-01,6.2e-05,0,very_low,baseline
GREENPOINT AVENUE,BROOKLYN,2028-05-01,6.4e-05,0,very_low,baseline
GREENPOINT AVENUE,BROOKLYN,2028-06-01,6.4e-05,0,very_low,baseline
GREENPOINT AVENUE,BROOKLYN,2028-07-01,6.4e-05,0,very_low,baseline
GREENPOINT AVENUE,BROOKLYN,2028-08-01,6.4e-05,0,very_low,baseline
GREENPOINT AVENUE,BROOKLYN,2028-09-01,6.8e-05,0,very_low,baseline
GREENPOINT AVENUE,BROOKLYN,2028-10-01,5.9e-05,0,very_low,baseline
GREENPOINT AVENUE,BROOKLYN,2028-11-01,5.5e-05,0,very_low,baseline
GREENPOINT AVENUE,BROOKLYN,2028-12-01,5.7e-05,0,very_low,baseline
GREENPOINT AVENUE,BROOKLYN,2029-01-01,6.2e-05,0,very_low,baseline
GREENPOINT AVENUE,BROOKLYN,2029-02-01,6.1e-05,0,very_low,baseline
GREENPOINT AVENUE,BROOKLYN,2029-03-01,6.2e-05,0,very_low,baseline
GREENPOINT AVENUE,BROOKLYN,2029-04-01,6.2e-05,0,very_low,baseline
GREENPOINT AVENUE,BROOKLYN,2029-05-01,6.4e-05,0,very_low,baseline
GREENPOINT AVENUE,BROOKLYN,2029-06-01,6.4e-05,0,very_low,baseline
GREENPOINT AVENUE,BROOKLYN,2029-07-01,6.4e-05,0,very_low,baseline
GREENPOINT AVENUE,BROOKLYN,2029-08-01,6.4e-05,0,very_low,baseline
GREENPOINT AVENUE,BROOKLYN,2029-09-01,6.8e-05,0,very_low,baseline
GREENPOINT AVENUE,BROOKLYN,2029-10-01,5.9e-05,0,very_low,baseline
GREENPOINT AVENUE,BROOKLYN,2029-11-01,5.5e-05,0,very_low,baseline
GREENPOINT AVENUE,BROOKLYN,2029-12-01,5.7e-05,0,very_low,baseline
GUN HILL ROAD,BRONX,2027-01-01,0.937173,1,very_high,baseline
GUN HILL ROAD,BRONX,2027-02-01,0.909389,1,very_high,baseline
GUN HILL ROAD,BRONX,2027-03-01,0.911298,1,very_high,baseline
GUN HILL ROAD,BRONX,2027-04-01,0.894843,1,very_high,baseline
GUN HILL ROAD,BRONX,2027-05-01,0.890826,1,very_high,baseline
GUN HILL ROAD,BRONX,2027-06-01,0.896246,1,very_high,baseline
GUN HILL ROAD,BRONX,2027-07-01,0.89873,1,very_high,baseline
GUN HILL ROAD,BRONX,2027-08-01,0.911566,1,very_high,baseline
GUN HILL ROAD,BRONX,2027-09-01,0.917171,1,very_high,baseline
GUN HILL ROAD,BRONX,2027-10-01,0.898078,1,very_high,baseline
GUN HILL ROAD,BRONX,2027-11-01,0.91079,1,very_high,baseline
GUN HILL ROAD,BRONX,2027-12-01,0.912867,1,very_high,baseline
GUN HILL ROAD,BRONX,2028-01-01,0.922608,1,very_high,baseline
GUN HILL ROAD,BRONX,2028-02-01,0.922608,1,very_high,baseline
GUN HILL ROAD,BRONX,2028-03-01,0.922608,1,very_high,baseline
GUN HILL ROAD,BRONX,2028-04-01,0.923875,1,very_high,baseline
GUN HILL ROAD,BRONX,2028-05-01,0.926064,1,very_high,baseline
GUN HILL ROAD,BRONX,2028-06-01,0.926064,1,very_high,baseline
GUN HILL ROAD,BRONX,2028-07-01,0.926064,1,very_high,baseline
GUN HILL ROAD,BRONX,2028-08-01,0.929864,1,very_high,baseline
GUN HILL ROAD,BRONX,2028-09-01,0.929269,1,very_high,baseline
GUN HILL ROAD,BRONX,2028-10-01,0.909671,1,very_high,baseline
GUN HILL ROAD,BRONX,2028-11-01,0.91079,1,very_high,baseline
GUN HILL ROAD,BRONX,2028-12-01,0.912867,1,very_high,baseline
GUN HILL ROAD,BRONX,2029-01-01,0.922608,1,very_high,baseline
GUN HILL ROAD,BRONX,2029-02-01,0.922608,1,very_high,baseline
GUN HILL ROAD,BRONX,2029-03-01,0.922608,1,very_high,baseline
GUN HILL ROAD,BRONX,2029-04-01,0.923875,1,very_high,baseline
GUN HILL ROAD,BRONX,2029-05-01,0.926064,1,very_high,baseline
GUN HILL ROAD,BRONX,2029-06-01,0.926064,1,very_high,baseline
GUN HILL ROAD,BRONX,2029-07-01,0.926064,1,very_high,baseline
GUN HILL ROAD,BRONX,2029-08-01,0.929864,1,very_high,baseline
GUN HILL ROAD,BRONX,2029-09-01,0.929269,1,very_high,baseline
GUN HILL ROAD,BRONX,2029-10-01,0.909671,1,very_high,baseline
GUN HILL ROAD,BRONX,2029-11-01,0.91079,1,very_high,baseline
GUN HILL ROAD,BRONX,2029-12-01,0.912867,1,very_high,baseline
HALSEY STREET,QUEENS,2027-01-01,0.000261,0,very_low,baseline
HALSEY STREET,QUEENS,2027-02-01,0.000198,0,very_low,baseline
HALSEY STREET,QUEENS,2027-03-01,0.000236,0,very_low,baseline
HALSEY STREET,QUEENS,2027-04-01,0.000214,0,very_low,baseline
HALSEY STREET,QUEENS,2027-05-01,0.000254,0,very_low,baseline
HALSEY STREET,QUEENS,2027-06-01,0.000256,0,very_low,baseline
HALSEY STREET,QUEENS,2027-07-01,0.000256,0,very_low,baseline
HALSEY STREET,QUEENS,2027-08-01,0.000256,0,very_low,baseline
HALSEY STREET,QUEENS,2027-09-01,0.000269,0,very_low,baseline
HALSEY STREET,QUEENS,2027-10-01,0.000222,0,very_low,baseline
HALSEY STREET,QUEENS,2027-11-01,0.000216,0,very_low,baseline
HALSEY STREET,QUEENS,2027-12-01,0.000225,0,very_low,baseline
HALSEY STREET,QUEENS,2028-01-01,0.00026,0,very_low,baseline
HALSEY STREET,QUEENS,2028-02-01,0.00025,0,very_low,baseline
HALSEY STREET,QUEENS,2028-03-01,0.000252,0,very_low,baseline
HALSEY STREET,QUEENS,2028-04-01,0.000252,0,very_low,baseline
HALSEY STREET,QUEENS,2028-05-01,0.000254,0,very_low,baseline
HALSEY STREET,QUEENS,2028-06-01,0.000256,0,very_low,baseline
HALSEY STREET,QUEENS,2028-07-01,0.000256,0,very_low,baseline
HALSEY STREET,QUEENS,2028-08-01,0.000256,0,very_low,baseline
HALSEY STREET,QUEENS,2028-09-01,0.000269,0,very_low,baseline
HALSEY STREET,QUEENS,2028-10-01,0.000222,0,very_low,baseline
HALSEY STREET,QUEENS,2028-11-01,0.000216,0,very_low,baseline
HALSEY STREET,QUEENS,2028-12-01,0.000225,0,very_low,baseline
HALSEY STREET,QUEENS,2029-01-01,0.00026,0,very_low,baseline
HALSEY STREET,QUEENS,2029-02-01,0.00025,0,very_low,baseline
HALSEY STREET,QUEENS,2029-03-01,0.000252,0,very_low,baseline
HALSEY STREET,QUEENS,2029-04-01,0.000252,0,very_low,baseline
HALSEY STREET,QUEENS,2029-05-01,0.000254,0,very_low,baseline
HALSEY STREET,QUEENS,2029-06-01,0.000256,0,very_low,baseline
HALSEY STREET,QUEENS,2029-07-01,0.000256,0,very_low,baseline
HALSEY STREET,QUEENS,2029-08-01,0.000256,0,very_low,baseline
HALSEY STREET,QUEENS,2029-09-01,0.000269,0,very_low,baseline
HALSEY STREET,QUEENS,2029-10-01,0.000222,0,very_low,baseline
HALSEY STREET,QUEENS,2029-11-01,0.000216,0,very_low,baseline
HALSEY STREET,QUEENS,2029-12-01,0.000225,0,very_low,baseline
HEWES STREET,BROOKLYN,2027-01-01,0.000272,0,very_low,baseline
HEWES STREET,BROOKLYN,2027-02-01,0.00032,0,very_low,baseline
HEWES STREET,BROOKLYN,2027-03-01,0.000308,0,very_low,baseline
HEWES STREET,BROOKLYN,2027-04-01,0.000326,0,very_low,baseline
HEWES STREET,BROOKLYN,2027-05-01,0.000283,0,very_low,baseline
HEWES STREET,BROOKLYN,2027-06-01,0.000284,0,very_low,baseline
HEWES STREET,BROOKLYN,2027-07-01,0.000284,0,very_low,baseline
HEWES STREET,BROOKLYN,2027-08-01,0.000284,0,very_low,baseline
HEWES STREET,BROOKLYN,2027-09-01,0.000296,0,very_low,baseline
HEWES STREET,BROOKLYN,2027-10-01,0.000259,0,very_low,baseline
HEWES STREET,BROOKLYN,2027-11-01,0.000247,0,very_low,baseline
HEWES STREET,BROOKLYN,2027-12-01,0.000243,0,very_low,baseline
HEWES STREET,BROOKLYN,2028-01-01,0.000277,0,very_low,baseline
HEWES STREET,BROOKLYN,2028-02-01,0.000276,0,very_low,baseline
HEWES STREET,BROOKLYN,2028-03-01,0.000276,0,very_low,baseline
HEWES STREET,BROOKLYN,2028-04-01,0.000276,0,very_low,baseline
HEWES STREET,BROOKLYN,2028-05-01,0.000283,0,very_low,baseline
HEWES STREET,BROOKLYN,2028-06-01,0.000284,0,very_low,baseline
HEWES STREET,BROOKLYN,2028-07-01,0.000284,0,very_low,baseline
HEWES STREET,BROOKLYN,2028-08-01,0.000284,0,very_low,baseline
HEWES STREET,BROOKLYN,2028-09-01,0.000296,0,very_low,baseline
HEWES STREET,BROOKLYN,2028-10-01,0.000259,0,very_low,baseline
HEWES STREET,BROOKLYN,2028-11-01,0.000247,0,very_low,baseline
HEWES STREET,BROOKLYN,2028-12-01,0.000243,0,very_low,baseline
HEWES STREET,BROOKLYN,2029-01-01,0.000277,0,very_low,baseline
HEWES STREET,BROOKLYN,2029-02-01,0.000276,0,very_low,baseline
HEWES STREET,BROOKLYN,2029-03-01,0.000276,0,very_low,baseline
HEWES STREET,BROOKLYN,2029-04-01,0.000276,0,very_low,baseline
HEWES STREET,BROOKLYN,2029-05-01,0.000283,0,very_low,baseline
HEWES STREET,BROOKLYN,2029-06-01,0.000284,0,very_low,baseline
HEWES STREET,BROOKLYN,2029-07-01,0.000284,0,very_low,baseline
HEWES STREET,BROOKLYN,2029-08-01,0.000284,0,very_low,baseline
HEWES STREET,BROOKLYN,2029-09-01,0.000296,0,very_low,baseline
HEWES STREET,BROOKLYN,2029-10-01,0.000259,0,very_low,baseline
HEWES STREET,BROOKLYN,2029-11-01,0.000247,0,very_low,baseline
HEWES STREET,BROOKLYN,2029-12-01,0.000243,0,very_low,baseline
HIGH STREET,BROOKLYN,2027-01-01,0.000665,0,very_low,baseline
HIGH STREET,BROOKLYN,2027-02-01,0.000575,0,very_low,baseline
HIGH STREET,BROOKLYN,2027-03-01,0.000621,0,very_low,baseline
HIGH STREET,BROOKLYN,2027-04-01,0.00055,0,very_low,baseline
HIGH STREET,BROOKLYN,2027-05-01,0.000599,0,very_low,baseline
HIGH STREET,BROOKLYN,2027-06-01,0.000578,0,very_low,baseline
HIGH STREET,BROOKLYN,2027-07-01,0.000578,0,very_low,baseline
HIGH STREET,BROOKLYN,2027-08-01,0.000578,0,very_low,baseline
HIGH STREET,BROOKLYN,2027-09-01,0.000589,0,very_low,baseline
HIGH STREET,BROOKLYN,2027-10-01,0.000419,0,very_low,baseline
HIGH STREET,BROOKLYN,2027-11-01,0.000435,0,very_low,baseline
HIGH STREET,BROOKLYN,2027-12-01,0.000453,0,very_low,baseline
HIGH STREET,BROOKLYN,2028-01-01,0.000558,0,very_low,baseline
HIGH STREET,BROOKLYN,2028-02-01,0.000566,0,very_low,baseline
HIGH STREET,BROOKLYN,2028-03-01,0.00055,0,very_low,baseline
HIGH STREET,BROOKLYN,2028-04-01,0.00055,0,very_low,baseline
HIGH STREET,BROOKLYN,2028-05-01,0.000578,0,very_low,baseline
HIGH STREET,BROOKLYN,2028-06-01,0.000578,0,very_low,baseline
HIGH STREET,BROOKLYN,2028-07-01,0.000578,0,very_low,baseline
HIGH STREET,BROOKLYN,2028-08-01,0.000578,0,very_low,baseline
HIGH STREET,BROOKLYN,2028-09-01,0.000589,0,very_low,baseline
HIGH STREET,BROOKLYN,2028-10-01,0.000419,0,very_low,baseline
HIGH STREET,BROOKLYN,2028-11-01,0.000435,0,very_low,baseline
HIGH STREET,BROOKLYN,2028-12-01,0.000453,0,very_low,baseline
HIGH STREET,BROOKLYN,2029-01-01,0.000558,0,very_low,baseline
HIGH STREET,BROOKLYN,2029-02-01,0.000566,0,very_low,baseline
HIGH STREET,BROOKLYN,2029-03-01,0.00055,0,very_low,baseline
HIGH STREET,BROOKLYN,2029-04-01,0.00055,0,very_low,baseline
HIGH STREET,BROOKLYN,2029-05-01,0.000578,0,very_low,baseline
HIGH STREET,BROOKLYN,2029-06-01,0.000578,0,very_low,baseline
HIGH STREET,BROOKLYN,2029-07-01,0.000578,0,very_low,baseline
HIGH STREET,BROOKLYN,2029-08-01,0.000578,0,very_low,baseline
HIGH STREET,BROOKLYN,2029-09-01,0.000589,0,very_low,baseline
HIGH STREET,BROOKLYN,2029-10-01,0.000419,0,very_low,baseline
HIGH STREET,BROOKLYN,2029-11-01,0.000435,0,very_low,baseline
HIGH STREET,BROOKLYN,2029-12-01,0.000453,0,very_low,baseline
HOUSTON STREET,MANHATTAN,2027-01-01,5.6e-05,0,very_low,baseline
HOUSTON STREET,MANHATTAN,2027-02-01,6.2e-05,0,very_low,baseline
HOUSTON STREET,MANHATTAN,2027-03-01,6.3e-05,0,very_low,baseline
HOUSTON STREET,MANHATTAN,2027-04-01,6e-05,0,very_low,baseline
HOUSTON STREET,MANHATTAN,2027-05-01,6.7e-05,0,very_low,baseline
HOUSTON STREET,MANHATTAN,2027-06-01,6.2e-05,0,very_low,baseline
HOUSTON STREET,MANHATTAN,2027-07-01,6.2e-05,0,very_low,baseline
HOUSTON STREET,MANHATTAN,2027-08-01,6.2e-05,0,very_low,baseline
HOUSTON STREET,MANHATTAN,2027-09-01,6.5e-05,0,very_low,baseline
HOUSTON STREET,MANHATTAN,2027-10-01,5.7e-05,0,very_low,baseline
HOUSTON STREET,MANHATTAN,2027-11-01,5.4e-05,0,very_low,baseline
HOUSTON STREET,MANHATTAN,2027-12-01,5.3e-05,0,very_low,baseline
HOUSTON STREET,MANHATTAN,2028-01-01,6e-05,0,very_low,baseline
HOUSTON STREET,MANHATTAN,2028-02-01,5.9e-05,0,very_low,baseline
HOUSTON STREET,MANHATTAN,2028-03-01,5.9e-05,0,very_low,baseline
HOUSTON STREET,MANHATTAN,2028-04-01,5.9e-05,0,very_low,baseline
HOUSTON STREET,MANHATTAN,2028-05-01,6.2e-05,0,very_low,baseline
HOUSTON STREET,MANHATTAN,2028-06-01,6.2e-05,0,very_low,baseline
HOUSTON STREET,MANHATTAN,2028-07-01,6.2e-05,0,very_low,baseline
HOUSTON STREET,MANHATTAN,2028-08-01,6.2e-05,0,very_low,baseline
HOUSTON STREET,MANHATTAN,2028-09-01,6.5e-05,0,very_low,baseline
HOUSTON STREET,MANHATTAN,2028-10-01,5.7e-05,0,very_low,baseline
HOUSTON STREET,MANHATTAN,2028-11-01,5.4e-05,0,very_low,baseline
HOUSTON STREET,MANHATTAN,2028-12-01,5.3e-05,0,very_low,baseline
HOUSTON STREET,MANHATTAN,2029-01-01,6e-05,0,very_low,baseline
HOUSTON STREET,MANHATTAN,2029-02-01,5.9e-05,0,very_low,baseline
HOUSTON STREET,MANHATTAN,2029-03-01,5.9e-05,0,very_low,baseline
HOUSTON STREET,MANHATTAN,2029-04-01,5.9e-05,0,very_low,baseline
HOUSTON STREET,MANHATTAN,2029-05-01,6.2e-05,0,very_low,baseline
HOUSTON STREET,MANHATTAN,2029-06-01,6.2e-05,0,very_low,baseline
HOUSTON STREET,MANHATTAN,2029-07-01,6.2e-05,0,very_low,baseline
HOUSTON STREET,MANHATTAN,2029-08-01,6.2e-05,0,very_low,baseline
HOUSTON STREET,MANHATTAN,2029-09-01,6.5e-05,0,very_low,baseline
HOUSTON STREET,MANHATTAN,2029-10-01,5.7e-05,0,very_low,baseline
HOUSTON STREET,MANHATTAN,2029-11-01,5.4e-05,0,very_low,baseline
HOUSTON STREET,MANHATTAN,2029-12-01,5.3e-05,0,very_low,baseline
HOWARD BEACH-JFK AIRPORT,QUEENS,2027-01-01,0.000164,0,very_low,baseline
HOWARD BEACH-JFK AIRPORT,QUEENS,2027-02-01,0.000144,0,very_low,baseline
HOWARD BEACH-JFK AIRPORT,QUEENS,2027-03-01,0.000111,0,very_low,baseline
HOWARD BEACH-JFK AIRPORT,QUEENS,2027-04-01,0.000111,0,very_low,baseline
HOWARD BEACH-JFK AIRPORT,QUEENS,2027-05-01,0.000108,0,very_low,baseline
HOWARD BEACH-JFK AIRPORT,QUEENS,2027-06-01,0.000132,0,very_low,baseline
HOWARD BEACH-JFK AIRPORT,QUEENS,2027-07-01,0.000132,0,very_low,baseline
HOWARD BEACH-JFK AIRPORT,QUEENS,2027-08-01,0.000132,0,very_low,baseline
HOWARD BEACH-JFK AIRPORT,QUEENS,2027-09-01,0.000135,0,very_low,baseline
HOWARD BEACH-JFK AIRPORT,QUEENS,2027-10-01,0.000112,0,very_low,baseline
HOWARD BEACH-JFK AIRPORT,QUEENS,2027-11-01,0.000105,0,very_low,baseline
HOWARD BEACH-JFK AIRPORT,QUEENS,2027-12-01,0.000105,0,very_low,baseline
HOWARD BEACH-JFK AIRPORT,QUEENS,2028-01-01,0.000132,0,very_low,baseline
HOWARD BEACH-JFK AIRPORT,QUEENS,2028-02-01,0.000132,0,very_low,baseline
HOWARD BEACH-JFK AIRPORT,QUEENS,2028-03-01,0.000129,0,very_low,baseline
HOWARD BEACH-JFK AIRPORT,QUEENS,2028-04-01,0.000129,0,very_low,baseline
HOWARD BEACH-JFK AIRPORT,QUEENS,2028-05-01,0.000134,0,very_low,baseline
HOWARD BEACH-JFK AIRPORT,QUEENS,2028-06-01,0.000132,0,very_low,baseline
HOWARD BEACH-JFK AIRPORT,QUEENS,2028-07-01,0.000132,0,very_low,baseline
HOWARD BEACH-JFK AIRPORT,QUEENS,2028-08-01,0.000132,0,very_low,baseline
HOWARD BEACH-JFK AIRPORT,QUEENS,2028-09-01,0.000135,0,very_low,baseline
HOWARD BEACH-JFK AIRPORT,QUEENS,2028-10-01,0.000112,0,very_low,baseline
HOWARD BEACH-JFK AIRPORT,QUEENS,2028-11-01,0.000105,0,very_low,baseline
HOWARD BEACH-JFK AIRPORT,QUEENS,2028-12-01,0.000105,0,very_low,baseline
HOWARD BEACH-JFK AIRPORT,QUEENS,2029-01-01,0.000132,0,very_low,baseline
HOWARD BEACH-JFK AIRPORT,QUEENS,2029-02-01,0.000132,0,very_low,baseline
HOWARD BEACH-JFK AIRPORT,QUEENS,2029-03-01,0.000129,0,very_low,baseline
HOWARD BEACH-JFK AIRPORT,QUEENS,2029-04-01,0.000129,0,very_low,baseline
HOWARD BEACH-JFK AIRPORT,QUEENS,2029-05-01,0.000134,0,very_low,baseline
HOWARD BEACH-JFK AIRPORT,QUEENS,2029-06-01,0.000132,0,very_low,baseline
HOWARD BEACH-JFK AIRPORT,QUEENS,2029-07-01,0.000132,0,very_low,baseline
HOWARD BEACH-JFK AIRPORT,QUEENS,2029-08-01,0.000132,0,very_low,baseline
HOWARD BEACH-JFK AIRPORT,QUEENS,2029-09-01,0.000135,0,very_low,baseline
HOWARD BEACH-JFK AIRPORT,QUEENS,2029-10-01,0.000112,0,very_low,baseline
HOWARD BEACH-JFK AIRPORT,QUEENS,2029-11-01,0.000105,0,very_low,baseline
HOWARD BEACH-JFK AIRPORT,QUEENS,2029-12-01,0.000105,0,very_low,baseline
HOYT STREET,BROOKLYN,2027-01-01,0.000633,0,very_low,baseline
HOYT STREET,BROOKLYN,2027-02-01,0.001036,0,very_low,baseline
HOYT STREET,BROOKLYN,2027-03-01,0.000949,0,very_low,baseline
HOYT STREET,BROOKLYN,2027-04-01,0.000992,0,very_low,baseline
HOYT STREET,BROOKLYN,2027-05-01,0.001011,0,very_low,baseline
HOYT STREET,BROOKLYN,2027-06-01,0.001011,0,very_low,baseline
HOYT STREET,BROOKLYN,2027-07-01,0.001024,0,very_low,baseline
HOYT STREET,BROOKLYN,2027-08-01,0.001024,0,very_low,baseline
HOYT STREET,BROOKLYN,2027-09-01,0.001067,0,very_low,baseline
HOYT STREET,BROOKLYN,2027-10-01,0.000893,0,very_low,baseline
HOYT STREET,BROOKLYN,2027-11-01,0.000927,0,very_low,baseline
HOYT STREET,BROOKLYN,2027-12-01,0.00099,0,very_low,baseline
HOYT STREET,BROOKLYN,2028-01-01,0.000966,0,very_low,baseline
HOYT STREET,BROOKLYN,2028-02-01,0.000989,0,very_low,baseline
HOYT STREET,BROOKLYN,2028-03-01,0.000961,0,very_low,baseline
HOYT STREET,BROOKLYN,2028-04-01,0.000961,0,very_low,baseline
HOYT STREET,BROOKLYN,2028-05-01,0.001011,0,very_low,baseline
HOYT STREET,BROOKLYN,2028-06-01,0.001011,0,very_low,baseline
HOYT STREET,BROOKLYN,2028-07-01,0.001024,0,very_low,baseline
HOYT STREET,BROOKLYN,2028-08-01,0.001024,0,very_low,baseline
HOYT STREET,BROOKLYN,2028-09-01,0.001067,0,very_low,baseline
HOYT STREET,BROOKLYN,2028-10-01,0.000893,0,very_low,baseline
HOYT STREET,BROOKLYN,2028-11-01,0.000927,0,very_low,baseline
HOYT STREET,BROOKLYN,2028-12-01,0.00099,0,very_low,baseline
HOYT STREET,BROOKLYN,2029-01-01,0.000966,0,very_low,baseline
HOYT STREET,BROOKLYN,2029-02-01,0.000989,0,very_low,baseline
HOYT STREET,BROOKLYN,2029-03-01,0.000961,0,very_low,baseline
HOYT STREET,BROOKLYN,2029-04-01,0.000961,0,very_low,baseline
HOYT STREET,BROOKLYN,2029-05-01,0.001011,0,very_low,baseline
HOYT STREET,BROOKLYN,2029-06-01,0.001011,0,very_low,baseline
HOYT STREET,BROOKLYN,2029-07-01,0.001024,0,very_low,baseline
HOYT STREET,BROOKLYN,2029-08-01,0.001024,0,very_low,baseline
HOYT STREET,BROOKLYN,2029-09-01,0.001067,0,very_low,baseline
HOYT STREET,BROOKLYN,2029-10-01,0.000893,0,very_low,baseline
HOYT STREET,BROOKLYN,2029-11-01,0.000927,0,very_low,baseline
HOYT STREET,BROOKLYN,2029-12-01,0.00099,0,very_low,baseline
HOYT-SCHERMERHORN,BROOKLYN,2027-01-01,0.104303,1,very_low,baseline
HOYT-SCHERMERHORN,BROOKLYN,2027-02-01,0.078839,0,very_low,baseline
HOYT-SCHERMERHORN,BROOKLYN,2027-03-01,0.188427,1,very_low,baseline
HOYT-SCHERMERHORN,BROOKLYN,2027-04-01,0.179762,1,very_low,baseline
HOYT-SCHERMERHORN,BROOKLYN,2027-05-01,0.178655,1,very_low,baseline
HOYT-SCHERMERHORN,BROOKLYN,2027-06-01,0.247024,1,low,baseline
HOYT-SCHERMERHORN,BROOKLYN,2027-07-01,0.24277,1,low,baseline
HOYT-SCHERMERHORN,BROOKLYN,2027-08-01,0.260059,1,low,baseline
HOYT-SCHERMERHORN,BROOKLYN,2027-09-01,0.25863,1,low,baseline
HOYT-SCHERMERHORN,BROOKLYN,2027-10-01,0.170387,1,very_low,baseline
HOYT-SCHERMERHORN,BROOKLYN,2027-11-01,0.179413,1,very_low,baseline
HOYT-SCHERMERHORN,BROOKLYN,2027-12-01,0.192592,1,very_low,baseline
HOYT-SCHERMERHORN,BROOKLYN,2028-01-01,0.311341,1,low,baseline
HOYT-SCHERMERHORN,BROOKLYN,2028-02-01,0.302979,1,low,baseline
HOYT-SCHERMERHORN,BROOKLYN,2028-03-01,0.297388,1,low,baseline
HOYT-SCHERMERHORN,BROOKLYN,2028-04-01,0.297388,1,low,baseline
HOYT-SCHERMERHORN,BROOKLYN,2028-05-01,0.294237,1,low,baseline
HOYT-SCHERMERHORN,BROOKLYN,2028-06-01,0.294237,1,low,baseline
HOYT-SCHERMERHORN,BROOKLYN,2028-07-01,0.294237,1,low,baseline
HOYT-SCHERMERHORN,BROOKLYN,2028-08-01,0.294237,1,low,baseline
HOYT-SCHERMERHORN,BROOKLYN,2028-09-01,0.279927,1,low,baseline
HOYT-SCHERMERHORN,BROOKLYN,2028-10-01,0.186338,1,very_low,baseline
HOYT-SCHERMERHORN,BROOKLYN,2028-11-01,0.195099,1,very_low,baseline
HOYT-SCHERMERHORN,BROOKLYN,2028-12-01,0.199188,1,very_low,baseline
HOYT-SCHERMERHORN,BROOKLYN,2029-01-01,0.311341,1,low,baseline
HOYT-SCHERMERHORN,BROOKLYN,2029-02-01,0.302979,1,low,baseline
HOYT-SCHERMERHORN,BROOKLYN,2029-03-01,0.297388,1,low,baseline
HOYT-SCHERMERHORN,BROOKLYN,2029-04-01,0.297388,1,low,baseline
HOYT-SCHERMERHORN,BROOKLYN,2029-05-01,0.294237,1,low,baseline
HOYT-SCHERMERHORN,BROOKLYN,2029-06-01,0.294237,1,low,baseline
HOYT-SCHERMERHORN,BROOKLYN,2029-07-01,0.294237,1,low,baseline
HOYT-SCHERMERHORN,BROOKLYN,2029-08-01,0.294237,1,low,baseline
HOYT-SCHERMERHORN,BROOKLYN,2029-09-01,0.279927,1,low,baseline
HOYT-SCHERMERHORN,BROOKLYN,2029-10-01,0.186338,1,very_low,baseline
HOYT-SCHERMERHORN,BROOKLYN,2029-11-01,0.195099,1,very_low,baseline
HOYT-SCHERMERHORN,BROOKLYN,2029-12-01,0.199188,1,very_low,baseline
HUNTERS POINT AVENUE,QUEENS,2027-01-01,0.000257,0,very_low,baseline
HUNTERS POINT AVENUE,QUEENS,2027-02-01,0.000345,0,very_low,baseline
HUNTERS POINT AVENUE,QUEENS,2027-03-01,0.000395,0,very_low,baseline
HUNTERS POINT AVENUE,QUEENS,2027-04-01,0.000439,0,very_low,baseline
HUNTERS POINT AVENUE,QUEENS,2027-05-01,0.000679,0,very_low,baseline
HUNTERS POINT AVENUE,QUEENS,2027-06-01,0.000493,0,very_low,baseline
HUNTERS POINT AVENUE,QUEENS,2027-07-01,0.000493,0,very_low,baseline
HUNTERS POINT AVENUE,QUEENS,2027-08-01,0.000493,0,very_low,baseline
HUNTERS POINT AVENUE,QUEENS,2027-09-01,0.000522,0,very_low,baseline
HUNTERS POINT AVENUE,QUEENS,2027-10-01,0.000335,0,very_low,baseline
HUNTERS POINT AVENUE,QUEENS,2027-11-01,0.000325,0,very_low,baseline
HUNTERS POINT AVENUE,QUEENS,2027-12-01,0.00032,0,very_low,baseline
HUNTERS POINT AVENUE,QUEENS,2028-01-01,0.000472,0,very_low,baseline
HUNTERS POINT AVENUE,QUEENS,2028-02-01,0.000472,0,very_low,baseline
HUNTERS POINT AVENUE,QUEENS,2028-03-01,0.000456,0,very_low,baseline
HUNTERS POINT AVENUE,QUEENS,2028-04-01,0.00046,0,very_low,baseline
HUNTERS POINT AVENUE,QUEENS,2028-05-01,0.000486,0,very_low,baseline
HUNTERS POINT AVENUE,QUEENS,2028-06-01,0.000493,0,very_low,baseline
HUNTERS POINT AVENUE,QUEENS,2028-07-01,0.000493,0,very_low,baseline
HUNTERS POINT AVENUE,QUEENS,2028-08-01,0.000493,0,very_low,baseline
HUNTERS POINT AVENUE,QUEENS,2028-09-01,0.000522,0,very_low,baseline
HUNTERS POINT AVENUE,QUEENS,2028-10-01,0.000335,0,very_low,baseline
HUNTERS POINT AVENUE,QUEENS,2028-11-01,0.000325,0,very_low,baseline
HUNTERS POINT AVENUE,QUEENS,2028-12-01,0.00032,0,very_low,baseline
HUNTERS POINT AVENUE,QUEENS,2029-01-01,0.000472,0,very_low,baseline
HUNTERS POINT AVENUE,QUEENS,2029-02-01,0.000472,0,very_low,baseline
HUNTERS POINT AVENUE,QUEENS,2029-03-01,0.000456,0,very_low,baseline
HUNTERS POINT AVENUE,QUEENS,2029-04-01,0.00046,0,very_low,baseline
HUNTERS POINT AVENUE,QUEENS,2029-05-01,0.000486,0,very_low,baseline
HUNTERS POINT AVENUE,QUEENS,2029-06-01,0.000493,0,very_low,baseline
HUNTERS POINT AVENUE,QUEENS,2029-07-01,0.000493,0,very_low,baseline
HUNTERS POINT AVENUE,QUEENS,2029-08-01,0.000493,0,very_low,baseline
HUNTERS POINT AVENUE,QUEENS,2029-09-01,0.000522,0,very_low,baseline
HUNTERS POINT AVENUE,QUEENS,2029-10-01,0.000335,0,very_low,baseline
HUNTERS POINT AVENUE,QUEENS,2029-11-01,0.000325,0,very_low,baseline
HUNTERS POINT AVENUE,QUEENS,2029-12-01,0.00032,0,very_low,baseline
HUNTS POINT AVENUE,BRONX,2027-01-01,0.973001,1,very_high,baseline
HUNTS POINT AVENUE,BRONX,2027-02-01,0.965864,1,very_high,baseline
HUNTS POINT AVENUE,BRONX,2027-03-01,0.970692,1,very_high,baseline
HUNTS POINT AVENUE,BRONX,2027-04-01,0.971776,1,very_high,baseline
HUNTS POINT AVENUE,BRONX,2027-05-01,0.973707,1,very_high,baseline
HUNTS POINT AVENUE,BRONX,2027-06-01,0.973384,1,very_high,baseline
HUNTS POINT AVENUE,BRONX,2027-07-01,0.974337,1,very_high,baseline
HUNTS POINT AVENUE,BRONX,2027-08-01,0.977466,1,very_high,baseline
HUNTS POINT AVENUE,BRONX,2027-09-01,0.978106,1,very_high,baseline
HUNTS POINT AVENUE,BRONX,2027-10-01,0.978388,1,very_high,baseline
HUNTS POINT AVENUE,BRONX,2027-11-01,0.977666,1,very_high,baseline
HUNTS POINT AVENUE,BRONX,2027-12-01,0.977666,1,very_high,baseline
HUNTS POINT AVENUE,BRONX,2028-01-01,0.975656,1,very_high,baseline
HUNTS POINT AVENUE,BRONX,2028-02-01,0.975656,1,very_high,baseline
HUNTS POINT AVENUE,BRONX,2028-03-01,0.975656,1,very_high,baseline
HUNTS POINT AVENUE,BRONX,2028-04-01,0.976077,1,very_high,baseline
HUNTS POINT AVENUE,BRONX,2028-05-01,0.97618,1,very_high,baseline
HUNTS POINT AVENUE,BRONX,2028-06-01,0.97618,1,very_high,baseline
HUNTS POINT AVENUE,BRONX,2028-07-01,0.97618,1,very_high,baseline
HUNTS POINT AVENUE,BRONX,2028-08-01,0.977466,1,very_high,baseline
HUNTS POINT AVENUE,BRONX,2028-09-01,0.978106,1,very_high,baseline
HUNTS POINT AVENUE,BRONX,2028-10-01,0.978388,1,very_high,baseline
HUNTS POINT AVENUE,BRONX,2028-11-01,0.977666,1,very_high,baseline
HUNTS POINT AVENUE,BRONX,2028-12-01,0.977666,1,very_high,baseline
HUNTS POINT AVENUE,BRONX,2029-01-01,0.975656,1,very_high,baseline
HUNTS POINT AVENUE,BRONX,2029-02-01,0.975656,1,very_high,baseline
HUNTS POINT AVENUE,BRONX,2029-03-01,0.975656,1,very_high,baseline
HUNTS POINT AVENUE,BRONX,2029-04-01,0.976077,1,very_high,baseline
HUNTS POINT AVENUE,BRONX,2029-05-01,0.97618,1,very_high,baseline
HUNTS POINT AVENUE,BRONX,2029-06-01,0.97618,1,very_high,baseline
HUNTS POINT AVENUE,BRONX,2029-07-01,0.97618,1,very_high,baseline
HUNTS POINT AVENUE,BRONX,2029-08-01,0.977466,1,very_high,baseline
HUNTS POINT AVENUE,BRONX,2029-09-01,0.978106,1,very_high,baseline
HUNTS POINT AVENUE,BRONX,2029-10-01,0.978388,1,very_high,baseline
HUNTS POINT AVENUE,BRONX,2029-11-01,0.977666,1,very_high,baseline
HUNTS POINT AVENUE,BRONX,2029-12-01,0.977666,1,very_high,baseline
INTERVALE AVENUE,BRONX,2027-01-01,0.000587,0,very_low,baseline
INTERVALE AVENUE,BRONX,2027-02-01,0.000396,0,very_low,baseline
INTERVALE AVENUE,BRONX,2027-03-01,0.00079,0,very_low,baseline
INTERVALE AVENUE,BRONX,2027-04-01,0.000682,0,very_low,baseline
INTERVALE AVENUE,BRONX,2027-05-01,0.00067,0,very_low,baseline
INTERVALE AVENUE,BRONX,2027-06-01,0.000551,0,very_low,baseline
INTERVALE AVENUE,BRONX,2027-07-01,0.000565,0,very_low,baseline
INTERVALE AVENUE,BRONX,2027-08-01,0.000565,0,very_low,baseline
INTERVALE AVENUE,BRONX,2027-09-01,0.00058,0,very_low,baseline
INTERVALE AVENUE,BRONX,2027-10-01,0.000382,0,very_low,baseline
INTERVALE AVENUE,BRONX,2027-11-01,0.00037,0,very_low,baseline
INTERVALE AVENUE,BRONX,2027-12-01,0.00037,0,very_low,baseline
INTERVALE AVENUE,BRONX,2028-01-01,0.000516,0,very_low,baseline
INTERVALE AVENUE,BRONX,2028-02-01,0.000517,0,very_low,baseline
INTERVALE AVENUE,BRONX,2028-03-01,0.000521,0,very_low,baseline
INTERVALE AVENUE,BRONX,2028-04-01,0.00053,0,very_low,baseline
INTERVALE AVENUE,BRONX,2028-05-01,0.000543,0,very_low,baseline
INTERVALE AVENUE,BRONX,2028-06-01,0.000551,0,very_low,baseline
INTERVALE AVENUE,BRONX,2028-07-01,0.000565,0,very_low,baseline
INTERVALE AVENUE,BRONX,2028-08-01,0.000565,0,very_low,baseline
INTERVALE AVENUE,BRONX,2028-09-01,0.00058,0,very_low,baseline
INTERVALE AVENUE,BRONX,2028-10-01,0.000382,0,very_low,baseline
INTERVALE AVENUE,BRONX,2028-11-01,0.00037,0,very_low,baseline
INTERVALE AVENUE,BRONX,2028-12-01,0.00037,0,very_low,baseline
INTERVALE AVENUE,BRONX,2029-01-01,0.000516,0,very_low,baseline
INTERVALE AVENUE,BRONX,2029-02-01,0.000517,0,very_low,baseline
INTERVALE AVENUE,BRONX,2029-03-01,0.000521,0,very_low,baseline
INTERVALE AVENUE,BRONX,2029-04-01,0.00053,0,very_low,baseline
INTERVALE AVENUE,BRONX,2029-05-01,0.000543,0,very_low,baseline
INTERVALE AVENUE,BRONX,2029-06-01,0.000551,0,very_low,baseline
INTERVALE AVENUE,BRONX,2029-07-01,0.000565,0,very_low,baseline
INTERVALE AVENUE,BRONX,2029-08-01,0.000565,0,very_low,baseline
INTERVALE AVENUE,BRONX,2029-09-01,0.00058,0,very_low,baseline
INTERVALE AVENUE,BRONX,2029-10-01,0.000382,0,very_low,baseline
INTERVALE AVENUE,BRONX,2029-11-01,0.00037,0,very_low,baseline
INTERVALE AVENUE,BRONX,2029-12-01,0.00037,0,very_low,baseline
JACKSON AVENUE,BRONX,2027-01-01,0.004915,0,very_low,baseline
JACKSON AVENUE,BRONX,2027-02-01,0.006236,0,very_low,baseline
JACKSON AVENUE,BRONX,2027-03-01,0.006902,0,very_low,baseline
JACKSON AVENUE,BRONX,2027-04-01,0.005539,0,very_low,baseline
JACKSON AVENUE,BRONX,2027-05-01,0.005235,0,very_low,baseline
JACKSON AVENUE,BRONX,2027-06-01,0.00524,0,very_low,baseline
JACKSON AVENUE,BRONX,2027-07-01,0.005385,0,very_low,baseline
JACKSON AVENUE,BRONX,2027-08-01,0.005385,0,very_low,baseline
JACKSON AVENUE,BRONX,2027-09-01,0.005186,0,very_low,baseline
JACKSON AVENUE,BRONX,2027-10-01,0.00265,0,very_low,baseline
JACKSON AVENUE,BRONX,2027-11-01,0.002519,0,very_low,baseline
JACKSON AVENUE,BRONX,2027-12-01,0.002481,0,very_low,baseline
JACKSON AVENUE,BRONX,2028-01-01,0.004722,0,very_low,baseline
JACKSON AVENUE,BRONX,2028-02-01,0.005155,0,very_low,baseline
JACKSON AVENUE,BRONX,2028-03-01,0.004707,0,very_low,baseline
JACKSON AVENUE,BRONX,2028-04-01,0.004886,0,very_low,baseline
JACKSON AVENUE,BRONX,2028-05-01,0.005162,0,very_low,baseline
JACKSON AVENUE,BRONX,2028-06-01,0.00524,0,very_low,baseline
JACKSON AVENUE,BRONX,2028-07-01,0.005385,0,very_low,baseline
JACKSON AVENUE,BRONX,2028-08-01,0.005385,0,very_low,baseline
JACKSON AVENUE,BRONX,2028-09-01,0.005186,0,very_low,baseline
JACKSON AVENUE,BRONX,2028-10-01,0.00265,0,very_low,baseline
JACKSON AVENUE,BRONX,2028-11-01,0.002519,0,very_low,baseline
JACKSON AVENUE,BRONX,2028-12-01,0.002481,0,very_low,baseline
JACKSON AVENUE,BRONX,2029-01-01,0.004722,0,very_low,baseline
JACKSON AVENUE,BRONX,2029-02-01,0.005155,0,very_low,baseline
JACKSON AVENUE,BRONX,2029-03-01,0.004707,0,very_low,baseline
JACKSON AVENUE,BRONX,2029-04-01,0.004886,0,very_low,baseline
JACKSON AVENUE,BRONX,2029-05-01,0.005162,0,very_low,baseline
JACKSON AVENUE,BRONX,2029-06-01,0.00524,0,very_low,baseline
JACKSON AVENUE,BRONX,2029-07-01,0.005385,0,very_low,baseline
JACKSON AVENUE,BRONX,2029-08-01,0.005385,0,very_low,baseline
JACKSON AVENUE,BRONX,2029-09-01,0.005186,0,very_low,baseline
JACKSON AVENUE,BRONX,2029-10-01,0.00265,0,very_low,baseline
JACKSON AVENUE,BRONX,2029-11-01,0.002519,0,very_low,baseline
JACKSON AVENUE,BRONX,2029-12-01,0.002481,0,very_low,baseline
JAMAICA-VAN WYCK,QUEENS,2027-01-01,0.021453,0,very_low,baseline
JAMAICA-VAN WYCK,QUEENS,2027-02-01,0.013176,0,very_low,baseline
JAMAICA-VAN WYCK,QUEENS,2027-03-01,0.012506,0,very_low,baseline
JAMAICA-VAN WYCK,QUEENS,2027-04-01,0.016576,0,very_low,baseline
JAMAICA-VAN WYCK,QUEENS,2027-05-01,0.014587,0,very_low,baseline
JAMAICA-VAN WYCK,QUEENS,2027-06-01,0.014456,0,very_low,baseline
JAMAICA-VAN WYCK,QUEENS,2027-07-01,0.014456,0,very_low,baseline
JAMAICA-VAN WYCK,QUEENS,2027-08-01,0.014456,0,very_low,baseline
JAMAICA-VAN WYCK,QUEENS,2027-09-01,0.015272,0,very_low,baseline
JAMAICA-VAN WYCK,QUEENS,2027-10-01,0.007692,0,very_low,baseline
JAMAICA-VAN WYCK,QUEENS,2027-11-01,0.007269,0,very_low,baseline
JAMAICA-VAN WYCK,QUEENS,2027-12-01,0.00716,0,very_low,baseline
JAMAICA-VAN WYCK,QUEENS,2028-01-01,0.013772,0,very_low,baseline
JAMAICA-VAN WYCK,QUEENS,2028-02-01,0.013762,0,very_low,baseline
JAMAICA-VAN WYCK,QUEENS,2028-03-01,0.013382,0,very_low,baseline
JAMAICA-VAN WYCK,QUEENS,2028-04-01,0.013489,0,very_low,baseline
JAMAICA-VAN WYCK,QUEENS,2028-05-01,0.014243,0,very_low,baseline
JAMAICA-VAN WYCK,QUEENS,2028-06-01,0.014456,0,very_low,baseline
JAMAICA-VAN WYCK,QUEENS,2028-07-01,0.014456,0,very_low,baseline
JAMAICA-VAN WYCK,QUEENS,2028-08-01,0.014456,0,very_low,baseline
JAMAICA-VAN WYCK,QUEENS,2028-09-01,0.015272,0,very_low,baseline
JAMAICA-VAN WYCK,QUEENS,2028-10-01,0.007692,0,very_low,baseline
JAMAICA-VAN WYCK,QUEENS,2028-11-01,0.007269,0,very_low,baseline
JAMAICA-VAN WYCK,QUEENS,2028-12-01,0.00716,0,very_low,baseline
JAMAICA-VAN WYCK,QUEENS,2029-01-01,0.013772,0,very_low,baseline
JAMAICA-VAN WYCK,QUEENS,2029-02-01,0.013762,0,very_low,baseline
JAMAICA-VAN WYCK,QUEENS,2029-03-01,0.013382,0,very_low,baseline
JAMAICA-VAN WYCK,QUEENS,2029-04-01,0.013489,0,very_low,baseline
JAMAICA-VAN WYCK,QUEENS,2029-05-01,0.014243,0,very_low,baseline
JAMAICA-VAN WYCK,QUEENS,2029-06-01,0.014456,0,very_low,baseline
JAMAICA-VAN WYCK,QUEENS,2029-07-01,0.014456,0,very_low,baseline
JAMAICA-VAN WYCK,QUEENS,2029-08-01,0.014456,0,very_low,baseline
JAMAICA-VAN WYCK,QUEENS,2029-09-01,0.015272,0,very_low,baseline
JAMAICA-VAN WYCK,QUEENS,2029-10-01,0.007692,0,very_low,baseline
JAMAICA-VAN WYCK,QUEENS,2029-11-01,0.007269,0,very_low,baseline
JAMAICA-VAN WYCK,QUEENS,2029-12-01,0.00716,0,very_low,baseline
JAY STREET-BOROUGH HALL,BROOKLYN,2027-01-01,0.860734,1,very_high,baseline
JAY STREET-BOROUGH HALL,BROOKLYN,2027-02-01,0.93185,1,very_high,baseline
JAY STREET-BOROUGH HALL,BROOKLYN,2027-03-01,0.925145,1,very_high,baseline
JAY STREET-BOROUGH HALL,BROOKLYN,2027-04-01,0.910591,1,very_high,baseline
JAY STREET-BOROUGH HALL,BROOKLYN,2027-05-01,0.914827,1,very_high,baseline
JAY STREET-BOROUGH HALL,BROOKLYN,2027-06-01,0.916411,1,very_high,baseline
JAY STREET-BOROUGH HALL,BROOKLYN,2027-07-01,0.916566,1,very_high,baseline
JAY STREET-BOROUGH HALL,BROOKLYN,2027-08-01,0.927325,1,very_high,baseline
JAY STREET-BOROUGH HALL,BROOKLYN,2027-09-01,0.93283,1,very_high,baseline
JAY STREET-BOROUGH HALL,BROOKLYN,2027-10-01,0.936312,1,very_high,baseline
JAY STREET-BOROUGH HALL,BROOKLYN,2027-11-01,0.941695,1,very_high,baseline
JAY STREET-BOROUGH HALL,BROOKLYN,2027-12-01,0.941695,1,very_high,baseline
JAY STREET-BOROUGH HALL,BROOKLYN,2028-01-01,0.933956,1,very_high,baseline
JAY STREET-BOROUGH HALL,BROOKLYN,2028-02-01,0.933956,1,very_high,baseline
JAY STREET-BOROUGH HALL,BROOKLYN,2028-03-01,0.933956,1,very_high,baseline
JAY STREET-BOROUGH HALL,BROOKLYN,2028-04-01,0.93505,1,very_high,baseline
JAY STREET-BOROUGH HALL,BROOKLYN,2028-05-01,0.935317,1,very_high,baseline
JAY STREET-BOROUGH HALL,BROOKLYN,2028-06-01,0.935317,1,very_high,baseline
JAY STREET-BOROUGH HALL,BROOKLYN,2028-07-01,0.935317,1,very_high,baseline
JAY STREET-BOROUGH HALL,BROOKLYN,2028-08-01,0.938673,1,very_high,baseline
JAY STREET-BOROUGH HALL,BROOKLYN,2028-09-01,0.938903,1,very_high,baseline
JAY STREET-BOROUGH HALL,BROOKLYN,2028-10-01,0.941319,1,very_high,baseline
JAY STREET-BOROUGH HALL,BROOKLYN,2028-11-01,0.941695,1,very_high,baseline
JAY STREET-BOROUGH HALL,BROOKLYN,2028-12-01,0.941695,1,very_high,baseline
JAY STREET-BOROUGH HALL,BROOKLYN,2029-01-01,0.933956,1,very_high,baseline
JAY STREET-BOROUGH HALL,BROOKLYN,2029-02-01,0.933956,1,very_high,baseline
JAY STREET-BOROUGH HALL,BROOKLYN,2029-03-01,0.933956,1,very_high,baseline
JAY STREET-BOROUGH HALL,BROOKLYN,2029-04-01,0.93505,1,very_high,baseline
JAY STREET-BOROUGH HALL,BROOKLYN,2029-05-01,0.935317,1,very_high,baseline
JAY STREET-BOROUGH HALL,BROOKLYN,2029-06-01,0.935317,1,very_high,baseline
JAY STREET-BOROUGH HALL,BROOKLYN,2029-07-01,0.935317,1,very_high,baseline
JAY STREET-BOROUGH HALL,BROOKLYN,2029-08-01,0.938673,1,very_high,baseline
JAY STREET-BOROUGH HALL,BROOKLYN,2029-09-01,0.938903,1,very_high,baseline
JAY STREET-BOROUGH HALL,BROOKLYN,2029-10-01,0.941319,1,very_high,baseline
JAY STREET-BOROUGH HALL,BROOKLYN,2029-11-01,0.941695,1,very_high,baseline
JAY STREET-BOROUGH HALL,BROOKLYN,2029-12-01,0.941695,1,very_high,baseline
JEFFERSON STREET,BROOKLYN,2027-01-01,0.000126,0,very_low,baseline
JEFFERSON STREET,BROOKLYN,2027-02-01,0.000116,0,very_low,baseline
JEFFERSON STREET,BROOKLYN,2027-03-01,0.000108,0,very_low,baseline
JEFFERSON STREET,BROOKLYN,2027-04-01,0.000128,0,very_low,baseline
JEFFERSON STREET,BROOKLYN,2027-05-01,0.00015,0,very_low,baseline
JEFFERSON STREET,BROOKLYN,2027-06-01,0.000103,0,very_low,baseline
JEFFERSON STREET,BROOKLYN,2027-07-01,0.000103,0,very_low,baseline
JEFFERSON STREET,BROOKLYN,2027-08-01,0.000103,0,very_low,baseline
JEFFERSON STREET,BROOKLYN,2027-09-01,0.000101,0,very_low,baseline
JEFFERSON STREET,BROOKLYN,2027-10-01,8.5e-05,0,very_low,baseline
JEFFERSON STREET,BROOKLYN,2027-11-01,8e-05,0,very_low,baseline
JEFFERSON STREET,BROOKLYN,2027-12-01,8.1e-05,0,very_low,baseline
JEFFERSON STREET,BROOKLYN,2028-01-01,9.8e-05,0,very_low,baseline
JEFFERSON STREET,BROOKLYN,2028-02-01,9.7e-05,0,very_low,baseline
JEFFERSON STREET,BROOKLYN,2028-03-01,9.8e-05,0,very_low,baseline
JEFFERSON STREET,BROOKLYN,2028-04-01,9.8e-05,0,very_low,baseline
JEFFERSON STREET,BROOKLYN,2028-05-01,0.000102,0,very_low,baseline
JEFFERSON STREET,BROOKLYN,2028-06-01,0.000103,0,very_low,baseline
JEFFERSON STREET,BROOKLYN,2028-07-01,0.000103,0,very_low,baseline
JEFFERSON STREET,BROOKLYN,2028-08-01,0.000103,0,very_low,baseline
JEFFERSON STREET,BROOKLYN,2028-09-01,0.000101,0,very_low,baseline
JEFFERSON STREET,BROOKLYN,2028-10-01,8.5e-05,0,very_low,baseline
JEFFERSON STREET,BROOKLYN,2028-11-01,8e-05,0,very_low,baseline
JEFFERSON STREET,BROOKLYN,2028-12-01,8.1e-05,0,very_low,baseline
JEFFERSON STREET,BROOKLYN,2029-01-01,9.8e-05,0,very_low,baseline
JEFFERSON STREET,BROOKLYN,2029-02-01,9.7e-05,0,very_low,baseline
JEFFERSON STREET,BROOKLYN,2029-03-01,9.8e-05,0,very_low,baseline
JEFFERSON STREET,BROOKLYN,2029-04-01,9.8e-05,0,very_low,baseline
JEFFERSON STREET,BROOKLYN,2029-05-01,0.000102,0,very_low,baseline
JEFFERSON STREET,BROOKLYN,2029-06-01,0.000103,0,very_low,baseline
JEFFERSON STREET,BROOKLYN,2029-07-01,0.000103,0,very_low,baseline
JEFFERSON STREET,BROOKLYN,2029-08-01,0.000103,0,very_low,baseline
JEFFERSON STREET,BROOKLYN,2029-09-01,0.000101,0,very_low,baseline
JEFFERSON STREET,BROOKLYN,2029-10-01,8.5e-05,0,very_low,baseline
JEFFERSON STREET,BROOKLYN,2029-11-01,8e-05,0,very_low,baseline
JEFFERSON STREET,BROOKLYN,2029-12-01,8.1e-05,0,very_low,baseline
JUNCTION BLVD.,QUEENS,2027-01-01,0.027136,0,very_low,baseline
JUNCTION BLVD.,QUEENS,2027-02-01,0.052101,0,very_low,baseline
JUNCTION BLVD.,QUEENS,2027-03-01,0.031002,0,very_low,baseline
JUNCTION BLVD.,QUEENS,2027-04-01,0.021895,0,very_low,baseline
JUNCTION BLVD.,QUEENS,2027-05-01,0.021629,0,very_low,baseline
JUNCTION BLVD.,QUEENS,2027-06-01,0.020347,0,very_low,baseline
JUNCTION BLVD.,QUEENS,2027-07-01,0.020265,0,very_low,baseline
JUNCTION BLVD.,QUEENS,2027-08-01,0.020939,0,very_low,baseline
JUNCTION BLVD.,QUEENS,2027-09-01,0.021004,0,very_low,baseline
JUNCTION BLVD.,QUEENS,2027-10-01,0.014514,0,very_low,baseline
JUNCTION BLVD.,QUEENS,2027-11-01,0.014514,0,very_low,baseline
JUNCTION BLVD.,QUEENS,2027-12-01,0.014297,0,very_low,baseline
JUNCTION BLVD.,QUEENS,2028-01-01,0.020545,0,very_low,baseline
JUNCTION BLVD.,QUEENS,2028-02-01,0.021356,0,very_low,baseline
JUNCTION BLVD.,QUEENS,2028-03-01,0.020079,0,very_low,baseline
JUNCTION BLVD.,QUEENS,2028-04-01,0.020369,0,very_low,baseline
JUNCTION BLVD.,QUEENS,2028-05-01,0.020121,0,very_low,baseline
JUNCTION BLVD.,QUEENS,2028-06-01,0.020347,0,very_low,baseline
JUNCTION BLVD.,QUEENS,2028-07-01,0.020265,0,very_low,baseline
JUNCTION BLVD.,QUEENS,2028-08-01,0.020939,0,very_low,baseline
JUNCTION BLVD.,QUEENS,2028-09-01,0.021004,0,very_low,baseline
JUNCTION BLVD.,QUEENS,2028-10-01,0.014514,0,very_low,baseline
JUNCTION BLVD.,QUEENS,2028-11-01,0.014514,0,very_low,baseline
JUNCTION BLVD.,QUEENS,2028-12-01,0.014297,0,very_low,baseline
JUNCTION BLVD.,QUEENS,2029-01-01,0.020545,0,very_low,baseline
JUNCTION BLVD.,QUEENS,2029-02-01,0.021356,0,very_low,baseline
JUNCTION BLVD.,QUEENS,2029-03-01,0.020079,0,very_low,baseline
JUNCTION BLVD.,QUEENS,2029-04-01,0.020369,0,very_low,baseline
JUNCTION BLVD.,QUEENS,2029-05-01,0.020121,0,very_low,baseline
JUNCTION BLVD.,QUEENS,2029-06-01,0.020347,0,very_low,baseline
JUNCTION BLVD.,QUEENS,2029-07-01,0.020265,0,very_low,baseline
JUNCTION BLVD.,QUEENS,2029-08-01,0.020939,0,very_low,baseline
JUNCTION BLVD.,QUEENS,2029-09-01,0.021004,0,very_low,baseline
JUNCTION BLVD.,QUEENS,2029-10-01,0.014514,0,very_low,baseline
JUNCTION BLVD.,QUEENS,2029-11-01,0.014514,0,very_low,baseline
JUNCTION BLVD.,QUEENS,2029-12-01,0.014297,0,very_low,baseline
JUNIUS STREET,BROOKLYN,2027-01-01,0.000988,0,very_low,baseline
JUNIUS STREET,BROOKLYN,2027-02-01,0.001225,0,very_low,baseline
JUNIUS STREET,BROOKLYN,2027-03-01,0.001186,0,very_low,baseline
JUNIUS STREET,BROOKLYN,2027-04-01,0.00108,0,very_low,baseline
JUNIUS STREET,BROOKLYN,2027-05-01,0.00117,0,very_low,baseline
JUNIUS STREET,BROOKLYN,2027-06-01,0.001283,0,very_low,baseline
JUNIUS STREET,BROOKLYN,2027-07-01,0.001333,0,very_low,baseline
JUNIUS STREET,BROOKLYN,2027-08-01,0.001387,0,very_low,baseline
JUNIUS STREET,BROOKLYN,2027-09-01,0.001431,0,very_low,baseline
JUNIUS STREET,BROOKLYN,2027-10-01,0.000867,0,very_low,baseline
JUNIUS STREET,BROOKLYN,2027-11-01,0.000841,0,very_low,baseline
JUNIUS STREET,BROOKLYN,2027-12-01,0.000841,0,very_low,baseline
JUNIUS STREET,BROOKLYN,2028-01-01,0.001137,0,very_low,baseline
JUNIUS STREET,BROOKLYN,2028-02-01,0.001254,0,very_low,baseline
JUNIUS STREET,BROOKLYN,2028-03-01,0.001212,0,very_low,baseline
JUNIUS STREET,BROOKLYN,2028-04-01,0.001234,0,very_low,baseline
JUNIUS STREET,BROOKLYN,2028-05-01,0.001263,0,very_low,baseline
JUNIUS STREET,BROOKLYN,2028-06-01,0.001283,0,very_low,baseline
JUNIUS STREET,BROOKLYN,2028-07-01,0.001333,0,very_low,baseline
JUNIUS STREET,BROOKLYN,2028-08-01,0.001387,0,very_low,baseline
JUNIUS STREET,BROOKLYN,2028-09-01,0.001431,0,very_low,baseline
JUNIUS STREET,BROOKLYN,2028-10-01,0.000867,0,very_low,baseline
JUNIUS STREET,BROOKLYN,2028-11-01,0.000841,0,very_low,baseline
JUNIUS STREET,BROOKLYN,2028-12-01,0.000841,0,very_low,baseline
JUNIUS STREET,BROOKLYN,2029-01-01,0.001137,0,very_low,baseline
JUNIUS STREET,BROOKLYN,2029-02-01,0.001254,0,very_low,baseline
JUNIUS STREET,BROOKLYN,2029-03-01,0.001212,0,very_low,baseline
JUNIUS STREET,BROOKLYN,2029-04-01,0.001234,0,very_low,baseline
JUNIUS STREET,BROOKLYN,2029-05-01,0.001263,0,very_low,baseline
JUNIUS STREET,BROOKLYN,2029-06-01,0.001283,0,very_low,baseline
JUNIUS STREET,BROOKLYN,2029-07-01,0.001333,0,very_low,baseline
JUNIUS STREET,BROOKLYN,2029-08-01,0.001387,0,very_low,baseline
JUNIUS STREET,BROOKLYN,2029-09-01,0.001431,0,very_low,baseline
JUNIUS STREET,BROOKLYN,2029-10-01,0.000867,0,very_low,baseline
JUNIUS STREET,BROOKLYN,2029-11-01,0.000841,0,very_low,baseline
JUNIUS STREET,BROOKLYN,2029-12-01,0.000841,0,very_low,baseline
KINGS HIGHWAY,BROOKLYN,2027-01-01,0.00588,0,very_low,baseline
KINGS HIGHWAY,BROOKLYN,2027-02-01,0.009876,0,very_low,baseline
KINGS HIGHWAY,BROOKLYN,2027-03-01,0.008376,0,very_low,baseline
KINGS HIGHWAY,BROOKLYN,2027-04-01,0.00834,0,very_low,baseline
KINGS HIGHWAY,BROOKLYN,2027-05-01,0.008067,0,very_low,baseline
KINGS HIGHWAY,BROOKLYN,2027-06-01,0.008924,0,very_low,baseline
KINGS HIGHWAY,BROOKLYN,2027-07-01,0.008924,0,very_low,baseline
KINGS HIGHWAY,BROOKLYN,2027-08-01,0.008924,0,very_low,baseline
KINGS HIGHWAY,BROOKLYN,2027-09-01,0.00872,0,very_low,baseline
KINGS HIGHWAY,BROOKLYN,2027-10-01,0.005608,0,very_low,baseline
KINGS HIGHWAY,BROOKLYN,2027-11-01,0.005662,0,very_low,baseline
KINGS HIGHWAY,BROOKLYN,2027-12-01,0.005525,0,very_low,baseline
KINGS HIGHWAY,BROOKLYN,2028-01-01,0.007558,0,very_low,baseline
KINGS HIGHWAY,BROOKLYN,2028-02-01,0.008208,0,very_low,baseline
KINGS HIGHWAY,BROOKLYN,2028-03-01,0.008173,0,very_low,baseline
KINGS HIGHWAY,BROOKLYN,2028-04-01,0.008219,0,very_low,baseline
KINGS HIGHWAY,BROOKLYN,2028-05-01,0.008641,0,very_low,baseline
KINGS HIGHWAY,BROOKLYN,2028-06-01,0.008924,0,very_low,baseline
KINGS HIGHWAY,BROOKLYN,2028-07-01,0.008924,0,very_low,baseline
KINGS HIGHWAY,BROOKLYN,2028-08-01,0.008924,0,very_low,baseline
KINGS HIGHWAY,BROOKLYN,2028-09-01,0.00872,0,very_low,baseline
KINGS HIGHWAY,BROOKLYN,2028-10-01,0.005608,0,very_low,baseline
KINGS HIGHWAY,BROOKLYN,2028-11-01,0.005662,0,very_low,baseline
KINGS HIGHWAY,BROOKLYN,2028-12-01,0.005525,0,very_low,baseline
KINGS HIGHWAY,BROOKLYN,2029-01-01,0.007558,0,very_low,baseline
KINGS HIGHWAY,BROOKLYN,2029-02-01,0.008208,0,very_low,baseline
KINGS HIGHWAY,BROOKLYN,2029-03-01,0.008173,0,very_low,baseline
KINGS HIGHWAY,BROOKLYN,2029-04-01,0.008219,0,very_low,baseline
KINGS HIGHWAY,BROOKLYN,2029-05-01,0.008641,0,very_low,baseline
KINGS HIGHWAY,BROOKLYN,2029-06-01,0.008924,0,very_low,baseline
KINGS HIGHWAY,BROOKLYN,2029-07-01,0.008924,0,very_low,baseline
KINGS HIGHWAY,BROOKLYN,2029-08-01,0.008924,0,very_low,baseline
KINGS HIGHWAY,BROOKLYN,2029-09-01,0.00872,0,very_low,baseline
KINGS HIGHWAY,BROOKLYN,2029-10-01,0.005608,0,very_low,baseline
KINGS HIGHWAY,BROOKLYN,2029-11-01,0.005662,0,very_low,baseline
KINGS HIGHWAY,BROOKLYN,2029-12-01,0.005525,0,very_low,baseline
KINGSBRIDGE ROAD,BRONX,2027-01-01,0.39633,1,low,baseline
KINGSBRIDGE ROAD,BRONX,2027-02-01,0.353397,1,low,baseline
KINGSBRIDGE ROAD,BRONX,2027-03-01,0.721866,1,high,baseline
KINGSBRIDGE ROAD,BRONX,2027-04-01,0.612711,1,high,baseline
KINGSBRIDGE ROAD,BRONX,2027-05-01,0.586978,1,medium,baseline
KINGSBRIDGE ROAD,BRONX,2027-06-01,0.759665,1,high,baseline
KINGSBRIDGE ROAD,BRONX,2027-07-01,0.759665,1,high,baseline
KINGSBRIDGE ROAD,BRONX,2027-08-01,0.759665,1,high,baseline
KINGSBRIDGE ROAD,BRONX,2027-09-01,0.760316,1,high,baseline
KINGSBRIDGE ROAD,BRONX,2027-10-01,0.730502,1,high,baseline
KINGSBRIDGE ROAD,BRONX,2027-11-01,0.751349,1,high,baseline
KINGSBRIDGE ROAD,BRONX,2027-12-01,0.751349,1,high,baseline
KINGSBRIDGE ROAD,BRONX,2028-01-01,0.784079,1,high,baseline
KINGSBRIDGE ROAD,BRONX,2028-02-01,0.784079,1,high,baseline
KINGSBRIDGE ROAD,BRONX,2028-03-01,0.779539,1,high,baseline
KINGSBRIDGE ROAD,BRONX,2028-04-01,0.779539,1,high,baseline
KINGSBRIDGE ROAD,BRONX,2028-05-01,0.772189,1,high,baseline
KINGSBRIDGE ROAD,BRONX,2028-06-01,0.772189,1,high,baseline
KINGSBRIDGE ROAD,BRONX,2028-07-01,0.772189,1,high,baseline
KINGSBRIDGE ROAD,BRONX,2028-08-01,0.772189,1,high,baseline
KINGSBRIDGE ROAD,BRONX,2028-09-01,0.768442,1,high,baseline
KINGSBRIDGE ROAD,BRONX,2028-10-01,0.738667,1,high,baseline
KINGSBRIDGE ROAD,BRONX,2028-11-01,0.751349,1,high,baseline
KINGSBRIDGE ROAD,BRONX,2028-12-01,0.751349,1,high,baseline
KINGSBRIDGE ROAD,BRONX,2029-01-01,0.784079,1,high,baseline
KINGSBRIDGE ROAD,BRONX,2029-02-01,0.784079,1,high,baseline
KINGSBRIDGE ROAD,BRONX,2029-03-01,0.779539,1,high,baseline
KINGSBRIDGE ROAD,BRONX,2029-04-01,0.779539,1,high,baseline
KINGSBRIDGE ROAD,BRONX,2029-05-01,0.772189,1,high,baseline
KINGSBRIDGE ROAD,BRONX,2029-06-01,0.772189,1,high,baseline
KINGSBRIDGE ROAD,BRONX,2029-07-01,0.772189,1,high,baseline
KINGSBRIDGE ROAD,BRONX,2029-08-01,0.772189,1,high,baseline
KINGSBRIDGE ROAD,BRONX,2029-09-01,0.768442,1,high,baseline
KINGSBRIDGE ROAD,BRONX,2029-10-01,0.738667,1,high,baseline
KINGSBRIDGE ROAD,BRONX,2029-11-01,0.751349,1,high,baseline
KINGSBRIDGE ROAD,BRONX,2029-12-01,0.751349,1,high,baseline
KINGSTON AVENUE,BROOKLYN,2027-01-01,0.000151,0,very_low,baseline
KINGSTON AVENUE,BROOKLYN,2027-02-01,0.000194,0,very_low,baseline
KINGSTON AVENUE,BROOKLYN,2027-03-01,0.000228,0,very_low,baseline
KINGSTON AVENUE,BROOKLYN,2027-04-01,0.00022,0,very_low,baseline
KINGSTON AVENUE,BROOKLYN,2027-05-01,0.000222,0,very_low,baseline
KINGSTON AVENUE,BROOKLYN,2027-06-01,0.000194,0,very_low,baseline
KINGSTON AVENUE,BROOKLYN,2027-07-01,0.000194,0,very_low,baseline
KINGSTON AVENUE,BROOKLYN,2027-08-01,0.000194,0,very_low,baseline
KINGSTON AVENUE,BROOKLYN,2027-09-01,0.000201,0,very_low,baseline
KINGSTON AVENUE,BROOKLYN,2027-10-01,0.000169,0,very_low,baseline
KINGSTON AVENUE,BROOKLYN,2027-11-01,0.000161,0,very_low,baseline
KINGSTON AVENUE,BROOKLYN,2027-12-01,0.000164,0,very_low,baseline
KINGSTON AVENUE,BROOKLYN,2028-01-01,0.000183,0,very_low,baseline
KINGSTON AVENUE,BROOKLYN,2028-02-01,0.000182,0,very_low,baseline
KINGSTON AVENUE,BROOKLYN,2028-03-01,0.000183,0,very_low,baseline
KINGSTON AVENUE,BROOKLYN,2028-04-01,0.000183,0,very_low,baseline
KINGSTON AVENUE,BROOKLYN,2028-05-01,0.000187,0,very_low,baseline
KINGSTON AVENUE,BROOKLYN,2028-06-01,0.000194,0,very_low,baseline
KINGSTON AVENUE,BROOKLYN,2028-07-01,0.000194,0,very_low,baseline
KINGSTON AVENUE,BROOKLYN,2028-08-01,0.000194,0,very_low,baseline
KINGSTON AVENUE,BROOKLYN,2028-09-01,0.000201,0,very_low,baseline
KINGSTON AVENUE,BROOKLYN,2028-10-01,0.000169,0,very_low,baseline
KINGSTON AVENUE,BROOKLYN,2028-11-01,0.000161,0,very_low,baseline
KINGSTON AVENUE,BROOKLYN,2028-12-01,0.000164,0,very_low,baseline
KINGSTON AVENUE,BROOKLYN,2029-01-01,0.000183,0,very_low,baseline
KINGSTON AVENUE,BROOKLYN,2029-02-01,0.000182,0,very_low,baseline
KINGSTON AVENUE,BROOKLYN,2029-03-01,0.000183,0,very_low,baseline
KINGSTON AVENUE,BROOKLYN,2029-04-01,0.000183,0,very_low,baseline
KINGSTON AVENUE,BROOKLYN,2029-05-01,0.000187,0,very_low,baseline
KINGSTON AVENUE,BROOKLYN,2029-06-01,0.000194,0,very_low,baseline
KINGSTON AVENUE,BROOKLYN,2029-07-01,0.000194,0,very_low,baseline
KINGSTON AVENUE,BROOKLYN,2029-08-01,0.000194,0,very_low,baseline
KINGSTON AVENUE,BROOKLYN,2029-09-01,0.000201,0,very_low,baseline
KINGSTON AVENUE,BROOKLYN,2029-10-01,0.000169,0,very_low,baseline
KINGSTON AVENUE,BROOKLYN,2029-11-01,0.000161,0,very_low,baseline
KINGSTON AVENUE,BROOKLYN,2029-12-01,0.000164,0,very_low,baseline
KINGSTON-THROOP AVENUES,BROOKLYN,2027-01-01,0.000728,0,very_low,baseline
KINGSTON-THROOP AVENUES,BROOKLYN,2027-02-01,0.000997,0,very_low,baseline
KINGSTON-THROOP AVENUES,BROOKLYN,2027-03-01,0.001127,0,very_low,baseline
KINGSTON-THROOP AVENUES,BROOKLYN,2027-04-01,0.001138,0,very_low,baseline
KINGSTON-THROOP AVENUES,BROOKLYN,2027-05-01,0.001121,0,very_low,baseline
KINGSTON-THROOP AVENUES,BROOKLYN,2027-06-01,0.001121,0,very_low,baseline
KINGSTON-THROOP AVENUES,BROOKLYN,2027-07-01,0.001135,0,very_low,baseline
KINGSTON-THROOP AVENUES,BROOKLYN,2027-08-01,0.001135,0,very_low,baseline
KINGSTON-THROOP AVENUES,BROOKLYN,2027-09-01,0.001136,0,very_low,baseline
KINGSTON-THROOP AVENUES,BROOKLYN,2027-10-01,0.000951,0,very_low,baseline
KINGSTON-THROOP AVENUES,BROOKLYN,2027-11-01,0.000987,0,very_low,baseline
KINGSTON-THROOP AVENUES,BROOKLYN,2027-12-01,0.001054,0,very_low,baseline
KINGSTON-THROOP AVENUES,BROOKLYN,2028-01-01,0.001071,0,very_low,baseline
KINGSTON-THROOP AVENUES,BROOKLYN,2028-02-01,0.001097,0,very_low,baseline
KINGSTON-THROOP AVENUES,BROOKLYN,2028-03-01,0.001066,0,very_low,baseline
KINGSTON-THROOP AVENUES,BROOKLYN,2028-04-01,0.001066,0,very_low,baseline
KINGSTON-THROOP AVENUES,BROOKLYN,2028-05-01,0.001121,0,very_low,baseline
KINGSTON-THROOP AVENUES,BROOKLYN,2028-06-01,0.001121,0,very_low,baseline
KINGSTON-THROOP AVENUES,BROOKLYN,2028-07-01,0.001135,0,very_low,baseline
KINGSTON-THROOP AVENUES,BROOKLYN,2028-08-01,0.001135,0,very_low,baseline
KINGSTON-THROOP AVENUES,BROOKLYN,2028-09-01,0.001136,0,very_low,baseline
KINGSTON-THROOP AVENUES,BROOKLYN,2028-10-01,0.000951,0,very_low,baseline
KINGSTON-THROOP AVENUES,BROOKLYN,2028-11-01,0.000987,0,very_low,baseline
KINGSTON-THROOP AVENUES,BROOKLYN,2028-12-01,0.001054,0,very_low,baseline
KINGSTON-THROOP AVENUES,BROOKLYN,2029-01-01,0.001071,0,very_low,baseline
KINGSTON-THROOP AVENUES,BROOKLYN,2029-02-01,0.001097,0,very_low,baseline
KINGSTON-THROOP AVENUES,BROOKLYN,2029-03-01,0.001066,0,very_low,baseline
KINGSTON-THROOP AVENUES,BROOKLYN,2029-04-01,0.001066,0,very_low,baseline
KINGSTON-THROOP AVENUES,BROOKLYN,2029-05-01,0.001121,0,very_low,baseline
KINGSTON-THROOP AVENUES,BROOKLYN,2029-06-01,0.001121,0,very_low,baseline
KINGSTON-THROOP AVENUES,BROOKLYN,2029-07-01,0.001135,0,very_low,baseline
KINGSTON-THROOP AVENUES,BROOKLYN,2029-08-01,0.001135,0,very_low,baseline
KINGSTON-THROOP AVENUES,BROOKLYN,2029-09-01,0.001136,0,very_low,baseline
KINGSTON-THROOP AVENUES,BROOKLYN,2029-10-01,0.000951,0,very_low,baseline
KINGSTON-THROOP AVENUES,BROOKLYN,2029-11-01,0.000987,0,very_low,baseline
KINGSTON-THROOP AVENUES,BROOKLYN,2029-12-01,0.001054,0,very_low,baseline
KNICKERBOCKER AVENUE,BROOKLYN,2027-01-01,0.000197,0,very_low,baseline
KNICKERBOCKER AVENUE,BROOKLYN,2027-02-01,0.000139,0,very_low,baseline
KNICKERBOCKER AVENUE,BROOKLYN,2027-03-01,0.000131,0,very_low,baseline
KNICKERBOCKER AVENUE,BROOKLYN,2027-04-01,0.00015,0,very_low,baseline
KNICKERBOCKER AVENUE,BROOKLYN,2027-05-01,0.000142,0,very_low,baseline
KNICKERBOCKER AVENUE,BROOKLYN,2027-06-01,0.000143,0,very_low,baseline
KNICKERBOCKER AVENUE,BROOKLYN,2027-07-01,0.000143,0,very_low,baseline
KNICKERBOCKER AVENUE,BROOKLYN,2027-08-01,0.000143,0,very_low,baseline
KNICKERBOCKER AVENUE,BROOKLYN,2027-09-01,0.000152,0,very_low,baseline
KNICKERBOCKER AVENUE,BROOKLYN,2027-10-01,0.000125,0,very_low,baseline
KNICKERBOCKER AVENUE,BROOKLYN,2027-11-01,0.000117,0,very_low,baseline
KNICKERBOCKER AVENUE,BROOKLYN,2027-12-01,0.000121,0,very_low,baseline
KNICKERBOCKER AVENUE,BROOKLYN,2028-01-01,0.000137,0,very_low,baseline
KNICKERBOCKER AVENUE,BROOKLYN,2028-02-01,0.000136,0,very_low,baseline
KNICKERBOCKER AVENUE,BROOKLYN,2028-03-01,0.000137,0,very_low,baseline
KNICKERBOCKER AVENUE,BROOKLYN,2028-04-01,0.000137,0,very_low,baseline
KNICKERBOCKER AVENUE,BROOKLYN,2028-05-01,0.000142,0,very_low,baseline
KNICKERBOCKER AVENUE,BROOKLYN,2028-06-01,0.000143,0,very_low,baseline
KNICKERBOCKER AVENUE,BROOKLYN,2028-07-01,0.000143,0,very_low,baseline
KNICKERBOCKER AVENUE,BROOKLYN,2028-08-01,0.000143,0,very_low,baseline
KNICKERBOCKER AVENUE,BROOKLYN,2028-09-01,0.000152,0,very_low,baseline
KNICKERBOCKER AVENUE,BROOKLYN,2028-10-01,0.000125,0,very_low,baseline
KNICKERBOCKER AVENUE,BROOKLYN,2028-11-01,0.000117,0,very_low,baseline
KNICKERBOCKER AVENUE,BROOKLYN,2028-12-01,0.000121,0,very_low,baseline
KNICKERBOCKER AVENUE,BROOKLYN,2029-01-01,0.000137,0,very_low,baseline
KNICKERBOCKER AVENUE,BROOKLYN,2029-02-01,0.000136,0,very_low,baseline
KNICKERBOCKER AVENUE,BROOKLYN,2029-03-01,0.000137,0,very_low,baseline
KNICKERBOCKER AVENUE,BROOKLYN,2029-04-01,0.000137,0,very_low,baseline
KNICKERBOCKER AVENUE,BROOKLYN,2029-05-01,0.000142,0,very_low,baseline
KNICKERBOCKER AVENUE,BROOKLYN,2029-06-01,0.000143,0,very_low,baseline
KNICKERBOCKER AVENUE,BROOKLYN,2029-07-01,0.000143,0,very_low,baseline
KNICKERBOCKER AVENUE,BROOKLYN,2029-08-01,0.000143,0,very_low,baseline
KNICKERBOCKER AVENUE,BROOKLYN,2029-09-01,0.000152,0,very_low,baseline
KNICKERBOCKER AVENUE,BROOKLYN,2029-10-01,0.000125,0,very_low,baseline
KNICKERBOCKER AVENUE,BROOKLYN,2029-11-01,0.000117,0,very_low,baseline
KNICKERBOCKER AVENUE,BROOKLYN,2029-12-01,0.000121,0,very_low,baseline
KOSCIUSKO STREET,BROOKLYN,2027-01-01,0.001358,0,very_low,baseline
KOSCIUSKO STREET,BROOKLYN,2027-02-01,0.001161,0,very_low,baseline
KOSCIUSKO STREET,BROOKLYN,2027-03-01,0.001241,0,very_low,baseline
KOSCIUSKO STREET,BROOKLYN,2027-04-01,0.001258,0,very_low,baseline
KOSCIUSKO STREET,BROOKLYN,2027-05-01,0.001427,0,very_low,baseline
KOSCIUSKO STREET,BROOKLYN,2027-06-01,0.001268,0,very_low,baseline
KOSCIUSKO STREET,BROOKLYN,2027-07-01,0.001282,0,very_low,baseline
KOSCIUSKO STREET,BROOKLYN,2027-08-01,0.001282,0,very_low,baseline
KOSCIUSKO STREET,BROOKLYN,2027-09-01,0.001188,0,very_low,baseline
KOSCIUSKO STREET,BROOKLYN,2027-10-01,0.000538,0,very_low,baseline
KOSCIUSKO STREET,BROOKLYN,2027-11-01,0.000521,0,very_low,baseline
KOSCIUSKO STREET,BROOKLYN,2027-12-01,0.000508,0,very_low,baseline
KOSCIUSKO STREET,BROOKLYN,2028-01-01,0.001179,0,very_low,baseline
KOSCIUSKO STREET,BROOKLYN,2028-02-01,0.001211,0,very_low,baseline
KOSCIUSKO STREET,BROOKLYN,2028-03-01,0.001206,0,very_low,baseline
KOSCIUSKO STREET,BROOKLYN,2028-04-01,0.001206,0,very_low,baseline
KOSCIUSKO STREET,BROOKLYN,2028-05-01,0.001249,0,very_low,baseline
KOSCIUSKO STREET,BROOKLYN,2028-06-01,0.001268,0,very_low,baseline
KOSCIUSKO STREET,BROOKLYN,2028-07-01,0.001282,0,very_low,baseline
KOSCIUSKO STREET,BROOKLYN,2028-08-01,0.001282,0,very_low,baseline
KOSCIUSKO STREET,BROOKLYN,2028-09-01,0.001188,0,very_low,baseline
KOSCIUSKO STREET,BROOKLYN,2028-10-01,0.000538,0,very_low,baseline
KOSCIUSKO STREET,BROOKLYN,2028-11-01,0.000521,0,very_low,baseline
KOSCIUSKO STREET,BROOKLYN,2028-12-01,0.000508,0,very_low,baseline
KOSCIUSKO STREET,BROOKLYN,2029-01-01,0.001179,0,very_low,baseline
KOSCIUSKO STREET,BROOKLYN,2029-02-01,0.001211,0,very_low,baseline
KOSCIUSKO STREET,BROOKLYN,2029-03-01,0.001206,0,very_low,baseline
KOSCIUSKO STREET,BROOKLYN,2029-04-01,0.001206,0,very_low,baseline
KOSCIUSKO STREET,BROOKLYN,2029-05-01,0.001249,0,very_low,baseline
KOSCIUSKO STREET,BROOKLYN,2029-06-01,0.001268,0,very_low,baseline
KOSCIUSKO STREET,BROOKLYN,2029-07-01,0.001282,0,very_low,baseline
KOSCIUSKO STREET,BROOKLYN,2029-08-01,0.001282,0,very_low,baseline
KOSCIUSKO STREET,BROOKLYN,2029-09-01,0.001188,0,very_low,baseline
KOSCIUSKO STREET,BROOKLYN,2029-10-01,0.000538,0,very_low,baseline
KOSCIUSKO STREET,BROOKLYN,2029-11-01,0.000521,0,very_low,baseline
KOSCIUSKO STREET,BROOKLYN,2029-12-01,0.000508,0,very_low,baseline
LAFAYETTE AVENUE,BROOKLYN,2027-01-01,0.00072,0,very_low,baseline
LAFAYETTE AVENUE,BROOKLYN,2027-02-01,0.000404,0,very_low,baseline
LAFAYETTE AVENUE,BROOKLYN,2027-03-01,0.000635,0,very_low,baseline
LAFAYETTE AVENUE,BROOKLYN,2027-04-01,0.000397,0,very_low,baseline
LAFAYETTE AVENUE,BROOKLYN,2027-05-01,0.00047,0,very_low,baseline
LAFAYETTE AVENUE,BROOKLYN,2027-06-01,0.000448,0,very_low,baseline
LAFAYETTE AVENUE,BROOKLYN,2027-07-01,0.000453,0,very_low,baseline
LAFAYETTE AVENUE,BROOKLYN,2027-08-01,0.000453,0,very_low,baseline
LAFAYETTE AVENUE,BROOKLYN,2027-09-01,0.000467,0,very_low,baseline
LAFAYETTE AVENUE,BROOKLYN,2027-10-01,0.00027,0,very_low,baseline
LAFAYETTE AVENUE,BROOKLYN,2027-11-01,0.000261,0,very_low,baseline
LAFAYETTE AVENUE,BROOKLYN,2027-12-01,0.000257,0,very_low,baseline
LAFAYETTE AVENUE,BROOKLYN,2028-01-01,0.00042,0,very_low,baseline
LAFAYETTE AVENUE,BROOKLYN,2028-02-01,0.000415,0,very_low,baseline
LAFAYETTE AVENUE,BROOKLYN,2028-03-01,0.000418,0,very_low,baseline
LAFAYETTE AVENUE,BROOKLYN,2028-04-01,0.000426,0,very_low,baseline
LAFAYETTE AVENUE,BROOKLYN,2028-05-01,0.000441,0,very_low,baseline
LAFAYETTE AVENUE,BROOKLYN,2028-06-01,0.000448,0,very_low,baseline
LAFAYETTE AVENUE,BROOKLYN,2028-07-01,0.000453,0,very_low,baseline
LAFAYETTE AVENUE,BROOKLYN,2028-08-01,0.000453,0,very_low,baseline
LAFAYETTE AVENUE,BROOKLYN,2028-09-01,0.000467,0,very_low,baseline
LAFAYETTE AVENUE,BROOKLYN,2028-10-01,0.00027,0,very_low,baseline
LAFAYETTE AVENUE,BROOKLYN,2028-11-01,0.000261,0,very_low,baseline
LAFAYETTE AVENUE,BROOKLYN,2028-12-01,0.000257,0,very_low,baseline
LAFAYETTE AVENUE,BROOKLYN,2029-01-01,0.00042,0,very_low,baseline
LAFAYETTE AVENUE,BROOKLYN,2029-02-01,0.000415,0,very_low,baseline
LAFAYETTE AVENUE,BROOKLYN,2029-03-01,0.000418,0,very_low,baseline
LAFAYETTE AVENUE,BROOKLYN,2029-04-01,0.000426,0,very_low,baseline
LAFAYETTE AVENUE,BROOKLYN,2029-05-01,0.000441,0,very_low,baseline
LAFAYETTE AVENUE,BROOKLYN,2029-06-01,0.000448,0,very_low,baseline
LAFAYETTE AVENUE,BROOKLYN,2029-07-01,0.000453,0,very_low,baseline
LAFAYETTE AVENUE,BROOKLYN,2029-08-01,0.000453,0,very_low,baseline
LAFAYETTE AVENUE,BROOKLYN,2029-09-01,0.000467,0,very_low,baseline
LAFAYETTE AVENUE,BROOKLYN,2029-10-01,0.00027,0,very_low,baseline
LAFAYETTE AVENUE,BROOKLYN,2029-11-01,0.000261,0,very_low,baseline
LAFAYETTE AVENUE,BROOKLYN,2029-12-01,0.000257,0,very_low,baseline
LAWRENCE STREET,BROOKLYN,2027-01-01,0.000887,0,very_low,baseline
LAWRENCE STREET,BROOKLYN,2027-02-01,0.000566,0,very_low,baseline
LAWRENCE STREET,BROOKLYN,2027-03-01,0.00073,0,very_low,baseline
LAWRENCE STREET,BROOKLYN,2027-04-01,0.000622,0,very_low,baseline
LAWRENCE STREET,BROOKLYN,2027-05-01,0.000664,0,very_low,baseline
LAWRENCE STREET,BROOKLYN,2027-06-01,0.000592,0,very_low,baseline
LAWRENCE STREET,BROOKLYN,2027-07-01,0.000592,0,very_low,baseline
LAWRENCE STREET,BROOKLYN,2027-08-01,0.000592,0,very_low,baseline
LAWRENCE STREET,BROOKLYN,2027-09-01,0.000613,0,very_low,baseline
LAWRENCE STREET,BROOKLYN,2027-10-01,0.000443,0,very_low,baseline
LAWRENCE STREET,BROOKLYN,2027-11-01,0.00046,0,very_low,baseline
LAWRENCE STREET,BROOKLYN,2027-12-01,0.00046,0,very_low,baseline
LAWRENCE STREET,BROOKLYN,2028-01-01,0.000582,0,very_low,baseline
LAWRENCE STREET,BROOKLYN,2028-02-01,0.000596,0,very_low,baseline
LAWRENCE STREET,BROOKLYN,2028-03-01,0.000579,0,very_low,baseline
LAWRENCE STREET,BROOKLYN,2028-04-01,0.000579,0,very_low,baseline
LAWRENCE STREET,BROOKLYN,2028-05-01,0.000592,0,very_low,baseline
LAWRENCE STREET,BROOKLYN,2028-06-01,0.000592,0,very_low,baseline
LAWRENCE STREET,BROOKLYN,2028-07-01,0.000592,0,very_low,baseline
LAWRENCE STREET,BROOKLYN,2028-08-01,0.000592,0,very_low,baseline
LAWRENCE STREET,BROOKLYN,2028-09-01,0.000613,0,very_low,baseline
LAWRENCE STREET,BROOKLYN,2028-10-01,0.000443,0,very_low,baseline
LAWRENCE STREET,BROOKLYN,2028-11-01,0.00046,0,very_low,baseline
LAWRENCE STREET,BROOKLYN,2028-12-01,0.00046,0,very_low,baseline
LAWRENCE STREET,BROOKLYN,2029-01-01,0.000582,0,very_low,baseline
LAWRENCE STREET,BROOKLYN,2029-02-01,0.000596,0,very_low,baseline
LAWRENCE STREET,BROOKLYN,2029-03-01,0.000579,0,very_low,baseline
LAWRENCE STREET,BROOKLYN,2029-04-01,0.000579,0,very_low,baseline
LAWRENCE STREET,BROOKLYN,2029-05-01,0.000592,0,very_low,baseline
LAWRENCE STREET,BROOKLYN,2029-06-01,0.000592,0,very_low,baseline
LAWRENCE STREET,BROOKLYN,2029-07-01,0.000592,0,very_low,baseline
LAWRENCE STREET,BROOKLYN,2029-08-01,0.000592,0,very_low,baseline
LAWRENCE STREET,BROOKLYN,2029-09-01,0.000613,0,very_low,baseline
LAWRENCE STREET,BROOKLYN,2029-10-01,0.000443,0,very_low,baseline
LAWRENCE STREET,BROOKLYN,2029-11-01,0.00046,0,very_low,baseline
LAWRENCE STREET,BROOKLYN,2029-12-01,0.00046,0,very_low,baseline
LEFFERTS BLVD.,QUEENS,2027-01-01,0.00125,0,very_low,baseline
LEFFERTS BLVD.,QUEENS,2027-02-01,0.000503,0,very_low,baseline
LEFFERTS BLVD.,QUEENS,2027-03-01,0.00033,0,very_low,baseline
LEFFERTS BLVD.,QUEENS,2027-04-01,0.000278,0,very_low,baseline
LEFFERTS BLVD.,QUEENS,2027-05-01,0.000284,0,very_low,baseline
LEFFERTS BLVD.,QUEENS,2027-06-01,0.000386,0,very_low,baseline
LEFFERTS BLVD.,QUEENS,2027-07-01,0.000386,0,very_low,baseline
LEFFERTS BLVD.,QUEENS,2027-08-01,0.000386,0,very_low,baseline
LEFFERTS BLVD.,QUEENS,2027-09-01,0.000406,0,very_low,baseline
LEFFERTS BLVD.,QUEENS,2027-10-01,0.000327,0,very_low,baseline
LEFFERTS BLVD.,QUEENS,2027-11-01,0.000307,0,very_low,baseline
LEFFERTS BLVD.,QUEENS,2027-12-01,0.00032,0,very_low,baseline
LEFFERTS BLVD.,QUEENS,2028-01-01,0.000381,0,very_low,baseline
LEFFERTS BLVD.,QUEENS,2028-02-01,0.000365,0,very_low,baseline
LEFFERTS BLVD.,QUEENS,2028-03-01,0.000369,0,very_low,baseline
LEFFERTS BLVD.,QUEENS,2028-04-01,0.000369,0,very_low,baseline
LEFFERTS BLVD.,QUEENS,2028-05-01,0.000383,0,very_low,baseline
LEFFERTS BLVD.,QUEENS,2028-06-01,0.000386,0,very_low,baseline
LEFFERTS BLVD.,QUEENS,2028-07-01,0.000386,0,very_low,baseline
LEFFERTS BLVD.,QUEENS,2028-08-01,0.000386,0,very_low,baseline
LEFFERTS BLVD.,QUEENS,2028-09-01,0.000406,0,very_low,baseline
LEFFERTS BLVD.,QUEENS,2028-10-01,0.000327,0,very_low,baseline
LEFFERTS BLVD.,QUEENS,2028-11-01,0.000307,0,very_low,baseline
LEFFERTS BLVD.,QUEENS,2028-12-01,0.00032,0,very_low,baseline
LEFFERTS BLVD.,QUEENS,2029-01-01,0.000381,0,very_low,baseline
LEFFERTS BLVD.,QUEENS,2029-02-01,0.000365,0,very_low,baseline
LEFFERTS BLVD.,QUEENS,2029-03-01,0.000369,0,very_low,baseline
LEFFERTS BLVD.,QUEENS,2029-04-01,0.000369,0,very_low,baseline
LEFFERTS BLVD.,QUEENS,2029-05-01,0.000383,0,very_low,baseline
LEFFERTS BLVD.,QUEENS,2029-06-01,0.000386,0,very_low,baseline
LEFFERTS BLVD.,QUEENS,2029-07-01,0.000386,0,very_low,baseline
LEFFERTS BLVD.,QUEENS,2029-08-01,0.000386,0,very_low,baseline
LEFFERTS BLVD.,QUEENS,2029-09-01,0.000406,0,very_low,baseline
LEFFERTS BLVD.,QUEENS,2029-10-01,0.000327,0,very_low,baseline
LEFFERTS BLVD.,QUEENS,2029-11-01,0.000307,0,very_low,baseline
LEFFERTS BLVD.,QUEENS,2029-12-01,0.00032,0,very_low,baseline
LEXINGTON AVE.,MANHATTAN,2027-01-01,0.000609,0,very_low,baseline
LEXINGTON AVE.,MANHATTAN,2027-02-01,0.000516,0,very_low,baseline
LEXINGTON AVE.,MANHATTAN,2027-03-01,0.000609,0,very_low,baseline
LEXINGTON AVE.,MANHATTAN,2027-04-01,0.000552,0,very_low,baseline
LEXINGTON AVE.,MANHATTAN,2027-05-01,0.000568,0,very_low,baseline
LEXINGTON AVE.,MANHATTAN,2027-06-01,0.000575,0,very_low,baseline
LEXINGTON AVE.,MANHATTAN,2027-07-01,0.000575,0,very_low,baseline
LEXINGTON AVE.,MANHATTAN,2027-08-01,0.000575,0,very_low,baseline
LEXINGTON AVE.,MANHATTAN,2027-09-01,0.000579,0,very_low,baseline
LEXINGTON AVE.,MANHATTAN,2027-10-01,0.000435,0,very_low,baseline
LEXINGTON AVE.,MANHATTAN,2027-11-01,0.000451,0,very_low,baseline
LEXINGTON AVE.,MANHATTAN,2027-12-01,0.000451,0,very_low,baseline
LEXINGTON AVE.,MANHATTAN,2028-01-01,0.000494,0,very_low,baseline
LEXINGTON AVE.,MANHATTAN,2028-02-01,0.000536,0,very_low,baseline
LEXINGTON AVE.,MANHATTAN,2028-03-01,0.000536,0,very_low,baseline
LEXINGTON AVE.,MANHATTAN,2028-04-01,0.000536,0,very_low,baseline
LEXINGTON AVE.,MANHATTAN,2028-05-01,0.000575,0,very_low,baseline
LEXINGTON AVE.,MANHATTAN,2028-06-01,0.000575,0,very_low,baseline
LEXINGTON AVE.,MANHATTAN,2028-07-01,0.000575,0,very_low,baseline
LEXINGTON AVE.,MANHATTAN,2028-08-01,0.000575,0,very_low,baseline
LEXINGTON AVE.,MANHATTAN,2028-09-01,0.000579,0,very_low,baseline
LEXINGTON AVE.,MANHATTAN,2028-10-01,0.000435,0,very_low,baseline
LEXINGTON AVE.,MANHATTAN,2028-11-01,0.000451,0,very_low,baseline
LEXINGTON AVE.,MANHATTAN,2028-12-01,0.000451,0,very_low,baseline
LEXINGTON AVE.,MANHATTAN,2029-01-01,0.000494,0,very_low,baseline
LEXINGTON AVE.,MANHATTAN,2029-02-01,0.000536,0,very_low,baseline
LEXINGTON AVE.,MANHATTAN,2029-03-01,0.000536,0,very_low,baseline
LEXINGTON AVE.,MANHATTAN,2029-04-01,0.000536,0,very_low,baseline
LEXINGTON AVE.,MANHATTAN,2029-05-01,0.000575,0,very_low,baseline
LEXINGTON AVE.,MANHATTAN,2029-06-01,0.000575,0,very_low,baseline
LEXINGTON AVE.,MANHATTAN,2029-07-01,0.000575,0,very_low,baseline
LEXINGTON AVE.,MANHATTAN,2029-08-01,0.000575,0,very_low,baseline
LEXINGTON AVE.,MANHATTAN,2029-09-01,0.000579,0,very_low,baseline
LEXINGTON AVE.,MANHATTAN,2029-10-01,0.000435,0,very_low,baseline
LEXINGTON AVE.,MANHATTAN,2029-11-01,0.000451,0,very_low,baseline
LEXINGTON AVE.,MANHATTAN,2029-12-01,0.000451,0,very_low,baseline
LEXINGTON AVENUE,MANHATTAN,2027-01-01,0.000132,0,very_low,baseline
LEXINGTON AVENUE,MANHATTAN,2027-02-01,0.000126,0,very_low,baseline
LEXINGTON AVENUE,MANHATTAN,2027-03-01,0.00012,0,very_low,baseline
LEXINGTON AVENUE,MANHATTAN,2027-04-01,0.000114,0,very_low,baseline
LEXINGTON AVENUE,MANHATTAN,2027-05-01,0.000124,0,very_low,baseline
LEXINGTON AVENUE,MANHATTAN,2027-06-01,0.000121,0,very_low,baseline
LEXINGTON AVENUE,MANHATTAN,2027-07-01,0.000121,0,very_low,baseline
LEXINGTON AVENUE,MANHATTAN,2027-08-01,0.000121,0,very_low,baseline
LEXINGTON AVENUE,MANHATTAN,2027-09-01,0.00012,0,very_low,baseline
LEXINGTON AVENUE,MANHATTAN,2027-10-01,7.7e-05,0,very_low,baseline
LEXINGTON AVENUE,MANHATTAN,2027-11-01,7.4e-05,0,very_low,baseline
LEXINGTON AVENUE,MANHATTAN,2027-12-01,7.3e-05,0,very_low,baseline
LEXINGTON AVENUE,MANHATTAN,2028-01-01,0.000116,0,very_low,baseline
LEXINGTON AVENUE,MANHATTAN,2028-02-01,0.000115,0,very_low,baseline
LEXINGTON AVENUE,MANHATTAN,2028-03-01,0.000113,0,very_low,baseline
LEXINGTON AVENUE,MANHATTAN,2028-04-01,0.000114,0,very_low,baseline
LEXINGTON AVENUE,MANHATTAN,2028-05-01,0.000122,0,very_low,baseline
LEXINGTON AVENUE,MANHATTAN,2028-06-01,0.000121,0,very_low,baseline
LEXINGTON AVENUE,MANHATTAN,2028-07-01,0.000121,0,very_low,baseline
LEXINGTON AVENUE,MANHATTAN,2028-08-01,0.000121,0,very_low,baseline
LEXINGTON AVENUE,MANHATTAN,2028-09-01,0.00012,0,very_low,baseline
LEXINGTON AVENUE,MANHATTAN,2028-10-01,7.7e-05,0,very_low,baseline
LEXINGTON AVENUE,MANHATTAN,2028-11-01,7.4e-05,0,very_low,baseline
LEXINGTON AVENUE,MANHATTAN,2028-12-01,7.3e-05,0,very_low,baseline
LEXINGTON AVENUE,MANHATTAN,2029-01-01,0.000116,0,very_low,baseline
LEXINGTON AVENUE,MANHATTAN,2029-02-01,0.000115,0,very_low,baseline
LEXINGTON AVENUE,MANHATTAN,2029-03-01,0.000113,0,very_low,baseline
LEXINGTON AVENUE,MANHATTAN,2029-04-01,0.000114,0,very_low,baseline
LEXINGTON AVENUE,MANHATTAN,2029-05-01,0.000122,0,very_low,baseline
LEXINGTON AVENUE,MANHATTAN,2029-06-01,0.000121,0,very_low,baseline
LEXINGTON AVENUE,MANHATTAN,2029-07-01,0.000121,0,very_low,baseline
LEXINGTON AVENUE,MANHATTAN,2029-08-01,0.000121,0,very_low,baseline
LEXINGTON AVENUE,MANHATTAN,2029-09-01,0.00012,0,very_low,baseline
LEXINGTON AVENUE,MANHATTAN,2029-10-01,7.7e-05,0,very_low,baseline
LEXINGTON AVENUE,MANHATTAN,2029-11-01,7.4e-05,0,very_low,baseline
LEXINGTON AVENUE,MANHATTAN,2029-12-01,7.3e-05,0,very_low,baseline
LIBERTY AVENUE,BROOKLYN,2027-01-01,0.000575,0,very_low,baseline
LIBERTY AVENUE,BROOKLYN,2027-02-01,0.000743,0,very_low,baseline
LIBERTY AVENUE,BROOKLYN,2027-03-01,0.00077,0,very_low,baseline
LIBERTY AVENUE,BROOKLYN,2027-04-01,0.000733,0,very_low,baseline
LIBERTY AVENUE,BROOKLYN,2027-05-01,0.000855,0,very_low,baseline
LIBERTY AVENUE,BROOKLYN,2027-06-01,0.000622,0,very_low,baseline
LIBERTY AVENUE,BROOKLYN,2027-07-01,0.00063,0,very_low,baseline
LIBERTY AVENUE,BROOKLYN,2027-08-01,0.00063,0,very_low,baseline
LIBERTY AVENUE,BROOKLYN,2027-09-01,0.00064,0,very_low,baseline
LIBERTY AVENUE,BROOKLYN,2027-10-01,0.000443,0,very_low,baseline
LIBERTY AVENUE,BROOKLYN,2027-11-01,0.000429,0,very_low,baseline
LIBERTY AVENUE,BROOKLYN,2027-12-01,0.000429,0,very_low,baseline
LIBERTY AVENUE,BROOKLYN,2028-01-01,0.000583,0,very_low,baseline
LIBERTY AVENUE,BROOKLYN,2028-02-01,0.00059,0,very_low,baseline
LIBERTY AVENUE,BROOKLYN,2028-03-01,0.000593,0,very_low,baseline
LIBERTY AVENUE,BROOKLYN,2028-04-01,0.000598,0,very_low,baseline
LIBERTY AVENUE,BROOKLYN,2028-05-01,0.000613,0,very_low,baseline
LIBERTY AVENUE,BROOKLYN,2028-06-01,0.000622,0,very_low,baseline
LIBERTY AVENUE,BROOKLYN,2028-07-01,0.00063,0,very_low,baseline
LIBERTY AVENUE,BROOKLYN,2028-08-01,0.00063,0,very_low,baseline
LIBERTY AVENUE,BROOKLYN,2028-09-01,0.00064,0,very_low,baseline
LIBERTY AVENUE,BROOKLYN,2028-10-01,0.000443,0,very_low,baseline
LIBERTY AVENUE,BROOKLYN,2028-11-01,0.000429,0,very_low,baseline
LIBERTY AVENUE,BROOKLYN,2028-12-01,0.000429,0,very_low,baseline
LIBERTY AVENUE,BROOKLYN,2029-01-01,0.000583,0,very_low,baseline
LIBERTY AVENUE,BROOKLYN,2029-02-01,0.00059,0,very_low,baseline
LIBERTY AVENUE,BROOKLYN,2029-03-01,0.000593,0,very_low,baseline
LIBERTY AVENUE,BROOKLYN,2029-04-01,0.000598,0,very_low,baseline
LIBERTY AVENUE,BROOKLYN,2029-05-01,0.000613,0,very_low,baseline
LIBERTY AVENUE,BROOKLYN,2029-06-01,0.000622,0,very_low,baseline
LIBERTY AVENUE,BROOKLYN,2029-07-01,0.00063,0,very_low,baseline
LIBERTY AVENUE,BROOKLYN,2029-08-01,0.00063,0,very_low,baseline
LIBERTY AVENUE,BROOKLYN,2029-09-01,0.00064,0,very_low,baseline
LIBERTY AVENUE,BROOKLYN,2029-10-01,0.000443,0,very_low,baseline
LIBERTY AVENUE,BROOKLYN,2029-11-01,0.000429,0,very_low,baseline
LIBERTY AVENUE,BROOKLYN,2029-12-01,0.000429,0,very_low,baseline
LIVONIA AVENUE,BROOKLYN,2027-01-01,0.001406,0,very_low,baseline
LIVONIA AVENUE,BROOKLYN,2027-02-01,0.001243,0,very_low,baseline
LIVONIA AVENUE,BROOKLYN,2027-03-01,0.002095,0,very_low,baseline
LIVONIA AVENUE,BROOKLYN,2027-04-01,0.001522,0,very_low,baseline
LIVONIA AVENUE,BROOKLYN,2027-05-01,0.001697,0,very_low,baseline
LIVONIA AVENUE,BROOKLYN,2027-06-01,0.002034,0,very_low,baseline
LIVONIA AVENUE,BROOKLYN,2027-07-01,0.002128,0,very_low,baseline
LIVONIA AVENUE,BROOKLYN,2027-08-01,0.002215,0,very_low,baseline
LIVONIA AVENUE,BROOKLYN,2027-09-01,0.002165,0,very_low,baseline
LIVONIA AVENUE,BROOKLYN,2027-10-01,0.001166,0,very_low,baseline
LIVONIA AVENUE,BROOKLYN,2027-11-01,0.00113,0,very_low,baseline
LIVONIA AVENUE,BROOKLYN,2027-12-01,0.00113,0,very_low,baseline
LIVONIA AVENUE,BROOKLYN,2028-01-01,0.001835,0,very_low,baseline
LIVONIA AVENUE,BROOKLYN,2028-02-01,0.001902,0,very_low,baseline
LIVONIA AVENUE,BROOKLYN,2028-03-01,0.001894,0,very_low,baseline
LIVONIA AVENUE,BROOKLYN,2028-04-01,0.001894,0,very_low,baseline
LIVONIA AVENUE,BROOKLYN,2028-05-01,0.00194,0,very_low,baseline
LIVONIA AVENUE,BROOKLYN,2028-06-01,0.002034,0,very_low,baseline
LIVONIA AVENUE,BROOKLYN,2028-07-01,0.002128,0,very_low,baseline
LIVONIA AVENUE,BROOKLYN,2028-08-01,0.002215,0,very_low,baseline
LIVONIA AVENUE,BROOKLYN,2028-09-01,0.002165,0,very_low,baseline
LIVONIA AVENUE,BROOKLYN,2028-10-01,0.001166,0,very_low,baseline
LIVONIA AVENUE,BROOKLYN,2028-11-01,0.00113,0,very_low,baseline
LIVONIA AVENUE,BROOKLYN,2028-12-01,0.00113,0,very_low,baseline
LIVONIA AVENUE,BROOKLYN,2029-01-01,0.001835,0,very_low,baseline
LIVONIA AVENUE,BROOKLYN,2029-02-01,0.001902,0,very_low,baseline
LIVONIA AVENUE,BROOKLYN,2029-03-01,0.001894,0,very_low,baseline
LIVONIA AVENUE,BROOKLYN,2029-04-01,0.001894,0,very_low,baseline
LIVONIA AVENUE,BROOKLYN,2029-05-01,0.00194,0,very_low,baseline
LIVONIA AVENUE,BROOKLYN,2029-06-01,0.002034,0,very_low,baseline
LIVONIA AVENUE,BROOKLYN,2029-07-01,0.002128,0,very_low,baseline
LIVONIA AVENUE,BROOKLYN,2029-08-01,0.002215,0,very_low,baseline
LIVONIA AVENUE,BROOKLYN,2029-09-01,0.002165,0,very_low,baseline
LIVONIA AVENUE,BROOKLYN,2029-10-01,0.001166,0,very_low,baseline
LIVONIA AVENUE,BROOKLYN,2029-11-01,0.00113,0,very_low,baseline
LIVONIA AVENUE,BROOKLYN,2029-12-01,0.00113,0,very_low,baseline
LONGWOOD AVENUE,BRONX,2027-01-01,0.001163,0,very_low,baseline
LONGWOOD AVENUE,BRONX,2027-02-01,0.001445,0,very_low,baseline
LONGWOOD AVENUE,BRONX,2027-03-01,0.001006,0,very_low,baseline
LONGWOOD AVENUE,BRONX,2027-04-01,0.000981,0,very_low,baseline
LONGWOOD AVENUE,BRONX,2027-05-01,0.000954,0,very_low,baseline
LONGWOOD AVENUE,BRONX,2027-06-01,0.00086,0,very_low,baseline
LONGWOOD AVENUE,BRONX,2027-07-01,0.00086,0,very_low,baseline
LONGWOOD AVENUE,BRONX,2027-08-01,0.000895,0,very_low,baseline
LONGWOOD AVENUE,BRONX,2027-09-01,0.000926,0,very_low,baseline
LONGWOOD AVENUE,BRONX,2027-10-01,0.000802,0,very_low,baseline
LONGWOOD AVENUE,BRONX,2027-11-01,0.000799,0,very_low,baseline
LONGWOOD AVENUE,BRONX,2027-12-01,0.000799,0,very_low,baseline
LONGWOOD AVENUE,BRONX,2028-01-01,0.00081,0,very_low,baseline
LONGWOOD AVENUE,BRONX,2028-02-01,0.000829,0,very_low,baseline
LONGWOOD AVENUE,BRONX,2028-03-01,0.000802,0,very_low,baseline
LONGWOOD AVENUE,BRONX,2028-04-01,0.000802,0,very_low,baseline
LONGWOOD AVENUE,BRONX,2028-05-01,0.000833,0,very_low,baseline
LONGWOOD AVENUE,BRONX,2028-06-01,0.00086,0,very_low,baseline
LONGWOOD AVENUE,BRONX,2028-07-01,0.00086,0,very_low,baseline
LONGWOOD AVENUE,BRONX,2028-08-01,0.000895,0,very_low,baseline
LONGWOOD AVENUE,BRONX,2028-09-01,0.000926,0,very_low,baseline
LONGWOOD AVENUE,BRONX,2028-10-01,0.000802,0,very_low,baseline
LONGWOOD AVENUE,BRONX,2028-11-01,0.000799,0,very_low,baseline
LONGWOOD AVENUE,BRONX,2028-12-01,0.000799,0,very_low,baseline
LONGWOOD AVENUE,BRONX,2029-01-01,0.00081,0,very_low,baseline
LONGWOOD AVENUE,BRONX,2029-02-01,0.000829,0,very_low,baseline
LONGWOOD AVENUE,BRONX,2029-03-01,0.000802,0,very_low,baseline
LONGWOOD AVENUE,BRONX,2029-04-01,0.000802,0,very_low,baseline
LONGWOOD AVENUE,BRONX,2029-05-01,0.000833,0,very_low,baseline
LONGWOOD AVENUE,BRONX,2029-06-01,0.00086,0,very_low,baseline
LONGWOOD AVENUE,BRONX,2029-07-01,0.00086,0,very_low,baseline
LONGWOOD AVENUE,BRONX,2029-08-01,0.000895,0,very_low,baseline
LONGWOOD AVENUE,BRONX,2029-09-01,0.000926,0,very_low,baseline
LONGWOOD AVENUE,BRONX,2029-10-01,0.000802,0,very_low,baseline
LONGWOOD AVENUE,BRONX,2029-11-01,0.000799,0,very_low,baseline
LONGWOOD AVENUE,BRONX,2029-12-01,0.000799,0,very_low,baseline
LORIMER STREET,BROOKLYN,2027-01-01,0.000274,0,very_low,baseline
LORIMER STREET,BROOKLYN,2027-02-01,0.000346,0,very_low,baseline
LORIMER STREET,BROOKLYN,2027-03-01,0.000302,0,very_low,baseline
LORIMER STREET,BROOKLYN,2027-04-01,0.000307,0,very_low,baseline
LORIMER STREET,BROOKLYN,2027-05-01,0.000229,0,very_low,baseline
LORIMER STREET,BROOKLYN,2027-06-01,0.000219,0,very_low,baseline
LORIMER STREET,BROOKLYN,2027-07-01,0.000219,0,very_low,baseline
LORIMER STREET,BROOKLYN,2027-08-01,0.000219,0,very_low,baseline
LORIMER STREET,BROOKLYN,2027-09-01,0.000217,0,very_low,baseline
LORIMER STREET,BROOKLYN,2027-10-01,0.000163,0,very_low,baseline
LORIMER STREET,BROOKLYN,2027-11-01,0.000156,0,very_low,baseline
LORIMER STREET,BROOKLYN,2027-12-01,0.000158,0,very_low,baseline
LORIMER STREET,BROOKLYN,2028-01-01,0.000198,0,very_low,baseline
LORIMER STREET,BROOKLYN,2028-02-01,0.000205,0,very_low,baseline
LORIMER STREET,BROOKLYN,2028-03-01,0.000206,0,very_low,baseline
LORIMER STREET,BROOKLYN,2028-04-01,0.000206,0,very_low,baseline
LORIMER STREET,BROOKLYN,2028-05-01,0.000212,0,very_low,baseline
LORIMER STREET,BROOKLYN,2028-06-01,0.000219,0,very_low,baseline
LORIMER STREET,BROOKLYN,2028-07-01,0.000219,0,very_low,baseline
LORIMER STREET,BROOKLYN,2028-08-01,0.000219,0,very_low,baseline
LORIMER STREET,BROOKLYN,2028-09-01,0.000217,0,very_low,baseline
LORIMER STREET,BROOKLYN,2028-10-01,0.000163,0,very_low,baseline
LORIMER STREET,BROOKLYN,2028-11-01,0.000156,0,very_low,baseline
LORIMER STREET,BROOKLYN,2028-12-01,0.000158,0,very_low,baseline
LORIMER STREET,BROOKLYN,2029-01-01,0.000198,0,very_low,baseline
LORIMER STREET,BROOKLYN,2029-02-01,0.000205,0,very_low,baseline
LORIMER STREET,BROOKLYN,2029-03-01,0.000206,0,very_low,baseline
LORIMER STREET,BROOKLYN,2029-04-01,0.000206,0,very_low,baseline
LORIMER STREET,BROOKLYN,2029-05-01,0.000212,0,very_low,baseline
LORIMER STREET,BROOKLYN,2029-06-01,0.000219,0,very_low,baseline
LORIMER STREET,BROOKLYN,2029-07-01,0.000219,0,very_low,baseline
LORIMER STREET,BROOKLYN,2029-08-01,0.000219,0,very_low,baseline
LORIMER STREET,BROOKLYN,2029-09-01,0.000217,0,very_low,baseline
LORIMER STREET,BROOKLYN,2029-10-01,0.000163,0,very_low,baseline
LORIMER STREET,BROOKLYN,2029-11-01,0.000156,0,very_low,baseline
LORIMER STREET,BROOKLYN,2029-12-01,0.000158,0,very_low,baseline
MAIN ST.-FLUSHING,QUEENS,2027-01-01,0.955267,1,very_high,baseline
MAIN ST.-FLUSHING,QUEENS,2027-02-01,0.973296,1,very_high,baseline
MAIN ST.-FLUSHING,QUEENS,2027-03-01,0.972646,1,very_high,baseline
MAIN ST.-FLUSHING,QUEENS,2027-04-01,0.937413,1,very_high,baseline
MAIN ST.-FLUSHING,QUEENS,2027-05-01,0.952383,1,very_high,baseline
MAIN ST.-FLUSHING,QUEENS,2027-06-01,0.970393,1,very_high,baseline
MAIN ST.-FLUSHING,QUEENS,2027-07-01,0.970857,1,very_high,baseline
MAIN ST.-FLUSHING,QUEENS,2027-08-01,0.970857,1,very_high,baseline
MAIN ST.-FLUSHING,QUEENS,2027-09-01,0.972831,1,very_high,baseline
MAIN ST.-FLUSHING,QUEENS,2027-10-01,0.972287,1,very_high,baseline
MAIN ST.-FLUSHING,QUEENS,2027-11-01,0.973543,1,very_high,baseline
MAIN ST.-FLUSHING,QUEENS,2027-12-01,0.973543,1,very_high,baseline
MAIN ST.-FLUSHING,QUEENS,2028-01-01,0.973292,1,very_high,baseline
MAIN ST.-FLUSHING,QUEENS,2028-02-01,0.973292,1,very_high,baseline
MAIN ST.-FLUSHING,QUEENS,2028-03-01,0.973292,1,very_high,baseline
MAIN ST.-FLUSHING,QUEENS,2028-04-01,0.973292,1,very_high,baseline
MAIN ST.-FLUSHING,QUEENS,2028-05-01,0.973007,1,very_high,baseline
MAIN ST.-FLUSHING,QUEENS,2028-06-01,0.973007,1,very_high,baseline
MAIN ST.-FLUSHING,QUEENS,2028-07-01,0.973007,1,very_high,baseline
MAIN ST.-FLUSHING,QUEENS,2028-08-01,0.973007,1,very_high,baseline
MAIN ST.-FLUSHING,QUEENS,2028-09-01,0.973153,1,very_high,baseline
MAIN ST.-FLUSHING,QUEENS,2028-10-01,0.972287,1,very_high,baseline
MAIN ST.-FLUSHING,QUEENS,2028-11-01,0.973543,1,very_high,baseline
MAIN ST.-FLUSHING,QUEENS,2028-12-01,0.973543,1,very_high,baseline
MAIN ST.-FLUSHING,QUEENS,2029-01-01,0.973292,1,very_high,baseline
MAIN ST.-FLUSHING,QUEENS,2029-02-01,0.973292,1,very_high,baseline
MAIN ST.-FLUSHING,QUEENS,2029-03-01,0.973292,1,very_high,baseline
MAIN ST.-FLUSHING,QUEENS,2029-04-01,0.973292,1,very_high,baseline
MAIN ST.-FLUSHING,QUEENS,2029-05-01,0.973007,1,very_high,baseline
MAIN ST.-FLUSHING,QUEENS,2029-06-01,0.973007,1,very_high,baseline
MAIN ST.-FLUSHING,QUEENS,2029-07-01,0.973007,1,very_high,baseline
MAIN ST.-FLUSHING,QUEENS,2029-08-01,0.973007,1,very_high,baseline
MAIN ST.-FLUSHING,QUEENS,2029-09-01,0.973153,1,very_high,baseline
MAIN ST.-FLUSHING,QUEENS,2029-10-01,0.972287,1,very_high,baseline
MAIN ST.-FLUSHING,QUEENS,2029-11-01,0.973543,1,very_high,baseline
MAIN ST.-FLUSHING,QUEENS,2029-12-01,0.973543,1,very_high,baseline
MARCY AVENUE,BROOKLYN,2027-01-01,0.001315,0,very_low,baseline
MARCY AVENUE,BROOKLYN,2027-02-01,0.001671,0,very_low,baseline
MARCY AVENUE,BROOKLYN,2027-03-01,0.001964,0,very_low,baseline
MARCY AVENUE,BROOKLYN,2027-04-01,0.001455,0,very_low,baseline
MARCY AVENUE,BROOKLYN,2027-05-01,0.002108,0,very_low,baseline
MARCY AVENUE,BROOKLYN,2027-06-01,0.002107,0,very_low,baseline
MARCY AVENUE,BROOKLYN,2027-07-01,0.002152,0,very_low,baseline
MARCY AVENUE,BROOKLYN,2027-08-01,0.0021,0,very_low,baseline
MARCY AVENUE,BROOKLYN,2027-09-01,0.00203,0,very_low,baseline
MARCY AVENUE,BROOKLYN,2027-10-01,0.001321,0,very_low,baseline
MARCY AVENUE,BROOKLYN,2027-11-01,0.001281,0,very_low,baseline
MARCY AVENUE,BROOKLYN,2027-12-01,0.001286,0,very_low,baseline
MARCY AVENUE,BROOKLYN,2028-01-01,0.001686,0,very_low,baseline
MARCY AVENUE,BROOKLYN,2028-02-01,0.001855,0,very_low,baseline
MARCY AVENUE,BROOKLYN,2028-03-01,0.001847,0,very_low,baseline
MARCY AVENUE,BROOKLYN,2028-04-01,0.001847,0,very_low,baseline
MARCY AVENUE,BROOKLYN,2028-05-01,0.001951,0,very_low,baseline
MARCY AVENUE,BROOKLYN,2028-06-01,0.002107,0,very_low,baseline
MARCY AVENUE,BROOKLYN,2028-07-01,0.002152,0,very_low,baseline
MARCY AVENUE,BROOKLYN,2028-08-01,0.0021,0,very_low,baseline
MARCY AVENUE,BROOKLYN,2028-09-01,0.00203,0,very_low,baseline
MARCY AVENUE,BROOKLYN,2028-10-01,0.001321,0,very_low,baseline
MARCY AVENUE,BROOKLYN,2028-11-01,0.001281,0,very_low,baseline
MARCY AVENUE,BROOKLYN,2028-12-01,0.001286,0,very_low,baseline
MARCY AVENUE,BROOKLYN,2029-01-01,0.001686,0,very_low,baseline
MARCY AVENUE,BROOKLYN,2029-02-01,0.001855,0,very_low,baseline
MARCY AVENUE,BROOKLYN,2029-03-01,0.001847,0,very_low,baseline
MARCY AVENUE,BROOKLYN,2029-04-01,0.001847,0,very_low,baseline
MARCY AVENUE,BROOKLYN,2029-05-01,0.001951,0,very_low,baseline
MARCY AVENUE,BROOKLYN,2029-06-01,0.002107,0,very_low,baseline
MARCY AVENUE,BROOKLYN,2029-07-01,0.002152,0,very_low,baseline
MARCY AVENUE,BROOKLYN,2029-08-01,0.0021,0,very_low,baseline
MARCY AVENUE,BROOKLYN,2029-09-01,0.00203,0,very_low,baseline
MARCY AVENUE,BROOKLYN,2029-10-01,0.001321,0,very_low,baseline
MARCY AVENUE,BROOKLYN,2029-11-01,0.001281,0,very_low,baseline
MARCY AVENUE,BROOKLYN,2029-12-01,0.001286,0,very_low,baseline
METROPOLITAN AVENUE,BROOKLYN,2027-01-01,0.000254,0,very_low,baseline
METROPOLITAN AVENUE,BROOKLYN,2027-02-01,0.000253,0,very_low,baseline
METROPOLITAN AVENUE,BROOKLYN,2027-03-01,0.000227,0,very_low,baseline
METROPOLITAN AVENUE,BROOKLYN,2027-04-01,0.000216,0,very_low,baseline
METROPOLITAN AVENUE,BROOKLYN,2027-05-01,0.000244,0,very_low,baseline
METROPOLITAN AVENUE,BROOKLYN,2027-06-01,0.000246,0,very_low,baseline
METROPOLITAN AVENUE,BROOKLYN,2027-07-01,0.000246,0,very_low,baseline
METROPOLITAN AVENUE,BROOKLYN,2027-08-01,0.000246,0,very_low,baseline
METROPOLITAN AVENUE,BROOKLYN,2027-09-01,0.000249,0,very_low,baseline
METROPOLITAN AVENUE,BROOKLYN,2027-10-01,0.000162,0,very_low,baseline
METROPOLITAN AVENUE,BROOKLYN,2027-11-01,0.000156,0,very_low,baseline
METROPOLITAN AVENUE,BROOKLYN,2027-12-01,0.000158,0,very_low,baseline
METROPOLITAN AVENUE,BROOKLYN,2028-01-01,0.000234,0,very_low,baseline
METROPOLITAN AVENUE,BROOKLYN,2028-02-01,0.000232,0,very_low,baseline
METROPOLITAN AVENUE,BROOKLYN,2028-03-01,0.000225,0,very_low,baseline
METROPOLITAN AVENUE,BROOKLYN,2028-04-01,0.000223,0,very_low,baseline
METROPOLITAN AVENUE,BROOKLYN,2028-05-01,0.000236,0,very_low,baseline
METROPOLITAN AVENUE,BROOKLYN,2028-06-01,0.000246,0,very_low,baseline
METROPOLITAN AVENUE,BROOKLYN,2028-07-01,0.000246,0,very_low,baseline
METROPOLITAN AVENUE,BROOKLYN,2028-08-01,0.000246,0,very_low,baseline
METROPOLITAN AVENUE,BROOKLYN,2028-09-01,0.000249,0,very_low,baseline
METROPOLITAN AVENUE,BROOKLYN,2028-10-01,0.000162,0,very_low,baseline
METROPOLITAN AVENUE,BROOKLYN,2028-11-01,0.000156,0,very_low,baseline
METROPOLITAN AVENUE,BROOKLYN,2028-12-01,0.000158,0,very_low,baseline
METROPOLITAN AVENUE,BROOKLYN,2029-01-01,0.000234,0,very_low,baseline
METROPOLITAN AVENUE,BROOKLYN,2029-02-01,0.000232,0,very_low,baseline
METROPOLITAN AVENUE,BROOKLYN,2029-03-01,0.000225,0,very_low,baseline
METROPOLITAN AVENUE,BROOKLYN,2029-04-01,0.000223,0,very_low,baseline
METROPOLITAN AVENUE,BROOKLYN,2029-05-01,0.000236,0,very_low,baseline
METROPOLITAN AVENUE,BROOKLYN,2029-06-01,0.000246,0,very_low,baseline
METROPOLITAN AVENUE,BROOKLYN,2029-07-01,0.000246,0,very_low,baseline
METROPOLITAN AVENUE,BROOKLYN,2029-08-01,0.000246,0,very_low,baseline
METROPOLITAN AVENUE,BROOKLYN,2029-09-01,0.000249,0,very_low,baseline
METROPOLITAN AVENUE,BROOKLYN,2029-10-01,0.000162,0,very_low,baseline
METROPOLITAN AVENUE,BROOKLYN,2029-11-01,0.000156,0,very_low,baseline
METROPOLITAN AVENUE,BROOKLYN,2029-12-01,0.000158,0,very_low,baseline
MIDDLETOWN ROAD,BRONX,2027-01-01,0.000187,0,very_low,baseline
MIDDLETOWN ROAD,BRONX,2027-02-01,0.00019,0,very_low,baseline
MIDDLETOWN ROAD,BRONX,2027-03-01,0.000187,0,very_low,baseline
MIDDLETOWN ROAD,BRONX,2027-04-01,0.000187,0,very_low,baseline
MIDDLETOWN ROAD,BRONX,2027-05-01,0.000191,0,very_low,baseline
MIDDLETOWN ROAD,BRONX,2027-06-01,0.000192,0,very_low,baseline
MIDDLETOWN ROAD,BRONX,2027-07-01,0.000192,0,very_low,baseline
MIDDLETOWN ROAD,BRONX,2027-08-01,0.000192,0,very_low,baseline
MIDDLETOWN ROAD,BRONX,2027-09-01,0.000203,0,very_low,baseline
MIDDLETOWN ROAD,BRONX,2027-10-01,0.000175,0,very_low,baseline
MIDDLETOWN ROAD,BRONX,2027-11-01,0.000167,0,very_low,baseline
MIDDLETOWN ROAD,BRONX,2027-12-01,0.000167,0,very_low,baseline
MIDDLETOWN ROAD,BRONX,2028-01-01,0.000191,0,very_low,baseline
MIDDLETOWN ROAD,BRONX,2028-02-01,0.00019,0,very_low,baseline
MIDDLETOWN ROAD,BRONX,2028-03-01,0.000187,0,very_low,baseline
MIDDLETOWN ROAD,BRONX,2028-04-01,0.000187,0,very_low,baseline
MIDDLETOWN ROAD,BRONX,2028-05-01,0.000191,0,very_low,baseline
MIDDLETOWN ROAD,BRONX,2028-06-01,0.000192,0,very_low,baseline
MIDDLETOWN ROAD,BRONX,2028-07-01,0.000192,0,very_low,baseline
MIDDLETOWN ROAD,BRONX,2028-08-01,0.000192,0,very_low,baseline
MIDDLETOWN ROAD,BRONX,2028-09-01,0.000203,0,very_low,baseline
MIDDLETOWN ROAD,BRONX,2028-10-01,0.000175,0,very_low,baseline
MIDDLETOWN ROAD,BRONX,2028-11-01,0.000167,0,very_low,baseline
MIDDLETOWN ROAD,BRONX,2028-12-01,0.000167,0,very_low,baseline
MIDDLETOWN ROAD,BRONX,2029-01-01,0.000191,0,very_low,baseline
MIDDLETOWN ROAD,BRONX,2029-02-01,0.00019,0,very_low,baseline
MIDDLETOWN ROAD,BRONX,2029-03-01,0.000187,0,very_low,baseline
MIDDLETOWN ROAD,BRONX,2029-04-01,0.000187,0,very_low,baseline
MIDDLETOWN ROAD,BRONX,2029-05-01,0.000191,0,very_low,baseline
MIDDLETOWN ROAD,BRONX,2029-06-01,0.000192,0,very_low,baseline
MIDDLETOWN ROAD,BRONX,2029-07-01,0.000192,0,very_low,baseline
MIDDLETOWN ROAD,BRONX,2029-08-01,0.000192,0,very_low,baseline
MIDDLETOWN ROAD,BRONX,2029-09-01,0.000203,0,very_low,baseline
MIDDLETOWN ROAD,BRONX,2029-10-01,0.000175,0,very_low,baseline
MIDDLETOWN ROAD,BRONX,2029-11-01,0.000167,0,very_low,baseline
MIDDLETOWN ROAD,BRONX,2029-12-01,0.000167,0,very_low,baseline
MONTROSE AVENUE,BROOKLYN,2027-01-01,8.4e-05,0,very_low,baseline
MONTROSE AVENUE,BROOKLYN,2027-02-01,8.2e-05,0,very_low,baseline
MONTROSE AVENUE,BROOKLYN,2027-03-01,8e-05,0,very_low,baseline
MONTROSE AVENUE,BROOKLYN,2027-04-01,8.1e-05,0,very_low,baseline
MONTROSE AVENUE,BROOKLYN,2027-05-01,8.3e-05,0,very_low,baseline
MONTROSE AVENUE,BROOKLYN,2027-06-01,8.4e-05,0,very_low,baseline
MONTROSE AVENUE,BROOKLYN,2027-07-01,8.4e-05,0,very_low,baseline
MONTROSE AVENUE,BROOKLYN,2027-08-01,8.4e-05,0,very_low,baseline
MONTROSE AVENUE,BROOKLYN,2027-09-01,8.9e-05,0,very_low,baseline
MONTROSE AVENUE,BROOKLYN,2027-10-01,7.6e-05,0,very_low,baseline
MONTROSE AVENUE,BROOKLYN,2027-11-01,7.2e-05,0,very_low,baseline
MONTROSE AVENUE,BROOKLYN,2027-12-01,7.4e-05,0,very_low,baseline
MONTROSE AVENUE,BROOKLYN,2028-01-01,8.3e-05,0,very_low,baseline
MONTROSE AVENUE,BROOKLYN,2028-02-01,8.2e-05,0,very_low,baseline
MONTROSE AVENUE,BROOKLYN,2028-03-01,8e-05,0,very_low,baseline
MONTROSE AVENUE,BROOKLYN,2028-04-01,8e-05,0,very_low,baseline
MONTROSE AVENUE,BROOKLYN,2028-05-01,8.3e-05,0,very_low,baseline
MONTROSE AVENUE,BROOKLYN,2028-06-01,8.4e-05,0,very_low,baseline
MONTROSE AVENUE,BROOKLYN,2028-07-01,8.4e-05,0,very_low,baseline
MONTROSE AVENUE,BROOKLYN,2028-08-01,8.4e-05,0,very_low,baseline
MONTROSE AVENUE,BROOKLYN,2028-09-01,8.9e-05,0,very_low,baseline
MONTROSE AVENUE,BROOKLYN,2028-10-01,7.6e-05,0,very_low,baseline
MONTROSE AVENUE,BROOKLYN,2028-11-01,7.2e-05,0,very_low,baseline
MONTROSE AVENUE,BROOKLYN,2028-12-01,7.4e-05,0,very_low,baseline
MONTROSE AVENUE,BROOKLYN,2029-01-01,8.3e-05,0,very_low,baseline
MONTROSE AVENUE,BROOKLYN,2029-02-01,8.2e-05,0,very_low,baseline
MONTROSE AVENUE,BROOKLYN,2029-03-01,8e-05,0,very_low,baseline
MONTROSE AVENUE,BROOKLYN,2029-04-01,8e-05,0,very_low,baseline
MONTROSE AVENUE,BROOKLYN,2029-05-01,8.3e-05,0,very_low,baseline
MONTROSE AVENUE,BROOKLYN,2029-06-01,8.4e-05,0,very_low,baseline
MONTROSE AVENUE,BROOKLYN,2029-07-01,8.4e-05,0,very_low,baseline
MONTROSE AVENUE,BROOKLYN,2029-08-01,8.4e-05,0,very_low,baseline
MONTROSE AVENUE,BROOKLYN,2029-09-01,8.9e-05,0,very_low,baseline
MONTROSE AVENUE,BROOKLYN,2029-10-01,7.6e-05,0,very_low,baseline
MONTROSE AVENUE,BROOKLYN,2029-11-01,7.2e-05,0,very_low,baseline
MONTROSE AVENUE,BROOKLYN,2029-12-01,7.4e-05,0,very_low,baseline
MORGAN AVENUE,BROOKLYN,2027-01-01,0.00086,0,very_low,baseline
MORGAN AVENUE,BROOKLYN,2027-02-01,0.000864,0,very_low,baseline
MORGAN AVENUE,BROOKLYN,2027-03-01,0.000969,0,very_low,baseline
MORGAN AVENUE,BROOKLYN,2027-04-01,0.001001,0,very_low,baseline
MORGAN AVENUE,BROOKLYN,2027-05-01,0.001093,0,very_low,baseline
MORGAN AVENUE,BROOKLYN,2027-06-01,0.001109,0,very_low,baseline
MORGAN AVENUE,BROOKLYN,2027-07-01,0.001109,0,very_low,baseline
MORGAN AVENUE,BROOKLYN,2027-08-01,0.001109,0,very_low,baseline
MORGAN AVENUE,BROOKLYN,2027-09-01,0.001054,0,very_low,baseline
MORGAN AVENUE,BROOKLYN,2027-10-01,0.000588,0,very_low,baseline
MORGAN AVENUE,BROOKLYN,2027-11-01,0.000559,0,very_low,baseline
MORGAN AVENUE,BROOKLYN,2027-12-01,0.000545,0,very_low,baseline
MORGAN AVENUE,BROOKLYN,2028-01-01,0.000982,0,very_low,baseline
MORGAN AVENUE,BROOKLYN,2028-02-01,0.001006,0,very_low,baseline
MORGAN AVENUE,BROOKLYN,2028-03-01,0.001001,0,very_low,baseline
MORGAN AVENUE,BROOKLYN,2028-04-01,0.001001,0,very_low,baseline
MORGAN AVENUE,BROOKLYN,2028-05-01,0.001073,0,very_low,baseline
MORGAN AVENUE,BROOKLYN,2028-06-01,0.001109,0,very_low,baseline
MORGAN AVENUE,BROOKLYN,2028-07-01,0.001109,0,very_low,baseline
MORGAN AVENUE,BROOKLYN,2028-08-01,0.001109,0,very_low,baseline
MORGAN AVENUE,BROOKLYN,2028-09-01,0.001054,0,very_low,baseline
MORGAN AVENUE,BROOKLYN,2028-10-01,0.000588,0,very_low,baseline
MORGAN AVENUE,BROOKLYN,2028-11-01,0.000559,0,very_low,baseline
MORGAN AVENUE,BROOKLYN,2028-12-01,0.000545,0,very_low,baseline
MORGAN AVENUE,BROOKLYN,2029-01-01,0.000982,0,very_low,baseline
MORGAN AVENUE,BROOKLYN,2029-02-01,0.001006,0,very_low,baseline
MORGAN AVENUE,BROOKLYN,2029-03-01,0.001001,0,very_low,baseline
MORGAN AVENUE,BROOKLYN,2029-04-01,0.001001,0,very_low,baseline
MORGAN AVENUE,BROOKLYN,2029-05-01,0.001073,0,very_low,baseline
MORGAN AVENUE,BROOKLYN,2029-06-01,0.001109,0,very_low,baseline
MORGAN AVENUE,BROOKLYN,2029-07-01,0.001109,0,very_low,baseline
MORGAN AVENUE,BROOKLYN,2029-08-01,0.001109,0,very_low,baseline
MORGAN AVENUE,BROOKLYN,2029-09-01,0.001054,0,very_low,baseline
MORGAN AVENUE,BROOKLYN,2029-10-01,0.000588,0,very_low,baseline
MORGAN AVENUE,BROOKLYN,2029-11-01,0.000559,0,very_low,baseline
MORGAN AVENUE,BROOKLYN,2029-12-01,0.000545,0,very_low,baseline
MORRIS PARK,BRONX,2027-01-01,0.000345,0,very_low,baseline
MORRIS PARK,BRONX,2027-02-01,0.000368,0,very_low,baseline
MORRIS PARK,BRONX,2027-03-01,0.000467,0,very_low,baseline
MORRIS PARK,BRONX,2027-04-01,0.000485,0,very_low,baseline
MORRIS PARK,BRONX,2027-05-01,0.000412,0,very_low,baseline
MORRIS PARK,BRONX,2027-06-01,0.000426,0,very_low,baseline
MORRIS PARK,BRONX,2027-07-01,0.000426,0,very_low,baseline
MORRIS PARK,BRONX,2027-08-01,0.000418,0,very_low,baseline
MORRIS PARK,BRONX,2027-09-01,0.000436,0,very_low,baseline
MORRIS PARK,BRONX,2027-10-01,0.000319,0,very_low,baseline
MORRIS PARK,BRONX,2027-11-01,0.000304,0,very_low,baseline
MORRIS PARK,BRONX,2027-12-01,0.000304,0,very_low,baseline
MORRIS PARK,BRONX,2028-01-01,0.00043,0,very_low,baseline
MORRIS PARK,BRONX,2028-02-01,0.000433,0,very_low,baseline
MORRIS PARK,BRONX,2028-03-01,0.000431,0,very_low,baseline
MORRIS PARK,BRONX,2028-04-01,0.000427,0,very_low,baseline
MORRIS PARK,BRONX,2028-05-01,0.000425,0,very_low,baseline
MORRIS PARK,BRONX,2028-06-01,0.000426,0,very_low,baseline
MORRIS PARK,BRONX,2028-07-01,0.000426,0,very_low,baseline
MORRIS PARK,BRONX,2028-08-01,0.000418,0,very_low,baseline
MORRIS PARK,BRONX,2028-09-01,0.000436,0,very_low,baseline
MORRIS PARK,BRONX,2028-10-01,0.000319,0,very_low,baseline
MORRIS PARK,BRONX,2028-11-01,0.000304,0,very_low,baseline
MORRIS PARK,BRONX,2028-12-01,0.000304,0,very_low,baseline
MORRIS PARK,BRONX,2029-01-01,0.00043,0,very_low,baseline
MORRIS PARK,BRONX,2029-02-01,0.000433,0,very_low,baseline
MORRIS PARK,BRONX,2029-03-01,0.000431,0,very_low,baseline
MORRIS PARK,BRONX,2029-04-01,0.000427,0,very_low,baseline
MORRIS PARK,BRONX,2029-05-01,0.000425,0,very_low,baseline
MORRIS PARK,BRONX,2029-06-01,0.000426,0,very_low,baseline
MORRIS PARK,BRONX,2029-07-01,0.000426,0,very_low,baseline
MORRIS PARK,BRONX,2029-08-01,0.000418,0,very_low,baseline
MORRIS PARK,BRONX,2029-09-01,0.000436,0,very_low,baseline
MORRIS PARK,BRONX,2029-10-01,0.000319,0,very_low,baseline
MORRIS PARK,BRONX,2029-11-01,0.000304,0,very_low,baseline
MORRIS PARK,BRONX,2029-12-01,0.000304,0,very_low,baseline
MOSHOLU PKWY.,BRONX,2027-01-01,7.4e-05,0,very_low,baseline
MOSHOLU PKWY.,BRONX,2027-02-01,6.8e-05,0,very_low,baseline
MOSHOLU PKWY.,BRONX,2027-03-01,6.9e-05,0,very_low,baseline
MOSHOLU PKWY.,BRONX,2027-04-01,8.1e-05,0,very_low,baseline
MOSHOLU PKWY.,BRONX,2027-05-01,8.4e-05,0,very_low,baseline
MOSHOLU PKWY.,BRONX,2027-06-01,8.6e-05,0,very_low,baseline
MOSHOLU PKWY.,BRONX,2027-07-01,8.6e-05,0,very_low,baseline
MOSHOLU PKWY.,BRONX,2027-08-01,8.6e-05,0,very_low,baseline
MOSHOLU PKWY.,BRONX,2027-09-01,9e-05,0,very_low,baseline
MOSHOLU PKWY.,BRONX,2027-10-01,8.4e-05,0,very_low,baseline
MOSHOLU PKWY.,BRONX,2027-11-01,7.9e-05,0,very_low,baseline
MOSHOLU PKWY.,BRONX,2027-12-01,8.2e-05,0,very_low,baseline
MOSHOLU PKWY.,BRONX,2028-01-01,8.4e-05,0,very_low,baseline
MOSHOLU PKWY.,BRONX,2028-02-01,8.4e-05,0,very_low,baseline
MOSHOLU PKWY.,BRONX,2028-03-01,8.2e-05,0,very_low,baseline
MOSHOLU PKWY.,BRONX,2028-04-01,8.2e-05,0,very_low,baseline
MOSHOLU PKWY.,BRONX,2028-05-01,8.5e-05,0,very_low,baseline
MOSHOLU PKWY.,BRONX,2028-06-01,8.6e-05,0,very_low,baseline
MOSHOLU PKWY.,BRONX,2028-07-01,8.6e-05,0,very_low,baseline
MOSHOLU PKWY.,BRONX,2028-08-01,8.6e-05,0,very_low,baseline
MOSHOLU PKWY.,BRONX,2028-09-01,9e-05,0,very_low,baseline
MOSHOLU PKWY.,BRONX,2028-10-01,8.4e-05,0,very_low,baseline
MOSHOLU PKWY.,BRONX,2028-11-01,7.9e-05,0,very_low,baseline
MOSHOLU PKWY.,BRONX,2028-12-01,8.2e-05,0,very_low,baseline
MOSHOLU PKWY.,BRONX,2029-01-01,8.4e-05,0,very_low,baseline
MOSHOLU PKWY.,BRONX,2029-02-01,8.4e-05,0,very_low,baseline
MOSHOLU PKWY.,BRONX,2029-03-01,8.2e-05,0,very_low,baseline
MOSHOLU PKWY.,BRONX,2029-04-01,8.2e-05,0,very_low,baseline
MOSHOLU PKWY.,BRONX,2029-05-01,8.5e-05,0,very_low,baseline
MOSHOLU PKWY.,BRONX,2029-06-01,8.6e-05,0,very_low,baseline
MOSHOLU PKWY.,BRONX,2029-07-01,8.6e-05,0,very_low,baseline
MOSHOLU PKWY.,BRONX,2029-08-01,8.6e-05,0,very_low,baseline
MOSHOLU PKWY.,BRONX,2029-09-01,9e-05,0,very_low,baseline
MOSHOLU PKWY.,BRONX,2029-10-01,8.4e-05,0,very_low,baseline
MOSHOLU PKWY.,BRONX,2029-11-01,7.9e-05,0,very_low,baseline
MOSHOLU PKWY.,BRONX,2029-12-01,8.2e-05,0,very_low,baseline
MT. EDEN AVENUE,BRONX,2027-01-01,0.000115,0,very_low,baseline
MT. EDEN AVENUE,BRONX,2027-02-01,9.4e-05,0,very_low,baseline
MT. EDEN AVENUE,BRONX,2027-03-01,9.4e-05,0,very_low,baseline
MT. EDEN AVENUE,BRONX,2027-04-01,0.000108,0,very_low,baseline
MT. EDEN AVENUE,BRONX,2027-05-01,9.9e-05,0,very_low,baseline
MT. EDEN AVENUE,BRONX,2027-06-01,0.00011,0,very_low,baseline
MT. EDEN AVENUE,BRONX,2027-07-01,0.00011,0,very_low,baseline
MT. EDEN AVENUE,BRONX,2027-08-01,0.00011,0,very_low,baseline
MT. EDEN AVENUE,BRONX,2027-09-01,0.000114,0,very_low,baseline
MT. EDEN AVENUE,BRONX,2027-10-01,9.6e-05,0,very_low,baseline
MT. EDEN AVENUE,BRONX,2027-11-01,9.1e-05,0,very_low,baseline
MT. EDEN AVENUE,BRONX,2027-12-01,9.3e-05,0,very_low,baseline
MT. EDEN AVENUE,BRONX,2028-01-01,0.000108,0,very_low,baseline
MT. EDEN AVENUE,BRONX,2028-02-01,0.000107,0,very_low,baseline
MT. EDEN AVENUE,BRONX,2028-03-01,0.000105,0,very_low,baseline
MT. EDEN AVENUE,BRONX,2028-04-01,0.000105,0,very_low,baseline
MT. EDEN AVENUE,BRONX,2028-05-01,0.000109,0,very_low,baseline
MT. EDEN AVENUE,BRONX,2028-06-01,0.00011,0,very_low,baseline
MT. EDEN AVENUE,BRONX,2028-07-01,0.00011,0,very_low,baseline
MT. EDEN AVENUE,BRONX,2028-08-01,0.00011,0,very_low,baseline
MT. EDEN AVENUE,BRONX,2028-09-01,0.000114,0,very_low,baseline
MT. EDEN AVENUE,BRONX,2028-10-01,9.6e-05,0,very_low,baseline
MT. EDEN AVENUE,BRONX,2028-11-01,9.1e-05,0,very_low,baseline
MT. EDEN AVENUE,BRONX,2028-12-01,9.3e-05,0,very_low,baseline
MT. EDEN AVENUE,BRONX,2029-01-01,0.000108,0,very_low,baseline
MT. EDEN AVENUE,BRONX,2029-02-01,0.000107,0,very_low,baseline
MT. EDEN AVENUE,BRONX,2029-03-01,0.000105,0,very_low,baseline
MT. EDEN AVENUE,BRONX,2029-04-01,0.000105,0,very_low,baseline
MT. EDEN AVENUE,BRONX,2029-05-01,0.000109,0,very_low,baseline
MT. EDEN AVENUE,BRONX,2029-06-01,0.00011,0,very_low,baseline
MT. EDEN AVENUE,BRONX,2029-07-01,0.00011,0,very_low,baseline
MT. EDEN AVENUE,BRONX,2029-08-01,0.00011,0,very_low,baseline
MT. EDEN AVENUE,BRONX,2029-09-01,0.000114,0,very_low,baseline
MT. EDEN AVENUE,BRONX,2029-10-01,9.6e-05,0,very_low,baseline
MT. EDEN AVENUE,BRONX,2029-11-01,9.1e-05,0,very_low,baseline
MT. EDEN AVENUE,BRONX,2029-12-01,9.3e-05,0,very_low,baseline
MYRTLE AVENUE,BROOKLYN,2027-01-01,0.155726,1,very_low,baseline
MYRTLE AVENUE,BROOKLYN,2027-02-01,0.376004,1,low,baseline
MYRTLE AVENUE,BROOKLYN,2027-03-01,0.397005,1,low,baseline
MYRTLE AVENUE,BROOKLYN,2027-04-01,0.323153,1,low,baseline
MYRTLE AVENUE,BROOKLYN,2027-05-01,0.444253,1,medium,baseline
MYRTLE AVENUE,BROOKLYN,2027-06-01,0.416881,1,medium,baseline
MYRTLE AVENUE,BROOKLYN,2027-07-01,0.433344,1,medium,baseline
MYRTLE AVENUE,BROOKLYN,2027-08-01,0.44923,1,medium,baseline
MYRTLE AVENUE,BROOKLYN,2027-09-01,0.439724,1,medium,baseline
MYRTLE AVENUE,BROOKLYN,2027-10-01,0.328766,1,low,baseline
MYRTLE AVENUE,BROOKLYN,2027-11-01,0.364113,1,low,baseline
MYRTLE AVENUE,BROOKLYN,2027-12-01,0.37993,1,low,baseline
MYRTLE AVENUE,BROOKLYN,2028-01-01,0.49953,1,medium,baseline
MYRTLE AVENUE,BROOKLYN,2028-02-01,0.49953,1,medium,baseline
MYRTLE AVENUE,BROOKLYN,2028-03-01,0.492876,1,medium,baseline
MYRTLE AVENUE,BROOKLYN,2028-04-01,0.492876,1,medium,baseline
MYRTLE AVENUE,BROOKLYN,2028-05-01,0.482317,1,medium,baseline
MYRTLE AVENUE,BROOKLYN,2028-06-01,0.482317,1,medium,baseline
MYRTLE AVENUE,BROOKLYN,2028-07-01,0.482317,1,medium,baseline
MYRTLE AVENUE,BROOKLYN,2028-08-01,0.482317,1,medium,baseline
MYRTLE AVENUE,BROOKLYN,2028-09-01,0.462376,1,medium,baseline
MYRTLE AVENUE,BROOKLYN,2028-10-01,0.35191,1,low,baseline
MYRTLE AVENUE,BROOKLYN,2028-11-01,0.373863,1,low,baseline
MYRTLE AVENUE,BROOKLYN,2028-12-01,0.37993,1,low,baseline
MYRTLE AVENUE,BROOKLYN,2029-01-01,0.49953,1,medium,baseline
MYRTLE AVENUE,BROOKLYN,2029-02-01,0.49953,1,medium,baseline
MYRTLE AVENUE,BROOKLYN,2029-03-01,0.492876,1,medium,baseline
MYRTLE AVENUE,BROOKLYN,2029-04-01,0.492876,1,medium,baseline
MYRTLE AVENUE,BROOKLYN,2029-05-01,0.482317,1,medium,baseline
MYRTLE AVENUE,BROOKLYN,2029-06-01,0.482317,1,medium,baseline
MYRTLE AVENUE,BROOKLYN,2029-07-01,0.482317,1,medium,baseline
MYRTLE AVENUE,BROOKLYN,2029-08-01,0.482317,1,medium,baseline
MYRTLE AVENUE,BROOKLYN,2029-09-01,0.462376,1,medium,baseline
MYRTLE AVENUE,BROOKLYN,2029-10-01,0.35191,1,low,baseline
MYRTLE AVENUE,BROOKLYN,2029-11-01,0.373863,1,low,baseline
MYRTLE AVENUE,BROOKLYN,2029-12-01,0.37993,1,low,baseline
MYRTLE-WILLOUGHBY AVENUES,BROOKLYN,2027-01-01,0.000151,0,very_low,baseline
MYRTLE-WILLOUGHBY AVENUES,BROOKLYN,2027-02-01,0.000109,0,very_low,baseline
MYRTLE-WILLOUGHBY AVENUES,BROOKLYN,2027-03-01,0.000105,0,very_low,baseline
MYRTLE-WILLOUGHBY AVENUES,BROOKLYN,2027-04-01,0.000105,0,very_low,baseline
MYRTLE-WILLOUGHBY AVENUES,BROOKLYN,2027-05-01,0.000117,0,very_low,baseline
MYRTLE-WILLOUGHBY AVENUES,BROOKLYN,2027-06-01,0.000132,0,very_low,baseline
MYRTLE-WILLOUGHBY AVENUES,BROOKLYN,2027-07-01,0.000132,0,very_low,baseline
MYRTLE-WILLOUGHBY AVENUES,BROOKLYN,2027-08-01,0.000132,0,very_low,baseline
MYRTLE-WILLOUGHBY AVENUES,BROOKLYN,2027-09-01,0.000136,0,very_low,baseline
MYRTLE-WILLOUGHBY AVENUES,BROOKLYN,2027-10-01,0.000111,0,very_low,baseline
MYRTLE-WILLOUGHBY AVENUES,BROOKLYN,2027-11-01,0.000104,0,very_low,baseline
MYRTLE-WILLOUGHBY AVENUES,BROOKLYN,2027-12-01,0.000107,0,very_low,baseline
MYRTLE-WILLOUGHBY AVENUES,BROOKLYN,2028-01-01,0.000129,0,very_low,baseline
MYRTLE-WILLOUGHBY AVENUES,BROOKLYN,2028-02-01,0.000128,0,very_low,baseline
MYRTLE-WILLOUGHBY AVENUES,BROOKLYN,2028-03-01,0.000126,0,very_low,baseline
MYRTLE-WILLOUGHBY AVENUES,BROOKLYN,2028-04-01,0.000126,0,very_low,baseline
MYRTLE-WILLOUGHBY AVENUES,BROOKLYN,2028-05-01,0.000131,0,very_low,baseline
MYRTLE-WILLOUGHBY AVENUES,BROOKLYN,2028-06-01,0.000132,0,very_low,baseline
MYRTLE-WILLOUGHBY AVENUES,BROOKLYN,2028-07-01,0.000132,0,very_low,baseline
MYRTLE-WILLOUGHBY AVENUES,BROOKLYN,2028-08-01,0.000132,0,very_low,baseline
MYRTLE-WILLOUGHBY AVENUES,BROOKLYN,2028-09-01,0.000136,0,very_low,baseline
MYRTLE-WILLOUGHBY AVENUES,BROOKLYN,2028-10-01,0.000111,0,very_low,baseline
MYRTLE-WILLOUGHBY AVENUES,BROOKLYN,2028-11-01,0.000104,0,very_low,baseline
MYRTLE-WILLOUGHBY AVENUES,BROOKLYN,2028-12-01,0.000107,0,very_low,baseline
MYRTLE-WILLOUGHBY AVENUES,BROOKLYN,2029-01-01,0.000129,0,very_low,baseline
MYRTLE-WILLOUGHBY AVENUES,BROOKLYN,2029-02-01,0.000128,0,very_low,baseline
MYRTLE-WILLOUGHBY AVENUES,BROOKLYN,2029-03-01,0.000126,0,very_low,baseline
MYRTLE-WILLOUGHBY AVENUES,BROOKLYN,2029-04-01,0.000126,0,very_low,baseline
MYRTLE-WILLOUGHBY AVENUES,BROOKLYN,2029-05-01,0.000131,0,very_low,baseline
MYRTLE-WILLOUGHBY AVENUES,BROOKLYN,2029-06-01,0.000132,0,very_low,baseline
MYRTLE-WILLOUGHBY AVENUES,BROOKLYN,2029-07-01,0.000132,0,very_low,baseline
MYRTLE-WILLOUGHBY AVENUES,BROOKLYN,2029-08-01,0.000132,0,very_low,baseline
MYRTLE-WILLOUGHBY AVENUES,BROOKLYN,2029-09-01,0.000136,0,very_low,baseline
MYRTLE-WILLOUGHBY AVENUES,BROOKLYN,2029-10-01,0.000111,0,very_low,baseline
MYRTLE-WILLOUGHBY AVENUES,BROOKLYN,2029-11-01,0.000104,0,very_low,baseline
MYRTLE-WILLOUGHBY AVENUES,BROOKLYN,2029-12-01,0.000107,0,very_low,baseline
MYRTLE/WYCKOFF AVENUES,QUEENS,2027-01-01,0.441059,1,medium,baseline
MYRTLE/WYCKOFF AVENUES,QUEENS,2027-02-01,0.37709,1,low,baseline
MYRTLE/WYCKOFF AVENUES,QUEENS,2027-03-01,0.400924,1,medium,baseline
MYRTLE/WYCKOFF AVENUES,QUEENS,2027-04-01,0.430875,1,medium,baseline
MYRTLE/WYCKOFF AVENUES,QUEENS,2027-05-01,0.404861,1,medium,baseline
MYRTLE/WYCKOFF AVENUES,QUEENS,2027-06-01,0.317923,1,low,baseline
MYRTLE/WYCKOFF AVENUES,QUEENS,2027-07-01,0.310338,1,low,baseline
MYRTLE/WYCKOFF AVENUES,QUEENS,2027-08-01,0.287361,1,low,baseline
MYRTLE/WYCKOFF AVENUES,QUEENS,2027-09-01,0.279653,1,low,baseline
MYRTLE/WYCKOFF AVENUES,QUEENS,2027-10-01,0.210434,1,low,baseline
MYRTLE/WYCKOFF AVENUES,QUEENS,2027-11-01,0.211984,1,low,baseline
MYRTLE/WYCKOFF AVENUES,QUEENS,2027-12-01,0.221684,1,low,baseline
MYRTLE/WYCKOFF AVENUES,QUEENS,2028-01-01,0.282574,1,low,baseline
MYRTLE/WYCKOFF AVENUES,QUEENS,2028-02-01,0.282574,1,low,baseline
MYRTLE/WYCKOFF AVENUES,QUEENS,2028-03-01,0.282574,1,low,baseline
MYRTLE/WYCKOFF AVENUES,QUEENS,2028-04-01,0.291238,1,low,baseline
MYRTLE/WYCKOFF AVENUES,QUEENS,2028-05-01,0.29422,1,low,baseline
MYRTLE/WYCKOFF AVENUES,QUEENS,2028-06-01,0.301012,1,low,baseline
MYRTLE/WYCKOFF AVENUES,QUEENS,2028-07-01,0.301012,1,low,baseline
MYRTLE/WYCKOFF AVENUES,QUEENS,2028-08-01,0.301012,1,low,baseline
MYRTLE/WYCKOFF AVENUES,QUEENS,2028-09-01,0.287482,1,low,baseline
MYRTLE/WYCKOFF AVENUES,QUEENS,2028-10-01,0.219881,1,low,baseline
MYRTLE/WYCKOFF AVENUES,QUEENS,2028-11-01,0.22148,1,low,baseline
MYRTLE/WYCKOFF AVENUES,QUEENS,2028-12-01,0.221684,1,low,baseline
MYRTLE/WYCKOFF AVENUES,QUEENS,2029-01-01,0.282574,1,low,baseline
MYRTLE/WYCKOFF AVENUES,QUEENS,2029-02-01,0.282574,1,low,baseline
MYRTLE/WYCKOFF AVENUES,QUEENS,2029-03-01,0.282574,1,low,baseline
MYRTLE/WYCKOFF AVENUES,QUEENS,2029-04-01,0.291238,1,low,baseline
MYRTLE/WYCKOFF AVENUES,QUEENS,2029-05-01,0.29422,1,low,baseline
MYRTLE/WYCKOFF AVENUES,QUEENS,2029-06-01,0.301012,1,low,baseline
MYRTLE/WYCKOFF AVENUES,QUEENS,2029-07-01,0.301012,1,low,baseline
MYRTLE/WYCKOFF AVENUES,QUEENS,2029-08-01,0.301012,1,low,baseline
MYRTLE/WYCKOFF AVENUES,QUEENS,2029-09-01,0.287482,1,low,baseline
MYRTLE/WYCKOFF AVENUES,QUEENS,2029-10-01,0.219881,1,low,baseline
MYRTLE/WYCKOFF AVENUES,QUEENS,2029-11-01,0.22148,1,low,baseline
MYRTLE/WYCKOFF AVENUES,QUEENS,2029-12-01,0.221684,1,low,baseline
NASSAU AVENUE,BROOKLYN,2027-01-01,0.000134,0,very_low,baseline
NASSAU AVENUE,BROOKLYN,2027-02-01,0.000142,0,very_low,baseline
NASSAU AVENUE,BROOKLYN,2027-03-01,0.000119,0,very_low,baseline
NASSAU AVENUE,BROOKLYN,2027-04-01,0.00014,0,very_low,baseline
NASSAU AVENUE,BROOKLYN,2027-05-01,0.00012,0,very_low,baseline
NASSAU AVENUE,BROOKLYN,2027-06-01,0.000116,0,very_low,baseline
NASSAU AVENUE,BROOKLYN,2027-07-01,0.000116,0,very_low,baseline
NASSAU AVENUE,BROOKLYN,2027-08-01,0.000116,0,very_low,baseline
NASSAU AVENUE,BROOKLYN,2027-09-01,0.000118,0,very_low,baseline
NASSAU AVENUE,BROOKLYN,2027-10-01,8.9e-05,0,very_low,baseline
NASSAU AVENUE,BROOKLYN,2027-11-01,8.4e-05,0,very_low,baseline
NASSAU AVENUE,BROOKLYN,2027-12-01,8.5e-05,0,very_low,baseline
NASSAU AVENUE,BROOKLYN,2028-01-01,0.000113,0,very_low,baseline
NASSAU AVENUE,BROOKLYN,2028-02-01,0.000113,0,very_low,baseline
NASSAU AVENUE,BROOKLYN,2028-03-01,0.000113,0,very_low,baseline
NASSAU AVENUE,BROOKLYN,2028-04-01,0.000113,0,very_low,baseline
NASSAU AVENUE,BROOKLYN,2028-05-01,0.000118,0,very_low,baseline
NASSAU AVENUE,BROOKLYN,2028-06-01,0.000116,0,very_low,baseline
NASSAU AVENUE,BROOKLYN,2028-07-01,0.000116,0,very_low,baseline
NASSAU AVENUE,BROOKLYN,2028-08-01,0.000116,0,very_low,baseline
NASSAU AVENUE,BROOKLYN,2028-09-01,0.000118,0,very_low,baseline
NASSAU AVENUE,BROOKLYN,2028-10-01,8.9e-05,0,very_low,baseline
NASSAU AVENUE,BROOKLYN,2028-11-01,8.4e-05,0,very_low,baseline
NASSAU AVENUE,BROOKLYN,2028-12-01,8.5e-05,0,very_low,baseline
NASSAU AVENUE,BROOKLYN,2029-01-01,0.000113,0,very_low,baseline
NASSAU AVENUE,BROOKLYN,2029-02-01,0.000113,0,very_low,baseline
NASSAU AVENUE,BROOKLYN,2029-03-01,0.000113,0,very_low,baseline
NASSAU AVENUE,BROOKLYN,2029-04-01,0.000113,0,very_low,baseline
NASSAU AVENUE,BROOKLYN,2029-05-01,0.000118,0,very_low,baseline
NASSAU AVENUE,BROOKLYN,2029-06-01,0.000116,0,very_low,baseline
NASSAU AVENUE,BROOKLYN,2029-07-01,0.000116,0,very_low,baseline
NASSAU AVENUE,BROOKLYN,2029-08-01,0.000116,0,very_low,baseline
NASSAU AVENUE,BROOKLYN,2029-09-01,0.000118,0,very_low,baseline
NASSAU AVENUE,BROOKLYN,2029-10-01,8.9e-05,0,very_low,baseline
NASSAU AVENUE,BROOKLYN,2029-11-01,8.4e-05,0,very_low,baseline
NASSAU AVENUE,BROOKLYN,2029-12-01,8.5e-05,0,very_low,baseline
NECK ROAD,BROOKLYN,2027-01-01,0.000114,0,very_low,baseline
NECK ROAD,BROOKLYN,2027-02-01,0.000137,0,very_low,baseline
NECK ROAD,BROOKLYN,2027-03-01,0.000109,0,very_low,baseline
NECK ROAD,BROOKLYN,2027-04-01,0.000109,0,very_low,baseline
NECK ROAD,BROOKLYN,2027-05-01,0.000115,0,very_low,baseline
NECK ROAD,BROOKLYN,2027-06-01,0.000114,0,very_low,baseline
NECK ROAD,BROOKLYN,2027-07-01,0.000114,0,very_low,baseline
NECK ROAD,BROOKLYN,2027-08-01,0.000114,0,very_low,baseline
NECK ROAD,BROOKLYN,2027-09-01,0.000118,0,very_low,baseline
NECK ROAD,BROOKLYN,2027-10-01,9.9e-05,0,very_low,baseline
NECK ROAD,BROOKLYN,2027-11-01,9.3e-05,0,very_low,baseline
NECK ROAD,BROOKLYN,2027-12-01,9.6e-05,0,very_low,baseline
NECK ROAD,BROOKLYN,2028-01-01,0.000111,0,very_low,baseline
NECK ROAD,BROOKLYN,2028-02-01,0.000111,0,very_low,baseline
NECK ROAD,BROOKLYN,2028-03-01,0.000109,0,very_low,baseline
NECK ROAD,BROOKLYN,2028-04-01,0.000109,0,very_low,baseline
NECK ROAD,BROOKLYN,2028-05-01,0.000113,0,very_low,baseline
NECK ROAD,BROOKLYN,2028-06-01,0.000114,0,very_low,baseline
NECK ROAD,BROOKLYN,2028-07-01,0.000114,0,very_low,baseline
NECK ROAD,BROOKLYN,2028-08-01,0.000114,0,very_low,baseline
NECK ROAD,BROOKLYN,2028-09-01,0.000118,0,very_low,baseline
NECK ROAD,BROOKLYN,2028-10-01,9.9e-05,0,very_low,baseline
NECK ROAD,BROOKLYN,2028-11-01,9.3e-05,0,very_low,baseline
NECK ROAD,BROOKLYN,2028-12-01,9.6e-05,0,very_low,baseline
NECK ROAD,BROOKLYN,2029-01-01,0.000111,0,very_low,baseline
NECK ROAD,BROOKLYN,2029-02-01,0.000111,0,very_low,baseline
NECK ROAD,BROOKLYN,2029-03-01,0.000109,0,very_low,baseline
NECK ROAD,BROOKLYN,2029-04-01,0.000109,0,very_low,baseline
NECK ROAD,BROOKLYN,2029-05-01,0.000113,0,very_low,baseline
NECK ROAD,BROOKLYN,2029-06-01,0.000114,0,very_low,baseline
NECK ROAD,BROOKLYN,2029-07-01,0.000114,0,very_low,baseline
NECK ROAD,BROOKLYN,2029-08-01,0.000114,0,very_low,baseline
NECK ROAD,BROOKLYN,2029-09-01,0.000118,0,very_low,baseline
NECK ROAD,BROOKLYN,2029-10-01,9.9e-05,0,very_low,baseline
NECK ROAD,BROOKLYN,2029-11-01,9.3e-05,0,very_low,baseline
NECK ROAD,BROOKLYN,2029-12-01,9.6e-05,0,very_low,baseline
NEPTUNE AVENUE,BROOKLYN,2027-01-01,0.00032,0,very_low,baseline
NEPTUNE AVENUE,BROOKLYN,2027-02-01,0.000392,0,very_low,baseline
NEPTUNE AVENUE,BROOKLYN,2027-03-01,0.000534,0,very_low,baseline
NEPTUNE AVENUE,BROOKLYN,2027-04-01,0.000515,0,very_low,baseline
NEPTUNE AVENUE,BROOKLYN,2027-05-01,0.000539,0,very_low,baseline
NEPTUNE AVENUE,BROOKLYN,2027-06-01,0.000449,0,very_low,baseline
NEPTUNE AVENUE,BROOKLYN,2027-07-01,0.000449,0,very_low,baseline
NEPTUNE AVENUE,BROOKLYN,2027-08-01,0.000449,0,very_low,baseline
NEPTUNE AVENUE,BROOKLYN,2027-09-01,0.000468,0,very_low,baseline
NEPTUNE AVENUE,BROOKLYN,2027-10-01,0.000377,0,very_low,baseline
NEPTUNE AVENUE,BROOKLYN,2027-11-01,0.000359,0,very_low,baseline
NEPTUNE AVENUE,BROOKLYN,2027-12-01,0.000359,0,very_low,baseline
NEPTUNE AVENUE,BROOKLYN,2028-01-01,0.000443,0,very_low,baseline
NEPTUNE AVENUE,BROOKLYN,2028-02-01,0.000446,0,very_low,baseline
NEPTUNE AVENUE,BROOKLYN,2028-03-01,0.000458,0,very_low,baseline
NEPTUNE AVENUE,BROOKLYN,2028-04-01,0.000458,0,very_low,baseline
NEPTUNE AVENUE,BROOKLYN,2028-05-01,0.000447,0,very_low,baseline
NEPTUNE AVENUE,BROOKLYN,2028-06-01,0.000449,0,very_low,baseline
NEPTUNE AVENUE,BROOKLYN,2028-07-01,0.000449,0,very_low,baseline
NEPTUNE AVENUE,BROOKLYN,2028-08-01,0.000449,0,very_low,baseline
NEPTUNE AVENUE,BROOKLYN,2028-09-01,0.000468,0,very_low,baseline
NEPTUNE AVENUE,BROOKLYN,2028-10-01,0.000377,0,very_low,baseline
NEPTUNE AVENUE,BROOKLYN,2028-11-01,0.000359,0,very_low,baseline
NEPTUNE AVENUE,BROOKLYN,2028-12-01,0.000359,0,very_low,baseline
NEPTUNE AVENUE,BROOKLYN,2029-01-01,0.000443,0,very_low,baseline
NEPTUNE AVENUE,BROOKLYN,2029-02-01,0.000446,0,very_low,baseline
NEPTUNE AVENUE,BROOKLYN,2029-03-01,0.000458,0,very_low,baseline
NEPTUNE AVENUE,BROOKLYN,2029-04-01,0.000458,0,very_low,baseline
NEPTUNE AVENUE,BROOKLYN,2029-05-01,0.000447,0,very_low,baseline
NEPTUNE AVENUE,BROOKLYN,2029-06-01,0.000449,0,very_low,baseline
NEPTUNE AVENUE,BROOKLYN,2029-07-01,0.000449,0,very_low,baseline
NEPTUNE AVENUE,BROOKLYN,2029-08-01,0.000449,0,very_low,baseline
NEPTUNE AVENUE,BROOKLYN,2029-09-01,0.000468,0,very_low,baseline
NEPTUNE AVENUE,BROOKLYN,2029-10-01,0.000377,0,very_low,baseline
NEPTUNE AVENUE,BROOKLYN,2029-11-01,0.000359,0,very_low,baseline
NEPTUNE AVENUE,BROOKLYN,2029-12-01,0.000359,0,very_low,baseline
NEVINS STREET,BROOKLYN,2027-01-01,0.000552,0,very_low,baseline
NEVINS STREET,BROOKLYN,2027-02-01,0.000623,0,very_low,baseline
NEVINS STREET,BROOKLYN,2027-03-01,0.000644,0,very_low,baseline
NEVINS STREET,BROOKLYN,2027-04-01,0.000699,0,very_low,baseline
NEVINS STREET,BROOKLYN,2027-05-01,0.000578,0,very_low,baseline
NEVINS STREET,BROOKLYN,2027-06-01,0.000681,0,very_low,baseline
NEVINS STREET,BROOKLYN,2027-07-01,0.000681,0,very_low,baseline
NEVINS STREET,BROOKLYN,2027-08-01,0.000681,0,very_low,baseline
NEVINS STREET,BROOKLYN,2027-09-01,0.000695,0,very_low,baseline
NEVINS STREET,BROOKLYN,2027-10-01,0.000546,0,very_low,baseline
NEVINS STREET,BROOKLYN,2027-11-01,0.000566,0,very_low,baseline
NEVINS STREET,BROOKLYN,2027-12-01,0.000605,0,very_low,baseline
NEVINS STREET,BROOKLYN,2028-01-01,0.00062,0,very_low,baseline
NEVINS STREET,BROOKLYN,2028-02-01,0.000655,0,very_low,baseline
NEVINS STREET,BROOKLYN,2028-03-01,0.000655,0,very_low,baseline
NEVINS STREET,BROOKLYN,2028-04-01,0.000655,0,very_low,baseline
NEVINS STREET,BROOKLYN,2028-05-01,0.000681,0,very_low,baseline
NEVINS STREET,BROOKLYN,2028-06-01,0.000681,0,very_low,baseline
NEVINS STREET,BROOKLYN,2028-07-01,0.000681,0,very_low,baseline
NEVINS STREET,BROOKLYN,2028-08-01,0.000681,0,very_low,baseline
NEVINS STREET,BROOKLYN,2028-09-01,0.000695,0,very_low,baseline
NEVINS STREET,BROOKLYN,2028-10-01,0.000546,0,very_low,baseline
NEVINS STREET,BROOKLYN,2028-11-01,0.000566,0,very_low,baseline
NEVINS STREET,BROOKLYN,2028-12-01,0.000605,0,very_low,baseline
NEVINS STREET,BROOKLYN,2029-01-01,0.00062,0,very_low,baseline
NEVINS STREET,BROOKLYN,2029-02-01,0.000655,0,very_low,baseline
NEVINS STREET,BROOKLYN,2029-03-01,0.000655,0,very_low,baseline
NEVINS STREET,BROOKLYN,2029-04-01,0.000655,0,very_low,baseline
NEVINS STREET,BROOKLYN,2029-05-01,0.000681,0,very_low,baseline
NEVINS STREET,BROOKLYN,2029-06-01,0.000681,0,very_low,baseline
NEVINS STREET,BROOKLYN,2029-07-01,0.000681,0,very_low,baseline
NEVINS STREET,BROOKLYN,2029-08-01,0.000681,0,very_low,baseline
NEVINS STREET,BROOKLYN,2029-09-01,0.000695,0,very_low,baseline
NEVINS STREET,BROOKLYN,2029-10-01,0.000546,0,very_low,baseline
NEVINS STREET,BROOKLYN,2029-11-01,0.000566,0,very_low,baseline
NEVINS STREET,BROOKLYN,2029-12-01,0.000605,0,very_low,baseline
NEW LOTS AVENUE,BROOKLYN,2027-01-01,0.220853,1,low,baseline
NEW LOTS AVENUE,BROOKLYN,2027-02-01,0.294939,1,low,baseline
NEW LOTS AVENUE,BROOKLYN,2027-03-01,0.23332,1,low,baseline
NEW LOTS AVENUE,BROOKLYN,2027-04-01,0.179073,1,very_low,baseline
NEW LOTS AVENUE,BROOKLYN,2027-05-01,0.2436,1,low,baseline
NEW LOTS AVENUE,BROOKLYN,2027-06-01,0.142838,1,very_low,baseline
NEW LOTS AVENUE,BROOKLYN,2027-07-01,0.153427,1,very_low,baseline
NEW LOTS AVENUE,BROOKLYN,2027-08-01,0.164869,1,very_low,baseline
NEW LOTS AVENUE,BROOKLYN,2027-09-01,0.17143,1,very_low,baseline
NEW LOTS AVENUE,BROOKLYN,2027-10-01,0.147449,1,very_low,baseline
NEW LOTS AVENUE,BROOKLYN,2027-11-01,0.159688,1,very_low,baseline
NEW LOTS AVENUE,BROOKLYN,2027-12-01,0.174339,1,very_low,baseline
NEW LOTS AVENUE,BROOKLYN,2028-01-01,0.178478,1,very_low,baseline
NEW LOTS AVENUE,BROOKLYN,2028-02-01,0.172789,1,very_low,baseline
NEW LOTS AVENUE,BROOKLYN,2028-03-01,0.172789,1,very_low,baseline
NEW LOTS AVENUE,BROOKLYN,2028-04-01,0.176102,1,very_low,baseline
NEW LOTS AVENUE,BROOKLYN,2028-05-01,0.183847,1,very_low,baseline
NEW LOTS AVENUE,BROOKLYN,2028-06-01,0.183847,1,very_low,baseline
NEW LOTS AVENUE,BROOKLYN,2028-07-01,0.183847,1,very_low,baseline
NEW LOTS AVENUE,BROOKLYN,2028-08-01,0.195163,1,very_low,baseline
NEW LOTS AVENUE,BROOKLYN,2028-09-01,0.191428,1,very_low,baseline
NEW LOTS AVENUE,BROOKLYN,2028-10-01,0.153986,1,very_low,baseline
NEW LOTS AVENUE,BROOKLYN,2028-11-01,0.161528,1,very_low,baseline
NEW LOTS AVENUE,BROOKLYN,2028-12-01,0.174339,1,very_low,baseline
NEW LOTS AVENUE,BROOKLYN,2029-01-01,0.178478,1,very_low,baseline
NEW LOTS AVENUE,BROOKLYN,2029-02-01,0.172789,1,very_low,baseline
NEW LOTS AVENUE,BROOKLYN,2029-03-01,0.172789,1,very_low,baseline
NEW LOTS AVENUE,BROOKLYN,2029-04-01,0.176102,1,very_low,baseline
NEW LOTS AVENUE,BROOKLYN,2029-05-01,0.183847,1,very_low,baseline
NEW LOTS AVENUE,BROOKLYN,2029-06-01,0.183847,1,very_low,baseline
NEW LOTS AVENUE,BROOKLYN,2029-07-01,0.183847,1,very_low,baseline
NEW LOTS AVENUE,BROOKLYN,2029-08-01,0.195163,1,very_low,baseline
NEW LOTS AVENUE,BROOKLYN,2029-09-01,0.191428,1,very_low,baseline
NEW LOTS AVENUE,BROOKLYN,2029-10-01,0.153986,1,very_low,baseline
NEW LOTS AVENUE,BROOKLYN,2029-11-01,0.161528,1,very_low,baseline
NEW LOTS AVENUE,BROOKLYN,2029-12-01,0.174339,1,very_low,baseline
NEW UTRECHT AVENUE,BROOKLYN,2027-01-01,0.000462,0,very_low,baseline
NEW UTRECHT AVENUE,BROOKLYN,2027-02-01,0.000644,0,very_low,baseline
NEW UTRECHT AVENUE,BROOKLYN,2027-03-01,0.000687,0,very_low,baseline
NEW UTRECHT AVENUE,BROOKLYN,2027-04-01,0.000821,0,very_low,baseline
NEW UTRECHT AVENUE,BROOKLYN,2027-05-01,0.000665,0,very_low,baseline
NEW UTRECHT AVENUE,BROOKLYN,2027-06-01,0.000523,0,very_low,baseline
NEW UTRECHT AVENUE,BROOKLYN,2027-07-01,0.000523,0,very_low,baseline
NEW UTRECHT AVENUE,BROOKLYN,2027-08-01,0.000523,0,very_low,baseline
NEW UTRECHT AVENUE,BROOKLYN,2027-09-01,0.000541,0,very_low,baseline
NEW UTRECHT AVENUE,BROOKLYN,2027-10-01,0.000359,0,very_low,baseline
NEW UTRECHT AVENUE,BROOKLYN,2027-11-01,0.000357,0,very_low,baseline
NEW UTRECHT AVENUE,BROOKLYN,2027-12-01,0.000348,0,very_low,baseline
NEW UTRECHT AVENUE,BROOKLYN,2028-01-01,0.000468,0,very_low,baseline
NEW UTRECHT AVENUE,BROOKLYN,2028-02-01,0.000475,0,very_low,baseline
NEW UTRECHT AVENUE,BROOKLYN,2028-03-01,0.000473,0,very_low,baseline
NEW UTRECHT AVENUE,BROOKLYN,2028-04-01,0.000473,0,very_low,baseline
NEW UTRECHT AVENUE,BROOKLYN,2028-05-01,0.000507,0,very_low,baseline
NEW UTRECHT AVENUE,BROOKLYN,2028-06-01,0.000523,0,very_low,baseline
NEW UTRECHT AVENUE,BROOKLYN,2028-07-01,0.000523,0,very_low,baseline
NEW UTRECHT AVENUE,BROOKLYN,2028-08-01,0.000523,0,very_low,baseline
NEW UTRECHT AVENUE,BROOKLYN,2028-09-01,0.000541,0,very_low,baseline
NEW UTRECHT AVENUE,BROOKLYN,2028-10-01,0.000359,0,very_low,baseline
NEW UTRECHT AVENUE,BROOKLYN,2028-11-01,0.000357,0,very_low,baseline
NEW UTRECHT AVENUE,BROOKLYN,2028-12-01,0.000348,0,very_low,baseline
NEW UTRECHT AVENUE,BROOKLYN,2029-01-01,0.000468,0,very_low,baseline
NEW UTRECHT AVENUE,BROOKLYN,2029-02-01,0.000475,0,very_low,baseline
NEW UTRECHT AVENUE,BROOKLYN,2029-03-01,0.000473,0,very_low,baseline
NEW UTRECHT AVENUE,BROOKLYN,2029-04-01,0.000473,0,very_low,baseline
NEW UTRECHT AVENUE,BROOKLYN,2029-05-01,0.000507,0,very_low,baseline
NEW UTRECHT AVENUE,BROOKLYN,2029-06-01,0.000523,0,very_low,baseline
NEW UTRECHT AVENUE,BROOKLYN,2029-07-01,0.000523,0,very_low,baseline
NEW UTRECHT AVENUE,BROOKLYN,2029-08-01,0.000523,0,very_low,baseline
NEW UTRECHT AVENUE,BROOKLYN,2029-09-01,0.000541,0,very_low,baseline
NEW UTRECHT AVENUE,BROOKLYN,2029-10-01,0.000359,0,very_low,baseline
NEW UTRECHT AVENUE,BROOKLYN,2029-11-01,0.000357,0,very_low,baseline
NEW UTRECHT AVENUE,BROOKLYN,2029-12-01,0.000348,0,very_low,baseline
NEWKIRK AVENUE,BROOKLYN,2027-01-01,0.000226,0,very_low,baseline
NEWKIRK AVENUE,BROOKLYN,2027-02-01,0.000234,0,very_low,baseline
NEWKIRK AVENUE,BROOKLYN,2027-03-01,0.000277,0,very_low,baseline
NEWKIRK AVENUE,BROOKLYN,2027-04-01,0.000303,0,very_low,baseline
NEWKIRK AVENUE,BROOKLYN,2027-05-01,0.00031,0,very_low,baseline
NEWKIRK AVENUE,BROOKLYN,2027-06-01,0.000193,0,very_low,baseline
NEWKIRK AVENUE,BROOKLYN,2027-07-01,0.000198,0,very_low,baseline
NEWKIRK AVENUE,BROOKLYN,2027-08-01,0.000198,0,very_low,baseline
NEWKIRK AVENUE,BROOKLYN,2027-09-01,0.00019,0,very_low,baseline
NEWKIRK AVENUE,BROOKLYN,2027-10-01,0.000131,0,very_low,baseline
NEWKIRK AVENUE,BROOKLYN,2027-11-01,0.000124,0,very_low,baseline
NEWKIRK AVENUE,BROOKLYN,2027-12-01,0.000125,0,very_low,baseline
NEWKIRK AVENUE,BROOKLYN,2028-01-01,0.000188,0,very_low,baseline
NEWKIRK AVENUE,BROOKLYN,2028-02-01,0.000193,0,very_low,baseline
NEWKIRK AVENUE,BROOKLYN,2028-03-01,0.000188,0,very_low,baseline
NEWKIRK AVENUE,BROOKLYN,2028-04-01,0.000188,0,very_low,baseline
NEWKIRK AVENUE,BROOKLYN,2028-05-01,0.000196,0,very_low,baseline
NEWKIRK AVENUE,BROOKLYN,2028-06-01,0.000193,0,very_low,baseline
NEWKIRK AVENUE,BROOKLYN,2028-07-01,0.000198,0,very_low,baseline
NEWKIRK AVENUE,BROOKLYN,2028-08-01,0.000198,0,very_low,baseline
NEWKIRK AVENUE,BROOKLYN,2028-09-01,0.00019,0,very_low,baseline
NEWKIRK AVENUE,BROOKLYN,2028-10-01,0.000131,0,very_low,baseline
NEWKIRK AVENUE,BROOKLYN,2028-11-01,0.000124,0,very_low,baseline
NEWKIRK AVENUE,BROOKLYN,2028-12-01,0.000125,0,very_low,baseline
NEWKIRK AVENUE,BROOKLYN,2029-01-01,0.000188,0,very_low,baseline
NEWKIRK AVENUE,BROOKLYN,2029-02-01,0.000193,0,very_low,baseline
NEWKIRK AVENUE,BROOKLYN,2029-03-01,0.000188,0,very_low,baseline
NEWKIRK AVENUE,BROOKLYN,2029-04-01,0.000188,0,very_low,baseline
NEWKIRK AVENUE,BROOKLYN,2029-05-01,0.000196,0,very_low,baseline
NEWKIRK AVENUE,BROOKLYN,2029-06-01,0.000193,0,very_low,baseline
NEWKIRK AVENUE,BROOKLYN,2029-07-01,0.000198,0,very_low,baseline
NEWKIRK AVENUE,BROOKLYN,2029-08-01,0.000198,0,very_low,baseline
NEWKIRK AVENUE,BROOKLYN,2029-09-01,0.00019,0,very_low,baseline
NEWKIRK AVENUE,BROOKLYN,2029-10-01,0.000131,0,very_low,baseline
NEWKIRK AVENUE,BROOKLYN,2029-11-01,0.000124,0,very_low,baseline
NEWKIRK AVENUE,BROOKLYN,2029-12-01,0.000125,0,very_low,baseline
NORTHERN BLVD.,QUEENS,2027-01-01,8.9e-05,0,very_low,baseline
NORTHERN BLVD.,QUEENS,2027-02-01,8.3e-05,0,very_low,baseline
NORTHERN BLVD.,QUEENS,2027-03-01,9.4e-05,0,very_low,baseline
NORTHERN BLVD.,QUEENS,2027-04-01,9.2e-05,0,very_low,baseline
NORTHERN BLVD.,QUEENS,2027-05-01,9.7e-05,0,very_low,baseline
NORTHERN BLVD.,QUEENS,2027-06-01,0.000107,0,very_low,baseline
NORTHERN BLVD.,QUEENS,2027-07-01,0.000107,0,very_low,baseline
NORTHERN BLVD.,QUEENS,2027-08-01,0.000107,0,very_low,baseline
NORTHERN BLVD.,QUEENS,2027-09-01,0.000112,0,very_low,baseline
NORTHERN BLVD.,QUEENS,2027-10-01,0.0001,0,very_low,baseline
NORTHERN BLVD.,QUEENS,2027-11-01,9.4e-05,0,very_low,baseline
NORTHERN BLVD.,QUEENS,2027-12-01,9.4e-05,0,very_low,baseline
NORTHERN BLVD.,QUEENS,2028-01-01,0.000104,0,very_low,baseline
NORTHERN BLVD.,QUEENS,2028-02-01,0.000104,0,very_low,baseline
NORTHERN BLVD.,QUEENS,2028-03-01,0.000102,0,very_low,baseline
NORTHERN BLVD.,QUEENS,2028-04-01,0.000102,0,very_low,baseline
NORTHERN BLVD.,QUEENS,2028-05-01,0.000106,0,very_low,baseline
NORTHERN BLVD.,QUEENS,2028-06-01,0.000107,0,very_low,baseline
NORTHERN BLVD.,QUEENS,2028-07-01,0.000107,0,very_low,baseline
NORTHERN BLVD.,QUEENS,2028-08-01,0.000107,0,very_low,baseline
NORTHERN BLVD.,QUEENS,2028-09-01,0.000112,0,very_low,baseline
NORTHERN BLVD.,QUEENS,2028-10-01,0.0001,0,very_low,baseline
NORTHERN BLVD.,QUEENS,2028-11-01,9.4e-05,0,very_low,baseline
NORTHERN BLVD.,QUEENS,2028-12-01,9.4e-05,0,very_low,baseline
NORTHERN BLVD.,QUEENS,2029-01-01,0.000104,0,very_low,baseline
NORTHERN BLVD.,QUEENS,2029-02-01,0.000104,0,very_low,baseline
NORTHERN BLVD.,QUEENS,2029-03-01,0.000102,0,very_low,baseline
NORTHERN BLVD.,QUEENS,2029-04-01,0.000102,0,very_low,baseline
NORTHERN BLVD.,QUEENS,2029-05-01,0.000106,0,very_low,baseline
NORTHERN BLVD.,QUEENS,2029-06-01,0.000107,0,very_low,baseline
NORTHERN BLVD.,QUEENS,2029-07-01,0.000107,0,very_low,baseline
NORTHERN BLVD.,QUEENS,2029-08-01,0.000107,0,very_low,baseline
NORTHERN BLVD.,QUEENS,2029-09-01,0.000112,0,very_low,baseline
NORTHERN BLVD.,QUEENS,2029-10-01,0.0001,0,very_low,baseline
NORTHERN BLVD.,QUEENS,2029-11-01,9.4e-05,0,very_low,baseline
NORTHERN BLVD.,QUEENS,2029-12-01,9.4e-05,0,very_low,baseline
NORWOOD AVENUE,BROOKLYN,2027-01-01,0.000206,0,very_low,baseline
NORWOOD AVENUE,BROOKLYN,2027-02-01,0.00015,0,very_low,baseline
NORWOOD AVENUE,BROOKLYN,2027-03-01,0.000151,0,very_low,baseline
NORWOOD AVENUE,BROOKLYN,2027-04-01,0.000167,0,very_low,baseline
NORWOOD AVENUE,BROOKLYN,2027-05-01,0.000159,0,very_low,baseline
NORWOOD AVENUE,BROOKLYN,2027-06-01,0.000164,0,very_low,baseline
NORWOOD AVENUE,BROOKLYN,2027-07-01,0.000164,0,very_low,baseline
NORWOOD AVENUE,BROOKLYN,2027-08-01,0.000164,0,very_low,baseline
NORWOOD AVENUE,BROOKLYN,2027-09-01,0.000171,0,very_low,baseline
NORWOOD AVENUE,BROOKLYN,2027-10-01,0.000136,0,very_low,baseline
NORWOOD AVENUE,BROOKLYN,2027-11-01,0.000129,0,very_low,baseline
NORWOOD AVENUE,BROOKLYN,2027-12-01,0.000129,0,very_low,baseline
NORWOOD AVENUE,BROOKLYN,2028-01-01,0.000155,0,very_low,baseline
NORWOOD AVENUE,BROOKLYN,2028-02-01,0.000154,0,very_low,baseline
NORWOOD AVENUE,BROOKLYN,2028-03-01,0.000155,0,very_low,baseline
NORWOOD AVENUE,BROOKLYN,2028-04-01,0.000155,0,very_low,baseline
NORWOOD AVENUE,BROOKLYN,2028-05-01,0.000159,0,very_low,baseline
NORWOOD AVENUE,BROOKLYN,2028-06-01,0.000164,0,very_low,baseline
NORWOOD AVENUE,BROOKLYN,2028-07-01,0.000164,0,very_low,baseline
NORWOOD AVENUE,BROOKLYN,2028-08-01,0.000164,0,very_low,baseline
NORWOOD AVENUE,BROOKLYN,2028-09-01,0.000171,0,very_low,baseline
NORWOOD AVENUE,BROOKLYN,2028-10-01,0.000136,0,very_low,baseline
NORWOOD AVENUE,BROOKLYN,2028-11-01,0.000129,0,very_low,baseline
NORWOOD AVENUE,BROOKLYN,2028-12-01,0.000129,0,very_low,baseline
NORWOOD AVENUE,BROOKLYN,2029-01-01,0.000155,0,very_low,baseline
NORWOOD AVENUE,BROOKLYN,2029-02-01,0.000154,0,very_low,baseline
NORWOOD AVENUE,BROOKLYN,2029-03-01,0.000155,0,very_low,baseline
NORWOOD AVENUE,BROOKLYN,2029-04-01,0.000155,0,very_low,baseline
NORWOOD AVENUE,BROOKLYN,2029-05-01,0.000159,0,very_low,baseline
NORWOOD AVENUE,BROOKLYN,2029-06-01,0.000164,0,very_low,baseline
NORWOOD AVENUE,BROOKLYN,2029-07-01,0.000164,0,very_low,baseline
NORWOOD AVENUE,BROOKLYN,2029-08-01,0.000164,0,very_low,baseline
NORWOOD AVENUE,BROOKLYN,2029-09-01,0.000171,0,very_low,baseline
NORWOOD AVENUE,BROOKLYN,2029-10-01,0.000136,0,very_low,baseline
NORWOOD AVENUE,BROOKLYN,2029-11-01,0.000129,0,very_low,baseline
NORWOOD AVENUE,BROOKLYN,2029-12-01,0.000129,0,very_low,baseline
NOSTRAND AVENUE,BROOKLYN,2027-01-01,0.83769,1,very_high,baseline
NOSTRAND AVENUE,BROOKLYN,2027-02-01,0.867128,1,very_high,baseline
NOSTRAND AVENUE,BROOKLYN,2027-03-01,0.877171,1,very_high,baseline
NOSTRAND AVENUE,BROOKLYN,2027-04-01,0.855073,1,very_high,baseline
NOSTRAND AVENUE,BROOKLYN,2027-05-01,0.855602,1,very_high,baseline
NOSTRAND AVENUE,BROOKLYN,2027-06-01,0.862652,1,very_high,baseline
NOSTRAND AVENUE,BROOKLYN,2027-07-01,0.863826,1,very_high,baseline
NOSTRAND AVENUE,BROOKLYN,2027-08-01,0.874413,1,very_high,baseline
NOSTRAND AVENUE,BROOKLYN,2027-09-01,0.881717,1,very_high,baseline
NOSTRAND AVENUE,BROOKLYN,2027-10-01,0.886165,1,very_high,baseline
NOSTRAND AVENUE,BROOKLYN,2027-11-01,0.892729,1,very_high,baseline
NOSTRAND AVENUE,BROOKLYN,2027-12-01,0.892729,1,very_high,baseline
NOSTRAND AVENUE,BROOKLYN,2028-01-01,0.885307,1,very_high,baseline
NOSTRAND AVENUE,BROOKLYN,2028-02-01,0.885307,1,very_high,baseline
NOSTRAND AVENUE,BROOKLYN,2028-03-01,0.885307,1,very_high,baseline
NOSTRAND AVENUE,BROOKLYN,2028-04-01,0.887275,1,very_high,baseline
NOSTRAND AVENUE,BROOKLYN,2028-05-01,0.886772,1,very_high,baseline
NOSTRAND AVENUE,BROOKLYN,2028-06-01,0.886772,1,very_high,baseline
NOSTRAND AVENUE,BROOKLYN,2028-07-01,0.886772,1,very_high,baseline
NOSTRAND AVENUE,BROOKLYN,2028-08-01,0.890632,1,very_high,baseline
NOSTRAND AVENUE,BROOKLYN,2028-09-01,0.893467,1,very_high,baseline
NOSTRAND AVENUE,BROOKLYN,2028-10-01,0.886165,1,very_high,baseline
NOSTRAND AVENUE,BROOKLYN,2028-11-01,0.892729,1,very_high,baseline
NOSTRAND AVENUE,BROOKLYN,2028-12-01,0.892729,1,very_high,baseline
NOSTRAND AVENUE,BROOKLYN,2029-01-01,0.885307,1,very_high,baseline
NOSTRAND AVENUE,BROOKLYN,2029-02-01,0.885307,1,very_high,baseline
NOSTRAND AVENUE,BROOKLYN,2029-03-01,0.885307,1,very_high,baseline
NOSTRAND AVENUE,BROOKLYN,2029-04-01,0.887275,1,very_high,baseline
NOSTRAND AVENUE,BROOKLYN,2029-05-01,0.886772,1,very_high,baseline
NOSTRAND AVENUE,BROOKLYN,2029-06-01,0.886772,1,very_high,baseline
NOSTRAND AVENUE,BROOKLYN,2029-07-01,0.886772,1,very_high,baseline
NOSTRAND AVENUE,BROOKLYN,2029-08-01,0.890632,1,very_high,baseline
NOSTRAND AVENUE,BROOKLYN,2029-09-01,0.893467,1,very_high,baseline
NOSTRAND AVENUE,BROOKLYN,2029-10-01,0.886165,1,very_high,baseline
NOSTRAND AVENUE,BROOKLYN,2029-11-01,0.892729,1,very_high,baseline
NOSTRAND AVENUE,BROOKLYN,2029-12-01,0.892729,1,very_high,baseline
OCEAN PKWY,BROOKLYN,2027-01-01,0.000249,0,very_low,baseline
OCEAN PKWY,BROOKLYN,2027-02-01,0.000135,0,very_low,baseline
OCEAN PKWY,BROOKLYN,2027-03-01,0.000105,0,very_low,baseline
OCEAN PKWY,BROOKLYN,2027-04-01,0.000111,0,very_low,baseline
OCEAN PKWY,BROOKLYN,2027-05-01,0.000127,0,very_low,baseline
OCEAN PKWY,BROOKLYN,2027-06-01,0.000138,0,very_low,baseline
OCEAN PKWY,BROOKLYN,2027-07-01,0.000138,0,very_low,baseline
OCEAN PKWY,BROOKLYN,2027-08-01,0.000138,0,very_low,baseline
OCEAN PKWY,BROOKLYN,2027-09-01,0.000144,0,very_low,baseline
OCEAN PKWY,BROOKLYN,2027-10-01,0.000123,0,very_low,baseline
OCEAN PKWY,BROOKLYN,2027-11-01,0.000117,0,very_low,baseline
OCEAN PKWY,BROOKLYN,2027-12-01,0.00012,0,very_low,baseline
OCEAN PKWY,BROOKLYN,2028-01-01,0.000137,0,very_low,baseline
OCEAN PKWY,BROOKLYN,2028-02-01,0.000137,0,very_low,baseline
OCEAN PKWY,BROOKLYN,2028-03-01,0.000134,0,very_low,baseline
OCEAN PKWY,BROOKLYN,2028-04-01,0.000134,0,very_low,baseline
OCEAN PKWY,BROOKLYN,2028-05-01,0.000138,0,very_low,baseline
OCEAN PKWY,BROOKLYN,2028-06-01,0.000138,0,very_low,baseline
OCEAN PKWY,BROOKLYN,2028-07-01,0.000138,0,very_low,baseline
OCEAN PKWY,BROOKLYN,2028-08-01,0.000138,0,very_low,baseline
OCEAN PKWY,BROOKLYN,2028-09-01,0.000144,0,very_low,baseline
OCEAN PKWY,BROOKLYN,2028-10-01,0.000123,0,very_low,baseline
OCEAN PKWY,BROOKLYN,2028-11-01,0.000117,0,very_low,baseline
OCEAN PKWY,BROOKLYN,2028-12-01,0.00012,0,very_low,baseline
OCEAN PKWY,BROOKLYN,2029-01-01,0.000137,0,very_low,baseline
OCEAN PKWY,BROOKLYN,2029-02-01,0.000137,0,very_low,baseline
OCEAN PKWY,BROOKLYN,2029-03-01,0.000134,0,very_low,baseline
OCEAN PKWY,BROOKLYN,2029-04-01,0.000134,0,very_low,baseline
OCEAN PKWY,BROOKLYN,2029-05-01,0.000138,0,very_low,baseline
OCEAN PKWY,BROOKLYN,2029-06-01,0.000138,0,very_low,baseline
OCEAN PKWY,BROOKLYN,2029-07-01,0.000138,0,very_low,baseline
OCEAN PKWY,BROOKLYN,2029-08-01,0.000138,0,very_low,baseline
OCEAN PKWY,BROOKLYN,2029-09-01,0.000144,0,very_low,baseline
OCEAN PKWY,BROOKLYN,2029-10-01,0.000123,0,very_low,baseline
OCEAN PKWY,BROOKLYN,2029-11-01,0.000117,0,very_low,baseline
OCEAN PKWY,BROOKLYN,2029-12-01,0.00012,0,very_low,baseline
PACIFIC STREET,BROOKLYN,2027-01-01,0.043972,0,very_low,baseline
PACIFIC STREET,BROOKLYN,2027-02-01,0.056935,0,very_low,baseline
PACIFIC STREET,BROOKLYN,2027-03-01,0.100938,1,very_low,baseline
PACIFIC STREET,BROOKLYN,2027-04-01,0.093177,1,very_low,baseline
PACIFIC STREET,BROOKLYN,2027-05-01,0.163174,1,very_low,baseline
PACIFIC STREET,BROOKLYN,2027-06-01,0.188606,1,very_low,baseline
PACIFIC STREET,BROOKLYN,2027-07-01,0.187198,1,very_low,baseline
PACIFIC STREET,BROOKLYN,2027-08-01,0.186833,1,very_low,baseline
PACIFIC STREET,BROOKLYN,2027-09-01,0.17302,1,very_low,baseline
PACIFIC STREET,BROOKLYN,2027-10-01,0.13033,1,very_low,baseline
PACIFIC STREET,BROOKLYN,2027-11-01,0.137791,1,very_low,baseline
PACIFIC STREET,BROOKLYN,2027-12-01,0.141591,1,very_low,baseline
PACIFIC STREET,BROOKLYN,2028-01-01,0.209074,1,low,baseline
PACIFIC STREET,BROOKLYN,2028-02-01,0.217329,1,low,baseline
PACIFIC STREET,BROOKLYN,2028-03-01,0.212836,1,low,baseline
PACIFIC STREET,BROOKLYN,2028-04-01,0.212836,1,low,baseline
PACIFIC STREET,BROOKLYN,2028-05-01,0.210897,1,low,baseline
PACIFIC STREET,BROOKLYN,2028-06-01,0.210897,1,low,baseline
PACIFIC STREET,BROOKLYN,2028-07-01,0.210897,1,low,baseline
PACIFIC STREET,BROOKLYN,2028-08-01,0.209884,1,low,baseline
PACIFIC STREET,BROOKLYN,2028-09-01,0.19275,1,very_low,baseline
PACIFIC STREET,BROOKLYN,2028-10-01,0.140282,1,very_low,baseline
PACIFIC STREET,BROOKLYN,2028-11-01,0.14611,1,very_low,baseline
PACIFIC STREET,BROOKLYN,2028-12-01,0.149363,1,very_low,baseline
PACIFIC STREET,BROOKLYN,2029-01-01,0.217329,1,low,baseline
PACIFIC STREET,BROOKLYN,2029-02-01,0.217329,1,low,baseline
PACIFIC STREET,BROOKLYN,2029-03-01,0.212836,1,low,baseline
PACIFIC STREET,BROOKLYN,2029-04-01,0.212836,1,low,baseline
PACIFIC STREET,BROOKLYN,2029-05-01,0.210897,1,low,baseline
PACIFIC STREET,BROOKLYN,2029-06-01,0.210897,1,low,baseline
PACIFIC STREET,BROOKLYN,2029-07-01,0.210897,1,low,baseline
PACIFIC STREET,BROOKLYN,2029-08-01,0.209884,1,low,baseline
PACIFIC STREET,BROOKLYN,2029-09-01,0.19275,1,very_low,baseline
PACIFIC STREET,BROOKLYN,2029-10-01,0.140282,1,very_low,baseline
PACIFIC STREET,BROOKLYN,2029-11-01,0.14611,1,very_low,baseline
PACIFIC STREET,BROOKLYN,2029-12-01,0.149363,1,very_low,baseline
PARK PLACE,MANHATTAN,2027-01-01,0.000213,0,very_low,baseline
PARK PLACE,MANHATTAN,2027-02-01,0.000215,0,very_low,baseline
PARK PLACE,MANHATTAN,2027-03-01,0.000193,0,very_low,baseline
PARK PLACE,MANHATTAN,2027-04-01,0.000208,0,very_low,baseline
PARK PLACE,MANHATTAN,2027-05-01,0.000208,0,very_low,baseline
PARK PLACE,MANHATTAN,2027-06-01,0.000231,0,very_low,baseline
PARK PLACE,MANHATTAN,2027-07-01,0.000231,0,very_low,baseline
PARK PLACE,MANHATTAN,2027-08-01,0.000231,0,very_low,baseline
PARK PLACE,MANHATTAN,2027-09-01,0.000244,0,very_low,baseline
PARK PLACE,MANHATTAN,2027-10-01,0.000199,0,very_low,baseline
PARK PLACE,MANHATTAN,2027-11-01,0.00019,0,very_low,baseline
PARK PLACE,MANHATTAN,2027-12-01,0.00019,0,very_low,baseline
PARK PLACE,MANHATTAN,2028-01-01,0.00023,0,very_low,baseline
PARK PLACE,MANHATTAN,2028-02-01,0.000229,0,very_low,baseline
PARK PLACE,MANHATTAN,2028-03-01,0.000224,0,very_low,baseline
PARK PLACE,MANHATTAN,2028-04-01,0.000224,0,very_low,baseline
PARK PLACE,MANHATTAN,2028-05-01,0.00023,0,very_low,baseline
PARK PLACE,MANHATTAN,2028-06-01,0.000231,0,very_low,baseline
PARK PLACE,MANHATTAN,2028-07-01,0.000231,0,very_low,baseline
PARK PLACE,MANHATTAN,2028-08-01,0.000231,0,very_low,baseline
PARK PLACE,MANHATTAN,2028-09-01,0.000244,0,very_low,baseline
PARK PLACE,MANHATTAN,2028-10-01,0.000199,0,very_low,baseline
PARK PLACE,MANHATTAN,2028-11-01,0.00019,0,very_low,baseline
PARK PLACE,MANHATTAN,2028-12-01,0.00019,0,very_low,baseline
PARK PLACE,MANHATTAN,2029-01-01,0.00023,0,very_low,baseline
PARK PLACE,MANHATTAN,2029-02-01,0.000229,0,very_low,baseline
PARK PLACE,MANHATTAN,2029-03-01,0.000224,0,very_low,baseline
PARK PLACE,MANHATTAN,2029-04-01,0.000224,0,very_low,baseline
PARK PLACE,MANHATTAN,2029-05-01,0.00023,0,very_low,baseline
PARK PLACE,MANHATTAN,2029-06-01,0.000231,0,very_low,baseline
PARK PLACE,MANHATTAN,2029-07-01,0.000231,0,very_low,baseline
PARK PLACE,MANHATTAN,2029-08-01,0.000231,0,very_low,baseline
PARK PLACE,MANHATTAN,2029-09-01,0.000244,0,very_low,baseline
PARK PLACE,MANHATTAN,2029-10-01,0.000199,0,very_low,baseline
PARK PLACE,MANHATTAN,2029-11-01,0.00019,0,very_low,baseline
PARK PLACE,MANHATTAN,2029-12-01,0.00019,0,very_low,baseline
PARKSIDE AVENUE,BROOKLYN,2027-01-01,0.000132,0,very_low,baseline
PARKSIDE AVENUE,BROOKLYN,2027-02-01,0.000101,0,very_low,baseline
PARKSIDE AVENUE,BROOKLYN,2027-03-01,7.9e-05,0,very_low,baseline
PARKSIDE AVENUE,BROOKLYN,2027-04-01,8.1e-05,0,very_low,baseline
PARKSIDE AVENUE,BROOKLYN,2027-05-01,9e-05,0,very_low,baseline
PARKSIDE AVENUE,BROOKLYN,2027-06-01,0.0001,0,very_low,baseline
PARKSIDE AVENUE,BROOKLYN,2027-07-01,0.0001,0,very_low,baseline
PARKSIDE AVENUE,BROOKLYN,2027-08-01,0.0001,0,very_low,baseline
PARKSIDE AVENUE,BROOKLYN,2027-09-01,0.000105,0,very_low,baseline
PARKSIDE AVENUE,BROOKLYN,2027-10-01,9.3e-05,0,very_low,baseline
PARKSIDE AVENUE,BROOKLYN,2027-11-01,8.8e-05,0,very_low,baseline
PARKSIDE AVENUE,BROOKLYN,2027-12-01,9e-05,0,very_low,baseline
PARKSIDE AVENUE,BROOKLYN,2028-01-01,9.8e-05,0,very_low,baseline
PARKSIDE AVENUE,BROOKLYN,2028-02-01,9.7e-05,0,very_low,baseline
PARKSIDE AVENUE,BROOKLYN,2028-03-01,9.5e-05,0,very_low,baseline
PARKSIDE AVENUE,BROOKLYN,2028-04-01,9.5e-05,0,very_low,baseline
PARKSIDE AVENUE,BROOKLYN,2028-05-01,9.9e-05,0,very_low,baseline
PARKSIDE AVENUE,BROOKLYN,2028-06-01,0.0001,0,very_low,baseline
PARKSIDE AVENUE,BROOKLYN,2028-07-01,0.0001,0,very_low,baseline
PARKSIDE AVENUE,BROOKLYN,2028-08-01,0.0001,0,very_low,baseline
PARKSIDE AVENUE,BROOKLYN,2028-09-01,0.000105,0,very_low,baseline
PARKSIDE AVENUE,BROOKLYN,2028-10-01,9.3e-05,0,very_low,baseline
PARKSIDE AVENUE,BROOKLYN,2028-11-01,8.8e-05,0,very_low,baseline
PARKSIDE AVENUE,BROOKLYN,2028-12-01,9e-05,0,very_low,baseline
PARKSIDE AVENUE,BROOKLYN,2029-01-01,9.8e-05,0,very_low,baseline
PARKSIDE AVENUE,BROOKLYN,2029-02-01,9.7e-05,0,very_low,baseline
PARKSIDE AVENUE,BROOKLYN,2029-03-01,9.5e-05,0,very_low,baseline
PARKSIDE AVENUE,BROOKLYN,2029-04-01,9.5e-05,0,very_low,baseline
PARKSIDE AVENUE,BROOKLYN,2029-05-01,9.9e-05,0,very_low,baseline
PARKSIDE AVENUE,BROOKLYN,2029-06-01,0.0001,0,very_low,baseline
PARKSIDE AVENUE,BROOKLYN,2029-07-01,0.0001,0,very_low,baseline
PARKSIDE AVENUE,BROOKLYN,2029-08-01,0.0001,0,very_low,baseline
PARKSIDE AVENUE,BROOKLYN,2029-09-01,0.000105,0,very_low,baseline
PARKSIDE AVENUE,BROOKLYN,2029-10-01,9.3e-05,0,very_low,baseline
PARKSIDE AVENUE,BROOKLYN,2029-11-01,8.8e-05,0,very_low,baseline
PARKSIDE AVENUE,BROOKLYN,2029-12-01,9e-05,0,very_low,baseline
PARSONS BLVD.,QUEENS,2027-01-01,0.086515,0,very_low,baseline
PARSONS BLVD.,QUEENS,2027-02-01,0.065581,0,very_low,baseline
PARSONS BLVD.,QUEENS,2027-03-01,0.076757,0,very_low,baseline
PARSONS BLVD.,QUEENS,2027-04-01,0.087219,0,very_low,baseline
PARSONS BLVD.,QUEENS,2027-05-01,0.075374,0,very_low,baseline
PARSONS BLVD.,QUEENS,2027-06-01,0.082829,0,very_low,baseline
PARSONS BLVD.,QUEENS,2027-07-01,0.083662,0,very_low,baseline
PARSONS BLVD.,QUEENS,2027-08-01,0.081647,0,very_low,baseline
PARSONS BLVD.,QUEENS,2027-09-01,0.081627,0,very_low,baseline
PARSONS BLVD.,QUEENS,2027-10-01,0.037947,0,very_low,baseline
PARSONS BLVD.,QUEENS,2027-11-01,0.035892,0,very_low,baseline
PARSONS BLVD.,QUEENS,2027-12-01,0.035367,0,very_low,baseline
PARSONS BLVD.,QUEENS,2028-01-01,0.078893,0,very_low,baseline
PARSONS BLVD.,QUEENS,2028-02-01,0.082038,0,very_low,baseline
PARSONS BLVD.,QUEENS,2028-03-01,0.081265,0,very_low,baseline
PARSONS BLVD.,QUEENS,2028-04-01,0.082572,0,very_low,baseline
PARSONS BLVD.,QUEENS,2028-05-01,0.082334,0,very_low,baseline
PARSONS BLVD.,QUEENS,2028-06-01,0.082829,0,very_low,baseline
PARSONS BLVD.,QUEENS,2028-07-01,0.083662,0,very_low,baseline
PARSONS BLVD.,QUEENS,2028-08-01,0.081647,0,very_low,baseline
PARSONS BLVD.,QUEENS,2028-09-01,0.081627,0,very_low,baseline
PARSONS BLVD.,QUEENS,2028-10-01,0.037947,0,very_low,baseline
PARSONS BLVD.,QUEENS,2028-11-01,0.035892,0,very_low,baseline
PARSONS BLVD.,QUEENS,2028-12-01,0.035367,0,very_low,baseline
PARSONS BLVD.,QUEENS,2029-01-01,0.078893,0,very_low,baseline
PARSONS BLVD.,QUEENS,2029-02-01,0.082038,0,very_low,baseline
PARSONS BLVD.,QUEENS,2029-03-01,0.081265,0,very_low,baseline
PARSONS BLVD.,QUEENS,2029-04-01,0.082572,0,very_low,baseline
PARSONS BLVD.,QUEENS,2029-05-01,0.082334,0,very_low,baseline
PARSONS BLVD.,QUEENS,2029-06-01,0.082829,0,very_low,baseline
PARSONS BLVD.,QUEENS,2029-07-01,0.083662,0,very_low,baseline
PARSONS BLVD.,QUEENS,2029-08-01,0.081647,0,very_low,baseline
PARSONS BLVD.,QUEENS,2029-09-01,0.081627,0,very_low,baseline
PARSONS BLVD.,QUEENS,2029-10-01,0.037947,0,very_low,baseline
PARSONS BLVD.,QUEENS,2029-11-01,0.035892,0,very_low,baseline
PARSONS BLVD.,QUEENS,2029-12-01,0.035367,0,very_low,baseline
PARSONS/ARCHER-JAMAICA CENTER,QUEENS,2027-01-01,0.953169,1,very_high,baseline
PARSONS/ARCHER-JAMAICA CENTER,QUEENS,2027-02-01,0.967121,1,very_high,baseline
PARSONS/ARCHER-JAMAICA CENTER,QUEENS,2027-03-01,0.954596,1,very_high,baseline
PARSONS/ARCHER-JAMAICA CENTER,QUEENS,2027-04-01,0.953553,1,very_high,baseline
PARSONS/ARCHER-JAMAICA CENTER,QUEENS,2027-05-01,0.950269,1,very_high,baseline
PARSONS/ARCHER-JAMAICA CENTER,QUEENS,2027-06-01,0.962718,1,very_high,baseline
PARSONS/ARCHER-JAMAICA CENTER,QUEENS,2027-07-01,0.962718,1,very_high,baseline
PARSONS/ARCHER-JAMAICA CENTER,QUEENS,2027-08-01,0.964345,1,very_high,baseline
PARSONS/ARCHER-JAMAICA CENTER,QUEENS,2027-09-01,0.966252,1,very_high,baseline
PARSONS/ARCHER-JAMAICA CENTER,QUEENS,2027-10-01,0.968669,1,very_high,baseline
PARSONS/ARCHER-JAMAICA CENTER,QUEENS,2027-11-01,0.968295,1,very_high,baseline
PARSONS/ARCHER-JAMAICA CENTER,QUEENS,2027-12-01,0.968295,1,very_high,baseline
PARSONS/ARCHER-JAMAICA CENTER,QUEENS,2028-01-01,0.961421,1,very_high,baseline
PARSONS/ARCHER-JAMAICA CENTER,QUEENS,2028-02-01,0.961421,1,very_high,baseline
PARSONS/ARCHER-JAMAICA CENTER,QUEENS,2028-03-01,0.960465,1,very_high,baseline
PARSONS/ARCHER-JAMAICA CENTER,QUEENS,2028-04-01,0.961798,1,very_high,baseline
PARSONS/ARCHER-JAMAICA CENTER,QUEENS,2028-05-01,0.962718,1,very_high,baseline
PARSONS/ARCHER-JAMAICA CENTER,QUEENS,2028-06-01,0.962718,1,very_high,baseline
PARSONS/ARCHER-JAMAICA CENTER,QUEENS,2028-07-01,0.962718,1,very_high,baseline
PARSONS/ARCHER-JAMAICA CENTER,QUEENS,2028-08-01,0.964345,1,very_high,baseline
PARSONS/ARCHER-JAMAICA CENTER,QUEENS,2028-09-01,0.966252,1,very_high,baseline
PARSONS/ARCHER-JAMAICA CENTER,QUEENS,2028-10-01,0.968669,1,very_high,baseline
PARSONS/ARCHER-JAMAICA CENTER,QUEENS,2028-11-01,0.968295,1,very_high,baseline
PARSONS/ARCHER-JAMAICA CENTER,QUEENS,2028-12-01,0.968295,1,very_high,baseline
PARSONS/ARCHER-JAMAICA CENTER,QUEENS,2029-01-01,0.961421,1,very_high,baseline
PARSONS/ARCHER-JAMAICA CENTER,QUEENS,2029-02-01,0.961421,1,very_high,baseline
PARSONS/ARCHER-JAMAICA CENTER,QUEENS,2029-03-01,0.960465,1,very_high,baseline
PARSONS/ARCHER-JAMAICA CENTER,QUEENS,2029-04-01,0.961798,1,very_high,baseline
PARSONS/ARCHER-JAMAICA CENTER,QUEENS,2029-05-01,0.962718,1,very_high,baseline
PARSONS/ARCHER-JAMAICA CENTER,QUEENS,2029-06-01,0.962718,1,very_high,baseline
PARSONS/ARCHER-JAMAICA CENTER,QUEENS,2029-07-01,0.962718,1,very_high,baseline
PARSONS/ARCHER-JAMAICA CENTER,QUEENS,2029-08-01,0.964345,1,very_high,baseline
PARSONS/ARCHER-JAMAICA CENTER,QUEENS,2029-09-01,0.966252,1,very_high,baseline
PARSONS/ARCHER-JAMAICA CENTER,QUEENS,2029-10-01,0.968669,1,very_high,baseline
PARSONS/ARCHER-JAMAICA CENTER,QUEENS,2029-11-01,0.968295,1,very_high,baseline
PARSONS/ARCHER-JAMAICA CENTER,QUEENS,2029-12-01,0.968295,1,very_high,baseline
PELHAM BAY PARK,BRONX,2027-01-01,0.011494,0,very_low,baseline
PELHAM BAY PARK,BRONX,2027-02-01,0.014215,0,very_low,baseline
PELHAM BAY PARK,BRONX,2027-03-01,0.018974,0,very_low,baseline
PELHAM BAY PARK,BRONX,2027-04-01,0.031163,0,very_low,baseline
PELHAM BAY PARK,BRONX,2027-05-01,0.033046,0,very_low,baseline
PELHAM BAY PARK,BRONX,2027-06-01,0.023392,0,very_low,baseline
PELHAM BAY PARK,BRONX,2027-07-01,0.02414,0,very_low,baseline
PELHAM BAY PARK,BRONX,2027-08-01,0.02414,0,very_low,baseline
PELHAM BAY PARK,BRONX,2027-09-01,0.023829,0,very_low,baseline
PELHAM BAY PARK,BRONX,2027-10-01,0.010293,0,very_low,baseline
PELHAM BAY PARK,BRONX,2027-11-01,0.009729,0,very_low,baseline
PELHAM BAY PARK,BRONX,2027-12-01,0.009729,0,very_low,baseline
PELHAM BAY PARK,BRONX,2028-01-01,0.021213,0,very_low,baseline
PELHAM BAY PARK,BRONX,2028-02-01,0.02123,0,very_low,baseline
PELHAM BAY PARK,BRONX,2028-03-01,0.021496,0,very_low,baseline
PELHAM BAY PARK,BRONX,2028-04-01,0.021812,0,very_low,baseline
PELHAM BAY PARK,BRONX,2028-05-01,0.022329,0,very_low,baseline
PELHAM BAY PARK,BRONX,2028-06-01,0.023392,0,very_low,baseline
PELHAM BAY PARK,BRONX,2028-07-01,0.02414,0,very_low,baseline
PELHAM BAY PARK,BRONX,2028-08-01,0.02414,0,very_low,baseline
PELHAM BAY PARK,BRONX,2028-09-01,0.023829,0,very_low,baseline
PELHAM BAY PARK,BRONX,2028-10-01,0.010293,0,very_low,baseline
PELHAM BAY PARK,BRONX,2028-11-01,0.009729,0,very_low,baseline
PELHAM BAY PARK,BRONX,2028-12-01,0.009729,0,very_low,baseline
PELHAM BAY PARK,BRONX,2029-01-01,0.021213,0,very_low,baseline
PELHAM BAY PARK,BRONX,2029-02-01,0.02123,0,very_low,baseline
PELHAM BAY PARK,BRONX,2029-03-01,0.021496,0,very_low,baseline
PELHAM BAY PARK,BRONX,2029-04-01,0.021812,0,very_low,baseline
PELHAM BAY PARK,BRONX,2029-05-01,0.022329,0,very_low,baseline
PELHAM BAY PARK,BRONX,2029-06-01,0.023392,0,very_low,baseline
PELHAM BAY PARK,BRONX,2029-07-01,0.02414,0,very_low,baseline
PELHAM BAY PARK,BRONX,2029-08-01,0.02414,0,very_low,baseline
PELHAM BAY PARK,BRONX,2029-09-01,0.023829,0,very_low,baseline
PELHAM BAY PARK,BRONX,2029-10-01,0.010293,0,very_low,baseline
PELHAM BAY PARK,BRONX,2029-11-01,0.009729,0,very_low,baseline
PELHAM BAY PARK,BRONX,2029-12-01,0.009729,0,very_low,baseline
PELHAM PKWY.,BRONX,2027-01-01,0.000757,0,very_low,baseline
PELHAM PKWY.,BRONX,2027-02-01,0.000384,0,very_low,baseline
PELHAM PKWY.,BRONX,2027-03-01,0.00053,0,very_low,baseline
PELHAM PKWY.,BRONX,2027-04-01,0.000655,0,very_low,baseline
PELHAM PKWY.,BRONX,2027-05-01,0.000398,0,very_low,baseline
PELHAM PKWY.,BRONX,2027-06-01,0.000387,0,very_low,baseline
PELHAM PKWY.,BRONX,2027-07-01,0.000387,0,very_low,baseline
PELHAM PKWY.,BRONX,2027-08-01,0.000387,0,very_low,baseline
PELHAM PKWY.,BRONX,2027-09-01,0.000393,0,very_low,baseline
PELHAM PKWY.,BRONX,2027-10-01,0.000281,0,very_low,baseline
PELHAM PKWY.,BRONX,2027-11-01,0.000291,0,very_low,baseline
PELHAM PKWY.,BRONX,2027-12-01,0.000304,0,very_low,baseline
PELHAM PKWY.,BRONX,2028-01-01,0.000373,0,very_low,baseline
PELHAM PKWY.,BRONX,2028-02-01,0.000379,0,very_low,baseline
PELHAM PKWY.,BRONX,2028-03-01,0.000368,0,very_low,baseline
PELHAM PKWY.,BRONX,2028-04-01,0.000368,0,very_low,baseline
PELHAM PKWY.,BRONX,2028-05-01,0.000387,0,very_low,baseline
PELHAM PKWY.,BRONX,2028-06-01,0.000387,0,very_low,baseline
PELHAM PKWY.,BRONX,2028-07-01,0.000387,0,very_low,baseline
PELHAM PKWY.,BRONX,2028-08-01,0.000387,0,very_low,baseline
PELHAM PKWY.,BRONX,2028-09-01,0.000393,0,very_low,baseline
PELHAM PKWY.,BRONX,2028-10-01,0.000281,0,very_low,baseline
PELHAM PKWY.,BRONX,2028-11-01,0.000291,0,very_low,baseline
PELHAM PKWY.,BRONX,2028-12-01,0.000304,0,very_low,baseline
PELHAM PKWY.,BRONX,2029-01-01,0.000373,0,very_low,baseline
PELHAM PKWY.,BRONX,2029-02-01,0.000379,0,very_low,baseline
PELHAM PKWY.,BRONX,2029-03-01,0.000368,0,very_low,baseline
PELHAM PKWY.,BRONX,2029-04-01,0.000368,0,very_low,baseline
PELHAM PKWY.,BRONX,2029-05-01,0.000387,0,very_low,baseline
PELHAM PKWY.,BRONX,2029-06-01,0.000387,0,very_low,baseline
PELHAM PKWY.,BRONX,2029-07-01,0.000387,0,very_low,baseline
PELHAM PKWY.,BRONX,2029-08-01,0.000387,0,very_low,baseline
PELHAM PKWY.,BRONX,2029-09-01,0.000393,0,very_low,baseline
PELHAM PKWY.,BRONX,2029-10-01,0.000281,0,very_low,baseline
PELHAM PKWY.,BRONX,2029-11-01,0.000291,0,very_low,baseline
PELHAM PKWY.,BRONX,2029-12-01,0.000304,0,very_low,baseline
PENNSYLVANIA AVENUE,BROOKLYN,2027-01-01,0.00108,0,very_low,baseline
PENNSYLVANIA AVENUE,BROOKLYN,2027-02-01,0.001122,0,very_low,baseline
PENNSYLVANIA AVENUE,BROOKLYN,2027-03-01,0.001153,0,very_low,baseline
PENNSYLVANIA AVENUE,BROOKLYN,2027-04-01,0.000947,0,very_low,baseline
PENNSYLVANIA AVENUE,BROOKLYN,2027-05-01,0.000914,0,very_low,baseline
PENNSYLVANIA AVENUE,BROOKLYN,2027-06-01,0.000782,0,very_low,baseline
PENNSYLVANIA AVENUE,BROOKLYN,2027-07-01,0.000792,0,very_low,baseline
PENNSYLVANIA AVENUE,BROOKLYN,2027-08-01,0.000825,0,very_low,baseline
PENNSYLVANIA AVENUE,BROOKLYN,2027-09-01,0.000831,0,very_low,baseline
PENNSYLVANIA AVENUE,BROOKLYN,2027-10-01,0.000648,0,very_low,baseline
PENNSYLVANIA AVENUE,BROOKLYN,2027-11-01,0.000645,0,very_low,baseline
PENNSYLVANIA AVENUE,BROOKLYN,2027-12-01,0.000645,0,very_low,baseline
PENNSYLVANIA AVENUE,BROOKLYN,2028-01-01,0.000727,0,very_low,baseline
PENNSYLVANIA AVENUE,BROOKLYN,2028-02-01,0.000744,0,very_low,baseline
PENNSYLVANIA AVENUE,BROOKLYN,2028-03-01,0.00072,0,very_low,baseline
PENNSYLVANIA AVENUE,BROOKLYN,2028-04-01,0.00072,0,very_low,baseline
PENNSYLVANIA AVENUE,BROOKLYN,2028-05-01,0.000757,0,very_low,baseline
PENNSYLVANIA AVENUE,BROOKLYN,2028-06-01,0.000782,0,very_low,baseline
PENNSYLVANIA AVENUE,BROOKLYN,2028-07-01,0.000792,0,very_low,baseline
PENNSYLVANIA AVENUE,BROOKLYN,2028-08-01,0.000825,0,very_low,baseline
PENNSYLVANIA AVENUE,BROOKLYN,2028-09-01,0.000831,0,very_low,baseline
PENNSYLVANIA AVENUE,BROOKLYN,2028-10-01,0.000648,0,very_low,baseline
PENNSYLVANIA AVENUE,BROOKLYN,2028-11-01,0.000645,0,very_low,baseline
PENNSYLVANIA AVENUE,BROOKLYN,2028-12-01,0.000645,0,very_low,baseline
PENNSYLVANIA AVENUE,BROOKLYN,2029-01-01,0.000727,0,very_low,baseline
PENNSYLVANIA AVENUE,BROOKLYN,2029-02-01,0.000744,0,very_low,baseline
PENNSYLVANIA AVENUE,BROOKLYN,2029-03-01,0.00072,0,very_low,baseline
PENNSYLVANIA AVENUE,BROOKLYN,2029-04-01,0.00072,0,very_low,baseline
PENNSYLVANIA AVENUE,BROOKLYN,2029-05-01,0.000757,0,very_low,baseline
PENNSYLVANIA AVENUE,BROOKLYN,2029-06-01,0.000782,0,very_low,baseline
PENNSYLVANIA AVENUE,BROOKLYN,2029-07-01,0.000792,0,very_low,baseline
PENNSYLVANIA AVENUE,BROOKLYN,2029-08-01,0.000825,0,very_low,baseline
PENNSYLVANIA AVENUE,BROOKLYN,2029-09-01,0.000831,0,very_low,baseline
PENNSYLVANIA AVENUE,BROOKLYN,2029-10-01,0.000648,0,very_low,baseline
PENNSYLVANIA AVENUE,BROOKLYN,2029-11-01,0.000645,0,very_low,baseline
PENNSYLVANIA AVENUE,BROOKLYN,2029-12-01,0.000645,0,very_low,baseline
PRESIDENT STREET,BROOKLYN,2027-01-01,0.000116,0,very_low,baseline
PRESIDENT STREET,BROOKLYN,2027-02-01,9.6e-05,0,very_low,baseline
PRESIDENT STREET,BROOKLYN,2027-03-01,8.3e-05,0,very_low,baseline
PRESIDENT STREET,BROOKLYN,2027-04-01,8.7e-05,0,very_low,baseline
PRESIDENT STREET,BROOKLYN,2027-05-01,6.7e-05,0,very_low,baseline
PRESIDENT STREET,BROOKLYN,2027-06-01,8e-05,0,very_low,baseline
PRESIDENT STREET,BROOKLYN,2027-07-01,8e-05,0,very_low,baseline
PRESIDENT STREET,BROOKLYN,2027-08-01,8e-05,0,very_low,baseline
PRESIDENT STREET,BROOKLYN,2027-09-01,8.5e-05,0,very_low,baseline
PRESIDENT STREET,BROOKLYN,2027-10-01,7.3e-05,0,very_low,baseline
PRESIDENT STREET,BROOKLYN,2027-11-01,6.9e-05,0,very_low,baseline
PRESIDENT STREET,BROOKLYN,2027-12-01,7.1e-05,0,very_low,baseline
PRESIDENT STREET,BROOKLYN,2028-01-01,8e-05,0,very_low,baseline
PRESIDENT STREET,BROOKLYN,2028-02-01,7.8e-05,0,very_low,baseline
PRESIDENT STREET,BROOKLYN,2028-03-01,7.7e-05,0,very_low,baseline
PRESIDENT STREET,BROOKLYN,2028-04-01,7.7e-05,0,very_low,baseline
PRESIDENT STREET,BROOKLYN,2028-05-01,8e-05,0,very_low,baseline
PRESIDENT STREET,BROOKLYN,2028-06-01,8e-05,0,very_low,baseline
PRESIDENT STREET,BROOKLYN,2028-07-01,8e-05,0,very_low,baseline
PRESIDENT STREET,BROOKLYN,2028-08-01,8e-05,0,very_low,baseline
PRESIDENT STREET,BROOKLYN,2028-09-01,8.5e-05,0,very_low,baseline
PRESIDENT STREET,BROOKLYN,2028-10-01,7.3e-05,0,very_low,baseline
PRESIDENT STREET,BROOKLYN,2028-11-01,6.9e-05,0,very_low,baseline
PRESIDENT STREET,BROOKLYN,2028-12-01,7.1e-05,0,very_low,baseline
PRESIDENT STREET,BROOKLYN,2029-01-01,8e-05,0,very_low,baseline
PRESIDENT STREET,BROOKLYN,2029-02-01,7.8e-05,0,very_low,baseline
PRESIDENT STREET,BROOKLYN,2029-03-01,7.7e-05,0,very_low,baseline
PRESIDENT STREET,BROOKLYN,2029-04-01,7.7e-05,0,very_low,baseline
PRESIDENT STREET,BROOKLYN,2029-05-01,8e-05,0,very_low,baseline
PRESIDENT STREET,BROOKLYN,2029-06-01,8e-05,0,very_low,baseline
PRESIDENT STREET,BROOKLYN,2029-07-01,8e-05,0,very_low,baseline
PRESIDENT STREET,BROOKLYN,2029-08-01,8e-05,0,very_low,baseline
PRESIDENT STREET,BROOKLYN,2029-09-01,8.5e-05,0,very_low,baseline
PRESIDENT STREET,BROOKLYN,2029-10-01,7.3e-05,0,very_low,baseline
PRESIDENT STREET,BROOKLYN,2029-11-01,6.9e-05,0,very_low,baseline
PRESIDENT STREET,BROOKLYN,2029-12-01,7.1e-05,0,very_low,baseline
PRINCE STREET,MANHATTAN,2027-01-01,6.6e-05,0,very_low,baseline
PRINCE STREET,MANHATTAN,2027-02-01,7.1e-05,0,very_low,baseline
PRINCE STREET,MANHATTAN,2027-03-01,7.3e-05,0,very_low,baseline
PRINCE STREET,MANHATTAN,2027-04-01,7.1e-05,0,very_low,baseline
PRINCE STREET,MANHATTAN,2027-05-01,7.5e-05,0,very_low,baseline
PRINCE STREET,MANHATTAN,2027-06-01,8.2e-05,0,very_low,baseline
PRINCE STREET,MANHATTAN,2027-07-01,8.2e-05,0,very_low,baseline
PRINCE STREET,MANHATTAN,2027-08-01,8.2e-05,0,very_low,baseline
PRINCE STREET,MANHATTAN,2027-09-01,8.6e-05,0,very_low,baseline
PRINCE STREET,MANHATTAN,2027-10-01,7.7e-05,0,very_low,baseline
PRINCE STREET,MANHATTAN,2027-11-01,7.2e-05,0,very_low,baseline
PRINCE STREET,MANHATTAN,2027-12-01,7.2e-05,0,very_low,baseline
PRINCE STREET,MANHATTAN,2028-01-01,8.1e-05,0,very_low,baseline
PRINCE STREET,MANHATTAN,2028-02-01,8e-05,0,very_low,baseline
PRINCE STREET,MANHATTAN,2028-03-01,7.8e-05,0,very_low,baseline
PRINCE STREET,MANHATTAN,2028-04-01,7.8e-05,0,very_low,baseline
PRINCE STREET,MANHATTAN,2028-05-01,8.2e-05,0,very_low,baseline
PRINCE STREET,MANHATTAN,2028-06-01,8.2e-05,0,very_low,baseline
PRINCE STREET,MANHATTAN,2028-07-01,8.2e-05,0,very_low,baseline
PRINCE STREET,MANHATTAN,2028-08-01,8.2e-05,0,very_low,baseline
PRINCE STREET,MANHATTAN,2028-09-01,8.6e-05,0,very_low,baseline
PRINCE STREET,MANHATTAN,2028-10-01,7.7e-05,0,very_low,baseline
PRINCE STREET,MANHATTAN,2028-11-01,7.2e-05,0,very_low,baseline
PRINCE STREET,MANHATTAN,2028-12-01,7.2e-05,0,very_low,baseline
PRINCE STREET,MANHATTAN,2029-01-01,8.1e-05,0,very_low,baseline
PRINCE STREET,MANHATTAN,2029-02-01,8e-05,0,very_low,baseline
PRINCE STREET,MANHATTAN,2029-03-01,7.8e-05,0,very_low,baseline
PRINCE STREET,MANHATTAN,2029-04-01,7.8e-05,0,very_low,baseline
PRINCE STREET,MANHATTAN,2029-05-01,8.2e-05,0,very_low,baseline
PRINCE STREET,MANHATTAN,2029-06-01,8.2e-05,0,very_low,baseline
PRINCE STREET,MANHATTAN,2029-07-01,8.2e-05,0,very_low,baseline
PRINCE STREET,MANHATTAN,2029-08-01,8.2e-05,0,very_low,baseline
PRINCE STREET,MANHATTAN,2029-09-01,8.6e-05,0,very_low,baseline
PRINCE STREET,MANHATTAN,2029-10-01,7.7e-05,0,very_low,baseline
PRINCE STREET,MANHATTAN,2029-11-01,7.2e-05,0,very_low,baseline
PRINCE STREET,MANHATTAN,2029-12-01,7.2e-05,0,very_low,baseline
PROSPECT AVENUE,BRONX,2027-01-01,0.305456,1,low,baseline
PROSPECT AVENUE,BRONX,2027-02-01,0.235405,1,low,baseline
PROSPECT AVENUE,BRONX,2027-03-01,0.177229,1,very_low,baseline
PROSPECT AVENUE,BRONX,2027-04-01,0.192276,1,very_low,baseline
PROSPECT AVENUE,BRONX,2027-05-01,0.234259,1,low,baseline
PROSPECT AVENUE,BRONX,2027-06-01,0.115239,1,very_low,baseline
PROSPECT AVENUE,BRONX,2027-07-01,0.126817,1,very_low,baseline
PROSPECT AVENUE,BRONX,2027-08-01,0.13929,1,very_low,baseline
PROSPECT AVENUE,BRONX,2027-09-01,0.146557,1,very_low,baseline
PROSPECT AVENUE,BRONX,2027-10-01,0.122673,1,very_low,baseline
PROSPECT AVENUE,BRONX,2027-11-01,0.135489,1,very_low,baseline
PROSPECT AVENUE,BRONX,2027-12-01,0.138868,1,very_low,baseline
PROSPECT AVENUE,BRONX,2028-01-01,0.145881,1,very_low,baseline
PROSPECT AVENUE,BRONX,2028-02-01,0.141053,1,very_low,baseline
PROSPECT AVENUE,BRONX,2028-03-01,0.141053,1,very_low,baseline
PROSPECT AVENUE,BRONX,2028-04-01,0.141786,1,very_low,baseline
PROSPECT AVENUE,BRONX,2028-05-01,0.144499,1,very_low,baseline
PROSPECT AVENUE,BRONX,2028-06-01,0.144499,1,very_low,baseline
PROSPECT AVENUE,BRONX,2028-07-01,0.144499,1,very_low,baseline
PROSPECT AVENUE,BRONX,2028-08-01,0.153849,1,very_low,baseline
PROSPECT AVENUE,BRONX,2028-09-01,0.156183,1,very_low,baseline
PROSPECT AVENUE,BRONX,2028-10-01,0.12706,1,very_low,baseline
PROSPECT AVENUE,BRONX,2028-11-01,0.135807,1,very_low,baseline
PROSPECT AVENUE,BRONX,2028-12-01,0.138868,1,very_low,baseline
PROSPECT AVENUE,BRONX,2029-01-01,0.145881,1,very_low,baseline
PROSPECT AVENUE,BRONX,2029-02-01,0.141053,1,very_low,baseline
PROSPECT AVENUE,BRONX,2029-03-01,0.141053,1,very_low,baseline
PROSPECT AVENUE,BRONX,2029-04-01,0.141786,1,very_low,baseline
PROSPECT AVENUE,BRONX,2029-05-01,0.144499,1,very_low,baseline
PROSPECT AVENUE,BRONX,2029-06-01,0.144499,1,very_low,baseline
PROSPECT AVENUE,BRONX,2029-07-01,0.144499,1,very_low,baseline
PROSPECT AVENUE,BRONX,2029-08-01,0.153849,1,very_low,baseline
PROSPECT AVENUE,BRONX,2029-09-01,0.156183,1,very_low,baseline
PROSPECT AVENUE,BRONX,2029-10-01,0.12706,1,very_low,baseline
PROSPECT AVENUE,BRONX,2029-11-01,0.135807,1,very_low,baseline
PROSPECT AVENUE,BRONX,2029-12-01,0.138868,1,very_low,baseline
PROSPECT PARK,BROOKLYN,2027-01-01,0.001247,0,very_low,baseline
PROSPECT PARK,BROOKLYN,2027-02-01,0.000412,0,very_low,baseline
PROSPECT PARK,BROOKLYN,2027-03-01,0.000597,0,very_low,baseline
PROSPECT PARK,BROOKLYN,2027-04-01,0.000675,0,very_low,baseline
PROSPECT PARK,BROOKLYN,2027-05-01,0.000915,0,very_low,baseline
PROSPECT PARK,BROOKLYN,2027-06-01,0.000636,0,very_low,baseline
PROSPECT PARK,BROOKLYN,2027-07-01,0.000636,0,very_low,baseline
PROSPECT PARK,BROOKLYN,2027-08-01,0.000636,0,very_low,baseline
PROSPECT PARK,BROOKLYN,2027-09-01,0.000636,0,very_low,baseline
PROSPECT PARK,BROOKLYN,2027-10-01,0.000476,0,very_low,baseline
PROSPECT PARK,BROOKLYN,2027-11-01,0.000494,0,very_low,baseline
PROSPECT PARK,BROOKLYN,2027-12-01,0.000515,0,very_low,baseline
PROSPECT PARK,BROOKLYN,2028-01-01,0.000586,0,very_low,baseline
PROSPECT PARK,BROOKLYN,2028-02-01,0.0006,0,very_low,baseline
PROSPECT PARK,BROOKLYN,2028-03-01,0.000583,0,very_low,baseline
PROSPECT PARK,BROOKLYN,2028-04-01,0.000583,0,very_low,baseline
PROSPECT PARK,BROOKLYN,2028-05-01,0.000636,0,very_low,baseline
PROSPECT PARK,BROOKLYN,2028-06-01,0.000636,0,very_low,baseline
PROSPECT PARK,BROOKLYN,2028-07-01,0.000636,0,very_low,baseline
PROSPECT PARK,BROOKLYN,2028-08-01,0.000636,0,very_low,baseline
PROSPECT PARK,BROOKLYN,2028-09-01,0.000636,0,very_low,baseline
PROSPECT PARK,BROOKLYN,2028-10-01,0.000476,0,very_low,baseline
PROSPECT PARK,BROOKLYN,2028-11-01,0.000494,0,very_low,baseline
PROSPECT PARK,BROOKLYN,2028-12-01,0.000515,0,very_low,baseline
PROSPECT PARK,BROOKLYN,2029-01-01,0.000586,0,very_low,baseline
PROSPECT PARK,BROOKLYN,2029-02-01,0.0006,0,very_low,baseline
PROSPECT PARK,BROOKLYN,2029-03-01,0.000583,0,very_low,baseline
PROSPECT PARK,BROOKLYN,2029-04-01,0.000583,0,very_low,baseline
PROSPECT PARK,BROOKLYN,2029-05-01,0.000636,0,very_low,baseline
PROSPECT PARK,BROOKLYN,2029-06-01,0.000636,0,very_low,baseline
PROSPECT PARK,BROOKLYN,2029-07-01,0.000636,0,very_low,baseline
PROSPECT PARK,BROOKLYN,2029-08-01,0.000636,0,very_low,baseline
PROSPECT PARK,BROOKLYN,2029-09-01,0.000636,0,very_low,baseline
PROSPECT PARK,BROOKLYN,2029-10-01,0.000476,0,very_low,baseline
PROSPECT PARK,BROOKLYN,2029-11-01,0.000494,0,very_low,baseline
PROSPECT PARK,BROOKLYN,2029-12-01,0.000515,0,very_low,baseline
QUEENS PLAZA,QUEENS,2027-01-01,0.022181,0,very_low,baseline
QUEENS PLAZA,QUEENS,2027-02-01,0.031323,0,very_low,baseline
QUEENS PLAZA,QUEENS,2027-03-01,0.034024,0,very_low,baseline
QUEENS PLAZA,QUEENS,2027-04-01,0.031949,0,very_low,baseline
QUEENS PLAZA,QUEENS,2027-05-01,0.034449,0,very_low,baseline
QUEENS PLAZA,QUEENS,2027-06-01,0.036748,0,very_low,baseline
QUEENS PLAZA,QUEENS,2027-07-01,0.036748,0,very_low,baseline
QUEENS PLAZA,QUEENS,2027-08-01,0.036748,0,very_low,baseline
QUEENS PLAZA,QUEENS,2027-09-01,0.036407,0,very_low,baseline
QUEENS PLAZA,QUEENS,2027-10-01,0.025781,0,very_low,baseline
QUEENS PLAZA,QUEENS,2027-11-01,0.025353,0,very_low,baseline
QUEENS PLAZA,QUEENS,2027-12-01,0.024978,0,very_low,baseline
QUEENS PLAZA,QUEENS,2028-01-01,0.037448,0,very_low,baseline
QUEENS PLAZA,QUEENS,2028-02-01,0.039074,0,very_low,baseline
QUEENS PLAZA,QUEENS,2028-03-01,0.037234,0,very_low,baseline
QUEENS PLAZA,QUEENS,2028-04-01,0.037234,0,very_low,baseline
QUEENS PLAZA,QUEENS,2028-05-01,0.036346,0,very_low,baseline
QUEENS PLAZA,QUEENS,2028-06-01,0.036748,0,very_low,baseline
QUEENS PLAZA,QUEENS,2028-07-01,0.036748,0,very_low,baseline
QUEENS PLAZA,QUEENS,2028-08-01,0.036748,0,very_low,baseline
QUEENS PLAZA,QUEENS,2028-09-01,0.036407,0,very_low,baseline
QUEENS PLAZA,QUEENS,2028-10-01,0.025781,0,very_low,baseline
QUEENS PLAZA,QUEENS,2028-11-01,0.025353,0,very_low,baseline
QUEENS PLAZA,QUEENS,2028-12-01,0.024978,0,very_low,baseline
QUEENS PLAZA,QUEENS,2029-01-01,0.037448,0,very_low,baseline
QUEENS PLAZA,QUEENS,2029-02-01,0.039074,0,very_low,baseline
QUEENS PLAZA,QUEENS,2029-03-01,0.037234,0,very_low,baseline
QUEENS PLAZA,QUEENS,2029-04-01,0.037234,0,very_low,baseline
QUEENS PLAZA,QUEENS,2029-05-01,0.036346,0,very_low,baseline
QUEENS PLAZA,QUEENS,2029-06-01,0.036748,0,very_low,baseline
QUEENS PLAZA,QUEENS,2029-07-01,0.036748,0,very_low,baseline
QUEENS PLAZA,QUEENS,2029-08-01,0.036748,0,very_low,baseline
QUEENS PLAZA,QUEENS,2029-09-01,0.036407,0,very_low,baseline
QUEENS PLAZA,QUEENS,2029-10-01,0.025781,0,very_low,baseline
QUEENS PLAZA,QUEENS,2029-11-01,0.025353,0,very_low,baseline
QUEENS PLAZA,QUEENS,2029-12-01,0.024978,0,very_low,baseline
QUEENSBORO PLAZA,QUEENS,2027-01-01,0.702564,1,high,baseline
QUEENSBORO PLAZA,QUEENS,2027-02-01,0.746931,1,high,baseline
QUEENSBORO PLAZA,QUEENS,2027-03-01,0.786243,1,high,baseline
QUEENSBORO PLAZA,QUEENS,2027-04-01,0.783355,1,high,baseline
QUEENSBORO PLAZA,QUEENS,2027-05-01,0.77818,1,high,baseline
QUEENSBORO PLAZA,QUEENS,2027-06-01,0.734679,1,high,baseline
QUEENSBORO PLAZA,QUEENS,2027-07-01,0.744188,1,high,baseline
QUEENSBORO PLAZA,QUEENS,2027-08-01,0.754263,1,high,baseline
QUEENSBORO PLAZA,QUEENS,2027-09-01,0.755364,1,high,baseline
QUEENSBORO PLAZA,QUEENS,2027-10-01,0.657614,1,high,baseline
QUEENSBORO PLAZA,QUEENS,2027-11-01,0.674756,1,high,baseline
QUEENSBORO PLAZA,QUEENS,2027-12-01,0.684134,1,high,baseline
QUEENSBORO PLAZA,QUEENS,2028-01-01,0.779156,1,high,baseline
QUEENSBORO PLAZA,QUEENS,2028-02-01,0.779156,1,high,baseline
QUEENSBORO PLAZA,QUEENS,2028-03-01,0.779156,1,high,baseline
QUEENSBORO PLAZA,QUEENS,2028-04-01,0.776826,1,high,baseline
QUEENSBORO PLAZA,QUEENS,2028-05-01,0.773873,1,high,baseline
QUEENSBORO PLAZA,QUEENS,2028-06-01,0.773873,1,high,baseline
QUEENSBORO PLAZA,QUEENS,2028-07-01,0.773873,1,high,baseline
QUEENSBORO PLAZA,QUEENS,2028-08-01,0.773873,1,high,baseline
QUEENSBORO PLAZA,QUEENS,2028-09-01,0.76465,1,high,baseline
QUEENSBORO PLAZA,QUEENS,2028-10-01,0.671552,1,high,baseline
QUEENSBORO PLAZA,QUEENS,2028-11-01,0.683878,1,high,baseline
QUEENSBORO PLAZA,QUEENS,2028-12-01,0.684134,1,high,baseline
QUEENSBORO PLAZA,QUEENS,2029-01-01,0.779156,1,high,baseline
QUEENSBORO PLAZA,QUEENS,2029-02-01,0.779156,1,high,baseline
QUEENSBORO PLAZA,QUEENS,2029-03-01,0.779156,1,high,baseline
QUEENSBORO PLAZA,QUEENS,2029-04-01,0.776826,1,high,baseline
QUEENSBORO PLAZA,QUEENS,2029-05-01,0.773873,1,high,baseline
QUEENSBORO PLAZA,QUEENS,2029-06-01,0.773873,1,high,baseline
QUEENSBORO PLAZA,QUEENS,2029-07-01,0.773873,1,high,baseline
QUEENSBORO PLAZA,QUEENS,2029-08-01,0.773873,1,high,baseline
QUEENSBORO PLAZA,QUEENS,2029-09-01,0.76465,1,high,baseline
QUEENSBORO PLAZA,QUEENS,2029-10-01,0.671552,1,high,baseline
QUEENSBORO PLAZA,QUEENS,2029-11-01,0.683878,1,high,baseline
QUEENSBORO PLAZA,QUEENS,2029-12-01,0.684134,1,high,baseline
RALPH AVENUE,BROOKLYN,2027-01-01,0.010191,0,very_low,baseline
RALPH AVENUE,BROOKLYN,2027-02-01,0.010258,0,very_low,baseline
RALPH AVENUE,BROOKLYN,2027-03-01,0.013303,0,very_low,baseline
RALPH AVENUE,BROOKLYN,2027-04-01,0.011854,0,very_low,baseline
RALPH AVENUE,BROOKLYN,2027-05-01,0.011739,0,very_low,baseline
RALPH AVENUE,BROOKLYN,2027-06-01,0.013347,0,very_low,baseline
RALPH AVENUE,BROOKLYN,2027-07-01,0.013347,0,very_low,baseline
RALPH AVENUE,BROOKLYN,2027-08-01,0.014685,0,very_low,baseline
RALPH AVENUE,BROOKLYN,2027-09-01,0.015345,0,very_low,baseline
RALPH AVENUE,BROOKLYN,2027-10-01,0.014115,0,very_low,baseline
RALPH AVENUE,BROOKLYN,2027-11-01,0.01404,0,very_low,baseline
RALPH AVENUE,BROOKLYN,2027-12-01,0.014533,0,very_low,baseline
RALPH AVENUE,BROOKLYN,2028-01-01,0.012501,0,very_low,baseline
RALPH AVENUE,BROOKLYN,2028-02-01,0.013223,0,very_low,baseline
RALPH AVENUE,BROOKLYN,2028-03-01,0.012895,0,very_low,baseline
RALPH AVENUE,BROOKLYN,2028-04-01,0.01312,0,very_low,baseline
RALPH AVENUE,BROOKLYN,2028-05-01,0.013347,0,very_low,baseline
RALPH AVENUE,BROOKLYN,2028-06-01,0.013347,0,very_low,baseline
RALPH AVENUE,BROOKLYN,2028-07-01,0.013347,0,very_low,baseline
RALPH AVENUE,BROOKLYN,2028-08-01,0.014685,0,very_low,baseline
RALPH AVENUE,BROOKLYN,2028-09-01,0.015345,0,very_low,baseline
RALPH AVENUE,BROOKLYN,2028-10-01,0.014115,0,very_low,baseline
RALPH AVENUE,BROOKLYN,2028-11-01,0.01404,0,very_low,baseline
RALPH AVENUE,BROOKLYN,2028-12-01,0.014533,0,very_low,baseline
RALPH AVENUE,BROOKLYN,2029-01-01,0.012501,0,very_low,baseline
RALPH AVENUE,BROOKLYN,2029-02-01,0.013223,0,very_low,baseline
RALPH AVENUE,BROOKLYN,2029-03-01,0.012895,0,very_low,baseline
RALPH AVENUE,BROOKLYN,2029-04-01,0.01312,0,very_low,baseline
RALPH AVENUE,BROOKLYN,2029-05-01,0.013347,0,very_low,baseline
RALPH AVENUE,BROOKLYN,2029-06-01,0.013347,0,very_low,baseline
RALPH AVENUE,BROOKLYN,2029-07-01,0.013347,0,very_low,baseline
RALPH AVENUE,BROOKLYN,2029-08-01,0.014685,0,very_low,baseline
RALPH AVENUE,BROOKLYN,2029-09-01,0.015345,0,very_low,baseline
RALPH AVENUE,BROOKLYN,2029-10-01,0.014115,0,very_low,baseline
RALPH AVENUE,BROOKLYN,2029-11-01,0.01404,0,very_low,baseline
RALPH AVENUE,BROOKLYN,2029-12-01,0.014533,0,very_low,baseline
RECTOR STREET,MANHATTAN,2027-01-01,6.8e-05,0,very_low,baseline
RECTOR STREET,MANHATTAN,2027-02-01,5e-05,0,very_low,baseline
RECTOR STREET,MANHATTAN,2027-03-01,5.1e-05,0,very_low,baseline
RECTOR STREET,MANHATTAN,2027-04-01,5.3e-05,0,very_low,baseline
RECTOR STREET,MANHATTAN,2027-05-01,6.5e-05,0,very_low,baseline
RECTOR STREET,MANHATTAN,2027-06-01,6.5e-05,0,very_low,baseline
RECTOR STREET,MANHATTAN,2027-07-01,6.5e-05,0,very_low,baseline
RECTOR STREET,MANHATTAN,2027-08-01,6.5e-05,0,very_low,baseline
RECTOR STREET,MANHATTAN,2027-09-01,6.8e-05,0,very_low,baseline
RECTOR STREET,MANHATTAN,2027-10-01,6.2e-05,0,very_low,baseline
RECTOR STREET,MANHATTAN,2027-11-01,5.8e-05,0,very_low,baseline
RECTOR STREET,MANHATTAN,2027-12-01,5.8e-05,0,very_low,baseline
RECTOR STREET,MANHATTAN,2028-01-01,6.4e-05,0,very_low,baseline
RECTOR STREET,MANHATTAN,2028-02-01,6.3e-05,0,very_low,baseline
RECTOR STREET,MANHATTAN,2028-03-01,6.2e-05,0,very_low,baseline
RECTOR STREET,MANHATTAN,2028-04-01,6.2e-05,0,very_low,baseline
RECTOR STREET,MANHATTAN,2028-05-01,6.4e-05,0,very_low,baseline
RECTOR STREET,MANHATTAN,2028-06-01,6.5e-05,0,very_low,baseline
RECTOR STREET,MANHATTAN,2028-07-01,6.5e-05,0,very_low,baseline
RECTOR STREET,MANHATTAN,2028-08-01,6.5e-05,0,very_low,baseline
RECTOR STREET,MANHATTAN,2028-09-01,6.8e-05,0,very_low,baseline
RECTOR STREET,MANHATTAN,2028-10-01,6.2e-05,0,very_low,baseline
RECTOR STREET,MANHATTAN,2028-11-01,5.8e-05,0,very_low,baseline
RECTOR STREET,MANHATTAN,2028-12-01,5.8e-05,0,very_low,baseline
RECTOR STREET,MANHATTAN,2029-01-01,6.4e-05,0,very_low,baseline
RECTOR STREET,MANHATTAN,2029-02-01,6.3e-05,0,very_low,baseline
RECTOR STREET,MANHATTAN,2029-03-01,6.2e-05,0,very_low,baseline
RECTOR STREET,MANHATTAN,2029-04-01,6.2e-05,0,very_low,baseline
RECTOR STREET,MANHATTAN,2029-05-01,6.4e-05,0,very_low,baseline
RECTOR STREET,MANHATTAN,2029-06-01,6.5e-05,0,very_low,baseline
RECTOR STREET,MANHATTAN,2029-07-01,6.5e-05,0,very_low,baseline
RECTOR STREET,MANHATTAN,2029-08-01,6.5e-05,0,very_low,baseline
RECTOR STREET,MANHATTAN,2029-09-01,6.8e-05,0,very_low,baseline
RECTOR STREET,MANHATTAN,2029-10-01,6.2e-05,0,very_low,baseline
RECTOR STREET,MANHATTAN,2029-11-01,5.8e-05,0,very_low,baseline
RECTOR STREET,MANHATTAN,2029-12-01,5.8e-05,0,very_low,baseline
ROCKAWAY AVENUE,BROOKLYN,2027-01-01,0.010369,0,very_low,baseline
ROCKAWAY AVENUE,BROOKLYN,2027-02-01,0.015069,0,very_low,baseline
ROCKAWAY AVENUE,BROOKLYN,2027-03-01,0.013367,0,very_low,baseline
ROCKAWAY AVENUE,BROOKLYN,2027-04-01,0.013028,0,very_low,baseline
ROCKAWAY AVENUE,BROOKLYN,2027-05-01,0.011351,0,very_low,baseline
ROCKAWAY AVENUE,BROOKLYN,2027-06-01,0.010576,0,very_low,baseline
ROCKAWAY AVENUE,BROOKLYN,2027-07-01,0.010867,0,very_low,baseline
ROCKAWAY AVENUE,BROOKLYN,2027-08-01,0.010867,0,very_low,baseline
ROCKAWAY AVENUE,BROOKLYN,2027-09-01,0.010335,0,very_low,baseline
ROCKAWAY AVENUE,BROOKLYN,2027-10-01,0.006751,0,very_low,baseline
ROCKAWAY AVENUE,BROOKLYN,2027-11-01,0.006278,0,very_low,baseline
ROCKAWAY AVENUE,BROOKLYN,2027-12-01,0.00663,0,very_low,baseline
ROCKAWAY AVENUE,BROOKLYN,2028-01-01,0.010387,0,very_low,baseline
ROCKAWAY AVENUE,BROOKLYN,2028-02-01,0.011225,0,very_low,baseline
ROCKAWAY AVENUE,BROOKLYN,2028-03-01,0.010434,0,very_low,baseline
ROCKAWAY AVENUE,BROOKLYN,2028-04-01,0.010887,0,very_low,baseline
ROCKAWAY AVENUE,BROOKLYN,2028-05-01,0.010753,0,very_low,baseline
ROCKAWAY AVENUE,BROOKLYN,2028-06-01,0.010576,0,very_low,baseline
ROCKAWAY AVENUE,BROOKLYN,2028-07-01,0.010867,0,very_low,baseline
ROCKAWAY AVENUE,BROOKLYN,2028-08-01,0.010867,0,very_low,baseline
ROCKAWAY AVENUE,BROOKLYN,2028-09-01,0.010335,0,very_low,baseline
ROCKAWAY AVENUE,BROOKLYN,2028-10-01,0.006751,0,very_low,baseline
ROCKAWAY AVENUE,BROOKLYN,2028-11-01,0.006278,0,very_low,baseline
ROCKAWAY AVENUE,BROOKLYN,2028-12-01,0.00663,0,very_low,baseline
ROCKAWAY AVENUE,BROOKLYN,2029-01-01,0.010387,0,very_low,baseline
ROCKAWAY AVENUE,BROOKLYN,2029-02-01,0.011225,0,very_low,baseline
ROCKAWAY AVENUE,BROOKLYN,2029-03-01,0.010434,0,very_low,baseline
ROCKAWAY AVENUE,BROOKLYN,2029-04-01,0.010887,0,very_low,baseline
ROCKAWAY AVENUE,BROOKLYN,2029-05-01,0.010753,0,very_low,baseline
ROCKAWAY AVENUE,BROOKLYN,2029-06-01,0.010576,0,very_low,baseline
ROCKAWAY AVENUE,BROOKLYN,2029-07-01,0.010867,0,very_low,baseline
ROCKAWAY AVENUE,BROOKLYN,2029-08-01,0.010867,0,very_low,baseline
ROCKAWAY AVENUE,BROOKLYN,2029-09-01,0.010335,0,very_low,baseline
ROCKAWAY AVENUE,BROOKLYN,2029-10-01,0.006751,0,very_low,baseline
ROCKAWAY AVENUE,BROOKLYN,2029-11-01,0.006278,0,very_low,baseline
ROCKAWAY AVENUE,BROOKLYN,2029-12-01,0.00663,0,very_low,baseline
ROCKAWAY BLVD.,QUEENS,2027-01-01,0.000685,0,very_low,baseline
ROCKAWAY BLVD.,QUEENS,2027-02-01,0.001129,0,very_low,baseline
ROCKAWAY BLVD.,QUEENS,2027-03-01,0.001297,0,very_low,baseline
ROCKAWAY BLVD.,QUEENS,2027-04-01,0.001305,0,very_low,baseline
ROCKAWAY BLVD.,QUEENS,2027-05-01,0.001176,0,very_low,baseline
ROCKAWAY BLVD.,QUEENS,2027-06-01,0.001118,0,very_low,baseline
ROCKAWAY BLVD.,QUEENS,2027-07-01,0.001118,0,very_low,baseline
ROCKAWAY BLVD.,QUEENS,2027-08-01,0.001118,0,very_low,baseline
ROCKAWAY BLVD.,QUEENS,2027-09-01,0.001123,0,very_low,baseline
ROCKAWAY BLVD.,QUEENS,2027-10-01,0.000745,0,very_low,baseline
ROCKAWAY BLVD.,QUEENS,2027-11-01,0.000742,0,very_low,baseline
ROCKAWAY BLVD.,QUEENS,2027-12-01,0.000724,0,very_low,baseline
ROCKAWAY BLVD.,QUEENS,2028-01-01,0.001018,0,very_low,baseline
ROCKAWAY BLVD.,QUEENS,2028-02-01,0.001034,0,very_low,baseline
ROCKAWAY BLVD.,QUEENS,2028-03-01,0.001029,0,very_low,baseline
ROCKAWAY BLVD.,QUEENS,2028-04-01,0.001029,0,very_low,baseline
ROCKAWAY BLVD.,QUEENS,2028-05-01,0.001082,0,very_low,baseline
ROCKAWAY BLVD.,QUEENS,2028-06-01,0.001118,0,very_low,baseline
ROCKAWAY BLVD.,QUEENS,2028-07-01,0.001118,0,very_low,baseline
ROCKAWAY BLVD.,QUEENS,2028-08-01,0.001118,0,very_low,baseline
ROCKAWAY BLVD.,QUEENS,2028-09-01,0.001123,0,very_low,baseline
ROCKAWAY BLVD.,QUEENS,2028-10-01,0.000745,0,very_low,baseline
ROCKAWAY BLVD.,QUEENS,2028-11-01,0.000742,0,very_low,baseline
ROCKAWAY BLVD.,QUEENS,2028-12-01,0.000724,0,very_low,baseline
ROCKAWAY BLVD.,QUEENS,2029-01-01,0.001018,0,very_low,baseline
ROCKAWAY BLVD.,QUEENS,2029-02-01,0.001034,0,very_low,baseline
ROCKAWAY BLVD.,QUEENS,2029-03-01,0.001029,0,very_low,baseline
ROCKAWAY BLVD.,QUEENS,2029-04-01,0.001029,0,very_low,baseline
ROCKAWAY BLVD.,QUEENS,2029-05-01,0.001082,0,very_low,baseline
ROCKAWAY BLVD.,QUEENS,2029-06-01,0.001118,0,very_low,baseline
ROCKAWAY BLVD.,QUEENS,2029-07-01,0.001118,0,very_low,baseline
ROCKAWAY BLVD.,QUEENS,2029-08-01,0.001118,0,very_low,baseline
ROCKAWAY BLVD.,QUEENS,2029-09-01,0.001123,0,very_low,baseline
ROCKAWAY BLVD.,QUEENS,2029-10-01,0.000745,0,very_low,baseline
ROCKAWAY BLVD.,QUEENS,2029-11-01,0.000742,0,very_low,baseline
ROCKAWAY BLVD.,QUEENS,2029-12-01,0.000724,0,very_low,baseline
ROCKAWAY PARK-BEACH 116 ST.,QUEENS,2027-01-01,0.000689,0,very_low,baseline
ROCKAWAY PARK-BEACH 116 ST.,QUEENS,2027-02-01,0.000681,0,very_low,baseline
ROCKAWAY PARK-BEACH 116 ST.,QUEENS,2027-03-01,0.000834,0,very_low,baseline
ROCKAWAY PARK-BEACH 116 ST.,QUEENS,2027-04-01,0.001028,0,very_low,baseline
ROCKAWAY PARK-BEACH 116 ST.,QUEENS,2027-05-01,0.000852,0,very_low,baseline
ROCKAWAY PARK-BEACH 116 ST.,QUEENS,2027-06-01,0.000827,0,very_low,baseline
ROCKAWAY PARK-BEACH 116 ST.,QUEENS,2027-07-01,0.000827,0,very_low,baseline
ROCKAWAY PARK-BEACH 116 ST.,QUEENS,2027-08-01,0.000811,0,very_low,baseline
ROCKAWAY PARK-BEACH 116 ST.,QUEENS,2027-09-01,0.000826,0,very_low,baseline
ROCKAWAY PARK-BEACH 116 ST.,QUEENS,2027-10-01,0.00067,0,very_low,baseline
ROCKAWAY PARK-BEACH 116 ST.,QUEENS,2027-11-01,0.000629,0,very_low,baseline
ROCKAWAY PARK-BEACH 116 ST.,QUEENS,2027-12-01,0.000629,0,very_low,baseline
ROCKAWAY PARK-BEACH 116 ST.,QUEENS,2028-01-01,0.000821,0,very_low,baseline
ROCKAWAY PARK-BEACH 116 ST.,QUEENS,2028-02-01,0.000831,0,very_low,baseline
ROCKAWAY PARK-BEACH 116 ST.,QUEENS,2028-03-01,0.000822,0,very_low,baseline
ROCKAWAY PARK-BEACH 116 ST.,QUEENS,2028-04-01,0.000815,0,very_low,baseline
ROCKAWAY PARK-BEACH 116 ST.,QUEENS,2028-05-01,0.000824,0,very_low,baseline
ROCKAWAY PARK-BEACH 116 ST.,QUEENS,2028-06-01,0.000827,0,very_low,baseline
ROCKAWAY PARK-BEACH 116 ST.,QUEENS,2028-07-01,0.000827,0,very_low,baseline
ROCKAWAY PARK-BEACH 116 ST.,QUEENS,2028-08-01,0.000811,0,very_low,baseline
ROCKAWAY PARK-BEACH 116 ST.,QUEENS,2028-09-01,0.000826,0,very_low,baseline
ROCKAWAY PARK-BEACH 116 ST.,QUEENS,2028-10-01,0.00067,0,very_low,baseline
ROCKAWAY PARK-BEACH 116 ST.,QUEENS,2028-11-01,0.000629,0,very_low,baseline
ROCKAWAY PARK-BEACH 116 ST.,QUEENS,2028-12-01,0.000629,0,very_low,baseline
ROCKAWAY PARK-BEACH 116 ST.,QUEENS,2029-01-01,0.000821,0,very_low,baseline
ROCKAWAY PARK-BEACH 116 ST.,QUEENS,2029-02-01,0.000831,0,very_low,baseline
ROCKAWAY PARK-BEACH 116 ST.,QUEENS,2029-03-01,0.000822,0,very_low,baseline
ROCKAWAY PARK-BEACH 116 ST.,QUEENS,2029-04-01,0.000815,0,very_low,baseline
ROCKAWAY PARK-BEACH 116 ST.,QUEENS,2029-05-01,0.000824,0,very_low,baseline
ROCKAWAY PARK-BEACH 116 ST.,QUEENS,2029-06-01,0.000827,0,very_low,baseline
ROCKAWAY PARK-BEACH 116 ST.,QUEENS,2029-07-01,0.000827,0,very_low,baseline
ROCKAWAY PARK-BEACH 116 ST.,QUEENS,2029-08-01,0.000811,0,very_low,baseline
ROCKAWAY PARK-BEACH 116 ST.,QUEENS,2029-09-01,0.000826,0,very_low,baseline
ROCKAWAY PARK-BEACH 116 ST.,QUEENS,2029-10-01,0.00067,0,very_low,baseline
ROCKAWAY PARK-BEACH 116 ST.,QUEENS,2029-11-01,0.000629,0,very_low,baseline
ROCKAWAY PARK-BEACH 116 ST.,QUEENS,2029-12-01,0.000629,0,very_low,baseline
ROCKAWAY PKWY-CANARSIE,BROOKLYN,2027-01-01,0.000242,0,very_low,baseline
ROCKAWAY PKWY-CANARSIE,BROOKLYN,2027-02-01,0.000252,0,very_low,baseline
ROCKAWAY PKWY-CANARSIE,BROOKLYN,2027-03-01,0.00024,0,very_low,baseline
ROCKAWAY PKWY-CANARSIE,BROOKLYN,2027-04-01,0.000258,0,very_low,baseline
ROCKAWAY PKWY-CANARSIE,BROOKLYN,2027-05-01,0.000254,0,very_low,baseline
ROCKAWAY PKWY-CANARSIE,BROOKLYN,2027-06-01,0.000271,0,very_low,baseline
ROCKAWAY PKWY-CANARSIE,BROOKLYN,2027-07-01,0.000271,0,very_low,baseline
ROCKAWAY PKWY-CANARSIE,BROOKLYN,2027-08-01,0.000271,0,very_low,baseline
ROCKAWAY PKWY-CANARSIE,BROOKLYN,2027-09-01,0.000268,0,very_low,baseline
ROCKAWAY PKWY-CANARSIE,BROOKLYN,2027-10-01,0.000172,0,very_low,baseline
ROCKAWAY PKWY-CANARSIE,BROOKLYN,2027-11-01,0.000167,0,very_low,baseline
ROCKAWAY PKWY-CANARSIE,BROOKLYN,2027-12-01,0.000169,0,very_low,baseline
ROCKAWAY PKWY-CANARSIE,BROOKLYN,2028-01-01,0.000251,0,very_low,baseline
ROCKAWAY PKWY-CANARSIE,BROOKLYN,2028-02-01,0.000251,0,very_low,baseline
ROCKAWAY PKWY-CANARSIE,BROOKLYN,2028-03-01,0.000243,0,very_low,baseline
ROCKAWAY PKWY-CANARSIE,BROOKLYN,2028-04-01,0.000245,0,very_low,baseline
ROCKAWAY PKWY-CANARSIE,BROOKLYN,2028-05-01,0.000259,0,very_low,baseline
ROCKAWAY PKWY-CANARSIE,BROOKLYN,2028-06-01,0.000271,0,very_low,baseline
ROCKAWAY PKWY-CANARSIE,BROOKLYN,2028-07-01,0.000271,0,very_low,baseline
ROCKAWAY PKWY-CANARSIE,BROOKLYN,2028-08-01,0.000271,0,very_low,baseline
ROCKAWAY PKWY-CANARSIE,BROOKLYN,2028-09-01,0.000268,0,very_low,baseline
ROCKAWAY PKWY-CANARSIE,BROOKLYN,2028-10-01,0.000172,0,very_low,baseline
ROCKAWAY PKWY-CANARSIE,BROOKLYN,2028-11-01,0.000167,0,very_low,baseline
ROCKAWAY PKWY-CANARSIE,BROOKLYN,2028-12-01,0.000169,0,very_low,baseline
ROCKAWAY PKWY-CANARSIE,BROOKLYN,2029-01-01,0.000251,0,very_low,baseline
ROCKAWAY PKWY-CANARSIE,BROOKLYN,2029-02-01,0.000251,0,very_low,baseline
ROCKAWAY PKWY-CANARSIE,BROOKLYN,2029-03-01,0.000243,0,very_low,baseline
ROCKAWAY PKWY-CANARSIE,BROOKLYN,2029-04-01,0.000245,0,very_low,baseline
ROCKAWAY PKWY-CANARSIE,BROOKLYN,2029-05-01,0.000259,0,very_low,baseline
ROCKAWAY PKWY-CANARSIE,BROOKLYN,2029-06-01,0.000271,0,very_low,baseline
ROCKAWAY PKWY-CANARSIE,BROOKLYN,2029-07-01,0.000271,0,very_low,baseline
ROCKAWAY PKWY-CANARSIE,BROOKLYN,2029-08-01,0.000271,0,very_low,baseline
ROCKAWAY PKWY-CANARSIE,BROOKLYN,2029-09-01,0.000268,0,very_low,baseline
ROCKAWAY PKWY-CANARSIE,BROOKLYN,2029-10-01,0.000172,0,very_low,baseline
ROCKAWAY PKWY-CANARSIE,BROOKLYN,2029-11-01,0.000167,0,very_low,baseline
ROCKAWAY PKWY-CANARSIE,BROOKLYN,2029-12-01,0.000169,0,very_low,baseline
ROOSEVELT AVE.-JACKSON HEIGHTS,QUEENS,2027-01-01,0.990833,1,very_high,baseline
ROOSEVELT AVE.-JACKSON HEIGHTS,QUEENS,2027-02-01,0.991878,1,very_high,baseline
ROOSEVELT AVE.-JACKSON HEIGHTS,QUEENS,2027-03-01,0.989485,1,very_high,baseline
ROOSEVELT AVE.-JACKSON HEIGHTS,QUEENS,2027-04-01,0.989654,1,very_high,baseline
ROOSEVELT AVE.-JACKSON HEIGHTS,QUEENS,2027-05-01,0.989883,1,very_high,baseline
ROOSEVELT AVE.-JACKSON HEIGHTS,QUEENS,2027-06-01,0.989969,1,very_high,baseline
ROOSEVELT AVE.-JACKSON HEIGHTS,QUEENS,2027-07-01,0.989969,1,very_high,baseline
ROOSEVELT AVE.-JACKSON HEIGHTS,QUEENS,2027-08-01,0.990519,1,very_high,baseline
ROOSEVELT AVE.-JACKSON HEIGHTS,QUEENS,2027-09-01,0.990116,1,very_high,baseline
ROOSEVELT AVE.-JACKSON HEIGHTS,QUEENS,2027-10-01,0.990668,1,very_high,baseline
ROOSEVELT AVE.-JACKSON HEIGHTS,QUEENS,2027-11-01,0.990554,1,very_high,baseline
ROOSEVELT AVE.-JACKSON HEIGHTS,QUEENS,2027-12-01,0.990554,1,very_high,baseline
ROOSEVELT AVE.-JACKSON HEIGHTS,QUEENS,2028-01-01,0.988985,1,very_high,baseline
ROOSEVELT AVE.-JACKSON HEIGHTS,QUEENS,2028-02-01,0.988985,1,very_high,baseline
ROOSEVELT AVE.-JACKSON HEIGHTS,QUEENS,2028-03-01,0.988985,1,very_high,baseline
ROOSEVELT AVE.-JACKSON HEIGHTS,QUEENS,2028-04-01,0.989654,1,very_high,baseline
ROOSEVELT AVE.-JACKSON HEIGHTS,QUEENS,2028-05-01,0.989883,1,very_high,baseline
ROOSEVELT AVE.-JACKSON HEIGHTS,QUEENS,2028-06-01,0.989969,1,very_high,baseline
ROOSEVELT AVE.-JACKSON HEIGHTS,QUEENS,2028-07-01,0.989969,1,very_high,baseline
ROOSEVELT AVE.-JACKSON HEIGHTS,QUEENS,2028-08-01,0.990519,1,very_high,baseline
ROOSEVELT AVE.-JACKSON HEIGHTS,QUEENS,2028-09-01,0.990116,1,very_high,baseline
ROOSEVELT AVE.-JACKSON HEIGHTS,QUEENS,2028-10-01,0.990668,1,very_high,baseline
ROOSEVELT AVE.-JACKSON HEIGHTS,QUEENS,2028-11-01,0.990554,1,very_high,baseline
ROOSEVELT AVE.-JACKSON HEIGHTS,QUEENS,2028-12-01,0.990554,1,very_high,baseline
ROOSEVELT AVE.-JACKSON HEIGHTS,QUEENS,2029-01-01,0.988985,1,very_high,baseline
ROOSEVELT AVE.-JACKSON HEIGHTS,QUEENS,2029-02-01,0.988985,1,very_high,baseline
ROOSEVELT AVE.-JACKSON HEIGHTS,QUEENS,2029-03-01,0.988985,1,very_high,baseline
ROOSEVELT AVE.-JACKSON HEIGHTS,QUEENS,2029-04-01,0.989654,1,very_high,baseline
ROOSEVELT AVE.-JACKSON HEIGHTS,QUEENS,2029-05-01,0.989883,1,very_high,baseline
ROOSEVELT AVE.-JACKSON HEIGHTS,QUEENS,2029-06-01,0.989969,1,very_high,baseline
ROOSEVELT AVE.-JACKSON HEIGHTS,QUEENS,2029-07-01,0.989969,1,very_high,baseline
ROOSEVELT AVE.-JACKSON HEIGHTS,QUEENS,2029-08-01,0.990519,1,very_high,baseline
ROOSEVELT AVE.-JACKSON HEIGHTS,QUEENS,2029-09-01,0.990116,1,very_high,baseline
ROOSEVELT AVE.-JACKSON HEIGHTS,QUEENS,2029-10-01,0.990668,1,very_high,baseline
ROOSEVELT AVE.-JACKSON HEIGHTS,QUEENS,2029-11-01,0.990554,1,very_high,baseline
ROOSEVELT AVE.-JACKSON HEIGHTS,QUEENS,2029-12-01,0.990554,1,very_high,baseline
ROOSEVELT ISLAND,QUEENS,2027-01-01,0.00019,0,very_low,baseline
ROOSEVELT ISLAND,QUEENS,2027-02-01,0.000245,0,very_low,baseline
ROOSEVELT ISLAND,QUEENS,2027-03-01,0.000209,0,very_low,baseline
ROOSEVELT ISLAND,QUEENS,2027-04-01,0.000216,0,very_low,baseline
ROOSEVELT ISLAND,QUEENS,2027-05-01,0.000158,0,very_low,baseline
ROOSEVELT ISLAND,QUEENS,2027-06-01,0.000159,0,very_low,baseline
ROOSEVELT ISLAND,QUEENS,2027-07-01,0.000159,0,very_low,baseline
ROOSEVELT ISLAND,QUEENS,2027-08-01,0.000159,0,very_low,baseline
ROOSEVELT ISLAND,QUEENS,2027-09-01,0.000162,0,very_low,baseline
ROOSEVELT ISLAND,QUEENS,2027-10-01,0.000134,0,very_low,baseline
ROOSEVELT ISLAND,QUEENS,2027-11-01,0.000126,0,very_low,baseline
ROOSEVELT ISLAND,QUEENS,2027-12-01,0.000124,0,very_low,baseline
ROOSEVELT ISLAND,QUEENS,2028-01-01,0.000156,0,very_low,baseline
ROOSEVELT ISLAND,QUEENS,2028-02-01,0.000156,0,very_low,baseline
ROOSEVELT ISLAND,QUEENS,2028-03-01,0.000156,0,very_low,baseline
ROOSEVELT ISLAND,QUEENS,2028-04-01,0.000156,0,very_low,baseline
ROOSEVELT ISLAND,QUEENS,2028-05-01,0.000163,0,very_low,baseline
ROOSEVELT ISLAND,QUEENS,2028-06-01,0.000159,0,very_low,baseline
ROOSEVELT ISLAND,QUEENS,2028-07-01,0.000159,0,very_low,baseline
ROOSEVELT ISLAND,QUEENS,2028-08-01,0.000159,0,very_low,baseline
ROOSEVELT ISLAND,QUEENS,2028-09-01,0.000162,0,very_low,baseline
ROOSEVELT ISLAND,QUEENS,2028-10-01,0.000134,0,very_low,baseline
ROOSEVELT ISLAND,QUEENS,2028-11-01,0.000126,0,very_low,baseline
ROOSEVELT ISLAND,QUEENS,2028-12-01,0.000124,0,very_low,baseline
ROOSEVELT ISLAND,QUEENS,2029-01-01,0.000156,0,very_low,baseline
ROOSEVELT ISLAND,QUEENS,2029-02-01,0.000156,0,very_low,baseline
ROOSEVELT ISLAND,QUEENS,2029-03-01,0.000156,0,very_low,baseline
ROOSEVELT ISLAND,QUEENS,2029-04-01,0.000156,0,very_low,baseline
ROOSEVELT ISLAND,QUEENS,2029-05-01,0.000163,0,very_low,baseline
ROOSEVELT ISLAND,QUEENS,2029-06-01,0.000159,0,very_low,baseline
ROOSEVELT ISLAND,QUEENS,2029-07-01,0.000159,0,very_low,baseline
ROOSEVELT ISLAND,QUEENS,2029-08-01,0.000159,0,very_low,baseline
ROOSEVELT ISLAND,QUEENS,2029-09-01,0.000162,0,very_low,baseline
ROOSEVELT ISLAND,QUEENS,2029-10-01,0.000134,0,very_low,baseline
ROOSEVELT ISLAND,QUEENS,2029-11-01,0.000126,0,very_low,baseline
ROOSEVELT ISLAND,QUEENS,2029-12-01,0.000124,0,very_low,baseline
SARATOGA AVENUE,BROOKLYN,2027-01-01,0.000988,0,very_low,baseline
SARATOGA AVENUE,BROOKLYN,2027-02-01,0.001508,0,very_low,baseline
SARATOGA AVENUE,BROOKLYN,2027-03-01,0.001763,0,very_low,baseline
SARATOGA AVENUE,BROOKLYN,2027-04-01,0.001322,0,very_low,baseline
SARATOGA AVENUE,BROOKLYN,2027-05-01,0.001728,0,very_low,baseline
SARATOGA AVENUE,BROOKLYN,2027-06-01,0.001155,0,very_low,baseline
SARATOGA AVENUE,BROOKLYN,2027-07-01,0.001168,0,very_low,baseline
SARATOGA AVENUE,BROOKLYN,2027-08-01,0.001168,0,very_low,baseline
SARATOGA AVENUE,BROOKLYN,2027-09-01,0.001082,0,very_low,baseline
SARATOGA AVENUE,BROOKLYN,2027-10-01,0.000522,0,very_low,baseline
SARATOGA AVENUE,BROOKLYN,2027-11-01,0.000507,0,very_low,baseline
SARATOGA AVENUE,BROOKLYN,2027-12-01,0.000507,0,very_low,baseline
SARATOGA AVENUE,BROOKLYN,2028-01-01,0.001043,0,very_low,baseline
SARATOGA AVENUE,BROOKLYN,2028-02-01,0.001116,0,very_low,baseline
SARATOGA AVENUE,BROOKLYN,2028-03-01,0.001111,0,very_low,baseline
SARATOGA AVENUE,BROOKLYN,2028-04-01,0.001111,0,very_low,baseline
SARATOGA AVENUE,BROOKLYN,2028-05-01,0.001138,0,very_low,baseline
SARATOGA AVENUE,BROOKLYN,2028-06-01,0.001155,0,very_low,baseline
SARATOGA AVENUE,BROOKLYN,2028-07-01,0.001168,0,very_low,baseline
SARATOGA AVENUE,BROOKLYN,2028-08-01,0.001168,0,very_low,baseline
SARATOGA AVENUE,BROOKLYN,2028-09-01,0.001082,0,very_low,baseline
SARATOGA AVENUE,BROOKLYN,2028-10-01,0.000522,0,very_low,baseline
SARATOGA AVENUE,BROOKLYN,2028-11-01,0.000507,0,very_low,baseline
SARATOGA AVENUE,BROOKLYN,2028-12-01,0.000507,0,very_low,baseline
SARATOGA AVENUE,BROOKLYN,2029-01-01,0.001043,0,very_low,baseline
SARATOGA AVENUE,BROOKLYN,2029-02-01,0.001116,0,very_low,baseline
SARATOGA AVENUE,BROOKLYN,2029-03-01,0.001111,0,very_low,baseline
SARATOGA AVENUE,BROOKLYN,2029-04-01,0.001111,0,very_low,baseline
SARATOGA AVENUE,BROOKLYN,2029-05-01,0.001138,0,very_low,baseline
SARATOGA AVENUE,BROOKLYN,2029-06-01,0.001155,0,very_low,baseline
SARATOGA AVENUE,BROOKLYN,2029-07-01,0.001168,0,very_low,baseline
SARATOGA AVENUE,BROOKLYN,2029-08-01,0.001168,0,very_low,baseline
SARATOGA AVENUE,BROOKLYN,2029-09-01,0.001082,0,very_low,baseline
SARATOGA AVENUE,BROOKLYN,2029-10-01,0.000522,0,very_low,baseline
SARATOGA AVENUE,BROOKLYN,2029-11-01,0.000507,0,very_low,baseline
SARATOGA AVENUE,BROOKLYN,2029-12-01,0.000507,0,very_low,baseline
SENECA AVENUE,QUEENS,2027-01-01,0.00022,0,very_low,baseline
SENECA AVENUE,QUEENS,2027-02-01,0.000231,0,very_low,baseline
SENECA AVENUE,QUEENS,2027-03-01,0.000211,0,very_low,baseline
SENECA AVENUE,QUEENS,2027-04-01,0.000196,0,very_low,baseline
SENECA AVENUE,QUEENS,2027-05-01,0.000217,0,very_low,baseline
SENECA AVENUE,QUEENS,2027-06-01,0.000202,0,very_low,baseline
SENECA AVENUE,QUEENS,2027-07-01,0.000202,0,very_low,baseline
SENECA AVENUE,QUEENS,2027-08-01,0.000202,0,very_low,baseline
SENECA AVENUE,QUEENS,2027-09-01,0.000211,0,very_low,baseline
SENECA AVENUE,QUEENS,2027-10-01,0.000174,0,very_low,baseline
SENECA AVENUE,QUEENS,2027-11-01,0.000166,0,very_low,baseline
SENECA AVENUE,QUEENS,2027-12-01,0.000166,0,very_low,baseline
SENECA AVENUE,QUEENS,2028-01-01,0.000196,0,very_low,baseline
SENECA AVENUE,QUEENS,2028-02-01,0.000195,0,very_low,baseline
SENECA AVENUE,QUEENS,2028-03-01,0.000196,0,very_low,baseline
SENECA AVENUE,QUEENS,2028-04-01,0.000196,0,very_low,baseline
SENECA AVENUE,QUEENS,2028-05-01,0.000201,0,very_low,baseline
SENECA AVENUE,QUEENS,2028-06-01,0.000202,0,very_low,baseline
SENECA AVENUE,QUEENS,2028-07-01,0.000202,0,very_low,baseline
SENECA AVENUE,QUEENS,2028-08-01,0.000202,0,very_low,baseline
SENECA AVENUE,QUEENS,2028-09-01,0.000211,0,very_low,baseline
SENECA AVENUE,QUEENS,2028-10-01,0.000174,0,very_low,baseline
SENECA AVENUE,QUEENS,2028-11-01,0.000166,0,very_low,baseline
SENECA AVENUE,QUEENS,2028-12-01,0.000166,0,very_low,baseline
SENECA AVENUE,QUEENS,2029-01-01,0.000196,0,very_low,baseline
SENECA AVENUE,QUEENS,2029-02-01,0.000195,0,very_low,baseline
SENECA AVENUE,QUEENS,2029-03-01,0.000196,0,very_low,baseline
SENECA AVENUE,QUEENS,2029-04-01,0.000196,0,very_low,baseline
SENECA AVENUE,QUEENS,2029-05-01,0.000201,0,very_low,baseline
SENECA AVENUE,QUEENS,2029-06-01,0.000202,0,very_low,baseline
SENECA AVENUE,QUEENS,2029-07-01,0.000202,0,very_low,baseline
SENECA AVENUE,QUEENS,2029-08-01,0.000202,0,very_low,baseline
SENECA AVENUE,QUEENS,2029-09-01,0.000211,0,very_low,baseline
SENECA AVENUE,QUEENS,2029-10-01,0.000174,0,very_low,baseline
SENECA AVENUE,QUEENS,2029-11-01,0.000166,0,very_low,baseline
SENECA AVENUE,QUEENS,2029-12-01,0.000166,0,very_low,baseline
SHEEPSHEAD BAY,BROOKLYN,2027-01-01,7.9e-05,0,very_low,baseline
SHEEPSHEAD BAY,BROOKLYN,2027-02-01,7.5e-05,0,very_low,baseline
SHEEPSHEAD BAY,BROOKLYN,2027-03-01,6.4e-05,0,very_low,baseline
SHEEPSHEAD BAY,BROOKLYN,2027-04-01,7.3e-05,0,very_low,baseline
SHEEPSHEAD BAY,BROOKLYN,2027-05-01,8.1e-05,0,very_low,baseline
SHEEPSHEAD BAY,BROOKLYN,2027-06-01,8.3e-05,0,very_low,baseline
SHEEPSHEAD BAY,BROOKLYN,2027-07-01,8.3e-05,0,very_low,baseline
SHEEPSHEAD BAY,BROOKLYN,2027-08-01,8.3e-05,0,very_low,baseline
SHEEPSHEAD BAY,BROOKLYN,2027-09-01,8.8e-05,0,very_low,baseline
SHEEPSHEAD BAY,BROOKLYN,2027-10-01,7.6e-05,0,very_low,baseline
SHEEPSHEAD BAY,BROOKLYN,2027-11-01,7.2e-05,0,very_low,baseline
SHEEPSHEAD BAY,BROOKLYN,2027-12-01,7.4e-05,0,very_low,baseline
SHEEPSHEAD BAY,BROOKLYN,2028-01-01,8.3e-05,0,very_low,baseline
SHEEPSHEAD BAY,BROOKLYN,2028-02-01,8.1e-05,0,very_low,baseline
SHEEPSHEAD BAY,BROOKLYN,2028-03-01,8e-05,0,very_low,baseline
SHEEPSHEAD BAY,BROOKLYN,2028-04-01,8e-05,0,very_low,baseline
SHEEPSHEAD BAY,BROOKLYN,2028-05-01,8.3e-05,0,very_low,baseline
SHEEPSHEAD BAY,BROOKLYN,2028-06-01,8.3e-05,0,very_low,baseline
SHEEPSHEAD BAY,BROOKLYN,2028-07-01,8.3e-05,0,very_low,baseline
SHEEPSHEAD BAY,BROOKLYN,2028-08-01,8.3e-05,0,very_low,baseline
SHEEPSHEAD BAY,BROOKLYN,2028-09-01,8.8e-05,0,very_low,baseline
SHEEPSHEAD BAY,BROOKLYN,2028-10-01,7.6e-05,0,very_low,baseline
SHEEPSHEAD BAY,BROOKLYN,2028-11-01,7.2e-05,0,very_low,baseline
SHEEPSHEAD BAY,BROOKLYN,2028-12-01,7.4e-05,0,very_low,baseline
SHEEPSHEAD BAY,BROOKLYN,2029-01-01,8.3e-05,0,very_low,baseline
SHEEPSHEAD BAY,BROOKLYN,2029-02-01,8.1e-05,0,very_low,baseline
SHEEPSHEAD BAY,BROOKLYN,2029-03-01,8e-05,0,very_low,baseline
SHEEPSHEAD BAY,BROOKLYN,2029-04-01,8e-05,0,very_low,baseline
SHEEPSHEAD BAY,BROOKLYN,2029-05-01,8.3e-05,0,very_low,baseline
SHEEPSHEAD BAY,BROOKLYN,2029-06-01,8.3e-05,0,very_low,baseline
SHEEPSHEAD BAY,BROOKLYN,2029-07-01,8.3e-05,0,very_low,baseline
SHEEPSHEAD BAY,BROOKLYN,2029-08-01,8.3e-05,0,very_low,baseline
SHEEPSHEAD BAY,BROOKLYN,2029-09-01,8.8e-05,0,very_low,baseline
SHEEPSHEAD BAY,BROOKLYN,2029-10-01,7.6e-05,0,very_low,baseline
SHEEPSHEAD BAY,BROOKLYN,2029-11-01,7.2e-05,0,very_low,baseline
SHEEPSHEAD BAY,BROOKLYN,2029-12-01,7.4e-05,0,very_low,baseline
SHEPHERD AVENUE,BROOKLYN,2027-01-01,0.000358,0,very_low,baseline
SHEPHERD AVENUE,BROOKLYN,2027-02-01,0.000882,0,very_low,baseline
SHEPHERD AVENUE,BROOKLYN,2027-03-01,0.000746,0,very_low,baseline
SHEPHERD AVENUE,BROOKLYN,2027-04-01,0.000563,0,very_low,baseline
SHEPHERD AVENUE,BROOKLYN,2027-05-01,0.000457,0,very_low,baseline
SHEPHERD AVENUE,BROOKLYN,2027-06-01,0.00051,0,very_low,baseline
SHEPHERD AVENUE,BROOKLYN,2027-07-01,0.00051,0,very_low,baseline
SHEPHERD AVENUE,BROOKLYN,2027-08-01,0.00051,0,very_low,baseline
SHEPHERD AVENUE,BROOKLYN,2027-09-01,0.000532,0,very_low,baseline
SHEPHERD AVENUE,BROOKLYN,2027-10-01,0.000372,0,very_low,baseline
SHEPHERD AVENUE,BROOKLYN,2027-11-01,0.000361,0,very_low,baseline
SHEPHERD AVENUE,BROOKLYN,2027-12-01,0.000361,0,very_low,baseline
SHEPHERD AVENUE,BROOKLYN,2028-01-01,0.000513,0,very_low,baseline
SHEPHERD AVENUE,BROOKLYN,2028-02-01,0.000517,0,very_low,baseline
SHEPHERD AVENUE,BROOKLYN,2028-03-01,0.00051,0,very_low,baseline
SHEPHERD AVENUE,BROOKLYN,2028-04-01,0.000505,0,very_low,baseline
SHEPHERD AVENUE,BROOKLYN,2028-05-01,0.000502,0,very_low,baseline
SHEPHERD AVENUE,BROOKLYN,2028-06-01,0.00051,0,very_low,baseline
SHEPHERD AVENUE,BROOKLYN,2028-07-01,0.00051,0,very_low,baseline
SHEPHERD AVENUE,BROOKLYN,2028-08-01,0.00051,0,very_low,baseline
SHEPHERD AVENUE,BROOKLYN,2028-09-01,0.000532,0,very_low,baseline
SHEPHERD AVENUE,BROOKLYN,2028-10-01,0.000372,0,very_low,baseline
SHEPHERD AVENUE,BROOKLYN,2028-11-01,0.000361,0,very_low,baseline
SHEPHERD AVENUE,BROOKLYN,2028-12-01,0.000361,0,very_low,baseline
SHEPHERD AVENUE,BROOKLYN,2029-01-01,0.000513,0,very_low,baseline
SHEPHERD AVENUE,BROOKLYN,2029-02-01,0.000517,0,very_low,baseline
SHEPHERD AVENUE,BROOKLYN,2029-03-01,0.00051,0,very_low,baseline
SHEPHERD AVENUE,BROOKLYN,2029-04-01,0.000505,0,very_low,baseline
SHEPHERD AVENUE,BROOKLYN,2029-05-01,0.000502,0,very_low,baseline
SHEPHERD AVENUE,BROOKLYN,2029-06-01,0.00051,0,very_low,baseline
SHEPHERD AVENUE,BROOKLYN,2029-07-01,0.00051,0,very_low,baseline
SHEPHERD AVENUE,BROOKLYN,2029-08-01,0.00051,0,very_low,baseline
SHEPHERD AVENUE,BROOKLYN,2029-09-01,0.000532,0,very_low,baseline
SHEPHERD AVENUE,BROOKLYN,2029-10-01,0.000372,0,very_low,baseline
SHEPHERD AVENUE,BROOKLYN,2029-11-01,0.000361,0,very_low,baseline
SHEPHERD AVENUE,BROOKLYN,2029-12-01,0.000361,0,very_low,baseline
SIMPSON STREET,BRONX,2027-01-01,0.322309,1,low,baseline
SIMPSON STREET,BRONX,2027-02-01,0.233357,1,low,baseline
SIMPSON STREET,BRONX,2027-03-01,0.32158,1,low,baseline
SIMPSON STREET,BRONX,2027-04-01,0.282586,1,low,baseline
SIMPSON STREET,BRONX,2027-05-01,0.336099,1,low,baseline
SIMPSON STREET,BRONX,2027-06-01,0.283035,1,low,baseline
SIMPSON STREET,BRONX,2027-07-01,0.304644,1,low,baseline
SIMPSON STREET,BRONX,2027-08-01,0.31949,1,low,baseline
SIMPSON STREET,BRONX,2027-09-01,0.321427,1,low,baseline
SIMPSON STREET,BRONX,2027-10-01,0.258882,1,low,baseline
SIMPSON STREET,BRONX,2027-11-01,0.277361,1,low,baseline
SIMPSON STREET,BRONX,2027-12-01,0.285344,1,low,baseline
SIMPSON STREET,BRONX,2028-01-01,0.342845,1,low,baseline
SIMPSON STREET,BRONX,2028-02-01,0.334047,1,low,baseline
SIMPSON STREET,BRONX,2028-03-01,0.334047,1,low,baseline
SIMPSON STREET,BRONX,2028-04-01,0.331053,1,low,baseline
SIMPSON STREET,BRONX,2028-05-01,0.337873,1,low,baseline
SIMPSON STREET,BRONX,2028-06-01,0.337873,1,low,baseline
SIMPSON STREET,BRONX,2028-07-01,0.337873,1,low,baseline
SIMPSON STREET,BRONX,2028-08-01,0.344028,1,low,baseline
SIMPSON STREET,BRONX,2028-09-01,0.336703,1,low,baseline
SIMPSON STREET,BRONX,2028-10-01,0.268802,1,low,baseline
SIMPSON STREET,BRONX,2028-11-01,0.280106,1,low,baseline
SIMPSON STREET,BRONX,2028-12-01,0.285344,1,low,baseline
SIMPSON STREET,BRONX,2029-01-01,0.342845,1,low,baseline
SIMPSON STREET,BRONX,2029-02-01,0.334047,1,low,baseline
SIMPSON STREET,BRONX,2029-03-01,0.334047,1,low,baseline
SIMPSON STREET,BRONX,2029-04-01,0.331053,1,low,baseline
SIMPSON STREET,BRONX,2029-05-01,0.337873,1,low,baseline
SIMPSON STREET,BRONX,2029-06-01,0.337873,1,low,baseline
SIMPSON STREET,BRONX,2029-07-01,0.337873,1,low,baseline
SIMPSON STREET,BRONX,2029-08-01,0.344028,1,low,baseline
SIMPSON STREET,BRONX,2029-09-01,0.336703,1,low,baseline
SIMPSON STREET,BRONX,2029-10-01,0.268802,1,low,baseline
SIMPSON STREET,BRONX,2029-11-01,0.280106,1,low,baseline
SIMPSON STREET,BRONX,2029-12-01,0.285344,1,low,baseline
SMITH-9 STREETS,BROOKLYN,2027-01-01,0.000319,0,very_low,baseline
SMITH-9 STREETS,BROOKLYN,2027-02-01,0.000296,0,very_low,baseline
SMITH-9 STREETS,BROOKLYN,2027-03-01,0.000402,0,very_low,baseline
SMITH-9 STREETS,BROOKLYN,2027-04-01,0.000363,0,very_low,baseline
SMITH-9 STREETS,BROOKLYN,2027-05-01,0.000361,0,very_low,baseline
SMITH-9 STREETS,BROOKLYN,2027-06-01,0.00036,0,very_low,baseline
SMITH-9 STREETS,BROOKLYN,2027-07-01,0.00035,0,very_low,baseline
SMITH-9 STREETS,BROOKLYN,2027-08-01,0.00035,0,very_low,baseline
SMITH-9 STREETS,BROOKLYN,2027-09-01,0.00035,0,very_low,baseline
SMITH-9 STREETS,BROOKLYN,2027-10-01,0.000238,0,very_low,baseline
SMITH-9 STREETS,BROOKLYN,2027-11-01,0.000231,0,very_low,baseline
SMITH-9 STREETS,BROOKLYN,2027-12-01,0.000227,0,very_low,baseline
SMITH-9 STREETS,BROOKLYN,2028-01-01,0.000319,0,very_low,baseline
SMITH-9 STREETS,BROOKLYN,2028-02-01,0.000315,0,very_low,baseline
SMITH-9 STREETS,BROOKLYN,2028-03-01,0.000315,0,very_low,baseline
SMITH-9 STREETS,BROOKLYN,2028-04-01,0.00032,0,very_low,baseline
SMITH-9 STREETS,BROOKLYN,2028-05-01,0.000344,0,very_low,baseline
SMITH-9 STREETS,BROOKLYN,2028-06-01,0.00036,0,very_low,baseline
SMITH-9 STREETS,BROOKLYN,2028-07-01,0.00035,0,very_low,baseline
SMITH-9 STREETS,BROOKLYN,2028-08-01,0.00035,0,very_low,baseline
SMITH-9 STREETS,BROOKLYN,2028-09-01,0.00035,0,very_low,baseline
SMITH-9 STREETS,BROOKLYN,2028-10-01,0.000238,0,very_low,baseline
SMITH-9 STREETS,BROOKLYN,2028-11-01,0.000231,0,very_low,baseline
SMITH-9 STREETS,BROOKLYN,2028-12-01,0.000227,0,very_low,baseline
SMITH-9 STREETS,BROOKLYN,2029-01-01,0.000319,0,very_low,baseline
SMITH-9 STREETS,BROOKLYN,2029-02-01,0.000315,0,very_low,baseline
SMITH-9 STREETS,BROOKLYN,2029-03-01,0.000315,0,very_low,baseline
SMITH-9 STREETS,BROOKLYN,2029-04-01,0.00032,0,very_low,baseline
SMITH-9 STREETS,BROOKLYN,2029-05-01,0.000344,0,very_low,baseline
SMITH-9 STREETS,BROOKLYN,2029-06-01,0.00036,0,very_low,baseline
SMITH-9 STREETS,BROOKLYN,2029-07-01,0.00035,0,very_low,baseline
SMITH-9 STREETS,BROOKLYN,2029-08-01,0.00035,0,very_low,baseline
SMITH-9 STREETS,BROOKLYN,2029-09-01,0.00035,0,very_low,baseline
SMITH-9 STREETS,BROOKLYN,2029-10-01,0.000238,0,very_low,baseline
SMITH-9 STREETS,BROOKLYN,2029-11-01,0.000231,0,very_low,baseline
SMITH-9 STREETS,BROOKLYN,2029-12-01,0.000227,0,very_low,baseline
SOUNDVIEW AVENUE,BRONX,2027-01-01,0.000224,0,very_low,baseline
SOUNDVIEW AVENUE,BRONX,2027-02-01,0.000195,0,very_low,baseline
SOUNDVIEW AVENUE,BRONX,2027-03-01,0.000205,0,very_low,baseline
SOUNDVIEW AVENUE,BRONX,2027-04-01,0.000201,0,very_low,baseline
SOUNDVIEW AVENUE,BRONX,2027-05-01,0.000207,0,very_low,baseline
SOUNDVIEW AVENUE,BRONX,2027-06-01,0.000215,0,very_low,baseline
SOUNDVIEW AVENUE,BRONX,2027-07-01,0.000209,0,very_low,baseline
SOUNDVIEW AVENUE,BRONX,2027-08-01,0.000209,0,very_low,baseline
SOUNDVIEW AVENUE,BRONX,2027-09-01,0.000215,0,very_low,baseline
SOUNDVIEW AVENUE,BRONX,2027-10-01,0.00015,0,very_low,baseline
SOUNDVIEW AVENUE,BRONX,2027-11-01,0.000145,0,very_low,baseline
SOUNDVIEW AVENUE,BRONX,2027-12-01,0.000147,0,very_low,baseline
SOUNDVIEW AVENUE,BRONX,2028-01-01,0.000213,0,very_low,baseline
SOUNDVIEW AVENUE,BRONX,2028-02-01,0.000212,0,very_low,baseline
SOUNDVIEW AVENUE,BRONX,2028-03-01,0.000205,0,very_low,baseline
SOUNDVIEW AVENUE,BRONX,2028-04-01,0.000203,0,very_low,baseline
SOUNDVIEW AVENUE,BRONX,2028-05-01,0.000212,0,very_low,baseline
SOUNDVIEW AVENUE,BRONX,2028-06-01,0.000215,0,very_low,baseline
SOUNDVIEW AVENUE,BRONX,2028-07-01,0.000209,0,very_low,baseline
SOUNDVIEW AVENUE,BRONX,2028-08-01,0.000209,0,very_low,baseline
SOUNDVIEW AVENUE,BRONX,2028-09-01,0.000215,0,very_low,baseline
SOUNDVIEW AVENUE,BRONX,2028-10-01,0.00015,0,very_low,baseline
SOUNDVIEW AVENUE,BRONX,2028-11-01,0.000145,0,very_low,baseline
SOUNDVIEW AVENUE,BRONX,2028-12-01,0.000147,0,very_low,baseline
SOUNDVIEW AVENUE,BRONX,2029-01-01,0.000213,0,very_low,baseline
SOUNDVIEW AVENUE,BRONX,2029-02-01,0.000212,0,very_low,baseline
SOUNDVIEW AVENUE,BRONX,2029-03-01,0.000205,0,very_low,baseline
SOUNDVIEW AVENUE,BRONX,2029-04-01,0.000203,0,very_low,baseline
SOUNDVIEW AVENUE,BRONX,2029-05-01,0.000212,0,very_low,baseline
SOUNDVIEW AVENUE,BRONX,2029-06-01,0.000215,0,very_low,baseline
SOUNDVIEW AVENUE,BRONX,2029-07-01,0.000209,0,very_low,baseline
SOUNDVIEW AVENUE,BRONX,2029-08-01,0.000209,0,very_low,baseline
SOUNDVIEW AVENUE,BRONX,2029-09-01,0.000215,0,very_low,baseline
SOUNDVIEW AVENUE,BRONX,2029-10-01,0.00015,0,very_low,baseline
SOUNDVIEW AVENUE,BRONX,2029-11-01,0.000145,0,very_low,baseline
SOUNDVIEW AVENUE,BRONX,2029-12-01,0.000147,0,very_low,baseline
SOUTH FERRY,MANHATTAN,2027-01-01,8.4e-05,0,very_low,baseline
SOUTH FERRY,MANHATTAN,2027-02-01,0.000115,0,very_low,baseline
SOUTH FERRY,MANHATTAN,2027-03-01,0.000132,0,very_low,baseline
SOUTH FERRY,MANHATTAN,2027-04-01,0.000168,0,very_low,baseline
SOUTH FERRY,MANHATTAN,2027-05-01,0.000156,0,very_low,baseline
SOUTH FERRY,MANHATTAN,2027-06-01,0.000132,0,very_low,baseline
SOUTH FERRY,MANHATTAN,2027-07-01,0.000132,0,very_low,baseline
SOUTH FERRY,MANHATTAN,2027-08-01,0.000132,0,very_low,baseline
SOUTH FERRY,MANHATTAN,2027-09-01,0.000131,0,very_low,baseline
SOUTH FERRY,MANHATTAN,2027-10-01,8.4e-05,0,very_low,baseline
SOUTH FERRY,MANHATTAN,2027-11-01,8.1e-05,0,very_low,baseline
SOUTH FERRY,MANHATTAN,2027-12-01,7.9e-05,0,very_low,baseline
SOUTH FERRY,MANHATTAN,2028-01-01,0.000126,0,very_low,baseline
SOUTH FERRY,MANHATTAN,2028-02-01,0.000125,0,very_low,baseline
SOUTH FERRY,MANHATTAN,2028-03-01,0.000123,0,very_low,baseline
SOUTH FERRY,MANHATTAN,2028-04-01,0.000124,0,very_low,baseline
SOUTH FERRY,MANHATTAN,2028-05-01,0.000133,0,very_low,baseline
SOUTH FERRY,MANHATTAN,2028-06-01,0.000132,0,very_low,baseline
SOUTH FERRY,MANHATTAN,2028-07-01,0.000132,0,very_low,baseline
SOUTH FERRY,MANHATTAN,2028-08-01,0.000132,0,very_low,baseline
SOUTH FERRY,MANHATTAN,2028-09-01,0.000131,0,very_low,baseline
SOUTH FERRY,MANHATTAN,2028-10-01,8.4e-05,0,very_low,baseline
SOUTH FERRY,MANHATTAN,2028-11-01,8.1e-05,0,very_low,baseline
SOUTH FERRY,MANHATTAN,2028-12-01,7.9e-05,0,very_low,baseline
SOUTH FERRY,MANHATTAN,2029-01-01,0.000126,0,very_low,baseline
SOUTH FERRY,MANHATTAN,2029-02-01,0.000125,0,very_low,baseline
SOUTH FERRY,MANHATTAN,2029-03-01,0.000123,0,very_low,baseline
SOUTH FERRY,MANHATTAN,2029-04-01,0.000124,0,very_low,baseline
SOUTH FERRY,MANHATTAN,2029-05-01,0.000133,0,very_low,baseline
SOUTH FERRY,MANHATTAN,2029-06-01,0.000132,0,very_low,baseline
SOUTH FERRY,MANHATTAN,2029-07-01,0.000132,0,very_low,baseline
SOUTH FERRY,MANHATTAN,2029-08-01,0.000132,0,very_low,baseline
SOUTH FERRY,MANHATTAN,2029-09-01,0.000131,0,very_low,baseline
SOUTH FERRY,MANHATTAN,2029-10-01,8.4e-05,0,very_low,baseline
SOUTH FERRY,MANHATTAN,2029-11-01,8.1e-05,0,very_low,baseline
SOUTH FERRY,MANHATTAN,2029-12-01,7.9e-05,0,very_low,baseline
SPRING STREET,MANHATTAN,2027-01-01,7.8e-05,0,very_low,baseline
SPRING STREET,MANHATTAN,2027-02-01,4.7e-05,0,very_low,baseline
SPRING STREET,MANHATTAN,2027-03-01,4.9e-05,0,very_low,baseline
SPRING STREET,MANHATTAN,2027-04-01,5.3e-05,0,very_low,baseline
SPRING STREET,MANHATTAN,2027-05-01,6.1e-05,0,very_low,baseline
SPRING STREET,MANHATTAN,2027-06-01,6.9e-05,0,very_low,baseline
SPRING STREET,MANHATTAN,2027-07-01,6.9e-05,0,very_low,baseline
SPRING STREET,MANHATTAN,2027-08-01,6.9e-05,0,very_low,baseline
SPRING STREET,MANHATTAN,2027-09-01,7.2e-05,0,very_low,baseline
SPRING STREET,MANHATTAN,2027-10-01,6.4e-05,0,very_low,baseline
SPRING STREET,MANHATTAN,2027-11-01,6e-05,0,very_low,baseline
SPRING STREET,MANHATTAN,2027-12-01,6e-05,0,very_low,baseline
SPRING STREET,MANHATTAN,2028-01-01,6.8e-05,0,very_low,baseline
SPRING STREET,MANHATTAN,2028-02-01,6.7e-05,0,very_low,baseline
SPRING STREET,MANHATTAN,2028-03-01,6.6e-05,0,very_low,baseline
SPRING STREET,MANHATTAN,2028-04-01,6.6e-05,0,very_low,baseline
SPRING STREET,MANHATTAN,2028-05-01,6.8e-05,0,very_low,baseline
SPRING STREET,MANHATTAN,2028-06-01,6.9e-05,0,very_low,baseline
SPRING STREET,MANHATTAN,2028-07-01,6.9e-05,0,very_low,baseline
SPRING STREET,MANHATTAN,2028-08-01,6.9e-05,0,very_low,baseline
SPRING STREET,MANHATTAN,2028-09-01,7.2e-05,0,very_low,baseline
SPRING STREET,MANHATTAN,2028-10-01,6.4e-05,0,very_low,baseline
SPRING STREET,MANHATTAN,2028-11-01,6e-05,0,very_low,baseline
SPRING STREET,MANHATTAN,2028-12-01,6e-05,0,very_low,baseline
SPRING STREET,MANHATTAN,2029-01-01,6.8e-05,0,very_low,baseline
SPRING STREET,MANHATTAN,2029-02-01,6.7e-05,0,very_low,baseline
SPRING STREET,MANHATTAN,2029-03-01,6.6e-05,0,very_low,baseline
SPRING STREET,MANHATTAN,2029-04-01,6.6e-05,0,very_low,baseline
SPRING STREET,MANHATTAN,2029-05-01,6.8e-05,0,very_low,baseline
SPRING STREET,MANHATTAN,2029-06-01,6.9e-05,0,very_low,baseline
SPRING STREET,MANHATTAN,2029-07-01,6.9e-05,0,very_low,baseline
SPRING STREET,MANHATTAN,2029-08-01,6.9e-05,0,very_low,baseline
SPRING STREET,MANHATTAN,2029-09-01,7.2e-05,0,very_low,baseline
SPRING STREET,MANHATTAN,2029-10-01,6.4e-05,0,very_low,baseline
SPRING STREET,MANHATTAN,2029-11-01,6e-05,0,very_low,baseline
SPRING STREET,MANHATTAN,2029-12-01,6e-05,0,very_low,baseline
ST. LAWRENCE AVENUE,BRONX,2027-01-01,0.000547,0,very_low,baseline
ST. LAWRENCE AVENUE,BRONX,2027-02-01,0.000767,0,very_low,baseline
ST. LAWRENCE AVENUE,BRONX,2027-03-01,0.000984,0,very_low,baseline
ST. LAWRENCE AVENUE,BRONX,2027-04-01,0.00079,0,very_low,baseline
ST. LAWRENCE AVENUE,BRONX,2027-05-01,0.000749,0,very_low,baseline
ST. LAWRENCE AVENUE,BRONX,2027-06-01,0.000714,0,very_low,baseline
ST. LAWRENCE AVENUE,BRONX,2027-07-01,0.000731,0,very_low,baseline
ST. LAWRENCE AVENUE,BRONX,2027-08-01,0.000731,0,very_low,baseline
ST. LAWRENCE AVENUE,BRONX,2027-09-01,0.000735,0,very_low,baseline
ST. LAWRENCE AVENUE,BRONX,2027-10-01,0.000429,0,very_low,baseline
ST. LAWRENCE AVENUE,BRONX,2027-11-01,0.000416,0,very_low,baseline
ST. LAWRENCE AVENUE,BRONX,2027-12-01,0.000416,0,very_low,baseline
ST. LAWRENCE AVENUE,BRONX,2028-01-01,0.000665,0,very_low,baseline
ST. LAWRENCE AVENUE,BRONX,2028-02-01,0.00069,0,very_low,baseline
ST. LAWRENCE AVENUE,BRONX,2028-03-01,0.000687,0,very_low,baseline
ST. LAWRENCE AVENUE,BRONX,2028-04-01,0.000687,0,very_low,baseline
ST. LAWRENCE AVENUE,BRONX,2028-05-01,0.000703,0,very_low,baseline
ST. LAWRENCE AVENUE,BRONX,2028-06-01,0.000714,0,very_low,baseline
ST. LAWRENCE AVENUE,BRONX,2028-07-01,0.000731,0,very_low,baseline
ST. LAWRENCE AVENUE,BRONX,2028-08-01,0.000731,0,very_low,baseline
ST. LAWRENCE AVENUE,BRONX,2028-09-01,0.000735,0,very_low,baseline
ST. LAWRENCE AVENUE,BRONX,2028-10-01,0.000429,0,very_low,baseline
ST. LAWRENCE AVENUE,BRONX,2028-11-01,0.000416,0,very_low,baseline
ST. LAWRENCE AVENUE,BRONX,2028-12-01,0.000416,0,very_low,baseline
ST. LAWRENCE AVENUE,BRONX,2029-01-01,0.000665,0,very_low,baseline
ST. LAWRENCE AVENUE,BRONX,2029-02-01,0.00069,0,very_low,baseline
ST. LAWRENCE AVENUE,BRONX,2029-03-01,0.000687,0,very_low,baseline
ST. LAWRENCE AVENUE,BRONX,2029-04-01,0.000687,0,very_low,baseline
ST. LAWRENCE AVENUE,BRONX,2029-05-01,0.000703,0,very_low,baseline
ST. LAWRENCE AVENUE,BRONX,2029-06-01,0.000714,0,very_low,baseline
ST. LAWRENCE AVENUE,BRONX,2029-07-01,0.000731,0,very_low,baseline
ST. LAWRENCE AVENUE,BRONX,2029-08-01,0.000731,0,very_low,baseline
ST. LAWRENCE AVENUE,BRONX,2029-09-01,0.000735,0,very_low,baseline
ST. LAWRENCE AVENUE,BRONX,2029-10-01,0.000429,0,very_low,baseline
ST. LAWRENCE AVENUE,BRONX,2029-11-01,0.000416,0,very_low,baseline
ST. LAWRENCE AVENUE,BRONX,2029-12-01,0.000416,0,very_low,baseline
STEINWAY ST.,QUEENS,2027-01-01,0.000122,0,very_low,baseline
STEINWAY ST.,QUEENS,2027-02-01,8e-05,0,very_low,baseline
STEINWAY ST.,QUEENS,2027-03-01,6.8e-05,0,very_low,baseline
STEINWAY ST.,QUEENS,2027-04-01,6.8e-05,0,very_low,baseline
STEINWAY ST.,QUEENS,2027-05-01,7.6e-05,0,very_low,baseline
STEINWAY ST.,QUEENS,2027-06-01,7.7e-05,0,very_low,baseline
STEINWAY ST.,QUEENS,2027-07-01,7.7e-05,0,very_low,baseline
STEINWAY ST.,QUEENS,2027-08-01,7.7e-05,0,very_low,baseline
STEINWAY ST.,QUEENS,2027-09-01,8.1e-05,0,very_low,baseline
STEINWAY ST.,QUEENS,2027-10-01,7.1e-05,0,very_low,baseline
STEINWAY ST.,QUEENS,2027-11-01,6.7e-05,0,very_low,baseline
STEINWAY ST.,QUEENS,2027-12-01,6.7e-05,0,very_low,baseline
STEINWAY ST.,QUEENS,2028-01-01,7.5e-05,0,very_low,baseline
STEINWAY ST.,QUEENS,2028-02-01,7.3e-05,0,very_low,baseline
STEINWAY ST.,QUEENS,2028-03-01,7.4e-05,0,very_low,baseline
STEINWAY ST.,QUEENS,2028-04-01,7.4e-05,0,very_low,baseline
STEINWAY ST.,QUEENS,2028-05-01,7.7e-05,0,very_low,baseline
STEINWAY ST.,QUEENS,2028-06-01,7.7e-05,0,very_low,baseline
STEINWAY ST.,QUEENS,2028-07-01,7.7e-05,0,very_low,baseline
STEINWAY ST.,QUEENS,2028-08-01,7.7e-05,0,very_low,baseline
STEINWAY ST.,QUEENS,2028-09-01,8.1e-05,0,very_low,baseline
STEINWAY ST.,QUEENS,2028-10-01,7.1e-05,0,very_low,baseline
STEINWAY ST.,QUEENS,2028-11-01,6.7e-05,0,very_low,baseline
STEINWAY ST.,QUEENS,2028-12-01,6.7e-05,0,very_low,baseline
STEINWAY ST.,QUEENS,2029-01-01,7.5e-05,0,very_low,baseline
STEINWAY ST.,QUEENS,2029-02-01,7.3e-05,0,very_low,baseline
STEINWAY ST.,QUEENS,2029-03-01,7.4e-05,0,very_low,baseline
STEINWAY ST.,QUEENS,2029-04-01,7.4e-05,0,very_low,baseline
STEINWAY ST.,QUEENS,2029-05-01,7.7e-05,0,very_low,baseline
STEINWAY ST.,QUEENS,2029-06-01,7.7e-05,0,very_low,baseline
STEINWAY ST.,QUEENS,2029-07-01,7.7e-05,0,very_low,baseline
STEINWAY ST.,QUEENS,2029-08-01,7.7e-05,0,very_low,baseline
STEINWAY ST.,QUEENS,2029-09-01,8.1e-05,0,very_low,baseline
STEINWAY ST.,QUEENS,2029-10-01,7.1e-05,0,very_low,baseline
STEINWAY ST.,QUEENS,2029-11-01,6.7e-05,0,very_low,baseline
STEINWAY ST.,QUEENS,2029-12-01,6.7e-05,0,very_low,baseline
STERLING STREET,BROOKLYN,2027-01-01,0.000183,0,very_low,baseline
STERLING STREET,BROOKLYN,2027-02-01,0.00017,0,very_low,baseline
STERLING STREET,BROOKLYN,2027-03-01,0.000254,0,very_low,baseline
STERLING STREET,BROOKLYN,2027-04-01,0.000175,0,very_low,baseline
STERLING STREET,BROOKLYN,2027-05-01,0.000226,0,very_low,baseline
STERLING STREET,BROOKLYN,2027-06-01,0.000267,0,very_low,baseline
STERLING STREET,BROOKLYN,2027-07-01,0.000267,0,very_low,baseline
STERLING STREET,BROOKLYN,2027-08-01,0.000262,0,very_low,baseline
STERLING STREET,BROOKLYN,2027-09-01,0.000271,0,very_low,baseline
STERLING STREET,BROOKLYN,2027-10-01,0.000197,0,very_low,baseline
STERLING STREET,BROOKLYN,2027-11-01,0.000188,0,very_low,baseline
STERLING STREET,BROOKLYN,2027-12-01,0.00019,0,very_low,baseline
STERLING STREET,BROOKLYN,2028-01-01,0.00026,0,very_low,baseline
STERLING STREET,BROOKLYN,2028-02-01,0.000258,0,very_low,baseline
STERLING STREET,BROOKLYN,2028-03-01,0.000257,0,very_low,baseline
STERLING STREET,BROOKLYN,2028-04-01,0.000255,0,very_low,baseline
STERLING STREET,BROOKLYN,2028-05-01,0.000266,0,very_low,baseline
STERLING STREET,BROOKLYN,2028-06-01,0.000267,0,very_low,baseline
STERLING STREET,BROOKLYN,2028-07-01,0.000267,0,very_low,baseline
STERLING STREET,BROOKLYN,2028-08-01,0.000262,0,very_low,baseline
STERLING STREET,BROOKLYN,2028-09-01,0.000271,0,very_low,baseline
STERLING STREET,BROOKLYN,2028-10-01,0.000197,0,very_low,baseline
STERLING STREET,BROOKLYN,2028-11-01,0.000188,0,very_low,baseline
STERLING STREET,BROOKLYN,2028-12-01,0.00019,0,very_low,baseline
STERLING STREET,BROOKLYN,2029-01-01,0.00026,0,very_low,baseline
STERLING STREET,BROOKLYN,2029-02-01,0.000258,0,very_low,baseline
STERLING STREET,BROOKLYN,2029-03-01,0.000257,0,very_low,baseline
STERLING STREET,BROOKLYN,2029-04-01,0.000255,0,very_low,baseline
STERLING STREET,BROOKLYN,2029-05-01,0.000266,0,very_low,baseline
STERLING STREET,BROOKLYN,2029-06-01,0.000267,0,very_low,baseline
STERLING STREET,BROOKLYN,2029-07-01,0.000267,0,very_low,baseline
STERLING STREET,BROOKLYN,2029-08-01,0.000262,0,very_low,baseline
STERLING STREET,BROOKLYN,2029-09-01,0.000271,0,very_low,baseline
STERLING STREET,BROOKLYN,2029-10-01,0.000197,0,very_low,baseline
STERLING STREET,BROOKLYN,2029-11-01,0.000188,0,very_low,baseline
STERLING STREET,BROOKLYN,2029-12-01,0.00019,0,very_low,baseline
STILLWELL AVENUE-CONEY ISLAND,BROOKLYN,2027-01-01,0.968744,1,very_high,baseline
STILLWELL AVENUE-CONEY ISLAND,BROOKLYN,2027-02-01,0.9783,1,very_high,baseline
STILLWELL AVENUE-CONEY ISLAND,BROOKLYN,2027-03-01,0.971959,1,very_high,baseline
STILLWELL AVENUE-CONEY ISLAND,BROOKLYN,2027-04-01,0.973635,1,very_high,baseline
STILLWELL AVENUE-CONEY ISLAND,BROOKLYN,2027-05-01,0.974582,1,very_high,baseline
STILLWELL AVENUE-CONEY ISLAND,BROOKLYN,2027-06-01,0.975515,1,very_high,baseline
STILLWELL AVENUE-CONEY ISLAND,BROOKLYN,2027-07-01,0.975515,1,very_high,baseline
STILLWELL AVENUE-CONEY ISLAND,BROOKLYN,2027-08-01,0.976203,1,very_high,baseline
STILLWELL AVENUE-CONEY ISLAND,BROOKLYN,2027-09-01,0.975991,1,very_high,baseline
STILLWELL AVENUE-CONEY ISLAND,BROOKLYN,2027-10-01,0.970129,1,very_high,baseline
STILLWELL AVENUE-CONEY ISLAND,BROOKLYN,2027-11-01,0.971162,1,very_high,baseline
STILLWELL AVENUE-CONEY ISLAND,BROOKLYN,2027-12-01,0.971877,1,very_high,baseline
STILLWELL AVENUE-CONEY ISLAND,BROOKLYN,2028-01-01,0.971959,1,very_high,baseline
STILLWELL AVENUE-CONEY ISLAND,BROOKLYN,2028-02-01,0.971959,1,very_high,baseline
STILLWELL AVENUE-CONEY ISLAND,BROOKLYN,2028-03-01,0.971959,1,very_high,baseline
STILLWELL AVENUE-CONEY ISLAND,BROOKLYN,2028-04-01,0.973635,1,very_high,baseline
STILLWELL AVENUE-CONEY ISLAND,BROOKLYN,2028-05-01,0.974582,1,very_high,baseline
STILLWELL AVENUE-CONEY ISLAND,BROOKLYN,2028-06-01,0.975515,1,very_high,baseline
STILLWELL AVENUE-CONEY ISLAND,BROOKLYN,2028-07-01,0.975515,1,very_high,baseline
STILLWELL AVENUE-CONEY ISLAND,BROOKLYN,2028-08-01,0.976203,1,very_high,baseline
STILLWELL AVENUE-CONEY ISLAND,BROOKLYN,2028-09-01,0.975991,1,very_high,baseline
STILLWELL AVENUE-CONEY ISLAND,BROOKLYN,2028-10-01,0.970129,1,very_high,baseline
STILLWELL AVENUE-CONEY ISLAND,BROOKLYN,2028-11-01,0.971162,1,very_high,baseline
STILLWELL AVENUE-CONEY ISLAND,BROOKLYN,2028-12-01,0.971877,1,very_high,baseline
STILLWELL AVENUE-CONEY ISLAND,BROOKLYN,2029-01-01,0.971959,1,very_high,baseline
STILLWELL AVENUE-CONEY ISLAND,BROOKLYN,2029-02-01,0.971959,1,very_high,baseline
STILLWELL AVENUE-CONEY ISLAND,BROOKLYN,2029-03-01,0.971959,1,very_high,baseline
STILLWELL AVENUE-CONEY ISLAND,BROOKLYN,2029-04-01,0.973635,1,very_high,baseline
STILLWELL AVENUE-CONEY ISLAND,BROOKLYN,2029-05-01,0.974582,1,very_high,baseline
STILLWELL AVENUE-CONEY ISLAND,BROOKLYN,2029-06-01,0.975515,1,very_high,baseline
STILLWELL AVENUE-CONEY ISLAND,BROOKLYN,2029-07-01,0.975515,1,very_high,baseline
STILLWELL AVENUE-CONEY ISLAND,BROOKLYN,2029-08-01,0.976203,1,very_high,baseline
STILLWELL AVENUE-CONEY ISLAND,BROOKLYN,2029-09-01,0.975991,1,very_high,baseline
STILLWELL AVENUE-CONEY ISLAND,BROOKLYN,2029-10-01,0.970129,1,very_high,baseline
STILLWELL AVENUE-CONEY ISLAND,BROOKLYN,2029-11-01,0.971162,1,very_high,baseline
STILLWELL AVENUE-CONEY ISLAND,BROOKLYN,2029-12-01,0.971877,1,very_high,baseline
SUTPHIN BLVD.,QUEENS,2027-01-01,0.465808,1,medium,baseline
SUTPHIN BLVD.,QUEENS,2027-02-01,0.463103,1,medium,baseline
SUTPHIN BLVD.,QUEENS,2027-03-01,0.415071,1,medium,baseline
SUTPHIN BLVD.,QUEENS,2027-04-01,0.44304,1,medium,baseline
SUTPHIN BLVD.,QUEENS,2027-05-01,0.4798,1,medium,baseline
SUTPHIN BLVD.,QUEENS,2027-06-01,0.474937,1,medium,baseline
SUTPHIN BLVD.,QUEENS,2027-07-01,0.510098,1,medium,baseline
SUTPHIN BLVD.,QUEENS,2027-08-01,0.524667,1,medium,baseline
SUTPHIN BLVD.,QUEENS,2027-09-01,0.548862,1,medium,baseline
SUTPHIN BLVD.,QUEENS,2027-10-01,0.46389,1,medium,baseline
SUTPHIN BLVD.,QUEENS,2027-11-01,0.488397,1,medium,baseline
SUTPHIN BLVD.,QUEENS,2027-12-01,0.512202,1,medium,baseline
SUTPHIN BLVD.,QUEENS,2028-01-01,0.568813,1,medium,baseline
SUTPHIN BLVD.,QUEENS,2028-02-01,0.55915,1,medium,baseline
SUTPHIN BLVD.,QUEENS,2028-03-01,0.545721,1,medium,baseline
SUTPHIN BLVD.,QUEENS,2028-04-01,0.55112,1,medium,baseline
SUTPHIN BLVD.,QUEENS,2028-05-01,0.555589,1,medium,baseline
SUTPHIN BLVD.,QUEENS,2028-06-01,0.555589,1,medium,baseline
SUTPHIN BLVD.,QUEENS,2028-07-01,0.558785,1,medium,baseline
SUTPHIN BLVD.,QUEENS,2028-08-01,0.565528,1,medium,baseline
SUTPHIN BLVD.,QUEENS,2028-09-01,0.566158,1,medium,baseline
SUTPHIN BLVD.,QUEENS,2028-10-01,0.476844,1,medium,baseline
SUTPHIN BLVD.,QUEENS,2028-11-01,0.492038,1,medium,baseline
SUTPHIN BLVD.,QUEENS,2028-12-01,0.512202,1,medium,baseline
SUTPHIN BLVD.,QUEENS,2029-01-01,0.568813,1,medium,baseline
SUTPHIN BLVD.,QUEENS,2029-02-01,0.55915,1,medium,baseline
SUTPHIN BLVD.,QUEENS,2029-03-01,0.545721,1,medium,baseline
SUTPHIN BLVD.,QUEENS,2029-04-01,0.55112,1,medium,baseline
SUTPHIN BLVD.,QUEENS,2029-05-01,0.555589,1,medium,baseline
SUTPHIN BLVD.,QUEENS,2029-06-01,0.555589,1,medium,baseline
SUTPHIN BLVD.,QUEENS,2029-07-01,0.558785,1,medium,baseline
SUTPHIN BLVD.,QUEENS,2029-08-01,0.565528,1,medium,baseline
SUTPHIN BLVD.,QUEENS,2029-09-01,0.566158,1,medium,baseline
SUTPHIN BLVD.,QUEENS,2029-10-01,0.476844,1,medium,baseline
SUTPHIN BLVD.,QUEENS,2029-11-01,0.492038,1,medium,baseline
SUTPHIN BLVD.,QUEENS,2029-12-01,0.512202,1,medium,baseline
SUTPHIN BLVD.-ARCHER AVE.,QUEENS,2027-01-01,0.956397,1,very_high,baseline
SUTPHIN BLVD.-ARCHER AVE.,QUEENS,2027-02-01,0.967836,1,very_high,baseline
SUTPHIN BLVD.-ARCHER AVE.,QUEENS,2027-03-01,0.967898,1,very_high,baseline
SUTPHIN BLVD.-ARCHER AVE.,QUEENS,2027-04-01,0.965315,1,very_high,baseline
SUTPHIN BLVD.-ARCHER AVE.,QUEENS,2027-05-01,0.960159,1,very_high,baseline
SUTPHIN BLVD.-ARCHER AVE.,QUEENS,2027-06-01,0.956743,1,very_high,baseline
SUTPHIN BLVD.-ARCHER AVE.,QUEENS,2027-07-01,0.956743,1,very_high,baseline
SUTPHIN BLVD.-ARCHER AVE.,QUEENS,2027-08-01,0.961177,1,very_high,baseline
SUTPHIN BLVD.-ARCHER AVE.,QUEENS,2027-09-01,0.962744,1,very_high,baseline
SUTPHIN BLVD.-ARCHER AVE.,QUEENS,2027-10-01,0.966427,1,very_high,baseline
SUTPHIN BLVD.-ARCHER AVE.,QUEENS,2027-11-01,0.965326,1,very_high,baseline
SUTPHIN BLVD.-ARCHER AVE.,QUEENS,2027-12-01,0.965326,1,very_high,baseline
SUTPHIN BLVD.-ARCHER AVE.,QUEENS,2028-01-01,0.960803,1,very_high,baseline
SUTPHIN BLVD.-ARCHER AVE.,QUEENS,2028-02-01,0.960803,1,very_high,baseline
SUTPHIN BLVD.-ARCHER AVE.,QUEENS,2028-03-01,0.959833,1,very_high,baseline
SUTPHIN BLVD.-ARCHER AVE.,QUEENS,2028-04-01,0.960516,1,very_high,baseline
SUTPHIN BLVD.-ARCHER AVE.,QUEENS,2028-05-01,0.960683,1,very_high,baseline
SUTPHIN BLVD.-ARCHER AVE.,QUEENS,2028-06-01,0.960683,1,very_high,baseline
SUTPHIN BLVD.-ARCHER AVE.,QUEENS,2028-07-01,0.960683,1,very_high,baseline
SUTPHIN BLVD.-ARCHER AVE.,QUEENS,2028-08-01,0.962775,1,very_high,baseline
SUTPHIN BLVD.-ARCHER AVE.,QUEENS,2028-09-01,0.963418,1,very_high,baseline
SUTPHIN BLVD.-ARCHER AVE.,QUEENS,2028-10-01,0.965823,1,very_high,baseline
SUTPHIN BLVD.-ARCHER AVE.,QUEENS,2028-11-01,0.965326,1,very_high,baseline
SUTPHIN BLVD.-ARCHER AVE.,QUEENS,2028-12-01,0.965326,1,very_high,baseline
SUTPHIN BLVD.-ARCHER AVE.,QUEENS,2029-01-01,0.960803,1,very_high,baseline
SUTPHIN BLVD.-ARCHER AVE.,QUEENS,2029-02-01,0.960803,1,very_high,baseline
SUTPHIN BLVD.-ARCHER AVE.,QUEENS,2029-03-01,0.959833,1,very_high,baseline
SUTPHIN BLVD.-ARCHER AVE.,QUEENS,2029-04-01,0.960516,1,very_high,baseline
SUTPHIN BLVD.-ARCHER AVE.,QUEENS,2029-05-01,0.960683,1,very_high,baseline
SUTPHIN BLVD.-ARCHER AVE.,QUEENS,2029-06-01,0.960683,1,very_high,baseline
SUTPHIN BLVD.-ARCHER AVE.,QUEENS,2029-07-01,0.960683,1,very_high,baseline
SUTPHIN BLVD.-ARCHER AVE.,QUEENS,2029-08-01,0.962775,1,very_high,baseline
SUTPHIN BLVD.-ARCHER AVE.,QUEENS,2029-09-01,0.963418,1,very_high,baseline
SUTPHIN BLVD.-ARCHER AVE.,QUEENS,2029-10-01,0.965823,1,very_high,baseline
SUTPHIN BLVD.-ARCHER AVE.,QUEENS,2029-11-01,0.965326,1,very_high,baseline
SUTPHIN BLVD.-ARCHER AVE.,QUEENS,2029-12-01,0.965326,1,very_high,baseline
SUTTER AVENUE,BROOKLYN,2027-01-01,0.059183,0,very_low,baseline
SUTTER AVENUE,BROOKLYN,2027-02-01,0.026495,0,very_low,baseline
SUTTER AVENUE,BROOKLYN,2027-03-01,0.024722,0,very_low,baseline
SUTTER AVENUE,BROOKLYN,2027-04-01,0.017771,0,very_low,baseline
SUTTER AVENUE,BROOKLYN,2027-05-01,0.016539,0,very_low,baseline
SUTTER AVENUE,BROOKLYN,2027-06-01,0.016856,0,very_low,baseline
SUTTER AVENUE,BROOKLYN,2027-07-01,0.017316,0,very_low,baseline
SUTTER AVENUE,BROOKLYN,2027-08-01,0.017316,0,very_low,baseline
SUTTER AVENUE,BROOKLYN,2027-09-01,0.016233,0,very_low,baseline
SUTTER AVENUE,BROOKLYN,2027-10-01,0.008721,0,very_low,baseline
SUTTER AVENUE,BROOKLYN,2027-11-01,0.007945,0,very_low,baseline
SUTTER AVENUE,BROOKLYN,2027-12-01,0.007825,0,very_low,baseline
SUTTER AVENUE,BROOKLYN,2028-01-01,0.015789,0,very_low,baseline
SUTTER AVENUE,BROOKLYN,2028-02-01,0.016912,0,very_low,baseline
SUTTER AVENUE,BROOKLYN,2028-03-01,0.016388,0,very_low,baseline
SUTTER AVENUE,BROOKLYN,2028-04-01,0.016388,0,very_low,baseline
SUTTER AVENUE,BROOKLYN,2028-05-01,0.016803,0,very_low,baseline
SUTTER AVENUE,BROOKLYN,2028-06-01,0.016856,0,very_low,baseline
SUTTER AVENUE,BROOKLYN,2028-07-01,0.017316,0,very_low,baseline
SUTTER AVENUE,BROOKLYN,2028-08-01,0.017316,0,very_low,baseline
SUTTER AVENUE,BROOKLYN,2028-09-01,0.016233,0,very_low,baseline
SUTTER AVENUE,BROOKLYN,2028-10-01,0.008721,0,very_low,baseline
SUTTER AVENUE,BROOKLYN,2028-11-01,0.007945,0,very_low,baseline
SUTTER AVENUE,BROOKLYN,2028-12-01,0.007825,0,very_low,baseline
SUTTER AVENUE,BROOKLYN,2029-01-01,0.015789,0,very_low,baseline
SUTTER AVENUE,BROOKLYN,2029-02-01,0.016912,0,very_low,baseline
SUTTER AVENUE,BROOKLYN,2029-03-01,0.016388,0,very_low,baseline
SUTTER AVENUE,BROOKLYN,2029-04-01,0.016388,0,very_low,baseline
SUTTER AVENUE,BROOKLYN,2029-05-01,0.016803,0,very_low,baseline
SUTTER AVENUE,BROOKLYN,2029-06-01,0.016856,0,very_low,baseline
SUTTER AVENUE,BROOKLYN,2029-07-01,0.017316,0,very_low,baseline
SUTTER AVENUE,BROOKLYN,2029-08-01,0.017316,0,very_low,baseline
SUTTER AVENUE,BROOKLYN,2029-09-01,0.016233,0,very_low,baseline
SUTTER AVENUE,BROOKLYN,2029-10-01,0.008721,0,very_low,baseline
SUTTER AVENUE,BROOKLYN,2029-11-01,0.007945,0,very_low,baseline
SUTTER AVENUE,BROOKLYN,2029-12-01,0.007825,0,very_low,baseline
SUTTER AVENUE-RUTLAND ROAD,BROOKLYN,2027-01-01,0.037715,0,very_low,baseline
SUTTER AVENUE-RUTLAND ROAD,BROOKLYN,2027-02-01,0.045309,0,very_low,baseline
SUTTER AVENUE-RUTLAND ROAD,BROOKLYN,2027-03-01,0.035329,0,very_low,baseline
SUTTER AVENUE-RUTLAND ROAD,BROOKLYN,2027-04-01,0.032087,0,very_low,baseline
SUTTER AVENUE-RUTLAND ROAD,BROOKLYN,2027-05-01,0.045056,0,very_low,baseline
SUTTER AVENUE-RUTLAND ROAD,BROOKLYN,2027-06-01,0.026668,0,very_low,baseline
SUTTER AVENUE-RUTLAND ROAD,BROOKLYN,2027-07-01,0.026668,0,very_low,baseline
SUTTER AVENUE-RUTLAND ROAD,BROOKLYN,2027-08-01,0.026668,0,very_low,baseline
SUTTER AVENUE-RUTLAND ROAD,BROOKLYN,2027-09-01,0.025967,0,very_low,baseline
SUTTER AVENUE-RUTLAND ROAD,BROOKLYN,2027-10-01,0.01284,0,very_low,baseline
SUTTER AVENUE-RUTLAND ROAD,BROOKLYN,2027-11-01,0.012211,0,very_low,baseline
SUTTER AVENUE-RUTLAND ROAD,BROOKLYN,2027-12-01,0.011917,0,very_low,baseline
SUTTER AVENUE-RUTLAND ROAD,BROOKLYN,2028-01-01,0.0228,0,very_low,baseline
SUTTER AVENUE-RUTLAND ROAD,BROOKLYN,2028-02-01,0.024728,0,very_low,baseline
SUTTER AVENUE-RUTLAND ROAD,BROOKLYN,2028-03-01,0.024623,0,very_low,baseline
SUTTER AVENUE-RUTLAND ROAD,BROOKLYN,2028-04-01,0.024623,0,very_low,baseline
SUTTER AVENUE-RUTLAND ROAD,BROOKLYN,2028-05-01,0.025837,0,very_low,baseline
SUTTER AVENUE-RUTLAND ROAD,BROOKLYN,2028-06-01,0.026668,0,very_low,baseline
SUTTER AVENUE-RUTLAND ROAD,BROOKLYN,2028-07-01,0.026668,0,very_low,baseline
SUTTER AVENUE-RUTLAND ROAD,BROOKLYN,2028-08-01,0.026668,0,very_low,baseline
SUTTER AVENUE-RUTLAND ROAD,BROOKLYN,2028-09-01,0.025967,0,very_low,baseline
SUTTER AVENUE-RUTLAND ROAD,BROOKLYN,2028-10-01,0.01284,0,very_low,baseline
SUTTER AVENUE-RUTLAND ROAD,BROOKLYN,2028-11-01,0.012211,0,very_low,baseline
SUTTER AVENUE-RUTLAND ROAD,BROOKLYN,2028-12-01,0.011917,0,very_low,baseline
SUTTER AVENUE-RUTLAND ROAD,BROOKLYN,2029-01-01,0.0228,0,very_low,baseline
SUTTER AVENUE-RUTLAND ROAD,BROOKLYN,2029-02-01,0.024728,0,very_low,baseline
SUTTER AVENUE-RUTLAND ROAD,BROOKLYN,2029-03-01,0.024623,0,very_low,baseline
SUTTER AVENUE-RUTLAND ROAD,BROOKLYN,2029-04-01,0.024623,0,very_low,baseline
SUTTER AVENUE-RUTLAND ROAD,BROOKLYN,2029-05-01,0.025837,0,very_low,baseline
SUTTER AVENUE-RUTLAND ROAD,BROOKLYN,2029-06-01,0.026668,0,very_low,baseline
SUTTER AVENUE-RUTLAND ROAD,BROOKLYN,2029-07-01,0.026668,0,very_low,baseline
SUTTER AVENUE-RUTLAND ROAD,BROOKLYN,2029-08-01,0.026668,0,very_low,baseline
SUTTER AVENUE-RUTLAND ROAD,BROOKLYN,2029-09-01,0.025967,0,very_low,baseline
SUTTER AVENUE-RUTLAND ROAD,BROOKLYN,2029-10-01,0.01284,0,very_low,baseline
SUTTER AVENUE-RUTLAND ROAD,BROOKLYN,2029-11-01,0.012211,0,very_low,baseline
SUTTER AVENUE-RUTLAND ROAD,BROOKLYN,2029-12-01,0.011917,0,very_low,baseline
TREMONT AVENUE,BRONX,2027-01-01,0.855024,1,very_high,baseline
TREMONT AVENUE,BRONX,2027-02-01,0.889933,1,very_high,baseline
TREMONT AVENUE,BRONX,2027-03-01,0.896165,1,very_high,baseline
TREMONT AVENUE,BRONX,2027-04-01,0.901506,1,very_high,baseline
TREMONT AVENUE,BRONX,2027-05-01,0.884137,1,very_high,baseline
TREMONT AVENUE,BRONX,2027-06-01,0.896158,1,very_high,baseline
TREMONT AVENUE,BRONX,2027-07-01,0.909995,1,very_high,baseline
TREMONT AVENUE,BRONX,2027-08-01,0.914544,1,very_high,baseline
TREMONT AVENUE,BRONX,2027-09-01,0.913832,1,very_high,baseline
TREMONT AVENUE,BRONX,2027-10-01,0.890546,1,very_high,baseline
TREMONT AVENUE,BRONX,2027-11-01,0.891874,1,very_high,baseline
TREMONT AVENUE,BRONX,2027-12-01,0.896525,1,very_high,baseline
TREMONT AVENUE,BRONX,2028-01-01,0.909204,1,very_high,baseline
TREMONT AVENUE,BRONX,2028-02-01,0.909204,1,very_high,baseline
TREMONT AVENUE,BRONX,2028-03-01,0.909204,1,very_high,baseline
TREMONT AVENUE,BRONX,2028-04-01,0.909633,1,very_high,baseline
TREMONT AVENUE,BRONX,2028-05-01,0.909995,1,very_high,baseline
TREMONT AVENUE,BRONX,2028-06-01,0.909995,1,very_high,baseline
TREMONT AVENUE,BRONX,2028-07-01,0.909995,1,very_high,baseline
TREMONT AVENUE,BRONX,2028-08-01,0.914544,1,very_high,baseline
TREMONT AVENUE,BRONX,2028-09-01,0.913832,1,very_high,baseline
TREMONT AVENUE,BRONX,2028-10-01,0.890546,1,very_high,baseline
TREMONT AVENUE,BRONX,2028-11-01,0.891874,1,very_high,baseline
TREMONT AVENUE,BRONX,2028-12-01,0.896525,1,very_high,baseline
TREMONT AVENUE,BRONX,2029-01-01,0.909204,1,very_high,baseline
TREMONT AVENUE,BRONX,2029-02-01,0.909204,1,very_high,baseline
TREMONT AVENUE,BRONX,2029-03-01,0.909204,1,very_high,baseline
TREMONT AVENUE,BRONX,2029-04-01,0.909633,1,very_high,baseline
TREMONT AVENUE,BRONX,2029-05-01,0.909995,1,very_high,baseline
TREMONT AVENUE,BRONX,2029-06-01,0.909995,1,very_high,baseline
TREMONT AVENUE,BRONX,2029-07-01,0.909995,1,very_high,baseline
TREMONT AVENUE,BRONX,2029-08-01,0.914544,1,very_high,baseline
TREMONT AVENUE,BRONX,2029-09-01,0.913832,1,very_high,baseline
TREMONT AVENUE,BRONX,2029-10-01,0.890546,1,very_high,baseline
TREMONT AVENUE,BRONX,2029-11-01,0.891874,1,very_high,baseline
TREMONT AVENUE,BRONX,2029-12-01,0.896525,1,very_high,baseline
UNION SQUARE,MANHATTAN,2027-01-01,0.000701,0,very_low,baseline
UNION SQUARE,MANHATTAN,2027-02-01,0.000671,0,very_low,baseline
UNION SQUARE,MANHATTAN,2027-03-01,0.000825,0,very_low,baseline
UNION SQUARE,MANHATTAN,2027-04-01,0.000765,0,very_low,baseline
UNION SQUARE,MANHATTAN,2027-05-01,0.000838,0,very_low,baseline
UNION SQUARE,MANHATTAN,2027-06-01,0.001006,0,very_low,baseline
UNION SQUARE,MANHATTAN,2027-07-01,0.001006,0,very_low,baseline
UNION SQUARE,MANHATTAN,2027-08-01,0.001006,0,very_low,baseline
UNION SQUARE,MANHATTAN,2027-09-01,0.000976,0,very_low,baseline
UNION SQUARE,MANHATTAN,2027-10-01,0.000727,0,very_low,baseline
UNION SQUARE,MANHATTAN,2027-11-01,0.000682,0,very_low,baseline
UNION SQUARE,MANHATTAN,2027-12-01,0.000665,0,very_low,baseline
UNION SQUARE,MANHATTAN,2028-01-01,0.000823,0,very_low,baseline
UNION SQUARE,MANHATTAN,2028-02-01,0.000894,0,very_low,baseline
UNION SQUARE,MANHATTAN,2028-03-01,0.00091,0,very_low,baseline
UNION SQUARE,MANHATTAN,2028-04-01,0.00091,0,very_low,baseline
UNION SQUARE,MANHATTAN,2028-05-01,0.000974,0,very_low,baseline
UNION SQUARE,MANHATTAN,2028-06-01,0.001006,0,very_low,baseline
UNION SQUARE,MANHATTAN,2028-07-01,0.001006,0,very_low,baseline
UNION SQUARE,MANHATTAN,2028-08-01,0.001006,0,very_low,baseline
UNION SQUARE,MANHATTAN,2028-09-01,0.000976,0,very_low,baseline
UNION SQUARE,MANHATTAN,2028-10-01,0.000727,0,very_low,baseline
UNION SQUARE,MANHATTAN,2028-11-01,0.000682,0,very_low,baseline
UNION SQUARE,MANHATTAN,2028-12-01,0.000665,0,very_low,baseline
UNION SQUARE,MANHATTAN,2029-01-01,0.000823,0,very_low,baseline
UNION SQUARE,MANHATTAN,2029-02-01,0.000894,0,very_low,baseline
UNION SQUARE,MANHATTAN,2029-03-01,0.00091,0,very_low,baseline
UNION SQUARE,MANHATTAN,2029-04-01,0.00091,0,very_low,baseline
UNION SQUARE,MANHATTAN,2029-05-01,0.000974,0,very_low,baseline
UNION SQUARE,MANHATTAN,2029-06-01,0.001006,0,very_low,baseline
UNION SQUARE,MANHATTAN,2029-07-01,0.001006,0,very_low,baseline
UNION SQUARE,MANHATTAN,2029-08-01,0.001006,0,very_low,baseline
UNION SQUARE,MANHATTAN,2029-09-01,0.000976,0,very_low,baseline
UNION SQUARE,MANHATTAN,2029-10-01,0.000727,0,very_low,baseline
UNION SQUARE,MANHATTAN,2029-11-01,0.000682,0,very_low,baseline
UNION SQUARE,MANHATTAN,2029-12-01,0.000665,0,very_low,baseline
UNION STREET,BROOKLYN,2027-01-01,0.000137,0,very_low,baseline
UNION STREET,BROOKLYN,2027-02-01,0.000176,0,very_low,baseline
UNION STREET,BROOKLYN,2027-03-01,0.000249,0,very_low,baseline
UNION STREET,BROOKLYN,2027-04-01,0.000309,0,very_low,baseline
UNION STREET,BROOKLYN,2027-05-01,0.000246,0,very_low,baseline
UNION STREET,BROOKLYN,2027-06-01,0.000238,0,very_low,baseline
UNION STREET,BROOKLYN,2027-07-01,0.000238,0,very_low,baseline
UNION STREET,BROOKLYN,2027-08-01,0.000238,0,very_low,baseline
UNION STREET,BROOKLYN,2027-09-01,0.000246,0,very_low,baseline
UNION STREET,BROOKLYN,2027-10-01,0.000162,0,very_low,baseline
UNION STREET,BROOKLYN,2027-11-01,0.000157,0,very_low,baseline
UNION STREET,BROOKLYN,2027-12-01,0.000159,0,very_low,baseline
UNION STREET,BROOKLYN,2028-01-01,0.000223,0,very_low,baseline
UNION STREET,BROOKLYN,2028-02-01,0.000223,0,very_low,baseline
UNION STREET,BROOKLYN,2028-03-01,0.00022,0,very_low,baseline
UNION STREET,BROOKLYN,2028-04-01,0.000222,0,very_low,baseline
UNION STREET,BROOKLYN,2028-05-01,0.000234,0,very_low,baseline
UNION STREET,BROOKLYN,2028-06-01,0.000238,0,very_low,baseline
UNION STREET,BROOKLYN,2028-07-01,0.000238,0,very_low,baseline
UNION STREET,BROOKLYN,2028-08-01,0.000238,0,very_low,baseline
UNION STREET,BROOKLYN,2028-09-01,0.000246,0,very_low,baseline
UNION STREET,BROOKLYN,2028-10-01,0.000162,0,very_low,baseline
UNION STREET,BROOKLYN,2028-11-01,0.000157,0,very_low,baseline
UNION STREET,BROOKLYN,2028-12-01,0.000159,0,very_low,baseline
UNION STREET,BROOKLYN,2029-01-01,0.000223,0,very_low,baseline
UNION STREET,BROOKLYN,2029-02-01,0.000223,0,very_low,baseline
UNION STREET,BROOKLYN,2029-03-01,0.00022,0,very_low,baseline
UNION STREET,BROOKLYN,2029-04-01,0.000222,0,very_low,baseline
UNION STREET,BROOKLYN,2029-05-01,0.000234,0,very_low,baseline
UNION STREET,BROOKLYN,2029-06-01,0.000238,0,very_low,baseline
UNION STREET,BROOKLYN,2029-07-01,0.000238,0,very_low,baseline
UNION STREET,BROOKLYN,2029-08-01,0.000238,0,very_low,baseline
UNION STREET,BROOKLYN,2029-09-01,0.000246,0,very_low,baseline
UNION STREET,BROOKLYN,2029-10-01,0.000162,0,very_low,baseline
UNION STREET,BROOKLYN,2029-11-01,0.000157,0,very_low,baseline
UNION STREET,BROOKLYN,2029-12-01,0.000159,0,very_low,baseline
UNION TURNPIKE-KEW GARDENS,QUEENS,2027-01-01,0.198798,1,very_low,baseline
UNION TURNPIKE-KEW GARDENS,QUEENS,2027-02-01,0.131105,1,very_low,baseline
UNION TURNPIKE-KEW GARDENS,QUEENS,2027-03-01,0.173483,1,very_low,baseline
UNION TURNPIKE-KEW GARDENS,QUEENS,2027-04-01,0.182706,1,very_low,baseline
UNION TURNPIKE-KEW GARDENS,QUEENS,2027-05-01,0.181742,1,very_low,baseline
UNION TURNPIKE-KEW GARDENS,QUEENS,2027-06-01,0.16963,1,very_low,baseline
UNION TURNPIKE-KEW GARDENS,QUEENS,2027-07-01,0.181746,1,very_low,baseline
UNION TURNPIKE-KEW GARDENS,QUEENS,2027-08-01,0.191586,1,very_low,baseline
UNION TURNPIKE-KEW GARDENS,QUEENS,2027-09-01,0.190616,1,very_low,baseline
UNION TURNPIKE-KEW GARDENS,QUEENS,2027-10-01,0.144249,1,very_low,baseline
UNION TURNPIKE-KEW GARDENS,QUEENS,2027-11-01,0.155757,1,very_low,baseline
UNION TURNPIKE-KEW GARDENS,QUEENS,2027-12-01,0.170996,1,very_low,baseline
UNION TURNPIKE-KEW GARDENS,QUEENS,2028-01-01,0.198395,1,very_low,baseline
UNION TURNPIKE-KEW GARDENS,QUEENS,2028-02-01,0.19222,1,very_low,baseline
UNION TURNPIKE-KEW GARDENS,QUEENS,2028-03-01,0.18778,1,very_low,baseline
UNION TURNPIKE-KEW GARDENS,QUEENS,2028-04-01,0.190776,1,very_low,baseline
UNION TURNPIKE-KEW GARDENS,QUEENS,2028-05-01,0.193295,1,very_low,baseline
UNION TURNPIKE-KEW GARDENS,QUEENS,2028-06-01,0.193295,1,very_low,baseline
UNION TURNPIKE-KEW GARDENS,QUEENS,2028-07-01,0.193295,1,very_low,baseline
UNION TURNPIKE-KEW GARDENS,QUEENS,2028-08-01,0.197603,1,very_low,baseline
UNION TURNPIKE-KEW GARDENS,QUEENS,2028-09-01,0.192731,1,very_low,baseline
UNION TURNPIKE-KEW GARDENS,QUEENS,2028-10-01,0.145942,1,very_low,baseline
UNION TURNPIKE-KEW GARDENS,QUEENS,2028-11-01,0.155757,1,very_low,baseline
UNION TURNPIKE-KEW GARDENS,QUEENS,2028-12-01,0.170996,1,very_low,baseline
UNION TURNPIKE-KEW GARDENS,QUEENS,2029-01-01,0.198395,1,very_low,baseline
UNION TURNPIKE-KEW GARDENS,QUEENS,2029-02-01,0.19222,1,very_low,baseline
UNION TURNPIKE-KEW GARDENS,QUEENS,2029-03-01,0.18778,1,very_low,baseline
UNION TURNPIKE-KEW GARDENS,QUEENS,2029-04-01,0.190776,1,very_low,baseline
UNION TURNPIKE-KEW GARDENS,QUEENS,2029-05-01,0.193295,1,very_low,baseline
UNION TURNPIKE-KEW GARDENS,QUEENS,2029-06-01,0.193295,1,very_low,baseline
UNION TURNPIKE-KEW GARDENS,QUEENS,2029-07-01,0.193295,1,very_low,baseline
UNION TURNPIKE-KEW GARDENS,QUEENS,2029-08-01,0.197603,1,very_low,baseline
UNION TURNPIKE-KEW GARDENS,QUEENS,2029-09-01,0.192731,1,very_low,baseline
UNION TURNPIKE-KEW GARDENS,QUEENS,2029-10-01,0.145942,1,very_low,baseline
UNION TURNPIKE-KEW GARDENS,QUEENS,2029-11-01,0.155757,1,very_low,baseline
UNION TURNPIKE-KEW GARDENS,QUEENS,2029-12-01,0.170996,1,very_low,baseline
UTICA AVE.-CROWN HEIGHTS,BROOKLYN,2027-01-01,0.912995,1,very_high,baseline
UTICA AVE.-CROWN HEIGHTS,BROOKLYN,2027-02-01,0.915093,1,very_high,baseline
UTICA AVE.-CROWN HEIGHTS,BROOKLYN,2027-03-01,0.949575,1,very_high,baseline
UTICA AVE.-CROWN HEIGHTS,BROOKLYN,2027-04-01,0.943973,1,very_high,baseline
UTICA AVE.-CROWN HEIGHTS,BROOKLYN,2027-05-01,0.947439,1,very_high,baseline
UTICA AVE.-CROWN HEIGHTS,BROOKLYN,2027-06-01,0.943022,1,very_high,baseline
UTICA AVE.-CROWN HEIGHTS,BROOKLYN,2027-07-01,0.947953,1,very_high,baseline
UTICA AVE.-CROWN HEIGHTS,BROOKLYN,2027-08-01,0.950782,1,very_high,baseline
UTICA AVE.-CROWN HEIGHTS,BROOKLYN,2027-09-01,0.953986,1,very_high,baseline
UTICA AVE.-CROWN HEIGHTS,BROOKLYN,2027-10-01,0.959651,1,very_high,baseline
UTICA AVE.-CROWN HEIGHTS,BROOKLYN,2027-11-01,0.960615,1,very_high,baseline
UTICA AVE.-CROWN HEIGHTS,BROOKLYN,2027-12-01,0.965687,1,very_high,baseline
UTICA AVE.-CROWN HEIGHTS,BROOKLYN,2028-01-01,0.961498,1,very_high,baseline
UTICA AVE.-CROWN HEIGHTS,BROOKLYN,2028-02-01,0.961498,1,very_high,baseline
UTICA AVE.-CROWN HEIGHTS,BROOKLYN,2028-03-01,0.961498,1,very_high,baseline
UTICA AVE.-CROWN HEIGHTS,BROOKLYN,2028-04-01,0.962154,1,very_high,baseline
UTICA AVE.-CROWN HEIGHTS,BROOKLYN,2028-05-01,0.962969,1,very_high,baseline
UTICA AVE.-CROWN HEIGHTS,BROOKLYN,2028-06-01,0.962969,1,very_high,baseline
UTICA AVE.-CROWN HEIGHTS,BROOKLYN,2028-07-01,0.962969,1,very_high,baseline
UTICA AVE.-CROWN HEIGHTS,BROOKLYN,2028-08-01,0.964944,1,very_high,baseline
UTICA AVE.-CROWN HEIGHTS,BROOKLYN,2028-09-01,0.963321,1,very_high,baseline
UTICA AVE.-CROWN HEIGHTS,BROOKLYN,2028-10-01,0.96609,1,very_high,baseline
UTICA AVE.-CROWN HEIGHTS,BROOKLYN,2028-11-01,0.965687,1,very_high,baseline
UTICA AVE.-CROWN HEIGHTS,BROOKLYN,2028-12-01,0.965687,1,very_high,baseline
UTICA AVE.-CROWN HEIGHTS,BROOKLYN,2029-01-01,0.961498,1,very_high,baseline
UTICA AVE.-CROWN HEIGHTS,BROOKLYN,2029-02-01,0.961498,1,very_high,baseline
UTICA AVE.-CROWN HEIGHTS,BROOKLYN,2029-03-01,0.961498,1,very_high,baseline
UTICA AVE.-CROWN HEIGHTS,BROOKLYN,2029-04-01,0.962154,1,very_high,baseline
UTICA AVE.-CROWN HEIGHTS,BROOKLYN,2029-05-01,0.962969,1,very_high,baseline
UTICA AVE.-CROWN HEIGHTS,BROOKLYN,2029-06-01,0.962969,1,very_high,baseline
UTICA AVE.-CROWN HEIGHTS,BROOKLYN,2029-07-01,0.962969,1,very_high,baseline
UTICA AVE.-CROWN HEIGHTS,BROOKLYN,2029-08-01,0.964944,1,very_high,baseline
UTICA AVE.-CROWN HEIGHTS,BROOKLYN,2029-09-01,0.963321,1,very_high,baseline
UTICA AVE.-CROWN HEIGHTS,BROOKLYN,2029-10-01,0.96609,1,very_high,baseline
UTICA AVE.-CROWN HEIGHTS,BROOKLYN,2029-11-01,0.965687,1,very_high,baseline
UTICA AVE.-CROWN HEIGHTS,BROOKLYN,2029-12-01,0.965687,1,very_high,baseline
UTICA AVENUE,BROOKLYN,2027-01-01,0.106593,1,very_low,baseline
UTICA AVENUE,BROOKLYN,2027-02-01,0.130472,1,very_low,baseline
UTICA AVENUE,BROOKLYN,2027-03-01,0.183167,1,very_low,baseline
UTICA AVENUE,BROOKLYN,2027-04-01,0.174964,1,very_low,baseline
UTICA AVENUE,BROOKLYN,2027-05-01,0.108734,1,very_low,baseline
UTICA AVENUE,BROOKLYN,2027-06-01,0.109093,1,very_low,baseline
UTICA AVENUE,BROOKLYN,2027-07-01,0.122142,1,very_low,baseline
UTICA AVENUE,BROOKLYN,2027-08-01,0.138218,1,very_low,baseline
UTICA AVENUE,BROOKLYN,2027-09-01,0.142405,1,very_low,baseline
UTICA AVENUE,BROOKLYN,2027-10-01,0.113025,1,very_low,baseline
UTICA AVENUE,BROOKLYN,2027-11-01,0.122819,1,very_low,baseline
UTICA AVENUE,BROOKLYN,2027-12-01,0.123582,1,very_low,baseline
UTICA AVENUE,BROOKLYN,2028-01-01,0.138041,1,very_low,baseline
UTICA AVENUE,BROOKLYN,2028-02-01,0.133432,1,very_low,baseline
UTICA AVENUE,BROOKLYN,2028-03-01,0.133432,1,very_low,baseline
UTICA AVENUE,BROOKLYN,2028-04-01,0.134131,1,very_low,baseline
UTICA AVENUE,BROOKLYN,2028-05-01,0.136721,1,very_low,baseline
UTICA AVENUE,BROOKLYN,2028-06-01,0.136721,1,very_low,baseline
UTICA AVENUE,BROOKLYN,2028-07-01,0.136721,1,very_low,baseline
UTICA AVENUE,BROOKLYN,2028-08-01,0.149927,1,very_low,baseline
UTICA AVENUE,BROOKLYN,2028-09-01,0.149061,1,very_low,baseline
UTICA AVENUE,BROOKLYN,2028-10-01,0.11491,1,very_low,baseline
UTICA AVENUE,BROOKLYN,2028-11-01,0.120811,1,very_low,baseline
UTICA AVENUE,BROOKLYN,2028-12-01,0.123582,1,very_low,baseline
UTICA AVENUE,BROOKLYN,2029-01-01,0.138041,1,very_low,baseline
UTICA AVENUE,BROOKLYN,2029-02-01,0.133432,1,very_low,baseline
UTICA AVENUE,BROOKLYN,2029-03-01,0.133432,1,very_low,baseline
UTICA AVENUE,BROOKLYN,2029-04-01,0.134131,1,very_low,baseline
UTICA AVENUE,BROOKLYN,2029-05-01,0.136721,1,very_low,baseline
UTICA AVENUE,BROOKLYN,2029-06-01,0.136721,1,very_low,baseline
UTICA AVENUE,BROOKLYN,2029-07-01,0.136721,1,very_low,baseline
UTICA AVENUE,BROOKLYN,2029-08-01,0.149927,1,very_low,baseline
UTICA AVENUE,BROOKLYN,2029-09-01,0.149061,1,very_low,baseline
UTICA AVENUE,BROOKLYN,2029-10-01,0.11491,1,very_low,baseline
UTICA AVENUE,BROOKLYN,2029-11-01,0.120811,1,very_low,baseline
UTICA AVENUE,BROOKLYN,2029-12-01,0.123582,1,very_low,baseline
VAN SICLEN AVENUE,BROOKLYN,2027-01-01,0.000475,0,very_low,baseline
VAN SICLEN AVENUE,BROOKLYN,2027-02-01,0.000661,0,very_low,baseline
VAN SICLEN AVENUE,BROOKLYN,2027-03-01,0.000684,0,very_low,baseline
VAN SICLEN AVENUE,BROOKLYN,2027-04-01,0.000688,0,very_low,baseline
VAN SICLEN AVENUE,BROOKLYN,2027-05-01,0.00061,0,very_low,baseline
VAN SICLEN AVENUE,BROOKLYN,2027-06-01,0.00063,0,very_low,baseline
VAN SICLEN AVENUE,BROOKLYN,2027-07-01,0.00063,0,very_low,baseline
VAN SICLEN AVENUE,BROOKLYN,2027-08-01,0.00063,0,very_low,baseline
VAN SICLEN AVENUE,BROOKLYN,2027-09-01,0.000621,0,very_low,baseline
VAN SICLEN AVENUE,BROOKLYN,2027-10-01,0.000434,0,very_low,baseline
VAN SICLEN AVENUE,BROOKLYN,2027-11-01,0.000451,0,very_low,baseline
VAN SICLEN AVENUE,BROOKLYN,2027-12-01,0.000459,0,very_low,baseline
VAN SICLEN AVENUE,BROOKLYN,2028-01-01,0.000533,0,very_low,baseline
VAN SICLEN AVENUE,BROOKLYN,2028-02-01,0.000579,0,very_low,baseline
VAN SICLEN AVENUE,BROOKLYN,2028-03-01,0.000577,0,very_low,baseline
VAN SICLEN AVENUE,BROOKLYN,2028-04-01,0.00058,0,very_low,baseline
VAN SICLEN AVENUE,BROOKLYN,2028-05-01,0.00061,0,very_low,baseline
VAN SICLEN AVENUE,BROOKLYN,2028-06-01,0.00063,0,very_low,baseline
VAN SICLEN AVENUE,BROOKLYN,2028-07-01,0.00063,0,very_low,baseline
VAN SICLEN AVENUE,BROOKLYN,2028-08-01,0.00063,0,very_low,baseline
VAN SICLEN AVENUE,BROOKLYN,2028-09-01,0.000621,0,very_low,baseline
VAN SICLEN AVENUE,BROOKLYN,2028-10-01,0.000434,0,very_low,baseline
VAN SICLEN AVENUE,BROOKLYN,2028-11-01,0.000451,0,very_low,baseline
VAN SICLEN AVENUE,BROOKLYN,2028-12-01,0.000459,0,very_low,baseline
VAN SICLEN AVENUE,BROOKLYN,2029-01-01,0.000533,0,very_low,baseline
VAN SICLEN AVENUE,BROOKLYN,2029-02-01,0.000579,0,very_low,baseline
VAN SICLEN AVENUE,BROOKLYN,2029-03-01,0.000577,0,very_low,baseline
VAN SICLEN AVENUE,BROOKLYN,2029-04-01,0.00058,0,very_low,baseline
VAN SICLEN AVENUE,BROOKLYN,2029-05-01,0.00061,0,very_low,baseline
VAN SICLEN AVENUE,BROOKLYN,2029-06-01,0.00063,0,very_low,baseline
VAN SICLEN AVENUE,BROOKLYN,2029-07-01,0.00063,0,very_low,baseline
VAN SICLEN AVENUE,BROOKLYN,2029-08-01,0.00063,0,very_low,baseline
VAN SICLEN AVENUE,BROOKLYN,2029-09-01,0.000621,0,very_low,baseline
VAN SICLEN AVENUE,BROOKLYN,2029-10-01,0.000434,0,very_low,baseline
VAN SICLEN AVENUE,BROOKLYN,2029-11-01,0.000451,0,very_low,baseline
VAN SICLEN AVENUE,BROOKLYN,2029-12-01,0.000459,0,very_low,baseline
VAN WYCK BLVD.-BRIARWOOD,QUEENS,2027-01-01,0.000461,0,very_low,baseline
VAN WYCK BLVD.-BRIARWOOD,QUEENS,2027-02-01,0.000521,0,very_low,baseline
VAN WYCK BLVD.-BRIARWOOD,QUEENS,2027-03-01,0.000527,0,very_low,baseline
VAN WYCK BLVD.-BRIARWOOD,QUEENS,2027-04-01,0.00056,0,very_low,baseline
VAN WYCK BLVD.-BRIARWOOD,QUEENS,2027-05-01,0.000548,0,very_low,baseline
VAN WYCK BLVD.-BRIARWOOD,QUEENS,2027-06-01,0.000722,0,very_low,baseline
VAN WYCK BLVD.-BRIARWOOD,QUEENS,2027-07-01,0.000722,0,very_low,baseline
VAN WYCK BLVD.-BRIARWOOD,QUEENS,2027-08-01,0.000722,0,very_low,baseline
VAN WYCK BLVD.-BRIARWOOD,QUEENS,2027-09-01,0.000736,0,very_low,baseline
VAN WYCK BLVD.-BRIARWOOD,QUEENS,2027-10-01,0.000466,0,very_low,baseline
VAN WYCK BLVD.-BRIARWOOD,QUEENS,2027-11-01,0.000464,0,very_low,baseline
VAN WYCK BLVD.-BRIARWOOD,QUEENS,2027-12-01,0.000453,0,very_low,baseline
VAN WYCK BLVD.-BRIARWOOD,QUEENS,2028-01-01,0.000667,0,very_low,baseline
VAN WYCK BLVD.-BRIARWOOD,QUEENS,2028-02-01,0.000676,0,very_low,baseline
VAN WYCK BLVD.-BRIARWOOD,QUEENS,2028-03-01,0.000674,0,very_low,baseline
VAN WYCK BLVD.-BRIARWOOD,QUEENS,2028-04-01,0.000674,0,very_low,baseline
VAN WYCK BLVD.-BRIARWOOD,QUEENS,2028-05-01,0.000722,0,very_low,baseline
VAN WYCK BLVD.-BRIARWOOD,QUEENS,2028-06-01,0.000722,0,very_low,baseline
VAN WYCK BLVD.-BRIARWOOD,QUEENS,2028-07-01,0.000722,0,very_low,baseline
VAN WYCK BLVD.-BRIARWOOD,QUEENS,2028-08-01,0.000722,0,very_low,baseline
VAN WYCK BLVD.-BRIARWOOD,QUEENS,2028-09-01,0.000736,0,very_low,baseline
VAN WYCK BLVD.-BRIARWOOD,QUEENS,2028-10-01,0.000466,0,very_low,baseline
VAN WYCK BLVD.-BRIARWOOD,QUEENS,2028-11-01,0.000464,0,very_low,baseline
VAN WYCK BLVD.-BRIARWOOD,QUEENS,2028-12-01,0.000453,0,very_low,baseline
VAN WYCK BLVD.-BRIARWOOD,QUEENS,2029-01-01,0.000667,0,very_low,baseline
VAN WYCK BLVD.-BRIARWOOD,QUEENS,2029-02-01,0.000676,0,very_low,baseline
VAN WYCK BLVD.-BRIARWOOD,QUEENS,2029-03-01,0.000674,0,very_low,baseline
VAN WYCK BLVD.-BRIARWOOD,QUEENS,2029-04-01,0.000674,0,very_low,baseline
VAN WYCK BLVD.-BRIARWOOD,QUEENS,2029-05-01,0.000722,0,very_low,baseline
VAN WYCK BLVD.-BRIARWOOD,QUEENS,2029-06-01,0.000722,0,very_low,baseline
VAN WYCK BLVD.-BRIARWOOD,QUEENS,2029-07-01,0.000722,0,very_low,baseline
VAN WYCK BLVD.-BRIARWOOD,QUEENS,2029-08-01,0.000722,0,very_low,baseline
VAN WYCK BLVD.-BRIARWOOD,QUEENS,2029-09-01,0.000736,0,very_low,baseline
VAN WYCK BLVD.-BRIARWOOD,QUEENS,2029-10-01,0.000466,0,very_low,baseline
VAN WYCK BLVD.-BRIARWOOD,QUEENS,2029-11-01,0.000464,0,very_low,baseline
VAN WYCK BLVD.-BRIARWOOD,QUEENS,2029-12-01,0.000453,0,very_low,baseline
VERNON BLVD.-JACKSON AVE.,QUEENS,2027-01-01,0.000363,0,very_low,baseline
VERNON BLVD.-JACKSON AVE.,QUEENS,2027-02-01,0.000436,0,very_low,baseline
VERNON BLVD.-JACKSON AVE.,QUEENS,2027-03-01,0.000507,0,very_low,baseline
VERNON BLVD.-JACKSON AVE.,QUEENS,2027-04-01,0.000359,0,very_low,baseline
VERNON BLVD.-JACKSON AVE.,QUEENS,2027-05-01,0.00048,0,very_low,baseline
VERNON BLVD.-JACKSON AVE.,QUEENS,2027-06-01,0.000381,0,very_low,baseline
VERNON BLVD.-JACKSON AVE.,QUEENS,2027-07-01,0.000381,0,very_low,baseline
VERNON BLVD.-JACKSON AVE.,QUEENS,2027-08-01,0.000381,0,very_low,baseline
VERNON BLVD.-JACKSON AVE.,QUEENS,2027-09-01,0.000386,0,very_low,baseline
VERNON BLVD.-JACKSON AVE.,QUEENS,2027-10-01,0.000308,0,very_low,baseline
VERNON BLVD.-JACKSON AVE.,QUEENS,2027-11-01,0.00029,0,very_low,baseline
VERNON BLVD.-JACKSON AVE.,QUEENS,2027-12-01,0.00029,0,very_low,baseline
VERNON BLVD.-JACKSON AVE.,QUEENS,2028-01-01,0.000374,0,very_low,baseline
VERNON BLVD.-JACKSON AVE.,QUEENS,2028-02-01,0.00036,0,very_low,baseline
VERNON BLVD.-JACKSON AVE.,QUEENS,2028-03-01,0.000364,0,very_low,baseline
VERNON BLVD.-JACKSON AVE.,QUEENS,2028-04-01,0.000364,0,very_low,baseline
VERNON BLVD.-JACKSON AVE.,QUEENS,2028-05-01,0.000378,0,very_low,baseline
VERNON BLVD.-JACKSON AVE.,QUEENS,2028-06-01,0.000381,0,very_low,baseline
VERNON BLVD.-JACKSON AVE.,QUEENS,2028-07-01,0.000381,0,very_low,baseline
VERNON BLVD.-JACKSON AVE.,QUEENS,2028-08-01,0.000381,0,very_low,baseline
VERNON BLVD.-JACKSON AVE.,QUEENS,2028-09-01,0.000386,0,very_low,baseline
VERNON BLVD.-JACKSON AVE.,QUEENS,2028-10-01,0.000308,0,very_low,baseline
VERNON BLVD.-JACKSON AVE.,QUEENS,2028-11-01,0.00029,0,very_low,baseline
VERNON BLVD.-JACKSON AVE.,QUEENS,2028-12-01,0.00029,0,very_low,baseline
VERNON BLVD.-JACKSON AVE.,QUEENS,2029-01-01,0.000374,0,very_low,baseline
VERNON BLVD.-JACKSON AVE.,QUEENS,2029-02-01,0.00036,0,very_low,baseline
VERNON BLVD.-JACKSON AVE.,QUEENS,2029-03-01,0.000364,0,very_low,baseline
VERNON BLVD.-JACKSON AVE.,QUEENS,2029-04-01,0.000364,0,very_low,baseline
VERNON BLVD.-JACKSON AVE.,QUEENS,2029-05-01,0.000378,0,very_low,baseline
VERNON BLVD.-JACKSON AVE.,QUEENS,2029-06-01,0.000381,0,very_low,baseline
VERNON BLVD.-JACKSON AVE.,QUEENS,2029-07-01,0.000381,0,very_low,baseline
VERNON BLVD.-JACKSON AVE.,QUEENS,2029-08-01,0.000381,0,very_low,baseline
VERNON BLVD.-JACKSON AVE.,QUEENS,2029-09-01,0.000386,0,very_low,baseline
VERNON BLVD.-JACKSON AVE.,QUEENS,2029-10-01,0.000308,0,very_low,baseline
VERNON BLVD.-JACKSON AVE.,QUEENS,2029-11-01,0.00029,0,very_low,baseline
VERNON BLVD.-JACKSON AVE.,QUEENS,2029-12-01,0.00029,0,very_low,baseline
W. 4 STREET,MANHATTAN,2027-01-01,0.407495,1,medium,baseline
W. 4 STREET,MANHATTAN,2027-02-01,0.461275,1,medium,baseline
W. 4 STREET,MANHATTAN,2027-03-01,0.648682,1,high,baseline
W. 4 STREET,MANHATTAN,2027-04-01,0.508552,1,medium,baseline
W. 4 STREET,MANHATTAN,2027-05-01,0.524422,1,medium,baseline
W. 4 STREET,MANHATTAN,2027-06-01,0.516809,1,medium,baseline
W. 4 STREET,MANHATTAN,2027-07-01,0.517673,1,medium,baseline
W. 4 STREET,MANHATTAN,2027-08-01,0.516099,1,medium,baseline
W. 4 STREET,MANHATTAN,2027-09-01,0.512663,1,medium,baseline
W. 4 STREET,MANHATTAN,2027-10-01,0.410571,1,medium,baseline
W. 4 STREET,MANHATTAN,2027-11-01,0.449135,1,medium,baseline
W. 4 STREET,MANHATTAN,2027-12-01,0.465572,1,medium,baseline
W. 4 STREET,MANHATTAN,2028-01-01,0.539565,1,medium,baseline
W. 4 STREET,MANHATTAN,2028-02-01,0.539565,1,medium,baseline
W. 4 STREET,MANHATTAN,2028-03-01,0.539565,1,medium,baseline
W. 4 STREET,MANHATTAN,2028-04-01,0.544413,1,medium,baseline
W. 4 STREET,MANHATTAN,2028-05-01,0.535376,1,medium,baseline
W. 4 STREET,MANHATTAN,2028-06-01,0.542764,1,medium,baseline
W. 4 STREET,MANHATTAN,2028-07-01,0.542764,1,medium,baseline
W. 4 STREET,MANHATTAN,2028-08-01,0.55117,1,medium,baseline
W. 4 STREET,MANHATTAN,2028-09-01,0.541628,1,medium,baseline
W. 4 STREET,MANHATTAN,2028-10-01,0.435372,1,medium,baseline
W. 4 STREET,MANHATTAN,2028-11-01,0.45915,1,medium,baseline
W. 4 STREET,MANHATTAN,2028-12-01,0.465572,1,medium,baseline
W. 4 STREET,MANHATTAN,2029-01-01,0.539565,1,medium,baseline
W. 4 STREET,MANHATTAN,2029-02-01,0.539565,1,medium,baseline
W. 4 STREET,MANHATTAN,2029-03-01,0.539565,1,medium,baseline
W. 4 STREET,MANHATTAN,2029-04-01,0.544413,1,medium,baseline
W. 4 STREET,MANHATTAN,2029-05-01,0.535376,1,medium,baseline
W. 4 STREET,MANHATTAN,2029-06-01,0.542764,1,medium,baseline
W. 4 STREET,MANHATTAN,2029-07-01,0.542764,1,medium,baseline
W. 4 STREET,MANHATTAN,2029-08-01,0.55117,1,medium,baseline
W. 4 STREET,MANHATTAN,2029-09-01,0.541628,1,medium,baseline
W. 4 STREET,MANHATTAN,2029-10-01,0.435372,1,medium,baseline
W. 4 STREET,MANHATTAN,2029-11-01,0.45915,1,medium,baseline
W. 4 STREET,MANHATTAN,2029-12-01,0.465572,1,medium,baseline
WALL STREET,MANHATTAN,2027-01-01,5.4e-05,0,very_low,baseline
WALL STREET,MANHATTAN,2027-02-01,5.5e-05,0,very_low,baseline
WALL STREET,MANHATTAN,2027-03-01,5.4e-05,0,very_low,baseline
WALL STREET,MANHATTAN,2027-04-01,5.8e-05,0,very_low,baseline
WALL STREET,MANHATTAN,2027-05-01,8.3e-05,0,very_low,baseline
WALL STREET,MANHATTAN,2027-06-01,8.1e-05,0,very_low,baseline
WALL STREET,MANHATTAN,2027-07-01,8.1e-05,0,very_low,baseline
WALL STREET,MANHATTAN,2027-08-01,8e-05,0,very_low,baseline
WALL STREET,MANHATTAN,2027-09-01,8.1e-05,0,very_low,baseline
WALL STREET,MANHATTAN,2027-10-01,6.4e-05,0,very_low,baseline
WALL STREET,MANHATTAN,2027-11-01,6e-05,0,very_low,baseline
WALL STREET,MANHATTAN,2027-12-01,5.9e-05,0,very_low,baseline
WALL STREET,MANHATTAN,2028-01-01,7.9e-05,0,very_low,baseline
WALL STREET,MANHATTAN,2028-02-01,7.7e-05,0,very_low,baseline
WALL STREET,MANHATTAN,2028-03-01,7.7e-05,0,very_low,baseline
WALL STREET,MANHATTAN,2028-04-01,7.6e-05,0,very_low,baseline
WALL STREET,MANHATTAN,2028-05-01,8.1e-05,0,very_low,baseline
WALL STREET,MANHATTAN,2028-06-01,8.1e-05,0,very_low,baseline
WALL STREET,MANHATTAN,2028-07-01,8.1e-05,0,very_low,baseline
WALL STREET,MANHATTAN,2028-08-01,8e-05,0,very_low,baseline
WALL STREET,MANHATTAN,2028-09-01,8.1e-05,0,very_low,baseline
WALL STREET,MANHATTAN,2028-10-01,6.4e-05,0,very_low,baseline
WALL STREET,MANHATTAN,2028-11-01,6e-05,0,very_low,baseline
WALL STREET,MANHATTAN,2028-12-01,5.9e-05,0,very_low,baseline
WALL STREET,MANHATTAN,2029-01-01,7.9e-05,0,very_low,baseline
WALL STREET,MANHATTAN,2029-02-01,7.7e-05,0,very_low,baseline
WALL STREET,MANHATTAN,2029-03-01,7.7e-05,0,very_low,baseline
WALL STREET,MANHATTAN,2029-04-01,7.6e-05,0,very_low,baseline
WALL STREET,MANHATTAN,2029-05-01,8.1e-05,0,very_low,baseline
WALL STREET,MANHATTAN,2029-06-01,8.1e-05,0,very_low,baseline
WALL STREET,MANHATTAN,2029-07-01,8.1e-05,0,very_low,baseline
WALL STREET,MANHATTAN,2029-08-01,8e-05,0,very_low,baseline
WALL STREET,MANHATTAN,2029-09-01,8.1e-05,0,very_low,baseline
WALL STREET,MANHATTAN,2029-10-01,6.4e-05,0,very_low,baseline
WALL STREET,MANHATTAN,2029-11-01,6e-05,0,very_low,baseline
WALL STREET,MANHATTAN,2029-12-01,5.9e-05,0,very_low,baseline
WEST 34 STREET/HUDSON YARDS,MANHATTAN,2027-01-01,0.003197,0,very_low,baseline
WEST 34 STREET/HUDSON YARDS,MANHATTAN,2027-02-01,0.003371,0,very_low,baseline
WEST 34 STREET/HUDSON YARDS,MANHATTAN,2027-03-01,0.004204,0,very_low,baseline
WEST 34 STREET/HUDSON YARDS,MANHATTAN,2027-04-01,0.003671,0,very_low,baseline
WEST 34 STREET/HUDSON YARDS,MANHATTAN,2027-05-01,0.003857,0,very_low,baseline
WEST 34 STREET/HUDSON YARDS,MANHATTAN,2027-06-01,0.004412,0,very_low,baseline
WEST 34 STREET/HUDSON YARDS,MANHATTAN,2027-07-01,0.004488,0,very_low,baseline
WEST 34 STREET/HUDSON YARDS,MANHATTAN,2027-08-01,0.004488,0,very_low,baseline
WEST 34 STREET/HUDSON YARDS,MANHATTAN,2027-09-01,0.00434,0,very_low,baseline
WEST 34 STREET/HUDSON YARDS,MANHATTAN,2027-10-01,0.002609,0,very_low,baseline
WEST 34 STREET/HUDSON YARDS,MANHATTAN,2027-11-01,0.002583,0,very_low,baseline
WEST 34 STREET/HUDSON YARDS,MANHATTAN,2027-12-01,0.002544,0,very_low,baseline
WEST 34 STREET/HUDSON YARDS,MANHATTAN,2028-01-01,0.003858,0,very_low,baseline
WEST 34 STREET/HUDSON YARDS,MANHATTAN,2028-02-01,0.004273,0,very_low,baseline
WEST 34 STREET/HUDSON YARDS,MANHATTAN,2028-03-01,0.004148,0,very_low,baseline
WEST 34 STREET/HUDSON YARDS,MANHATTAN,2028-04-01,0.004114,0,very_low,baseline
WEST 34 STREET/HUDSON YARDS,MANHATTAN,2028-05-01,0.004256,0,very_low,baseline
WEST 34 STREET/HUDSON YARDS,MANHATTAN,2028-06-01,0.004412,0,very_low,baseline
WEST 34 STREET/HUDSON YARDS,MANHATTAN,2028-07-01,0.004488,0,very_low,baseline
WEST 34 STREET/HUDSON YARDS,MANHATTAN,2028-08-01,0.004488,0,very_low,baseline
WEST 34 STREET/HUDSON YARDS,MANHATTAN,2028-09-01,0.00434,0,very_low,baseline
WEST 34 STREET/HUDSON YARDS,MANHATTAN,2028-10-01,0.002609,0,very_low,baseline
WEST 34 STREET/HUDSON YARDS,MANHATTAN,2028-11-01,0.002583,0,very_low,baseline
WEST 34 STREET/HUDSON YARDS,MANHATTAN,2028-12-01,0.002544,0,very_low,baseline
WEST 34 STREET/HUDSON YARDS,MANHATTAN,2029-01-01,0.003858,0,very_low,baseline
WEST 34 STREET/HUDSON YARDS,MANHATTAN,2029-02-01,0.004273,0,very_low,baseline
WEST 34 STREET/HUDSON YARDS,MANHATTAN,2029-03-01,0.004148,0,very_low,baseline
WEST 34 STREET/HUDSON YARDS,MANHATTAN,2029-04-01,0.004114,0,very_low,baseline
WEST 34 STREET/HUDSON YARDS,MANHATTAN,2029-05-01,0.004256,0,very_low,baseline
WEST 34 STREET/HUDSON YARDS,MANHATTAN,2029-06-01,0.004412,0,very_low,baseline
WEST 34 STREET/HUDSON YARDS,MANHATTAN,2029-07-01,0.004488,0,very_low,baseline
WEST 34 STREET/HUDSON YARDS,MANHATTAN,2029-08-01,0.004488,0,very_low,baseline
WEST 34 STREET/HUDSON YARDS,MANHATTAN,2029-09-01,0.00434,0,very_low,baseline
WEST 34 STREET/HUDSON YARDS,MANHATTAN,2029-10-01,0.002609,0,very_low,baseline
WEST 34 STREET/HUDSON YARDS,MANHATTAN,2029-11-01,0.002583,0,very_low,baseline
WEST 34 STREET/HUDSON YARDS,MANHATTAN,2029-12-01,0.002544,0,very_low,baseline
WEST 8 STREET-NY AQUARIUM,BROOKLYN,2027-01-01,0.000245,0,very_low,baseline
WEST 8 STREET-NY AQUARIUM,BROOKLYN,2027-02-01,0.000308,0,very_low,baseline
WEST 8 STREET-NY AQUARIUM,BROOKLYN,2027-03-01,0.000353,0,very_low,baseline
WEST 8 STREET-NY AQUARIUM,BROOKLYN,2027-04-01,0.000463,0,very_low,baseline
WEST 8 STREET-NY AQUARIUM,BROOKLYN,2027-05-01,0.000457,0,very_low,baseline
WEST 8 STREET-NY AQUARIUM,BROOKLYN,2027-06-01,0.000421,0,very_low,baseline
WEST 8 STREET-NY AQUARIUM,BROOKLYN,2027-07-01,0.000421,0,very_low,baseline
WEST 8 STREET-NY AQUARIUM,BROOKLYN,2027-08-01,0.000421,0,very_low,baseline
WEST 8 STREET-NY AQUARIUM,BROOKLYN,2027-09-01,0.00044,0,very_low,baseline
WEST 8 STREET-NY AQUARIUM,BROOKLYN,2027-10-01,0.000289,0,very_low,baseline
WEST 8 STREET-NY AQUARIUM,BROOKLYN,2027-11-01,0.00028,0,very_low,baseline
WEST 8 STREET-NY AQUARIUM,BROOKLYN,2027-12-01,0.000276,0,very_low,baseline
WEST 8 STREET-NY AQUARIUM,BROOKLYN,2028-01-01,0.000431,0,very_low,baseline
WEST 8 STREET-NY AQUARIUM,BROOKLYN,2028-02-01,0.000431,0,very_low,baseline
WEST 8 STREET-NY AQUARIUM,BROOKLYN,2028-03-01,0.000417,0,very_low,baseline
WEST 8 STREET-NY AQUARIUM,BROOKLYN,2028-04-01,0.000413,0,very_low,baseline
WEST 8 STREET-NY AQUARIUM,BROOKLYN,2028-05-01,0.000415,0,very_low,baseline
WEST 8 STREET-NY AQUARIUM,BROOKLYN,2028-06-01,0.000421,0,very_low,baseline
WEST 8 STREET-NY AQUARIUM,BROOKLYN,2028-07-01,0.000421,0,very_low,baseline
WEST 8 STREET-NY AQUARIUM,BROOKLYN,2028-08-01,0.000421,0,very_low,baseline
WEST 8 STREET-NY AQUARIUM,BROOKLYN,2028-09-01,0.00044,0,very_low,baseline
WEST 8 STREET-NY AQUARIUM,BROOKLYN,2028-10-01,0.000289,0,very_low,baseline
WEST 8 STREET-NY AQUARIUM,BROOKLYN,2028-11-01,0.00028,0,very_low,baseline
WEST 8 STREET-NY AQUARIUM,BROOKLYN,2028-12-01,0.000276,0,very_low,baseline
WEST 8 STREET-NY AQUARIUM,BROOKLYN,2029-01-01,0.000431,0,very_low,baseline
WEST 8 STREET-NY AQUARIUM,BROOKLYN,2029-02-01,0.000431,0,very_low,baseline
WEST 8 STREET-NY AQUARIUM,BROOKLYN,2029-03-01,0.000417,0,very_low,baseline
WEST 8 STREET-NY AQUARIUM,BROOKLYN,2029-04-01,0.000413,0,very_low,baseline
WEST 8 STREET-NY AQUARIUM,BROOKLYN,2029-05-01,0.000415,0,very_low,baseline
WEST 8 STREET-NY AQUARIUM,BROOKLYN,2029-06-01,0.000421,0,very_low,baseline
WEST 8 STREET-NY AQUARIUM,BROOKLYN,2029-07-01,0.000421,0,very_low,baseline
WEST 8 STREET-NY AQUARIUM,BROOKLYN,2029-08-01,0.000421,0,very_low,baseline
WEST 8 STREET-NY AQUARIUM,BROOKLYN,2029-09-01,0.00044,0,very_low,baseline
WEST 8 STREET-NY AQUARIUM,BROOKLYN,2029-10-01,0.000289,0,very_low,baseline
WEST 8 STREET-NY AQUARIUM,BROOKLYN,2029-11-01,0.00028,0,very_low,baseline
WEST 8 STREET-NY AQUARIUM,BROOKLYN,2029-12-01,0.000276,0,very_low,baseline
WHITEHALL ST.-SOUTH FERRY,MANHATTAN,2027-01-01,4.9e-05,0,very_low,baseline
WHITEHALL ST.-SOUTH FERRY,MANHATTAN,2027-02-01,5.7e-05,0,very_low,baseline
WHITEHALL ST.-SOUTH FERRY,MANHATTAN,2027-03-01,5.5e-05,0,very_low,baseline
WHITEHALL ST.-SOUTH FERRY,MANHATTAN,2027-04-01,5.2e-05,0,very_low,baseline
WHITEHALL ST.-SOUTH FERRY,MANHATTAN,2027-05-01,6.2e-05,0,very_low,baseline
WHITEHALL ST.-SOUTH FERRY,MANHATTAN,2027-06-01,8.1e-05,0,very_low,baseline
WHITEHALL ST.-SOUTH FERRY,MANHATTAN,2027-07-01,8.1e-05,0,very_low,baseline
WHITEHALL ST.-SOUTH FERRY,MANHATTAN,2027-08-01,7.9e-05,0,very_low,baseline
WHITEHALL ST.-SOUTH FERRY,MANHATTAN,2027-09-01,8.1e-05,0,very_low,baseline
WHITEHALL ST.-SOUTH FERRY,MANHATTAN,2027-10-01,6.3e-05,0,very_low,baseline
WHITEHALL ST.-SOUTH FERRY,MANHATTAN,2027-11-01,6e-05,0,very_low,baseline
WHITEHALL ST.-SOUTH FERRY,MANHATTAN,2027-12-01,5.9e-05,0,very_low,baseline
WHITEHALL ST.-SOUTH FERRY,MANHATTAN,2028-01-01,7.8e-05,0,very_low,baseline
WHITEHALL ST.-SOUTH FERRY,MANHATTAN,2028-02-01,7.7e-05,0,very_low,baseline
WHITEHALL ST.-SOUTH FERRY,MANHATTAN,2028-03-01,7.7e-05,0,very_low,baseline
WHITEHALL ST.-SOUTH FERRY,MANHATTAN,2028-04-01,7.6e-05,0,very_low,baseline
WHITEHALL ST.-SOUTH FERRY,MANHATTAN,2028-05-01,8e-05,0,very_low,baseline
WHITEHALL ST.-SOUTH FERRY,MANHATTAN,2028-06-01,8.1e-05,0,very_low,baseline
WHITEHALL ST.-SOUTH FERRY,MANHATTAN,2028-07-01,8.1e-05,0,very_low,baseline
WHITEHALL ST.-SOUTH FERRY,MANHATTAN,2028-08-01,7.9e-05,0,very_low,baseline
WHITEHALL ST.-SOUTH FERRY,MANHATTAN,2028-09-01,8.1e-05,0,very_low,baseline
WHITEHALL ST.-SOUTH FERRY,MANHATTAN,2028-10-01,6.3e-05,0,very_low,baseline
WHITEHALL ST.-SOUTH FERRY,MANHATTAN,2028-11-01,6e-05,0,very_low,baseline
WHITEHALL ST.-SOUTH FERRY,MANHATTAN,2028-12-01,5.9e-05,0,very_low,baseline
WHITEHALL ST.-SOUTH FERRY,MANHATTAN,2029-01-01,7.8e-05,0,very_low,baseline
WHITEHALL ST.-SOUTH FERRY,MANHATTAN,2029-02-01,7.7e-05,0,very_low,baseline
WHITEHALL ST.-SOUTH FERRY,MANHATTAN,2029-03-01,7.7e-05,0,very_low,baseline
WHITEHALL ST.-SOUTH FERRY,MANHATTAN,2029-04-01,7.6e-05,0,very_low,baseline
WHITEHALL ST.-SOUTH FERRY,MANHATTAN,2029-05-01,8e-05,0,very_low,baseline
WHITEHALL ST.-SOUTH FERRY,MANHATTAN,2029-06-01,8.1e-05,0,very_low,baseline
WHITEHALL ST.-SOUTH FERRY,MANHATTAN,2029-07-01,8.1e-05,0,very_low,baseline
WHITEHALL ST.-SOUTH FERRY,MANHATTAN,2029-08-01,7.9e-05,0,very_low,baseline
WHITEHALL ST.-SOUTH FERRY,MANHATTAN,2029-09-01,8.1e-05,0,very_low,baseline
WHITEHALL ST.-SOUTH FERRY,MANHATTAN,2029-10-01,6.3e-05,0,very_low,baseline
WHITEHALL ST.-SOUTH FERRY,MANHATTAN,2029-11-01,6e-05,0,very_low,baseline
WHITEHALL ST.-SOUTH FERRY,MANHATTAN,2029-12-01,5.9e-05,0,very_low,baseline
WHITLOCK AVENUE,BRONX,2027-01-01,0.00036,0,very_low,baseline
WHITLOCK AVENUE,BRONX,2027-02-01,0.000393,0,very_low,baseline
WHITLOCK AVENUE,BRONX,2027-03-01,0.000265,0,very_low,baseline
WHITLOCK AVENUE,BRONX,2027-04-01,0.000242,0,very_low,baseline
WHITLOCK AVENUE,BRONX,2027-05-01,0.00025,0,very_low,baseline
WHITLOCK AVENUE,BRONX,2027-06-01,0.000271,0,very_low,baseline
WHITLOCK AVENUE,BRONX,2027-07-01,0.000271,0,very_low,baseline
WHITLOCK AVENUE,BRONX,2027-08-01,0.000271,0,very_low,baseline
WHITLOCK AVENUE,BRONX,2027-09-01,0.000278,0,very_low,baseline
WHITLOCK AVENUE,BRONX,2027-10-01,0.000206,0,very_low,baseline
WHITLOCK AVENUE,BRONX,2027-11-01,0.000196,0,very_low,baseline
WHITLOCK AVENUE,BRONX,2027-12-01,0.000196,0,very_low,baseline
WHITLOCK AVENUE,BRONX,2028-01-01,0.000274,0,very_low,baseline
WHITLOCK AVENUE,BRONX,2028-02-01,0.000272,0,very_low,baseline
WHITLOCK AVENUE,BRONX,2028-03-01,0.000274,0,very_low,baseline
WHITLOCK AVENUE,BRONX,2028-04-01,0.000274,0,very_low,baseline
WHITLOCK AVENUE,BRONX,2028-05-01,0.000271,0,very_low,baseline
WHITLOCK AVENUE,BRONX,2028-06-01,0.000271,0,very_low,baseline
WHITLOCK AVENUE,BRONX,2028-07-01,0.000271,0,very_low,baseline
WHITLOCK AVENUE,BRONX,2028-08-01,0.000271,0,very_low,baseline
WHITLOCK AVENUE,BRONX,2028-09-01,0.000278,0,very_low,baseline
WHITLOCK AVENUE,BRONX,2028-10-01,0.000206,0,very_low,baseline
WHITLOCK AVENUE,BRONX,2028-11-01,0.000196,0,very_low,baseline
WHITLOCK AVENUE,BRONX,2028-12-01,0.000196,0,very_low,baseline
WHITLOCK AVENUE,BRONX,2029-01-01,0.000274,0,very_low,baseline
WHITLOCK AVENUE,BRONX,2029-02-01,0.000272,0,very_low,baseline
WHITLOCK AVENUE,BRONX,2029-03-01,0.000274,0,very_low,baseline
WHITLOCK AVENUE,BRONX,2029-04-01,0.000274,0,very_low,baseline
WHITLOCK AVENUE,BRONX,2029-05-01,0.000271,0,very_low,baseline
WHITLOCK AVENUE,BRONX,2029-06-01,0.000271,0,very_low,baseline
WHITLOCK AVENUE,BRONX,2029-07-01,0.000271,0,very_low,baseline
WHITLOCK AVENUE,BRONX,2029-08-01,0.000271,0,very_low,baseline
WHITLOCK AVENUE,BRONX,2029-09-01,0.000278,0,very_low,baseline
WHITLOCK AVENUE,BRONX,2029-10-01,0.000206,0,very_low,baseline
WHITLOCK AVENUE,BRONX,2029-11-01,0.000196,0,very_low,baseline
WHITLOCK AVENUE,BRONX,2029-12-01,0.000196,0,very_low,baseline
WILLETS POINT-SHEA STADIUM,QUEENS,2027-01-01,9.4e-05,0,very_low,baseline
WILLETS POINT-SHEA STADIUM,QUEENS,2027-02-01,8.8e-05,0,very_low,baseline
WILLETS POINT-SHEA STADIUM,QUEENS,2027-03-01,6.8e-05,0,very_low,baseline
WILLETS POINT-SHEA STADIUM,QUEENS,2027-04-01,7e-05,0,very_low,baseline
WILLETS POINT-SHEA STADIUM,QUEENS,2027-05-01,8.1e-05,0,very_low,baseline
WILLETS POINT-SHEA STADIUM,QUEENS,2027-06-01,8.2e-05,0,very_low,baseline
WILLETS POINT-SHEA STADIUM,QUEENS,2027-07-01,8.2e-05,0,very_low,baseline
WILLETS POINT-SHEA STADIUM,QUEENS,2027-08-01,8.2e-05,0,very_low,baseline
WILLETS POINT-SHEA STADIUM,QUEENS,2027-09-01,8.1e-05,0,very_low,baseline
WILLETS POINT-SHEA STADIUM,QUEENS,2027-10-01,7e-05,0,very_low,baseline
WILLETS POINT-SHEA STADIUM,QUEENS,2027-11-01,6.6e-05,0,very_low,baseline
WILLETS POINT-SHEA STADIUM,QUEENS,2027-12-01,6.6e-05,0,very_low,baseline
WILLETS POINT-SHEA STADIUM,QUEENS,2028-01-01,8.1e-05,0,very_low,baseline
WILLETS POINT-SHEA STADIUM,QUEENS,2028-02-01,8e-05,0,very_low,baseline
WILLETS POINT-SHEA STADIUM,QUEENS,2028-03-01,7.8e-05,0,very_low,baseline
WILLETS POINT-SHEA STADIUM,QUEENS,2028-04-01,7.8e-05,0,very_low,baseline
WILLETS POINT-SHEA STADIUM,QUEENS,2028-05-01,8.1e-05,0,very_low,baseline
WILLETS POINT-SHEA STADIUM,QUEENS,2028-06-01,8.2e-05,0,very_low,baseline
WILLETS POINT-SHEA STADIUM,QUEENS,2028-07-01,8.2e-05,0,very_low,baseline
WILLETS POINT-SHEA STADIUM,QUEENS,2028-08-01,8.2e-05,0,very_low,baseline
WILLETS POINT-SHEA STADIUM,QUEENS,2028-09-01,8.1e-05,0,very_low,baseline
WILLETS POINT-SHEA STADIUM,QUEENS,2028-10-01,7e-05,0,very_low,baseline
WILLETS POINT-SHEA STADIUM,QUEENS,2028-11-01,6.6e-05,0,very_low,baseline
WILLETS POINT-SHEA STADIUM,QUEENS,2028-12-01,6.6e-05,0,very_low,baseline
WILLETS POINT-SHEA STADIUM,QUEENS,2029-01-01,8.1e-05,0,very_low,baseline
WILLETS POINT-SHEA STADIUM,QUEENS,2029-02-01,8e-05,0,very_low,baseline
WILLETS POINT-SHEA STADIUM,QUEENS,2029-03-01,7.8e-05,0,very_low,baseline
WILLETS POINT-SHEA STADIUM,QUEENS,2029-04-01,7.8e-05,0,very_low,baseline
WILLETS POINT-SHEA STADIUM,QUEENS,2029-05-01,8.1e-05,0,very_low,baseline
WILLETS POINT-SHEA STADIUM,QUEENS,2029-06-01,8.2e-05,0,very_low,baseline
WILLETS POINT-SHEA STADIUM,QUEENS,2029-07-01,8.2e-05,0,very_low,baseline
WILLETS POINT-SHEA STADIUM,QUEENS,2029-08-01,8.2e-05,0,very_low,baseline
WILLETS POINT-SHEA STADIUM,QUEENS,2029-09-01,8.1e-05,0,very_low,baseline
WILLETS POINT-SHEA STADIUM,QUEENS,2029-10-01,7e-05,0,very_low,baseline
WILLETS POINT-SHEA STADIUM,QUEENS,2029-11-01,6.6e-05,0,very_low,baseline
WILLETS POINT-SHEA STADIUM,QUEENS,2029-12-01,6.6e-05,0,very_low,baseline
WILSON AVENUE,BROOKLYN,2027-01-01,0.000557,0,very_low,baseline
WILSON AVENUE,BROOKLYN,2027-02-01,0.000479,0,very_low,baseline
WILSON AVENUE,BROOKLYN,2027-03-01,0.000723,0,very_low,baseline
WILSON AVENUE,BROOKLYN,2027-04-01,0.000654,0,very_low,baseline
WILSON AVENUE,BROOKLYN,2027-05-01,0.000751,0,very_low,baseline
WILSON AVENUE,BROOKLYN,2027-06-01,0.000757,0,very_low,baseline
WILSON AVENUE,BROOKLYN,2027-07-01,0.000757,0,very_low,baseline
WILSON AVENUE,BROOKLYN,2027-08-01,0.000757,0,very_low,baseline
WILSON AVENUE,BROOKLYN,2027-09-01,0.000779,0,very_low,baseline
WILSON AVENUE,BROOKLYN,2027-10-01,0.00058,0,very_low,baseline
WILSON AVENUE,BROOKLYN,2027-11-01,0.000532,0,very_low,baseline
WILSON AVENUE,BROOKLYN,2027-12-01,0.000562,0,very_low,baseline
WILSON AVENUE,BROOKLYN,2028-01-01,0.000719,0,very_low,baseline
WILSON AVENUE,BROOKLYN,2028-02-01,0.000715,0,very_low,baseline
WILSON AVENUE,BROOKLYN,2028-03-01,0.000723,0,very_low,baseline
WILSON AVENUE,BROOKLYN,2028-04-01,0.000723,0,very_low,baseline
WILSON AVENUE,BROOKLYN,2028-05-01,0.000751,0,very_low,baseline
WILSON AVENUE,BROOKLYN,2028-06-01,0.000757,0,very_low,baseline
WILSON AVENUE,BROOKLYN,2028-07-01,0.000757,0,very_low,baseline
WILSON AVENUE,BROOKLYN,2028-08-01,0.000757,0,very_low,baseline
WILSON AVENUE,BROOKLYN,2028-09-01,0.000779,0,very_low,baseline
WILSON AVENUE,BROOKLYN,2028-10-01,0.00058,0,very_low,baseline
WILSON AVENUE,BROOKLYN,2028-11-01,0.000532,0,very_low,baseline
WILSON AVENUE,BROOKLYN,2028-12-01,0.000562,0,very_low,baseline
WILSON AVENUE,BROOKLYN,2029-01-01,0.000719,0,very_low,baseline
WILSON AVENUE,BROOKLYN,2029-02-01,0.000715,0,very_low,baseline
WILSON AVENUE,BROOKLYN,2029-03-01,0.000723,0,very_low,baseline
WILSON AVENUE,BROOKLYN,2029-04-01,0.000723,0,very_low,baseline
WILSON AVENUE,BROOKLYN,2029-05-01,0.000751,0,very_low,baseline
WILSON AVENUE,BROOKLYN,2029-06-01,0.000757,0,very_low,baseline
WILSON AVENUE,BROOKLYN,2029-07-01,0.000757,0,very_low,baseline
WILSON AVENUE,BROOKLYN,2029-08-01,0.000757,0,very_low,baseline
WILSON AVENUE,BROOKLYN,2029-09-01,0.000779,0,very_low,baseline
WILSON AVENUE,BROOKLYN,2029-10-01,0.00058,0,very_low,baseline
WILSON AVENUE,BROOKLYN,2029-11-01,0.000532,0,very_low,baseline
WILSON AVENUE,BROOKLYN,2029-12-01,0.000562,0,very_low,baseline
WINTHROP STREET,BROOKLYN,2027-01-01,0.000245,0,very_low,baseline
WINTHROP STREET,BROOKLYN,2027-02-01,0.000234,0,very_low,baseline
WINTHROP STREET,BROOKLYN,2027-03-01,0.000331,0,very_low,baseline
WINTHROP STREET,BROOKLYN,2027-04-01,0.000249,0,very_low,baseline
WINTHROP STREET,BROOKLYN,2027-05-01,0.000284,0,very_low,baseline
WINTHROP STREET,BROOKLYN,2027-06-01,0.000272,0,very_low,baseline
WINTHROP STREET,BROOKLYN,2027-07-01,0.000272,0,very_low,baseline
WINTHROP STREET,BROOKLYN,2027-08-01,0.000272,0,very_low,baseline
WINTHROP STREET,BROOKLYN,2027-09-01,0.000274,0,very_low,baseline
WINTHROP STREET,BROOKLYN,2027-10-01,0.000176,0,very_low,baseline
WINTHROP STREET,BROOKLYN,2027-11-01,0.00017,0,very_low,baseline
WINTHROP STREET,BROOKLYN,2027-12-01,0.000172,0,very_low,baseline
WINTHROP STREET,BROOKLYN,2028-01-01,0.000252,0,very_low,baseline
WINTHROP STREET,BROOKLYN,2028-02-01,0.000252,0,very_low,baseline
WINTHROP STREET,BROOKLYN,2028-03-01,0.000244,0,very_low,baseline
WINTHROP STREET,BROOKLYN,2028-04-01,0.000246,0,very_low,baseline
WINTHROP STREET,BROOKLYN,2028-05-01,0.00026,0,very_low,baseline
WINTHROP STREET,BROOKLYN,2028-06-01,0.000272,0,very_low,baseline
WINTHROP STREET,BROOKLYN,2028-07-01,0.000272,0,very_low,baseline
WINTHROP STREET,BROOKLYN,2028-08-01,0.000272,0,very_low,baseline
WINTHROP STREET,BROOKLYN,2028-09-01,0.000274,0,very_low,baseline
WINTHROP STREET,BROOKLYN,2028-10-01,0.000176,0,very_low,baseline
WINTHROP STREET,BROOKLYN,2028-11-01,0.00017,0,very_low,baseline
WINTHROP STREET,BROOKLYN,2028-12-01,0.000172,0,very_low,baseline
WINTHROP STREET,BROOKLYN,2029-01-01,0.000252,0,very_low,baseline
WINTHROP STREET,BROOKLYN,2029-02-01,0.000252,0,very_low,baseline
WINTHROP STREET,BROOKLYN,2029-03-01,0.000244,0,very_low,baseline
WINTHROP STREET,BROOKLYN,2029-04-01,0.000246,0,very_low,baseline
WINTHROP STREET,BROOKLYN,2029-05-01,0.00026,0,very_low,baseline
WINTHROP STREET,BROOKLYN,2029-06-01,0.000272,0,very_low,baseline
WINTHROP STREET,BROOKLYN,2029-07-01,0.000272,0,very_low,baseline
WINTHROP STREET,BROOKLYN,2029-08-01,0.000272,0,very_low,baseline
WINTHROP STREET,BROOKLYN,2029-09-01,0.000274,0,very_low,baseline
WINTHROP STREET,BROOKLYN,2029-10-01,0.000176,0,very_low,baseline
WINTHROP STREET,BROOKLYN,2029-11-01,0.00017,0,very_low,baseline
WINTHROP STREET,BROOKLYN,2029-12-01,0.000172,0,very_low,baseline
WOODHAVEN BLVD.,QUEENS,2027-01-01,0.000295,0,very_low,baseline
WOODHAVEN BLVD.,QUEENS,2027-02-01,0.00064,0,very_low,baseline
WOODHAVEN BLVD.,QUEENS,2027-03-01,0.000286,0,very_low,baseline
WOODHAVEN BLVD.,QUEENS,2027-04-01,0.000378,0,very_low,baseline
WOODHAVEN BLVD.,QUEENS,2027-05-01,0.000301,0,very_low,baseline
WOODHAVEN BLVD.,QUEENS,2027-06-01,0.000492,0,very_low,baseline
WOODHAVEN BLVD.,QUEENS,2027-07-01,0.000506,0,very_low,baseline
WOODHAVEN BLVD.,QUEENS,2027-08-01,0.000506,0,very_low,baseline
WOODHAVEN BLVD.,QUEENS,2027-09-01,0.00048,0,very_low,baseline
WOODHAVEN BLVD.,QUEENS,2027-10-01,0.000398,0,very_low,baseline
WOODHAVEN BLVD.,QUEENS,2027-11-01,0.000374,0,very_low,baseline
WOODHAVEN BLVD.,QUEENS,2027-12-01,0.00039,0,very_low,baseline
WOODHAVEN BLVD.,QUEENS,2028-01-01,0.000488,0,very_low,baseline
WOODHAVEN BLVD.,QUEENS,2028-02-01,0.000489,0,very_low,baseline
WOODHAVEN BLVD.,QUEENS,2028-03-01,0.000478,0,very_low,baseline
WOODHAVEN BLVD.,QUEENS,2028-04-01,0.000478,0,very_low,baseline
WOODHAVEN BLVD.,QUEENS,2028-05-01,0.000497,0,very_low,baseline
WOODHAVEN BLVD.,QUEENS,2028-06-01,0.000492,0,very_low,baseline
WOODHAVEN BLVD.,QUEENS,2028-07-01,0.000506,0,very_low,baseline
WOODHAVEN BLVD.,QUEENS,2028-08-01,0.000506,0,very_low,baseline
WOODHAVEN BLVD.,QUEENS,2028-09-01,0.00048,0,very_low,baseline
WOODHAVEN BLVD.,QUEENS,2028-10-01,0.000398,0,very_low,baseline
WOODHAVEN BLVD.,QUEENS,2028-11-01,0.000374,0,very_low,baseline
WOODHAVEN BLVD.,QUEENS,2028-12-01,0.00039,0,very_low,baseline
WOODHAVEN BLVD.,QUEENS,2029-01-01,0.000488,0,very_low,baseline
WOODHAVEN BLVD.,QUEENS,2029-02-01,0.000489,0,very_low,baseline
WOODHAVEN BLVD.,QUEENS,2029-03-01,0.000478,0,very_low,baseline
WOODHAVEN BLVD.,QUEENS,2029-04-01,0.000478,0,very_low,baseline
WOODHAVEN BLVD.,QUEENS,2029-05-01,0.000497,0,very_low,baseline
WOODHAVEN BLVD.,QUEENS,2029-06-01,0.000492,0,very_low,baseline
WOODHAVEN BLVD.,QUEENS,2029-07-01,0.000506,0,very_low,baseline
WOODHAVEN BLVD.,QUEENS,2029-08-01,0.000506,0,very_low,baseline
WOODHAVEN BLVD.,QUEENS,2029-09-01,0.00048,0,very_low,baseline
WOODHAVEN BLVD.,QUEENS,2029-10-01,0.000398,0,very_low,baseline
WOODHAVEN BLVD.,QUEENS,2029-11-01,0.000374,0,very_low,baseline
WOODHAVEN BLVD.,QUEENS,2029-12-01,0.00039,0,very_low,baseline
WOODLAWN,BRONX,2027-01-01,0.064659,0,very_low,baseline
WOODLAWN,BRONX,2027-02-01,0.067126,0,very_low,baseline
WOODLAWN,BRONX,2027-03-01,0.108931,1,very_low,baseline
WOODLAWN,BRONX,2027-04-01,0.084161,0,very_low,baseline
WOODLAWN,BRONX,2027-05-01,0.078308,0,very_low,baseline
WOODLAWN,BRONX,2027-06-01,0.060945,0,very_low,baseline
WOODLAWN,BRONX,2027-07-01,0.063208,0,very_low,baseline
WOODLAWN,BRONX,2027-08-01,0.061653,0,very_low,baseline
WOODLAWN,BRONX,2027-09-01,0.060535,0,very_low,baseline
WOODLAWN,BRONX,2027-10-01,0.031672,0,very_low,baseline
WOODLAWN,BRONX,2027-11-01,0.030919,0,very_low,baseline
WOODLAWN,BRONX,2027-12-01,0.030189,0,very_low,baseline
WOODLAWN,BRONX,2028-01-01,0.061372,0,very_low,baseline
WOODLAWN,BRONX,2028-02-01,0.062085,0,very_low,baseline
WOODLAWN,BRONX,2028-03-01,0.062085,0,very_low,baseline
WOODLAWN,BRONX,2028-04-01,0.064367,0,very_low,baseline
WOODLAWN,BRONX,2028-05-01,0.064137,0,very_low,baseline
WOODLAWN,BRONX,2028-06-01,0.065047,0,very_low,baseline
WOODLAWN,BRONX,2028-07-01,0.065714,0,very_low,baseline
WOODLAWN,BRONX,2028-08-01,0.064101,0,very_low,baseline
WOODLAWN,BRONX,2028-09-01,0.064093,0,very_low,baseline
WOODLAWN,BRONX,2028-10-01,0.031178,0,very_low,baseline
WOODLAWN,BRONX,2028-11-01,0.029478,0,very_low,baseline
WOODLAWN,BRONX,2028-12-01,0.028781,0,very_low,baseline
WOODLAWN,BRONX,2029-01-01,0.059939,0,very_low,baseline
WOODLAWN,BRONX,2029-02-01,0.064025,0,very_low,baseline
WOODLAWN,BRONX,2029-03-01,0.064025,0,very_low,baseline
WOODLAWN,BRONX,2029-04-01,0.064367,0,very_low,baseline
WOODLAWN,BRONX,2029-05-01,0.064137,0,very_low,baseline
WOODLAWN,BRONX,2029-06-01,0.065047,0,very_low,baseline
WOODLAWN,BRONX,2029-07-01,0.065714,0,very_low,baseline
WOODLAWN,BRONX,2029-08-01,0.064101,0,very_low,baseline
WOODLAWN,BRONX,2029-09-01,0.064093,0,very_low,baseline
WOODLAWN,BRONX,2029-10-01,0.031178,0,very_low,baseline
WOODLAWN,BRONX,2029-11-01,0.029478,0,very_low,baseline
WOODLAWN,BRONX,2029-12-01,0.028781,0,very_low,baseline
WYCKOFF AVENUE,BROOKLYN,2027-01-01,0.005064,0,very_low,baseline
WYCKOFF AVENUE,BROOKLYN,2027-02-01,0.005302,0,very_low,baseline
WYCKOFF AVENUE,BROOKLYN,2027-03-01,0.005849,0,very_low,baseline
WYCKOFF AVENUE,BROOKLYN,2027-04-01,0.006063,0,very_low,baseline
WYCKOFF AVENUE,BROOKLYN,2027-05-01,0.005821,0,very_low,baseline
WYCKOFF AVENUE,BROOKLYN,2027-06-01,0.00555,0,very_low,baseline
WYCKOFF AVENUE,BROOKLYN,2027-07-01,0.005622,0,very_low,baseline
WYCKOFF AVENUE,BROOKLYN,2027-08-01,0.00619,0,very_low,baseline
WYCKOFF AVENUE,BROOKLYN,2027-09-01,0.006471,0,very_low,baseline
WYCKOFF AVENUE,BROOKLYN,2027-10-01,0.005628,0,very_low,baseline
WYCKOFF AVENUE,BROOKLYN,2027-11-01,0.005598,0,very_low,baseline
WYCKOFF AVENUE,BROOKLYN,2027-12-01,0.005796,0,very_low,baseline
WYCKOFF AVENUE,BROOKLYN,2028-01-01,0.005517,0,very_low,baseline
WYCKOFF AVENUE,BROOKLYN,2028-02-01,0.005658,0,very_low,baseline
WYCKOFF AVENUE,BROOKLYN,2028-03-01,0.00536,0,very_low,baseline
WYCKOFF AVENUE,BROOKLYN,2028-04-01,0.005454,0,very_low,baseline
WYCKOFF AVENUE,BROOKLYN,2028-05-01,0.00555,0,very_low,baseline
WYCKOFF AVENUE,BROOKLYN,2028-06-01,0.00555,0,very_low,baseline
WYCKOFF AVENUE,BROOKLYN,2028-07-01,0.005622,0,very_low,baseline
WYCKOFF AVENUE,BROOKLYN,2028-08-01,0.00619,0,very_low,baseline
WYCKOFF AVENUE,BROOKLYN,2028-09-01,0.006471,0,very_low,baseline
WYCKOFF AVENUE,BROOKLYN,2028-10-01,0.005628,0,very_low,baseline
WYCKOFF AVENUE,BROOKLYN,2028-11-01,0.005598,0,very_low,baseline
WYCKOFF AVENUE,BROOKLYN,2028-12-01,0.005796,0,very_low,baseline
WYCKOFF AVENUE,BROOKLYN,2029-01-01,0.005517,0,very_low,baseline
WYCKOFF AVENUE,BROOKLYN,2029-02-01,0.005658,0,very_low,baseline
WYCKOFF AVENUE,BROOKLYN,2029-03-01,0.00536,0,very_low,baseline
WYCKOFF AVENUE,BROOKLYN,2029-04-01,0.005454,0,very_low,baseline
WYCKOFF AVENUE,BROOKLYN,2029-05-01,0.00555,0,very_low,baseline
WYCKOFF AVENUE,BROOKLYN,2029-06-01,0.00555,0,very_low,baseline
WYCKOFF AVENUE,BROOKLYN,2029-07-01,0.005622,0,very_low,baseline
WYCKOFF AVENUE,BROOKLYN,2029-08-01,0.00619,0,very_low,baseline
WYCKOFF AVENUE,BROOKLYN,2029-09-01,0.006471,0,very_low,baseline
WYCKOFF AVENUE,BROOKLYN,2029-10-01,0.005628,0,very_low,baseline
WYCKOFF AVENUE,BROOKLYN,2029-11-01,0.005598,0,very_low,baseline
WYCKOFF AVENUE,BROOKLYN,2029-12-01,0.005796,0,very_low,baseline
YORK STREET,BROOKLYN,2027-01-01,9.8e-05,0,very_low,baseline
YORK STREET,BROOKLYN,2027-02-01,9e-05,0,very_low,baseline
YORK STREET,BROOKLYN,2027-03-01,0.000106,0,very_low,baseline
YORK STREET,BROOKLYN,2027-04-01,6.7e-05,0,very_low,baseline
YORK STREET,BROOKLYN,2027-05-01,8.9e-05,0,very_low,baseline
YORK STREET,BROOKLYN,2027-06-01,7e-05,0,very_low,baseline
YORK STREET,BROOKLYN,2027-07-01,7e-05,0,very_low,baseline
YORK STREET,BROOKLYN,2027-08-01,7e-05,0,very_low,baseline
YORK STREET,BROOKLYN,2027-09-01,6.9e-05,0,very_low,baseline
YORK STREET,BROOKLYN,2027-10-01,5.5e-05,0,very_low,baseline
YORK STREET,BROOKLYN,2027-11-01,5.2e-05,0,very_low,baseline
YORK STREET,BROOKLYN,2027-12-01,5.3e-05,0,very_low,baseline
YORK STREET,BROOKLYN,2028-01-01,6.7e-05,0,very_low,baseline
YORK STREET,BROOKLYN,2028-02-01,6.6e-05,0,very_low,baseline
YORK STREET,BROOKLYN,2028-03-01,6.7e-05,0,very_low,baseline
YORK STREET,BROOKLYN,2028-04-01,6.7e-05,0,very_low,baseline
YORK STREET,BROOKLYN,2028-05-01,6.9e-05,0,very_low,baseline
YORK STREET,BROOKLYN,2028-06-01,7e-05,0,very_low,baseline
YORK STREET,BROOKLYN,2028-07-01,7e-05,0,very_low,baseline
YORK STREET,BROOKLYN,2028-08-01,7e-05,0,very_low,baseline
YORK STREET,BROOKLYN,2028-09-01,6.9e-05,0,very_low,baseline
YORK STREET,BROOKLYN,2028-10-01,5.5e-05,0,very_low,baseline
YORK STREET,BROOKLYN,2028-11-01,5.2e-05,0,very_low,baseline
YORK STREET,BROOKLYN,2028-12-01,5.3e-05,0,very_low,baseline
YORK STREET,BROOKLYN,2029-01-01,6.7e-05,0,very_low,baseline
YORK STREET,BROOKLYN,2029-02-01,6.6e-05,0,very_low,baseline
YORK STREET,BROOKLYN,2029-03-01,6.7e-05,0,very_low,baseline
YORK STREET,BROOKLYN,2029-04-01,6.7e-05,0,very_low,baseline
YORK STREET,BROOKLYN,2029-05-01,6.9e-05,0,very_low,baseline
YORK STREET,BROOKLYN,2029-06-01,7e-05,0,very_low,baseline
YORK STREET,BROOKLYN,2029-07-01,7e-05,0,very_low,baseline
YORK STREET,BROOKLYN,2029-08-01,7e-05,0,very_low,baseline
YORK STREET,BROOKLYN,2029-09-01,6.9e-05,0,very_low,baseline
YORK STREET,BROOKLYN,2029-10-01,5.5e-05,0,very_low,baseline
YORK STREET,BROOKLYN,2029-11-01,5.2e-05,0,very_low,baseline
YORK STREET,BROOKLYN,2029-12-01,5.3e-05,0,very_low,baseline
ZEREGA AVENUE,BRONX,2027-01-01,0.000137,0,very_low,baseline
ZEREGA AVENUE,BRONX,2027-02-01,0.000142,0,very_low,baseline
ZEREGA AVENUE,BRONX,2027-03-01,0.000147,0,very_low,baseline
ZEREGA AVENUE,BRONX,2027-04-01,0.000151,0,very_low,baseline
ZEREGA AVENUE,BRONX,2027-05-01,0.000154,0,very_low,baseline
ZEREGA AVENUE,BRONX,2027-06-01,0.000154,0,very_low,baseline
ZEREGA AVENUE,BRONX,2027-07-01,0.000154,0,very_low,baseline
ZEREGA AVENUE,BRONX,2027-08-01,0.000154,0,very_low,baseline
ZEREGA AVENUE,BRONX,2027-09-01,0.000155,0,very_low,baseline
ZEREGA AVENUE,BRONX,2027-10-01,0.000132,0,very_low,baseline
ZEREGA AVENUE,BRONX,2027-11-01,0.000124,0,very_low,baseline
ZEREGA AVENUE,BRONX,2027-12-01,0.000127,0,very_low,baseline
ZEREGA AVENUE,BRONX,2028-01-01,0.000151,0,very_low,baseline
ZEREGA AVENUE,BRONX,2028-02-01,0.00015,0,very_low,baseline
ZEREGA AVENUE,BRONX,2028-03-01,0.000148,0,very_low,baseline
ZEREGA AVENUE,BRONX,2028-04-01,0.000148,0,very_low,baseline
ZEREGA AVENUE,BRONX,2028-05-01,0.000154,0,very_low,baseline
ZEREGA AVENUE,BRONX,2028-06-01,0.000154,0,very_low,baseline
ZEREGA AVENUE,BRONX,2028-07-01,0.000154,0,very_low,baseline
ZEREGA AVENUE,BRONX,2028-08-01,0.000154,0,very_low,baseline
ZEREGA AVENUE,BRONX,2028-09-01,0.000155,0,very_low,baseline
ZEREGA AVENUE,BRONX,2028-10-01,0.000132,0,very_low,baseline
ZEREGA AVENUE,BRONX,2028-11-01,0.000124,0,very_low,baseline
ZEREGA AVENUE,BRONX,2028-12-01,0.000127,0,very_low,baseline
ZEREGA AVENUE,BRONX,2029-01-01,0.000151,0,very_low,baseline
ZEREGA AVENUE,BRONX,2029-02-01,0.00015,0,very_low,baseline
ZEREGA AVENUE,BRONX,2029-03-01,0.000148,0,very_low,baseline
ZEREGA AVENUE,BRONX,2029-04-01,0.000148,0,very_low,baseline
ZEREGA AVENUE,BRONX,2029-05-01,0.000154,0,very_low,baseline
ZEREGA AVENUE,BRONX,2029-06-01,0.000154,0,very_low,baseline
ZEREGA AVENUE,BRONX,2029-07-01,0.000154,0,very_low,baseline
ZEREGA AVENUE,BRONX,2029-08-01,0.000154,0,very_low,baseline
ZEREGA AVENUE,BRONX,2029-09-01,0.000155,0,very_low,baseline
ZEREGA AVENUE,BRONX,2029-10-01,0.000132,0,very_low,baseline
ZEREGA AVENUE,BRONX,2029-11-01,0.000124,0,very_low,baseline
ZEREGA AVENUE,BRONX,2029-12-01,0.000127,0,very_low,baseline
