station_name,borough,month,predicted_hotspot_prob,predicted_hotspot_label,confidence_bucket,scenario_mode
1 AVENUE,MANHATTAN,2027-01-01,0.000349,0,very_low,baseline
1 AVENUE,MANHATTAN,2027-02-01,0.000417,0,very_low,baseline
1 AVENUE,MANHATTAN,2027-03-01,0.000505,0,very_low,baseline
1 AVENUE,MANHATTAN,2027-04-01,0.0005,0,very_low,baseline
1 AVENUE,MANHATTAN,2027-05-01,0.000493,0,very_low,baseline
1 AVENUE,MANHATTAN,2027-06-01,0.000549,0,very_low,baseline
1 AVENUE,MANHATTAN,2027-07-01,0.000531,0,very_low,baseline
1 AVENUE,MANHATTAN,2027-08-01,0.000572,0,very_low,baseline
1 AVENUE,MANHATTAN,2027-09-01,0.000587,0,very_low,baseline
1 AVENUE,MANHATTAN,2027-10-01,0.000492,0,very_low,baseline
1 AVENUE,MANHATTAN,2027-11-01,0.000429,0,very_low,baseline
1 AVENUE,MANHATTAN,2027-12-01,0.000413,0,very_low,baseline
1 AVENUE,MANHATTAN,2028-01-01,0.000539,0,very_low,baseline
1 AVENUE,MANHATTAN,2028-02-01,0.000535,0,very_low,baseline
1 AVENUE,MANHATTAN,2028-03-01,0.000532,0,very_low,baseline
1 AVENUE,MANHATTAN,2028-04-01,0.000532,0,very_low,baseline
1 AVENUE,MANHATTAN,2028-05-01,0.000548,0,very_low,baseline
1 AVENUE,MANHATTAN,2028-06-01,0.000549,0,very_low,baseline
1 AVENUE,MANHATTAN,2028-07-01,0.000531,0,very_low,baseline
1 AVENUE,MANHATTAN,2028-08-01,0.000572,0,very_low,baseline
1 AVENUE,MANHATTAN,2028-09-01,0.000587,0,very_low,baseline
1 AVENUE,MANHATTAN,2028-10-01,0.000492,0,very_low,baseline
1 AVENUE,MANHATTAN,2028-11-01,0.000429,0,very_low,baseline
1 AVENUE,MANHATTAN,2028-12-01,0.000413,0,very_low,baseline
1 AVENUE,MANHATTAN,2029-01-01,0.000539,0,very_low,baseline
1 AVENUE,MANHATTAN,2029-02-01,0.000535,0,very_low,baseline
1 AVENUE,MANHATTAN,2029-03-01,0.000532,0,very_low,baseline
1 AVENUE,MANHATTAN,2029-04-01,0.000532,0,very_low,baseline
1 AVENUE,MANHATTAN,2029-05-01,0.000548,0,very_low,baseline
1 AVENUE,MANHATTAN,2029-06-01,0.000549,0,very_low,baseline
1 AVENUE,MANHATTAN,2029-07-01,0.000531,0,very_low,baseline
1 AVENUE,MANHATTAN,2029-08-01,0.000572,0,very_low,baseline
1 AVENUE,MANHATTAN,2029-09-01,0.000587,0,very_low,baseline
1 AVENUE,MANHATTAN,2029-10-01,0.000492,0,very_low,baseline
1 AVENUE,MANHATTAN,2029-11-01,0.000429,0,very_low,baseline
1 AVENUE,MANHATTAN,2029-12-01,0.000413,0,very_low,baseline
102 STREET,QUEENS,2027-01-01,0.003041,0,very_low,baseline
102 STREET,QUEENS,2027-02-01,0.004042,0,very_low,baseline
102 STREET,QUEENS,2027-03-01,0.003892,0,very_low,baseline
102 STREET,QUEENS,2027-04-01,0.003515,0,very_low,baseline
102 STREET,QUEENS,2027-05-01,0.004067,0,very_low,baseline
102 STREET,QUEENS,2027-06-01,0.003506,0,very_low,baseline
102 STREET,QUEENS,2027-07-01,0.003453,0,very_low,baseline
102 STREET,QUEENS,2027-08-01,0.003418,0,very_low,baseline
102 STREET,QUEENS,2027-09-01,0.003368,0,very_low,baseline
102 STREET,QUEENS,2027-10-01,0.00316,0,very_low,baseline
102 STREET,QUEENS,2027-11-01,0.002701,0,very_low,baseline
102 STREET,QUEENS,2027-12-01,0.00257,0,very_low,baseline
102 STREET,QUEENS,2028-01-01,0.003489,0,very_low,baseline
102 STREET,QUEENS,2028-02-01,0.003509,0,very_low,baseline
102 STREET,QUEENS,2028-03-01,0.003516,0,very_low,baseline
102 STREET,QUEENS,2028-04-01,0.003515,0,very_low,baseline
102 STREET,QUEENS,2028-05-01,0.003675,0,very_low,baseline
102 STREET,QUEENS,2028-06-01,0.003506,0,very_low,baseline
102 STREET,QUEENS,2028-07-01,0.003453,0,very_low,baseline
102 STREET,QUEENS,2028-08-01,0.003418,0,very_low,baseline
102 STREET,QUEENS,2028-09-01,0.003368,0,very_low,baseline
102 STREET,QUEENS,2028-10-01,0.00316,0,very_low,baseline
102 STREET,QUEENS,2028-11-01,0.002701,0,very_low,baseline
102 STREET,QUEENS,2028-12-01,0.00257,0,very_low,baseline
102 STREET,QUEENS,2029-01-01,0.003489,0,very_low,baseline
102 STREET,QUEENS,2029-02-01,0.003509,0,very_low,baseline
102 STREET,QUEENS,2029-03-01,0.003516,0,very_low,baseline
102 STREET,QUEENS,2029-04-01,0.003515,0,very_low,baseline
102 STREET,QUEENS,2029-05-01,0.003675,0,very_low,baseline
102 STREET,QUEENS,2029-06-01,0.003506,0,very_low,baseline
102 STREET,QUEENS,2029-07-01,0.003453,0,very_low,baseline
102 STREET,QUEENS,2029-08-01,0.003418,0,very_low,baseline
102 STREET,QUEENS,2029-09-01,0.003368,0,very_low,baseline
102 STREET,QUEENS,2029-10-01,0.00316,0,very_low,baseline
102 STREET,QUEENS,2029-11-01,0.002701,0,very_low,baseline
102 STREET,QUEENS,2029-12-01,0.00257,0,very_low,baseline
103 ST.-CORONA PLAZA,QUEENS,2027-01-01,0.552936,1,medium,baseline
103 ST.-CORONA PLAZA,QUEENS,2027-02-01,0.566481,1,medium,baseline
103 ST.-CORONA PLAZA,QUEENS,2027-03-01,0.616838,1,high,baseline
103 ST.-CORONA PLAZA,QUEENS,2027-04-01,0.567985,1,medium,baseline
103 ST.-CORONA PLAZA,QUEENS,2027-05-01,0.6,1,medium,baseline
103 ST.-CORONA PLAZA,QUEENS,2027-06-01,0.579059,1,medium,baseline
103 ST.-CORONA PLAZA,QUEENS,2027-07-01,0.553032,1,medium,baseline
103 ST.-CORONA PLAZA,QUEENS,2027-08-01,0.550465,1,medium,baseline
103 ST.-CORONA PLAZA,QUEENS,2027-09-01,0.553847,1,medium,baseline
103 ST.-CORONA PLAZA,QUEENS,2027-10-01,0.542912,1,medium,baseline
103 ST.-CORONA PLAZA,QUEENS,2027-11-01,0.52043,1,medium,baseline
103 ST.-CORONA PLAZA,QUEENS,2027-12-01,0.52233,1,medium,baseline
103 ST.-CORONA PLAZA,QUEENS,2028-01-01,0.5246,1,medium,baseline
103 ST.-CORONA PLAZA,QUEENS,2028-02-01,0.535192,1,medium,baseline
103 ST.-CORONA PLAZA,QUEENS,2028-03-01,0.548214,1,medium,baseline
103 ST.-CORONA PLAZA,QUEENS,2028-04-01,0.54975,1,medium,baseline
103 ST.-CORONA PLAZA,QUEENS,2028-05-01,0.560791,1,medium,baseline
103 ST.-CORONA PLAZA,QUEENS,2028-06-01,0.568976,1,medium,baseline
103 ST.-CORONA PLAZA,QUEENS,2028-07-01,0.56445,1,medium,baseline
103 ST.-CORONA PLAZA,QUEENS,2028-08-01,0.553675,1,medium,baseline
103 ST.-CORONA PLAZA,QUEENS,2028-09-01,0.556752,1,medium,baseline
103 ST.-CORONA PLAZA,QUEENS,2028-10-01,0.54583,1,medium,baseline
103 ST.-CORONA PLAZA,QUEENS,2028-11-01,0.528664,1,medium,baseline
103 ST.-CORONA PLAZA,QUEENS,2028-12-01,0.52233,1,medium,baseline
103 ST.-CORONA PLAZA,QUEENS,2029-01-01,0.5246,1,medium,baseline
103 ST.-CORONA PLAZA,QUEENS,2029-02-01,0.535192,1,medium,baseline
103 ST.-CORONA PLAZA,QUEENS,2029-03-01,0.548214,1,medium,baseline
103 ST.-CORONA PLAZA,QUEENS,2029-04-01,0.54975,1,medium,baseline
103 ST.-CORONA PLAZA,QUEENS,2029-05-01,0.560791,1,medium,baseline
103 ST.-CORONA PLAZA,QUEENS,2029-06-01,0.568976,1,medium,baseline
103 ST.-CORONA PLAZA,QUEENS,2029-07-01,0.56445,1,medium,baseline
103 ST.-CORONA PLAZA,QUEENS,2029-08-01,0.553675,1,medium,baseline
103 ST.-CORONA PLAZA,QUEENS,2029-09-01,0.556752,1,medium,baseline
103 ST.-CORONA PLAZA,QUEENS,2029-10-01,0.54583,1,medium,baseline
103 ST.-CORONA PLAZA,QUEENS,2029-11-01,0.528664,1,medium,baseline
103 ST.-CORONA PLAZA,QUEENS,2029-12-01,0.52233,1,medium,baseline
103 STREET,MANHATTAN,2027-01-01,0.000434,0,very_low,baseline
103 STREET,MANHATTAN,2027-02-01,0.000333,0,very_low,baseline
103 STREET,MANHATTAN,2027-03-01,0.000428,0,very_low,baseline
103 STREET,MANHATTAN,2027-04-01,0.000442,0,very_low,baseline
103 STREET,MANHATTAN,2027-05-01,0.000444,0,very_low,baseline
103 STREET,MANHATTAN,2027-06-01,0.000363,0,very_low,baseline
103 STREET,MANHATTAN,2027-07-01,0.000375,0,very_low,baseline
103 STREET,MANHATTAN,2027-08-01,0.000393,0,very_low,baseline
103 STREET,MANHATTAN,2027-09-01,0.000402,0,very_low,baseline
103 STREET,MANHATTAN,2027-10-01,0.000349,0,very_low,baseline
103 STREET,MANHATTAN,2027-11-01,0.000279,0,very_low,baseline
103 STREET,MANHATTAN,2027-12-01,0.000266,0,very_low,baseline
103 STREET,MANHATTAN,2028-01-01,0.000323,0,very_low,baseline
103 STREET,MANHATTAN,2028-02-01,0.000351,0,very_low,baseline
103 STREET,MANHATTAN,2028-03-01,0.000334,0,very_low,baseline
103 STREET,MANHATTAN,2028-04-01,0.000332,0,very_low,baseline
103 STREET,MANHATTAN,2028-05-01,0.000341,0,very_low,baseline
103 STREET,MANHATTAN,2028-06-01,0.000363,0,very_low,baseline
103 STREET,MANHATTAN,2028-07-01,0.000375,0,very_low,baseline
103 STREET,MANHATTAN,2028-08-01,0.000393,0,very_low,baseline
103 STREET,MANHATTAN,2028-09-01,0.000402,0,very_low,baseline
103 STREET,MANHATTAN,2028-10-01,0.000349,0,very_low,baseline
103 STREET,MANHATTAN,2028-11-01,0.000279,0,very_low,baseline
103 STREET,MANHATTAN,2028-12-01,0.000266,0,very_low,baseline
103 STREET,MANHATTAN,2029-01-01,0.000323,0,very_low,baseline
103 STREET,MANHATTAN,2029-02-01,0.000351,0,very_low,baseline
103 STREET,MANHATTAN,2029-03-01,0.000334,0,very_low,baseline
103 STREET,MANHATTAN,2029-04-01,0.000332,0,very_low,baseline
103 STREET,MANHATTAN,2029-05-01,0.000341,0,very_low,baseline
103 STREET,MANHATTAN,2029-06-01,0.000363,0,very_low,baseline
103 STREET,MANHATTAN,2029-07-01,0.000375,0,very_low,baseline
103 STREET,MANHATTAN,2029-08-01,0.000393,0,very_low,baseline
103 STREET,MANHATTAN,2029-09-01,0.000402,0,very_low,baseline
103 STREET,MANHATTAN,2029-10-01,0.000349,0,very_low,baseline
103 STREET,MANHATTAN,2029-11-01,0.000279,0,very_low,baseline
103 STREET,MANHATTAN,2029-12-01,0.000266,0,very_low,baseline
104 STREET,QUEENS,2027-01-01,0.000136,0,very_low,baseline
104 STREET,QUEENS,2027-02-01,0.00016,0,very_low,baseline
104 STREET,QUEENS,2027-03-01,0.000141,0,very_low,baseline
104 STREET,QUEENS,2027-04-01,0.000134,0,very_low,baseline
104 STREET,QUEENS,2027-05-01,0.000142,0,very_low,baseline
104 STREET,QUEENS,2027-06-01,0.000145,0,very_low,baseline
104 STREET,QUEENS,2027-07-01,0.000149,0,very_low,baseline
104 STREET,QUEENS,2027-08-01,0.00015,0,very_low,baseline
104 STREET,QUEENS,2027-09-01,0.000153,0,very_low,baseline
104 STREET,QUEENS,2027-10-01,0.000134,0,very_low,baseline
104 STREET,QUEENS,2027-11-01,0.000124,0,very_low,baseline
104 STREET,QUEENS,2027-12-01,0.000118,0,very_low,baseline
104 STREET,QUEENS,2028-01-01,0.000142,0,very_low,baseline
104 STREET,QUEENS,2028-02-01,0.000147,0,very_low,baseline
104 STREET,QUEENS,2028-03-01,0.000146,0,very_low,baseline
104 STREET,QUEENS,2028-04-01,0.000144,0,very_low,baseline
104 STREET,QUEENS,2028-05-01,0.000148,0,very_low,baseline
104 STREET,QUEENS,2028-06-01,0.000145,0,very_low,baseline
104 STREET,QUEENS,2028-07-01,0.000149,0,very_low,baseline
104 STREET,QUEENS,2028-08-01,0.00015,0,very_low,baseline
104 STREET,QUEENS,2028-09-01,0.000153,0,very_low,baseline
104 STREET,QUEENS,2028-10-01,0.000134,0,very_low,baseline
104 STREET,QUEENS,2028-11-01,0.000124,0,very_low,baseline
104 STREET,QUEENS,2028-12-01,0.000118,0,very_low,baseline
104 STREET,QUEENS,2029-01-01,0.000142,0,very_low,baseline
104 STREET,QUEENS,2029-02-01,0.000147,0,very_low,baseline
104 STREET,QUEENS,2029-03-01,0.000146,0,very_low,baseline
104 STREET,QUEENS,2029-04-01,0.000144,0,very_low,baseline
104 STREET,QUEENS,2029-05-01,0.000148,0,very_low,baseline
104 STREET,QUEENS,2029-06-01,0.000145,0,very_low,baseline
104 STREET,QUEENS,2029-07-01,0.000149,0,very_low,baseline
104 STREET,QUEENS,2029-08-01,0.00015,0,very_low,baseline
104 STREET,QUEENS,2029-09-01,0.000153,0,very_low,baseline
104 STREET,QUEENS,2029-10-01,0.000134,0,very_low,baseline
104 STREET,QUEENS,2029-11-01,0.000124,0,very_low,baseline
104 STREET,QUEENS,2029-12-01,0.000118,0,very_low,baseline
110 ST.-CATHEDRAL PKWY.,MANHATTAN,2027-01-01,0.000252,0,very_low,baseline
110 ST.-CATHEDRAL PKWY.,MANHATTAN,2027-02-01,0.000315,0,very_low,baseline
110 ST.-CATHEDRAL PKWY.,MANHATTAN,2027-03-01,0.000325,0,very_low,baseline
110 ST.-CATHEDRAL PKWY.,MANHATTAN,2027-04-01,0.000354,0,very_low,baseline
110 ST.-CATHEDRAL PKWY.,MANHATTAN,2027-05-01,0.000349,0,very_low,baseline
110 ST.-CATHEDRAL PKWY.,MANHATTAN,2027-06-01,0.000341,0,very_low,baseline
110 ST.-CATHEDRAL PKWY.,MANHATTAN,2027-07-01,0.000332,0,very_low,baseline
110 ST.-CATHEDRAL PKWY.,MANHATTAN,2027-08-01,0.000348,0,very_low,baseline
110 ST.-CATHEDRAL PKWY.,MANHATTAN,2027-09-01,0.000356,0,very_low,baseline
110 ST.-CATHEDRAL PKWY.,MANHATTAN,2027-10-01,0.000313,0,very_low,baseline
110 ST.-CATHEDRAL PKWY.,MANHATTAN,2027-11-01,0.000243,0,very_low,baseline
110 ST.-CATHEDRAL PKWY.,MANHATTAN,2027-12-01,0.000231,0,very_low,baseline
110 ST.-CATHEDRAL PKWY.,MANHATTAN,2028-01-01,0.000334,0,very_low,baseline
110 ST.-CATHEDRAL PKWY.,MANHATTAN,2028-02-01,0.000363,0,very_low,baseline
110 ST.-CATHEDRAL PKWY.,MANHATTAN,2028-03-01,0.000339,0,very_low,baseline
110 ST.-CATHEDRAL PKWY.,MANHATTAN,2028-04-01,0.000329,0,very_low,baseline
110 ST.-CATHEDRAL PKWY.,MANHATTAN,2028-05-01,0.000338,0,very_low,baseline
110 ST.-CATHEDRAL PKWY.,MANHATTAN,2028-06-01,0.000341,0,very_low,baseline
110 ST.-CATHEDRAL PKWY.,MANHATTAN,2028-07-01,0.000332,0,very_low,baseline
110 ST.-CATHEDRAL PKWY.,MANHATTAN,2028-08-01,0.000348,0,very_low,baseline
110 ST.-CATHEDRAL PKWY.,MANHATTAN,2028-09-01,0.000356,0,very_low,baseline
110 ST.-CATHEDRAL PKWY.,MANHATTAN,2028-10-01,0.000313,0,very_low,baseline
110 ST.-CATHEDRAL PKWY.,MANHATTAN,2028-11-01,0.000243,0,very_low,baseline
110 ST.-CATHEDRAL PKWY.,MANHATTAN,2028-12-01,0.000231,0,very_low,baseline
110 ST.-CATHEDRAL PKWY.,MANHATTAN,2029-01-01,0.000334,0,very_low,baseline
110 ST.-CATHEDRAL PKWY.,MANHATTAN,2029-02-01,0.000363,0,very_low,baseline
110 ST.-CATHEDRAL PKWY.,MANHATTAN,2029-03-01,0.000339,0,very_low,baseline
110 ST.-CATHEDRAL PKWY.,MANHATTAN,2029-04-01,0.000329,0,very_low,baseline
110 ST.-CATHEDRAL PKWY.,MANHATTAN,2029-05-01,0.000338,0,very_low,baseline
110 ST.-CATHEDRAL PKWY.,MANHATTAN,2029-06-01,0.000341,0,very_low,baseline
110 ST.-CATHEDRAL PKWY.,MANHATTAN,2029-07-01,0.000332,0,very_low,baseline
110 ST.-CATHEDRAL PKWY.,MANHATTAN,2029-08-01,0.000348,0,very_low,baseline
110 ST.-CATHEDRAL PKWY.,MANHATTAN,2029-09-01,0.000356,0,very_low,baseline
110 ST.-CATHEDRAL PKWY.,MANHATTAN,2029-10-01,0.000313,0,very_low,baseline
110 ST.-CATHEDRAL PKWY.,MANHATTAN,2029-11-01,0.000243,0,very_low,baseline
110 ST.-CATHEDRAL PKWY.,MANHATTAN,2029-12-01,0.000231,0,very_low,baseline
110 ST.-CENTRAL PARK NORTH,MANHATTAN,2027-01-01,0.000474,0,very_low,baseline
110 ST.-CENTRAL PARK NORTH,MANHATTAN,2027-02-01,0.000312,0,very_low,baseline
110 ST.-CENTRAL PARK NORTH,MANHATTAN,2027-03-01,0.000272,0,very_low,baseline
110 ST.-CENTRAL PARK NORTH,MANHATTAN,2027-04-01,0.000293,0,very_low,baseline
110 ST.-CENTRAL PARK NORTH,MANHATTAN,2027-05-01,0.000294,0,very_low,baseline
110 ST.-CENTRAL PARK NORTH,MANHATTAN,2027-06-01,0.000392,0,very_low,baseline
110 ST.-CENTRAL PARK NORTH,MANHATTAN,2027-07-01,0.000376,0,very_low,baseline
110 ST.-CENTRAL PARK NORTH,MANHATTAN,2027-08-01,0.000428,0,very_low,baseline
110 ST.-CENTRAL PARK NORTH,MANHATTAN,2027-09-01,0.000456,0,very_low,baseline
110 ST.-CENTRAL PARK NORTH,MANHATTAN,2027-10-01,0.000391,0,very_low,baseline
110 ST.-CENTRAL PARK NORTH,MANHATTAN,2027-11-01,0.000325,0,very_low,baseline
110 ST.-CENTRAL PARK NORTH,MANHATTAN,2027-12-01,0.000316,0,very_low,baseline
110 ST.-CENTRAL PARK NORTH,MANHATTAN,2028-01-01,0.000365,0,very_low,baseline
110 ST.-CENTRAL PARK NORTH,MANHATTAN,2028-02-01,0.000356,0,very_low,baseline
110 ST.-CENTRAL PARK NORTH,MANHATTAN,2028-03-01,0.000385,0,very_low,baseline
110 ST.-CENTRAL PARK NORTH,MANHATTAN,2028-04-01,0.00038,0,very_low,baseline
110 ST.-CENTRAL PARK NORTH,MANHATTAN,2028-05-01,0.000391,0,very_low,baseline
110 ST.-CENTRAL PARK NORTH,MANHATTAN,2028-06-01,0.000392,0,very_low,baseline
110 ST.-CENTRAL PARK NORTH,MANHATTAN,2028-07-01,0.000376,0,very_low,baseline
110 ST.-CENTRAL PARK NORTH,MANHATTAN,2028-08-01,0.000428,0,very_low,baseline
110 ST.-CENTRAL PARK NORTH,MANHATTAN,2028-09-01,0.000456,0,very_low,baseline
110 ST.-CENTRAL PARK NORTH,MANHATTAN,2028-10-01,0.000391,0,very_low,baseline
110 ST.-CENTRAL PARK NORTH,MANHATTAN,2028-11-01,0.000325,0,very_low,baseline
110 ST.-CENTRAL PARK NORTH,MANHATTAN,2028-12-01,0.000316,0,very_low,baseline
110 ST.-CENTRAL PARK NORTH,MANHATTAN,2029-01-01,0.000365,0,very_low,baseline
110 ST.-CENTRAL PARK NORTH,MANHATTAN,2029-02-01,0.000356,0,very_low,baseline
110 ST.-CENTRAL PARK NORTH,MANHATTAN,2029-03-01,0.000385,0,very_low,baseline
110 ST.-CENTRAL PARK NORTH,MANHATTAN,2029-04-01,0.00038,0,very_low,baseline
110 ST.-CENTRAL PARK NORTH,MANHATTAN,2029-05-01,0.000391,0,very_low,baseline
110 ST.-CENTRAL PARK NORTH,MANHATTAN,2029-06-01,0.000392,0,very_low,baseline
110 ST.-CENTRAL PARK NORTH,MANHATTAN,2029-07-01,0.000376,0,very_low,baseline
110 ST.-CENTRAL PARK NORTH,MANHATTAN,2029-08-01,0.000428,0,very_low,baseline
110 ST.-CENTRAL PARK NORTH,MANHATTAN,2029-09-01,0.000456,0,very_low,baseline
110 ST.-CENTRAL PARK NORTH,MANHATTAN,2029-10-01,0.000391,0,very_low,baseline
110 ST.-CENTRAL PARK NORTH,MANHATTAN,2029-11-01,0.000325,0,very_low,baseline
110 ST.-CENTRAL PARK NORTH,MANHATTAN,2029-12-01,0.000316,0,very_low,baseline
110 STREET,MANHATTAN,2027-01-01,0.017081,0,very_low,baseline
110 STREET,MANHATTAN,2027-02-01,0.003241,0,very_low,baseline
110 STREET,MANHATTAN,2027-03-01,0.00106,0,very_low,baseline
110 STREET,MANHATTAN,2027-04-01,0.001158,0,very_low,baseline
110 STREET,MANHATTAN,2027-05-01,0.001324,0,very_low,baseline
110 STREET,MANHATTAN,2027-06-01,0.001625,0,very_low,baseline
110 STREET,MANHATTAN,2027-07-01,0.00175,0,very_low,baseline
110 STREET,MANHATTAN,2027-08-01,0.001735,0,very_low,baseline
110 STREET,MANHATTAN,2027-09-01,0.00181,0,very_low,baseline
110 STREET,MANHATTAN,2027-10-01,0.001571,0,very_low,baseline
110 STREET,MANHATTAN,2027-11-01,0.001464,0,very_low,baseline
110 STREET,MANHATTAN,2027-12-01,0.001393,0,very_low,baseline
110 STREET,MANHATTAN,2028-01-01,0.001934,0,very_low,baseline
110 STREET,MANHATTAN,2028-02-01,0.001946,0,very_low,baseline
110 STREET,MANHATTAN,2028-03-01,0.001713,0,very_low,baseline
110 STREET,MANHATTAN,2028-04-01,0.001571,0,very_low,baseline
110 STREET,MANHATTAN,2028-05-01,0.001642,0,very_low,baseline
110 STREET,MANHATTAN,2028-06-01,0.001625,0,very_low,baseline
110 STREET,MANHATTAN,2028-07-01,0.00175,0,very_low,baseline
110 STREET,MANHATTAN,2028-08-01,0.001735,0,very_low,baseline
110 STREET,MANHATTAN,2028-09-01,0.00181,0,very_low,baseline
110 STREET,MANHATTAN,2028-10-01,0.001571,0,very_low,baseline
110 STREET,MANHATTAN,2028-11-01,0.001464,0,very_low,baseline
110 STREET,MANHATTAN,2028-12-01,0.001393,0,very_low,baseline
110 STREET,MANHATTAN,2029-01-01,0.001934,0,very_low,baseline
110 STREET,MANHATTAN,2029-02-01,0.001946,0,very_low,baseline
110 STREET,MANHATTAN,2029-03-01,0.001713,0,very_low,baseline
110 STREET,MANHATTAN,2029-04-01,0.001571,0,very_low,baseline
110 STREET,MANHATTAN,2029-05-01,0.001642,0,very_low,baseline
110 STREET,MANHATTAN,2029-06-01,0.001625,0,very_low,baseline
110 STREET,MANHATTAN,2029-07-01,0.00175,0,very_low,baseline
110 STREET,MANHATTAN,2029-08-01,0.001735,0,very_low,baseline
110 STREET,MANHATTAN,2029-09-01,0.00181,0,very_low,baseline
110 STREET,MANHATTAN,2029-10-01,0.001571,0,very_low,baseline
110 STREET,MANHATTAN,2029-11-01,0.001464,0,very_low,baseline
110 STREET,MANHATTAN,2029-12-01,0.001393,0,very_low,baseline
111 STREET,QUEENS,2027-01-01,0.200476,1,low,baseline
111 STREET,QUEENS,2027-02-01,0.181729,1,very_low,baseline
111 STREET,QUEENS,2027-03-01,0.227438,1,low,baseline
111 STREET,QUEENS,2027-04-01,0.262917,1,low,baseline
111 STREET,QUEENS,2027-05-01,0.251743,1,low,baseline
111 STREET,QUEENS,2027-06-01,0.266611,1,low,baseline
111 STREET,QUEENS,2027-07-01,0.258751,1,low,baseline
111 STREET,QUEENS,2027-08-01,0.257758,1,low,baseline
111 STREET,QUEENS,2027-09-01,0.253284,1,low,baseline
111 STREET,QUEENS,2027-10-01,0.230369,1,low,baseline
111 STREET,QUEENS,2027-11-01,0.224631,1,low,baseline
111 STREET,QUEENS,2027-12-01,0.22902,1,low,baseline
111 STREET,QUEENS,2028-01-01,0.240039,1,low,baseline
111 STREET,QUEENS,2028-02-01,0.242396,1,low,baseline
111 STREET,QUEENS,2028-03-01,0.250867,1,low,baseline
111 STREET,QUEENS,2028-04-01,0.248249,1,low,baseline
111 STREET,QUEENS,2028-05-01,0.256687,1,low,baseline
111 STREET,QUEENS,2028-06-01,0.258243,1,low,baseline
111 STREET,QUEENS,2028-07-01,0.260751,1,low,baseline
111 STREET,QUEENS,2028-08-01,0.256728,1,low,baseline
111 STREET,QUEENS,2028-09-01,0.253567,1,low,baseline
111 STREET,QUEENS,2028-10-01,0.230634,1,low,baseline
111 STREET,QUEENS,2028-11-01,0.228617,1,low,baseline
111 STREET,QUEENS,2028-12-01,0.22902,1,low,baseline
111 STREET,QUEENS,2029-01-01,0.240039,1,low,baseline
111 STREET,QUEENS,2029-02-01,0.242396,1,low,baseline
111 STREET,QUEENS,2029-03-01,0.250867,1,low,baseline
111 STREET,QUEENS,2029-04-01,0.248249,1,low,baseline
111 STREET,QUEENS,2029-05-01,0.256687,1,low,baseline
111 STREET,QUEENS,2029-06-01,0.258243,1,low,baseline
111 STREET,QUEENS,2029-07-01,0.260751,1,low,baseline
111 STREET,QUEENS,2029-08-01,0.256728,1,low,baseline
111 STREET,QUEENS,2029-09-01,0.253567,1,low,baseline
111 STREET,QUEENS,2029-10-01,0.230634,1,low,baseline
111 STREET,QUEENS,2029-11-01,0.228617,1,low,baseline
111 STREET,QUEENS,2029-12-01,0.22902,1,low,baseline
116 ST.-COLUMBIA UNIVERSITY,MANHATTAN,2027-01-01,0.000176,0,very_low,baseline
116 ST.-COLUMBIA UNIVERSITY,MANHATTAN,2027-02-01,0.000224,0,very_low,baseline
116 ST.-COLUMBIA UNIVERSITY,MANHATTAN,2027-03-01,0.000247,0,very_low,baseline
116 ST.-COLUMBIA UNIVERSITY,MANHATTAN,2027-04-01,0.000275,0,very_low,baseline
116 ST.-COLUMBIA UNIVERSITY,MANHATTAN,2027-05-01,0.000328,0,very_low,baseline
116 ST.-COLUMBIA UNIVERSITY,MANHATTAN,2027-06-01,0.000297,0,very_low,baseline
116 ST.-COLUMBIA UNIVERSITY,MANHATTAN,2027-07-01,0.000289,0,very_low,baseline
116 ST.-COLUMBIA UNIVERSITY,MANHATTAN,2027-08-01,0.000296,0,very_low,baseline
116 ST.-COLUMBIA UNIVERSITY,MANHATTAN,2027-09-01,0.000303,0,very_low,baseline
116 ST.-COLUMBIA UNIVERSITY,MANHATTAN,2027-10-01,0.000266,0,very_low,baseline
116 ST.-COLUMBIA UNIVERSITY,MANHATTAN,2027-11-01,0.000207,0,very_low,baseline
116 ST.-COLUMBIA UNIVERSITY,MANHATTAN,2027-12-01,0.000197,0,very_low,baseline
116 ST.-COLUMBIA UNIVERSITY,MANHATTAN,2028-01-01,0.000284,0,very_low,baseline
116 ST.-COLUMBIA UNIVERSITY,MANHATTAN,2028-02-01,0.000309,0,very_low,baseline
116 ST.-COLUMBIA UNIVERSITY,MANHATTAN,2028-03-01,0.000289,0,very_low,baseline
116 ST.-COLUMBIA UNIVERSITY,MANHATTAN,2028-04-01,0.000287,0,very_low,baseline
116 ST.-COLUMBIA UNIVERSITY,MANHATTAN,2028-05-01,0.000295,0,very_low,baseline
116 ST.-COLUMBIA UNIVERSITY,MANHATTAN,2028-06-01,0.000297,0,very_low,baseline
116 ST.-COLUMBIA UNIVERSITY,MANHATTAN,2028-07-01,0.000289,0,very_low,baseline
116 ST.-COLUMBIA UNIVERSITY,MANHATTAN,2028-08-01,0.000296,0,very_low,baseline
116 ST.-COLUMBIA UNIVERSITY,MANHATTAN,2028-09-01,0.000303,0,very_low,baseline
116 ST.-COLUMBIA UNIVERSITY,MANHATTAN,2028-10-01,0.000266,0,very_low,baseline
116 ST.-COLUMBIA UNIVERSITY,MANHATTAN,2028-11-01,0.000207,0,very_low,baseline
116 ST.-COLUMBIA UNIVERSITY,MANHATTAN,2028-12-01,0.000197,0,very_low,baseline
116 ST.-COLUMBIA UNIVERSITY,MANHATTAN,2029-01-01,0.000284,0,very_low,baseline
116 ST.-COLUMBIA UNIVERSITY,MANHATTAN,2029-02-01,0.000309,0,very_low,baseline
116 ST.-COLUMBIA UNIVERSITY,MANHATTAN,2029-03-01,0.000289,0,very_low,baseline
116 ST.-COLUMBIA UNIVERSITY,MANHATTAN,2029-04-01,0.000287,0,very_low,baseline
116 ST.-COLUMBIA UNIVERSITY,MANHATTAN,2029-05-01,0.000295,0,very_low,baseline
116 ST.-COLUMBIA UNIVERSITY,MANHATTAN,2029-06-01,0.000297,0,very_low,baseline
116 ST.-COLUMBIA UNIVERSITY,MANHATTAN,2029-07-01,0.000289,0,very_low,baseline
116 ST.-COLUMBIA UNIVERSITY,MANHATTAN,2029-08-01,0.000296,0,very_low,baseline
116 ST.-COLUMBIA UNIVERSITY,MANHATTAN,2029-09-01,0.000303,0,very_low,baseline
116 ST.-COLUMBIA UNIVERSITY,MANHATTAN,2029-10-01,0.000266,0,very_low,baseline
116 ST.-COLUMBIA UNIVERSITY,MANHATTAN,2029-11-01,0.000207,0,very_low,baseline
116 ST.-COLUMBIA UNIVERSITY,MANHATTAN,2029-12-01,0.000197,0,very_low,baseline
116 STREET,MANHATTAN,2027-01-01,0.000662,0,very_low,baseline
116 STREET,MANHATTAN,2027-02-01,0.000718,0,very_low,baseline
116 STREET,MANHATTAN,2027-03-01,0.000481,0,very_low,baseline
116 STREET,MANHATTAN,2027-04-01,0.000584,0,very_low,baseline
116 STREET,MANHATTAN,2027-05-01,0.000568,0,very_low,baseline
116 STREET,MANHATTAN,2027-06-01,0.000577,0,very_low,baseline
116 STREET,MANHATTAN,2027-07-01,0.000554,0,very_low,baseline
116 STREET,MANHATTAN,2027-08-01,0.000631,0,very_low,baseline
116 STREET,MANHATTAN,2027-09-01,0.000648,0,very_low,baseline
116 STREET,MANHATTAN,2027-10-01,0.000627,0,very_low,baseline
116 STREET,MANHATTAN,2027-11-01,0.000521,0,very_low,baseline
116 STREET,MANHATTAN,2027-12-01,0.000519,0,very_low,baseline
116 STREET,MANHATTAN,2028-01-01,0.000557,0,very_low,baseline
116 STREET,MANHATTAN,2028-02-01,0.000563,0,very_low,baseline
116 STREET,MANHATTAN,2028-03-01,0.000608,0,very_low,baseline
116 STREET,MANHATTAN,2028-04-01,0.000601,0,very_low,baseline
116 STREET,MANHATTAN,2028-05-01,0.000617,0,very_low,baseline
116 STREET,MANHATTAN,2028-06-01,0.000577,0,very_low,baseline
116 STREET,MANHATTAN,2028-07-01,0.000554,0,very_low,baseline
116 STREET,MANHATTAN,2028-08-01,0.000631,0,very_low,baseline
116 STREET,MANHATTAN,2028-09-01,0.000648,0,very_low,baseline
116 STREET,MANHATTAN,2028-10-01,0.000627,0,very_low,baseline
116 STREET,MANHATTAN,2028-11-01,0.000521,0,very_low,baseline
116 STREET,MANHATTAN,2028-12-01,0.000519,0,very_low,baseline
116 STREET,MANHATTAN,2029-01-01,0.000557,0,very_low,baseline
116 STREET,MANHATTAN,2029-02-01,0.000563,0,very_low,baseline
116 STREET,MANHATTAN,2029-03-01,0.000608,0,very_low,baseline
116 STREET,MANHATTAN,2029-04-01,0.000601,0,very_low,baseline
116 STREET,MANHATTAN,2029-05-01,0.000617,0,very_low,baseline
116 STREET,MANHATTAN,2029-06-01,0.000577,0,very_low,baseline
116 STREET,MANHATTAN,2029-07-01,0.000554,0,very_low,baseline
116 STREET,MANHATTAN,2029-08-01,0.000631,0,very_low,baseline
116 STREET,MANHATTAN,2029-09-01,0.000648,0,very_low,baseline
116 STREET,MANHATTAN,2029-10-01,0.000627,0,very_low,baseline
116 STREET,MANHATTAN,2029-11-01,0.000521,0,very_low,baseline
116 STREET,MANHATTAN,2029-12-01,0.000519,0,very_low,baseline
121 STREET,QUEENS,2027-01-01,0.021152,0,very_low,baseline
121 STREET,QUEENS,2027-02-01,0.005095,0,very_low,baseline
121 STREET,QUEENS,2027-03-01,0.004762,0,very_low,baseline
121 STREET,QUEENS,2027-04-01,0.00403,0,very_low,baseline
121 STREET,QUEENS,2027-05-01,0.006586,0,very_low,baseline
121 STREET,QUEENS,2027-06-01,0.006166,0,very_low,baseline
121 STREET,QUEENS,2027-07-01,0.005969,0,very_low,baseline
121 STREET,QUEENS,2027-08-01,0.005812,0,very_low,baseline
121 STREET,QUEENS,2027-09-01,0.005727,0,very_low,baseline
121 STREET,QUEENS,2027-10-01,0.005102,0,very_low,baseline
121 STREET,QUEENS,2027-11-01,0.004232,0,very_low,baseline
121 STREET,QUEENS,2027-12-01,0.003888,0,very_low,baseline
121 STREET,QUEENS,2028-01-01,0.006781,0,very_low,baseline
121 STREET,QUEENS,2028-02-01,0.006821,0,very_low,baseline
121 STREET,QUEENS,2028-03-01,0.006834,0,very_low,baseline
121 STREET,QUEENS,2028-04-01,0.00667,0,very_low,baseline
121 STREET,QUEENS,2028-05-01,0.006586,0,very_low,baseline
121 STREET,QUEENS,2028-06-01,0.006166,0,very_low,baseline
121 STREET,QUEENS,2028-07-01,0.005969,0,very_low,baseline
121 STREET,QUEENS,2028-08-01,0.005812,0,very_low,baseline
121 STREET,QUEENS,2028-09-01,0.005727,0,very_low,baseline
121 STREET,QUEENS,2028-10-01,0.005102,0,very_low,baseline
121 STREET,QUEENS,2028-11-01,0.004232,0,very_low,baseline
121 STREET,QUEENS,2028-12-01,0.003888,0,very_low,baseline
121 STREET,QUEENS,2029-01-01,0.006781,0,very_low,baseline
121 STREET,QUEENS,2029-02-01,0.006821,0,very_low,baseline
121 STREET,QUEENS,2029-03-01,0.006834,0,very_low,baseline
121 STREET,QUEENS,2029-04-01,0.00667,0,very_low,baseline
121 STREET,QUEENS,2029-05-01,0.006586,0,very_low,baseline
121 STREET,QUEENS,2029-06-01,0.006166,0,very_low,baseline
121 STREET,QUEENS,2029-07-01,0.005969,0,very_low,baseline
121 STREET,QUEENS,2029-08-01,0.005812,0,very_low,baseline
121 STREET,QUEENS,2029-09-01,0.005727,0,very_low,baseline
121 STREET,QUEENS,2029-10-01,0.005102,0,very_low,baseline
121 STREET,QUEENS,2029-11-01,0.004232,0,very_low,baseline
121 STREET,QUEENS,2029-12-01,0.003888,0,very_low,baseline
125 STREET,MANHATTAN,2027-01-01,0.968918,1,very_high,baseline
125 STREET,MANHATTAN,2027-02-01,0.974685,1,very_high,baseline
125 STREET,MANHATTAN,2027-03-01,0.956369,1,very_high,baseline
125 STREET,MANHATTAN,2027-04-01,0.960665,1,very_high,baseline
125 STREET,MANHATTAN,2027-05-01,0.973718,1,very_high,baseline
125 STREET,MANHATTAN,2027-06-01,0.977715,1,very_high,baseline
125 STREET,MANHATTAN,2027-07-01,0.978399,1,very_high,baseline
125 STREET,MANHATTAN,2027-08-01,0.978451,1,very_high,baseline
125 STREET,MANHATTAN,2027-09-01,0.977931,1,very_high,baseline
125 STREET,MANHATTAN,2027-10-01,0.977147,1,very_high,baseline
125 STREET,MANHATTAN,2027-11-01,0.976511,1,very_high,baseline
125 STREET,MANHATTAN,2027-12-01,0.976001,1,very_high,baseline
125 STREET,MANHATTAN,2028-01-01,0.973542,1,very_high,baseline
125 STREET,MANHATTAN,2028-02-01,0.974473,1,very_high,baseline
125 STREET,MANHATTAN,2028-03-01,0.974543,1,very_high,baseline
125 STREET,MANHATTAN,2028-04-01,0.976362,1,very_high,baseline
125 STREET,MANHATTAN,2028-05-01,0.97663,1,very_high,baseline
125 STREET,MANHATTAN,2028-06-01,0.977715,1,very_high,baseline
125 STREET,MANHATTAN,2028-07-01,0.978399,1,very_high,baseline
125 STREET,MANHATTAN,2028-08-01,0.978451,1,very_high,baseline
125 STREET,MANHATTAN,2028-09-01,0.977931,1,very_high,baseline
125 STREET,MANHATTAN,2028-10-01,0.977147,1,very_high,baseline
125 STREET,MANHATTAN,2028-11-01,0.976511,1,very_high,baseline
125 STREET,MANHATTAN,2028-12-01,0.976001,1,very_high,baseline
125 STREET,MANHATTAN,2029-01-01,0.973542,1,very_high,baseline
125 STREET,MANHATTAN,2029-02-01,0.974473,1,very_high,baseline
125 STREET,MANHATTAN,2029-03-01,0.974543,1,very_high,baseline
125 STREET,MANHATTAN,2029-04-01,0.976362,1,very_high,baseline
125 STREET,MANHATTAN,2029-05-01,0.97663,1,very_high,baseline
125 STREET,MANHATTAN,2029-06-01,0.977715,1,very_high,baseline
125 STREET,MANHATTAN,2029-07-01,0.978399,1,very_high,baseline
125 STREET,MANHATTAN,2029-08-01,0.978451,1,very_high,baseline
125 STREET,MANHATTAN,2029-09-01,0.977931,1,very_high,baseline
125 STREET,MANHATTAN,2029-10-01,0.977147,1,very_high,baseline
125 STREET,MANHATTAN,2029-11-01,0.976511,1,very_high,baseline
125 STREET,MANHATTAN,2029-12-01,0.976001,1,very_high,baseline
135 STREET,MANHATTAN,2027-01-01,0.00081,0,very_low,baseline
135 STREET,MANHATTAN,2027-02-01,0.000594,0,very_low,baseline
135 STREET,MANHATTAN,2027-03-01,0.00063,0,very_low,baseline
135 STREET,MANHATTAN,2027-04-01,0.000481,0,very_low,baseline
135 STREET,MANHATTAN,2027-05-01,0.00048,0,very_low,baseline
135 STREET,MANHATTAN,2027-06-01,0.000923,0,very_low,baseline
135 STREET,MANHATTAN,2027-07-01,0.000918,0,very_low,baseline
135 STREET,MANHATTAN,2027-08-01,0.001039,0,very_low,baseline
135 STREET,MANHATTAN,2027-09-01,0.001092,0,very_low,baseline
135 STREET,MANHATTAN,2027-10-01,0.000974,0,very_low,baseline
135 STREET,MANHATTAN,2027-11-01,0.000813,0,very_low,baseline
135 STREET,MANHATTAN,2027-12-01,0.00081,0,very_low,baseline
135 STREET,MANHATTAN,2028-01-01,0.000878,0,very_low,baseline
135 STREET,MANHATTAN,2028-02-01,0.000984,0,very_low,baseline
135 STREET,MANHATTAN,2028-03-01,0.000915,0,very_low,baseline
135 STREET,MANHATTAN,2028-04-01,0.000891,0,very_low,baseline
135 STREET,MANHATTAN,2028-05-01,0.000915,0,very_low,baseline
135 STREET,MANHATTAN,2028-06-01,0.000923,0,very_low,baseline
135 STREET,MANHATTAN,2028-07-01,0.000918,0,very_low,baseline
135 STREET,MANHATTAN,2028-08-01,0.001039,0,very_low,baseline
135 STREET,MANHATTAN,2028-09-01,0.001092,0,very_low,baseline
135 STREET,MANHATTAN,2028-10-01,0.000974,0,very_low,baseline
135 STREET,MANHATTAN,2028-11-01,0.000813,0,very_low,baseline
135 STREET,MANHATTAN,2028-12-01,0.00081,0,very_low,baseline
135 STREET,MANHATTAN,2029-01-01,0.000878,0,very_low,baseline
135 STREET,MANHATTAN,2029-02-01,0.000984,0,very_low,baseline
135 STREET,MANHATTAN,2029-03-01,0.000915,0,very_low,baseline
135 STREET,MANHATTAN,2029-04-01,0.000891,0,very_low,baseline
135 STREET,MANHATTAN,2029-05-01,0.000915,0,very_low,baseline
135 STREET,MANHATTAN,2029-06-01,0.000923,0,very_low,baseline
135 STREET,MANHATTAN,2029-07-01,0.000918,0,very_low,baseline
135 STREET,MANHATTAN,2029-08-01,0.001039,0,very_low,baseline
135 STREET,MANHATTAN,2029-09-01,0.001092,0,very_low,baseline
135 STREET,MANHATTAN,2029-10-01,0.000974,0,very_low,baseline
135 STREET,MANHATTAN,2029-11-01,0.000813,0,very_low,baseline
135 STREET,MANHATTAN,2029-12-01,0.00081,0,very_low,baseline
137 ST.-CITY COLLEGE,MANHATTAN,2027-01-01,0.000471,0,very_low,baseline
137 ST.-CITY COLLEGE,MANHATTAN,2027-02-01,0.00049,0,very_low,baseline
137 ST.-CITY COLLEGE,MANHATTAN,2027-03-01,0.000436,0,very_low,baseline
137 ST.-CITY COLLEGE,MANHATTAN,2027-04-01,0.000421,0,very_low,baseline
137 ST.-CITY COLLEGE,MANHATTAN,2027-05-01,0.000501,0,very_low,baseline
137 ST.-CITY COLLEGE,MANHATTAN,2027-06-01,0.00031,0,very_low,baseline
137 ST.-CITY COLLEGE,MANHATTAN,2027-07-01,0.00032,0,very_low,baseline
137 ST.-CITY COLLEGE,MANHATTAN,2027-08-01,0.000336,0,very_low,baseline
137 ST.-CITY COLLEGE,MANHATTAN,2027-09-01,0.000338,0,very_low,baseline
137 ST.-CITY COLLEGE,MANHATTAN,2027-10-01,0.000293,0,very_low,baseline
137 ST.-CITY COLLEGE,MANHATTAN,2027-11-01,0.000235,0,very_low,baseline
137 ST.-CITY COLLEGE,MANHATTAN,2027-12-01,0.000223,0,very_low,baseline
137 ST.-CITY COLLEGE,MANHATTAN,2028-01-01,0.000298,0,very_low,baseline
137 ST.-CITY COLLEGE,MANHATTAN,2028-02-01,0.000324,0,very_low,baseline
137 ST.-CITY COLLEGE,MANHATTAN,2028-03-01,0.000292,0,very_low,baseline
137 ST.-CITY COLLEGE,MANHATTAN,2028-04-01,0.000291,0,very_low,baseline
137 ST.-CITY COLLEGE,MANHATTAN,2028-05-01,0.000299,0,very_low,baseline
137 ST.-CITY COLLEGE,MANHATTAN,2028-06-01,0.00031,0,very_low,baseline
137 ST.-CITY COLLEGE,MANHATTAN,2028-07-01,0.00032,0,very_low,baseline
137 ST.-CITY COLLEGE,MANHATTAN,2028-08-01,0.000336,0,very_low,baseline
137 ST.-CITY COLLEGE,MANHATTAN,2028-09-01,0.000338,0,very_low,baseline
137 ST.-CITY COLLEGE,MANHATTAN,2028-10-01,0.000293,0,very_low,baseline
137 ST.-CITY COLLEGE,MANHATTAN,2028-11-01,0.000235,0,very_low,baseline
137 ST.-CITY COLLEGE,MANHATTAN,2028-12-01,0.000223,0,very_low,baseline
137 ST.-CITY COLLEGE,MANHATTAN,2029-01-01,0.000298,0,very_low,baseline
137 ST.-CITY COLLEGE,MANHATTAN,2029-02-01,0.000324,0,very_low,baseline
137 ST.-CITY COLLEGE,MANHATTAN,2029-03-01,0.000292,0,very_low,baseline
137 ST.-CITY COLLEGE,MANHATTAN,2029-04-01,0.000291,0,very_low,baseline
137 ST.-CITY COLLEGE,MANHATTAN,2029-05-01,0.000299,0,very_low,baseline
137 ST.-CITY COLLEGE,MANHATTAN,2029-06-01,0.00031,0,very_low,baseline
137 ST.-CITY COLLEGE,MANHATTAN,2029-07-01,0.00032,0,very_low,baseline
137 ST.-CITY COLLEGE,MANHATTAN,2029-08-01,0.000336,0,very_low,baseline
137 ST.-CITY COLLEGE,MANHATTAN,2029-09-01,0.000338,0,very_low,baseline
137 ST.-CITY COLLEGE,MANHATTAN,2029-10-01,0.000293,0,very_low,baseline
137 ST.-CITY COLLEGE,MANHATTAN,2029-11-01,0.000235,0,very_low,baseline
137 ST.-CITY COLLEGE,MANHATTAN,2029-12-01,0.000223,0,very_low,baseline
138 ST.-GRAND CONCOURSE,BRONX,2027-01-01,0.000492,0,very_low,baseline
138 ST.-GRAND CONCOURSE,BRONX,2027-02-01,0.001016,0,very_low,baseline
138 ST.-GRAND CONCOURSE,BRONX,2027-03-01,0.000805,0,very_low,baseline
138 ST.-GRAND CONCOURSE,BRONX,2027-04-01,0.000712,0,very_low,baseline
138 ST.-GRAND CONCOURSE,BRONX,2027-05-01,0.000764,0,very_low,baseline
138 ST.-GRAND CONCOURSE,BRONX,2027-06-01,0.000681,0,very_low,baseline
138 ST.-GRAND CONCOURSE,BRONX,2027-07-01,0.00065,0,very_low,baseline
138 ST.-GRAND CONCOURSE,BRONX,2027-08-01,0.000679,0,very_low,baseline
138 ST.-GRAND CONCOURSE,BRONX,2027-09-01,0.000714,0,very_low,baseline
138 ST.-GRAND CONCOURSE,BRONX,2027-10-01,0.000626,0,very_low,baseline
138 ST.-GRAND CONCOURSE,BRONX,2027-11-01,0.000539,0,very_low,baseline
138 ST.-GRAND CONCOURSE,BRONX,2027-12-01,0.000552,0,very_low,baseline
138 ST.-GRAND CONCOURSE,BRONX,2028-01-01,0.000711,0,very_low,baseline
138 ST.-GRAND CONCOURSE,BRONX,2028-02-01,0.000796,0,very_low,baseline
138 ST.-GRAND CONCOURSE,BRONX,2028-03-01,0.000712,0,very_low,baseline
138 ST.-GRAND CONCOURSE,BRONX,2028-04-01,0.000686,0,very_low,baseline
138 ST.-GRAND CONCOURSE,BRONX,2028-05-01,0.000676,0,very_low,baseline
138 ST.-GRAND CONCOURSE,BRONX,2028-06-01,0.000681,0,very_low,baseline
138 ST.-GRAND CONCOURSE,BRONX,2028-07-01,0.00065,0,very_low,baseline
138 ST.-GRAND CONCOURSE,BRONX,2028-08-01,0.000679,0,very_low,baseline
138 ST.-GRAND CONCOURSE,BRONX,2028-09-01,0.000714,0,very_low,baseline
138 ST.-GRAND CONCOURSE,BRONX,2028-10-01,0.000626,0,very_low,baseline
138 ST.-GRAND CONCOURSE,BRONX,2028-11-01,0.000539,0,very_low,baseline
138 ST.-GRAND CONCOURSE,BRONX,2028-12-01,0.000552,0,very_low,baseline
138 ST.-GRAND CONCOURSE,BRONX,2029-01-01,0.000711,0,very_low,baseline
138 ST.-GRAND CONCOURSE,BRONX,2029-02-01,0.000796,0,very_low,baseline
138 ST.-GRAND CONCOURSE,BRONX,2029-03-01,0.000712,0,very_low,baseline
138 ST.-GRAND CONCOURSE,BRONX,2029-04-01,0.000686,0,very_low,baseline
138 ST.-GRAND CONCOURSE,BRONX,2029-05-01,0.000676,0,very_low,baseline
138 ST.-GRAND CONCOURSE,BRONX,2029-06-01,0.000681,0,very_low,baseline
138 ST.-GRAND CONCOURSE,BRONX,2029-07-01,0.00065,0,very_low,baseline
138 ST.-GRAND CONCOURSE,BRONX,2029-08-01,0.000679,0,very_low,baseline
138 ST.-GRAND CONCOURSE,BRONX,2029-09-01,0.000714,0,very_low,baseline
138 ST.-GRAND CONCOURSE,BRONX,2029-10-01,0.000626,0,very_low,baseline
138 ST.-GRAND CONCOURSE,BRONX,2029-11-01,0.000539,0,very_low,baseline
138 ST.-GRAND CONCOURSE,BRONX,2029-12-01,0.000552,0,very_low,baseline
14 ST.-UNION SQUARE,MANHATTAN,2027-01-01,0.000434,0,very_low,baseline
14 ST.-UNION SQUARE,MANHATTAN,2027-02-01,0.000536,0,very_low,baseline
14 ST.-UNION SQUARE,MANHATTAN,2027-03-01,0.000531,0,very_low,baseline
14 ST.-UNION SQUARE,MANHATTAN,2027-04-01,0.000576,0,very_low,baseline
14 ST.-UNION SQUARE,MANHATTAN,2027-05-01,0.000607,0,very_low,baseline
14 ST.-UNION SQUARE,MANHATTAN,2027-06-01,0.000601,0,very_low,baseline
14 ST.-UNION SQUARE,MANHATTAN,2027-07-01,0.000577,0,very_low,baseline
14 ST.-UNION SQUARE,MANHATTAN,2027-08-01,0.000657,0,very_low,baseline
14 ST.-UNION SQUARE,MANHATTAN,2027-09-01,0.000675,0,very_low,baseline
14 ST.-UNION SQUARE,MANHATTAN,2027-10-01,0.000653,0,very_low,baseline
14 ST.-UNION SQUARE,MANHATTAN,2027-11-01,0.000542,0,very_low,baseline
14 ST.-UNION SQUARE,MANHATTAN,2027-12-01,0.000527,0,very_low,baseline
14 ST.-UNION SQUARE,MANHATTAN,2028-01-01,0.000557,0,very_low,baseline
14 ST.-UNION SQUARE,MANHATTAN,2028-02-01,0.000563,0,very_low,baseline
14 ST.-UNION SQUARE,MANHATTAN,2028-03-01,0.000608,0,very_low,baseline
14 ST.-UNION SQUARE,MANHATTAN,2028-04-01,0.0006,0,very_low,baseline
14 ST.-UNION SQUARE,MANHATTAN,2028-05-01,0.000617,0,very_low,baseline
14 ST.-UNION SQUARE,MANHATTAN,2028-06-01,0.000601,0,very_low,baseline
14 ST.-UNION SQUARE,MANHATTAN,2028-07-01,0.000577,0,very_low,baseline
14 ST.-UNION SQUARE,MANHATTAN,2028-08-01,0.000657,0,very_low,baseline
14 ST.-UNION SQUARE,MANHATTAN,2028-09-01,0.000675,0,very_low,baseline
14 ST.-UNION SQUARE,MANHATTAN,2028-10-01,0.000653,0,very_low,baseline
14 ST.-UNION SQUARE,MANHATTAN,2028-11-01,0.000542,0,very_low,baseline
14 ST.-UNION SQUARE,MANHATTAN,2028-12-01,0.000527,0,very_low,baseline
14 ST.-UNION SQUARE,MANHATTAN,2029-01-01,0.000557,0,very_low,baseline
14 ST.-UNION SQUARE,MANHATTAN,2029-02-01,0.000563,0,very_low,baseline
14 ST.-UNION SQUARE,MANHATTAN,2029-03-01,0.000608,0,very_low,baseline
14 ST.-UNION SQUARE,MANHATTAN,2029-04-01,0.0006,0,very_low,baseline
14 ST.-UNION SQUARE,MANHATTAN,2029-05-01,0.000617,0,very_low,baseline
14 ST.-UNION SQUARE,MANHATTAN,2029-06-01,0.000601,0,very_low,baseline
14 ST.-UNION SQUARE,MANHATTAN,2029-07-01,0.000577,0,very_low,baseline
14 ST.-UNION SQUARE,MANHATTAN,2029-08-01,0.000657,0,very_low,baseline
14 ST.-UNION SQUARE,MANHATTAN,2029-09-01,0.000675,0,very_low,baseline
14 ST.-UNION SQUARE,MANHATTAN,2029-10-01,0.000653,0,very_low,baseline
14 ST.-UNION SQUARE,MANHATTAN,2029-11-01,0.000542,0,very_low,baseline
14 ST.-UNION SQUARE,MANHATTAN,2029-12-01,0.000527,0,very_low,baseline
14 STREET,MANHATTAN,2027-01-01,0.955041,1,very_high,baseline
14 STREET,MANHATTAN,2027-02-01,0.976892,1,very_high,baseline
14 STREET,MANHATTAN,2027-03-01,0.953074,1,very_high,baseline
14 STREET,MANHATTAN,2027-04-01,0.962776,1,very_high,baseline
14 STREET,MANHATTAN,2027-05-01,0.964481,1,very_high,baseline
14 STREET,MANHATTAN,2027-06-01,0.973565,1,very_high,baseline
14 STREET,MANHATTAN,2027-07-01,0.973954,1,very_high,baseline
14 STREET,MANHATTAN,2027-08-01,0.974405,1,very_high,baseline
14 STREET,MANHATTAN,2027-09-01,0.974543,1,very_high,baseline
14 STREET,MANHATTAN,2027-10-01,0.974979,1,very_high,baseline
14 STREET,MANHATTAN,2027-11-01,0.9752,1,very_high,baseline
14 STREET,MANHATTAN,2027-12-01,0.974958,1,very_high,baseline
14 STREET,MANHATTAN,2028-01-01,0.966546,1,very_high,baseline
14 STREET,MANHATTAN,2028-02-01,0.969085,1,very_high,baseline
14 STREET,MANHATTAN,2028-03-01,0.969169,1,very_high,baseline
14 STREET,MANHATTAN,2028-04-01,0.97136,1,very_high,baseline
14 STREET,MANHATTAN,2028-05-01,0.971683,1,very_high,baseline
14 STREET,MANHATTAN,2028-06-01,0.973565,1,very_high,baseline
14 STREET,MANHATTAN,2028-07-01,0.973954,1,very_high,baseline
14 STREET,MANHATTAN,2028-08-01,0.974405,1,very_high,baseline
14 STREET,MANHATTAN,2028-09-01,0.974543,1,very_high,baseline
14 STREET,MANHATTAN,2028-10-01,0.974979,1,very_high,baseline
14 STREET,MANHATTAN,2028-11-01,0.9752,1,very_high,baseline
14 STREET,MANHATTAN,2028-12-01,0.974958,1,very_high,baseline
14 STREET,MANHATTAN,2029-01-01,0.966546,1,very_high,baseline
14 STREET,MANHATTAN,2029-02-01,0.969085,1,very_high,baseline
14 STREET,MANHATTAN,2029-03-01,0.969169,1,very_high,baseline
14 STREET,MANHATTAN,2029-04-01,0.97136,1,very_high,baseline
14 STREET,MANHATTAN,2029-05-01,0.971683,1,very_high,baseline
14 STREET,MANHATTAN,2029-06-01,0.973565,1,very_high,baseline
14 STREET,MANHATTAN,2029-07-01,0.973954,1,very_high,baseline
14 STREET,MANHATTAN,2029-08-01,0.974405,1,very_high,baseline
14 STREET,MANHATTAN,2029-09-01,0.974543,1,very_high,baseline
14 STREET,MANHATTAN,2029-10-01,0.974979,1,very_high,baseline
14 STREET,MANHATTAN,2029-11-01,0.9752,1,very_high,baseline
14 STREET,MANHATTAN,2029-12-01,0.974958,1,very_high,baseline
145 STREET,MANHATTAN,2027-01-01,0.234619,1,low,baseline
145 STREET,MANHATTAN,2027-02-01,0.14952,1,very_low,baseline
145 STREET,MANHATTAN,2027-03-01,0.100993,1,very_low,baseline
145 STREET,MANHATTAN,2027-04-01,0.121975,1,very_low,baseline
145 STREET,MANHATTAN,2027-05-01,0.203775,1,low,baseline
145 STREET,MANHATTAN,2027-06-01,0.224706,1,low,baseline
145 STREET,MANHATTAN,2027-07-01,0.249987,1,low,baseline
145 STREET,MANHATTAN,2027-08-01,0.283511,1,low,baseline
145 STREET,MANHATTAN,2027-09-01,0.301283,1,low,baseline
145 STREET,MANHATTAN,2027-10-01,0.297687,1,low,baseline
145 STREET,MANHATTAN,2027-11-01,0.291687,1,low,baseline
145 STREET,MANHATTAN,2027-12-01,0.288844,1,low,baseline
145 STREET,MANHATTAN,2028-01-01,0.277077,1,low,baseline
145 STREET,MANHATTAN,2028-02-01,0.279134,1,low,baseline
145 STREET,MANHATTAN,2028-03-01,0.280477,1,low,baseline
145 STREET,MANHATTAN,2028-04-01,0.287865,1,low,baseline
145 STREET,MANHATTAN,2028-05-01,0.290267,1,low,baseline
145 STREET,MANHATTAN,2028-06-01,0.294183,1,low,baseline
145 STREET,MANHATTAN,2028-07-01,0.297382,1,low,baseline
145 STREET,MANHATTAN,2028-08-01,0.306568,1,low,baseline
145 STREET,MANHATTAN,2028-09-01,0.313305,1,low,baseline
145 STREET,MANHATTAN,2028-10-01,0.29535,1,low,baseline
145 STREET,MANHATTAN,2028-11-01,0.289378,1,low,baseline
145 STREET,MANHATTAN,2028-12-01,0.288844,1,low,baseline
145 STREET,MANHATTAN,2029-01-01,0.277077,1,low,baseline
145 STREET,MANHATTAN,2029-02-01,0.279134,1,low,baseline
145 STREET,MANHATTAN,2029-03-01,0.280477,1,low,baseline
145 STREET,MANHATTAN,2029-04-01,0.287865,1,low,baseline
145 STREET,MANHATTAN,2029-05-01,0.290267,1,low,baseline
145 STREET,MANHATTAN,2029-06-01,0.294183,1,low,baseline
145 STREET,MANHATTAN,2029-07-01,0.297382,1,low,baseline
145 STREET,MANHATTAN,2029-08-01,0.306568,1,low,baseline
145 STREET,MANHATTAN,2029-09-01,0.313305,1,low,baseline
145 STREET,MANHATTAN,2029-10-01,0.29535,1,low,baseline
145 STREET,MANHATTAN,2029-11-01,0.289378,1,low,baseline
145 STREET,MANHATTAN,2029-12-01,0.288844,1,low,baseline
148 ST.-HARLEM,MANHATTAN,2027-01-01,0.000185,0,very_low,baseline
148 ST.-HARLEM,MANHATTAN,2027-02-01,0.000269,0,very_low,baseline
148 ST.-HARLEM,MANHATTAN,2027-03-01,0.000345,0,very_low,baseline
148 ST.-HARLEM,MANHATTAN,2027-04-01,0.000313,0,very_low,baseline
148 ST.-HARLEM,MANHATTAN,2027-05-01,0.000379,0,very_low,baseline
148 ST.-HARLEM,MANHATTAN,2027-06-01,0.000302,0,very_low,baseline
148 ST.-HARLEM,MANHATTAN,2027-07-01,0.000284,0,very_low,baseline
148 ST.-HARLEM,MANHATTAN,2027-08-01,0.000313,0,very_low,baseline
148 ST.-HARLEM,MANHATTAN,2027-09-01,0.000322,0,very_low,baseline
148 ST.-HARLEM,MANHATTAN,2027-10-01,0.00028,0,very_low,baseline
148 ST.-HARLEM,MANHATTAN,2027-11-01,0.000247,0,very_low,baseline
148 ST.-HARLEM,MANHATTAN,2027-12-01,0.000238,0,very_low,baseline
148 ST.-HARLEM,MANHATTAN,2028-01-01,0.000276,0,very_low,baseline
148 ST.-HARLEM,MANHATTAN,2028-02-01,0.000287,0,very_low,baseline
148 ST.-HARLEM,MANHATTAN,2028-03-01,0.000299,0,very_low,baseline
148 ST.-HARLEM,MANHATTAN,2028-04-01,0.000292,0,very_low,baseline
148 ST.-HARLEM,MANHATTAN,2028-05-01,0.0003,0,very_low,baseline
148 ST.-HARLEM,MANHATTAN,2028-06-01,0.000302,0,very_low,baseline
148 ST.-HARLEM,MANHATTAN,2028-07-01,0.000284,0,very_low,baseline
148 ST.-HARLEM,MANHATTAN,2028-08-01,0.000313,0,very_low,baseline
148 ST.-HARLEM,MANHATTAN,2028-09-01,0.000322,0,very_low,baseline
148 ST.-HARLEM,MANHATTAN,2028-10-01,0.00028,0,very_low,baseline
148 ST.-HARLEM,MANHATTAN,2028-11-01,0.000247,0,very_low,baseline
148 ST.-HARLEM,MANHATTAN,2028-12-01,0.000238,0,very_low,baseline
148 ST.-HARLEM,MANHATTAN,2029-01-01,0.000276,0,very_low,baseline
148 ST.-HARLEM,MANHATTAN,2029-02-01,0.000287,0,very_low,baseline
148 ST.-HARLEM,MANHATTAN,2029-03-01,0.000299,0,very_low,baseline
148 ST.-HARLEM,MANHATTAN,2029-04-01,0.000292,0,very_low,baseline
148 ST.-HARLEM,MANHATTAN,2029-05-01,0.0003,0,very_low,baseline
148 ST.-HARLEM,MANHATTAN,2029-06-01,0.000302,0,very_low,baseline
148 ST.-HARLEM,MANHATTAN,2029-07-01,0.000284,0,very_low,baseline
148 ST.-HARLEM,MANHATTAN,2029-08-01,0.000313,0,very_low,baseline
148 ST.-HARLEM,MANHATTAN,2029-09-01,0.000322,0,very_low,baseline
148 ST.-HARLEM,MANHATTAN,2029-10-01,0.00028,0,very_low,baseline
148 ST.-HARLEM,MANHATTAN,2029-11-01,0.000247,0,very_low,baseline
148 ST.-HARLEM,MANHATTAN,2029-12-01,0.000238,0,very_low,baseline
149 ST.-GRAND CONCOURSE,BRONX,2027-01-01,0.802885,1,very_high,baseline
149 ST.-GRAND CONCOURSE,BRONX,2027-02-01,0.91531,1,very_high,baseline
149 ST.-GRAND CONCOURSE,BRONX,2027-03-01,0.82052,1,very_high,baseline
149 ST.-GRAND CONCOURSE,BRONX,2027-04-01,0.791331,1,high,baseline
149 ST.-GRAND CONCOURSE,BRONX,2027-05-01,0.8934,1,very_high,baseline
149 ST.-GRAND CONCOURSE,BRONX,2027-06-01,0.948412,1,very_high,baseline
149 ST.-GRAND CONCOURSE,BRONX,2027-07-01,0.955703,1,very_high,baseline
149 ST.-GRAND CONCOURSE,BRONX,2027-08-01,0.95545,1,very_high,baseline
149 ST.-GRAND CONCOURSE,BRONX,2027-09-01,0.956596,1,very_high,baseline
149 ST.-GRAND CONCOURSE,BRONX,2027-10-01,0.95682,1,very_high,baseline
149 ST.-GRAND CONCOURSE,BRONX,2027-11-01,0.957837,1,very_high,baseline
149 ST.-GRAND CONCOURSE,BRONX,2027-12-01,0.961027,1,very_high,baseline
149 ST.-GRAND CONCOURSE,BRONX,2028-01-01,0.958958,1,very_high,baseline
149 ST.-GRAND CONCOURSE,BRONX,2028-02-01,0.963053,1,very_high,baseline
149 ST.-GRAND CONCOURSE,BRONX,2028-03-01,0.963153,1,very_high,baseline
149 ST.-GRAND CONCOURSE,BRONX,2028-04-01,0.96167,1,very_high,baseline
149 ST.-GRAND CONCOURSE,BRONX,2028-05-01,0.962574,1,very_high,baseline
149 ST.-GRAND CONCOURSE,BRONX,2028-06-01,0.96197,1,very_high,baseline
149 ST.-GRAND CONCOURSE,BRONX,2028-07-01,0.962063,1,very_high,baseline
149 ST.-GRAND CONCOURSE,BRONX,2028-08-01,0.961845,1,very_high,baseline
149 ST.-GRAND CONCOURSE,BRONX,2028-09-01,0.960939,1,very_high,baseline
149 ST.-GRAND CONCOURSE,BRONX,2028-10-01,0.960613,1,very_high,baseline
149 ST.-GRAND CONCOURSE,BRONX,2028-11-01,0.961419,1,very_high,baseline
149 ST.-GRAND CONCOURSE,BRONX,2028-12-01,0.961027,1,very_high,baseline
149 ST.-GRAND CONCOURSE,BRONX,2029-01-01,0.958958,1,very_high,baseline
149 ST.-GRAND CONCOURSE,BRONX,2029-02-01,0.963053,1,very_high,baseline
149 ST.-GRAND CONCOURSE,BRONX,2029-03-01,0.963153,1,very_high,baseline
149 ST.-GRAND CONCOURSE,BRONX,2029-04-01,0.96167,1,very_high,baseline
149 ST.-GRAND CONCOURSE,BRONX,2029-05-01,0.962574,1,very_high,baseline
149 ST.-GRAND CONCOURSE,BRONX,2029-06-01,0.96197,1,very_high,baseline
149 ST.-GRAND CONCOURSE,BRONX,2029-07-01,0.962063,1,very_high,baseline
149 ST.-GRAND CONCOURSE,BRONX,2029-08-01,0.961845,1,very_high,baseline
149 ST.-GRAND CONCOURSE,BRONX,2029-09-01,0.960939,1,very_high,baseline
149 ST.-GRAND CONCOURSE,BRONX,2029-10-01,0.960613,1,very_high,baseline
149 ST.-GRAND CONCOURSE,BRONX,2029-11-01,0.961419,1,very_high,baseline
149 ST.-GRAND CONCOURSE,BRONX,2029-12-01,0.961027,1,very_high,baseline
15 ST.-PROSPECT PARK,BROOKLYN,2027-01-01,0.000148,0,very_low,baseline
15 ST.-PROSPECT PARK,BROOKLYN,2027-02-01,0.000108,0,very_low,baseline
15 ST.-PROSPECT PARK,BROOKLYN,2027-03-01,0.000116,0,very_low,baseline
15 ST.-PROSPECT PARK,BROOKLYN,2027-04-01,0.000116,0,very_low,baseline
15 ST.-PROSPECT PARK,BROOKLYN,2027-05-01,0.00015,0,very_low,baseline
15 ST.-PROSPECT PARK,BROOKLYN,2027-06-01,0.000147,0,very_low,baseline
15 ST.-PROSPECT PARK,BROOKLYN,2027-07-01,0.00015,0,very_low,baseline
15 ST.-PROSPECT PARK,BROOKLYN,2027-08-01,0.000153,0,very_low,baseline
15 ST.-PROSPECT PARK,BROOKLYN,2027-09-01,0.000161,0,very_low,baseline
15 ST.-PROSPECT PARK,BROOKLYN,2027-10-01,0.000141,0,very_low,baseline
15 ST.-PROSPECT PARK,BROOKLYN,2027-11-01,0.00013,0,very_low,baseline
15 ST.-PROSPECT PARK,BROOKLYN,2027-12-01,0.000124,0,very_low,baseline
15 ST.-PROSPECT PARK,BROOKLYN,2028-01-01,0.000143,0,very_low,baseline
15 ST.-PROSPECT PARK,BROOKLYN,2028-02-01,0.000149,0,very_low,baseline
15 ST.-PROSPECT PARK,BROOKLYN,2028-03-01,0.000148,0,very_low,baseline
15 ST.-PROSPECT PARK,BROOKLYN,2028-04-01,0.000146,0,very_low,baseline
15 ST.-PROSPECT PARK,BROOKLYN,2028-05-01,0.00015,0,very_low,baseline
15 ST.-PROSPECT PARK,BROOKLYN,2028-06-01,0.000147,0,very_low,baseline
15 ST.-PROSPECT PARK,BROOKLYN,2028-07-01,0.00015,0,very_low,baseline
15 ST.-PROSPECT PARK,BROOKLYN,2028-08-01,0.000153,0,very_low,baseline
15 ST.-PROSPECT PARK,BROOKLYN,2028-09-01,0.000161,0,very_low,baseline
15 ST.-PROSPECT PARK,BROOKLYN,2028-10-01,0.000141,0,very_low,baseline
15 ST.-PROSPECT PARK,BROOKLYN,2028-11-01,0.00013,0,very_low,baseline
15 ST.-PROSPECT PARK,BROOKLYN,2028-12-01,0.000124,0,very_low,baseline
15 ST.-PROSPECT PARK,BROOKLYN,2029-01-01,0.000143,0,very_low,baseline
15 ST.-PROSPECT PARK,BROOKLYN,2029-02-01,0.000149,0,very_low,baseline
15 ST.-PROSPECT PARK,BROOKLYN,2029-03-01,0.000148,0,very_low,baseline
15 ST.-PROSPECT PARK,BROOKLYN,2029-04-01,0.000146,0,very_low,baseline
15 ST.-PROSPECT PARK,BROOKLYN,2029-05-01,0.00015,0,very_low,baseline
15 ST.-PROSPECT PARK,BROOKLYN,2029-06-01,0.000147,0,very_low,baseline
15 ST.-PROSPECT PARK,BROOKLYN,2029-07-01,0.00015,0,very_low,baseline
15 ST.-PROSPECT PARK,BROOKLYN,2029-08-01,0.000153,0,very_low,baseline
15 ST.-PROSPECT PARK,BROOKLYN,2029-09-01,0.000161,0,very_low,baseline
15 ST.-PROSPECT PARK,BROOKLYN,2029-10-01,0.000141,0,very_low,baseline
15 ST.-PROSPECT PARK,BROOKLYN,2029-11-01,0.00013,0,very_low,baseline
15 ST.-PROSPECT PARK,BROOKLYN,2029-12-01,0.000124,0,very_low,baseline
155 STREET,MANHATTAN,2027-01-01,0.001346,0,very_low,baseline
155 STREET,MANHATTAN,2027-02-01,0.000568,0,very_low,baseline
155 STREET,MANHATTAN,2027-03-01,0.000458,0,very_low,baseline
155 STREET,MANHATTAN,2027-04-01,0.000512,0,very_low,baseline
155 STREET,MANHATTAN,2027-05-01,0.000425,0,very_low,baseline
155 STREET,MANHATTAN,2027-06-01,0.000373,0,very_low,baseline
155 STREET,MANHATTAN,2027-07-01,0.000373,0,very_low,baseline
155 STREET,MANHATTAN,2027-08-01,0.000417,0,very_low,baseline
155 STREET,MANHATTAN,2027-09-01,0.000459,0,very_low,baseline
155 STREET,MANHATTAN,2027-10-01,0.00042,0,very_low,baseline
155 STREET,MANHATTAN,2027-11-01,0.000419,0,very_low,baseline
155 STREET,MANHATTAN,2027-12-01,0.000404,0,very_low,baseline
155 STREET,MANHATTAN,2028-01-01,0.000358,0,very_low,baseline
155 STREET,MANHATTAN,2028-02-01,0.000342,0,very_low,baseline
155 STREET,MANHATTAN,2028-03-01,0.000354,0,very_low,baseline
155 STREET,MANHATTAN,2028-04-01,0.000359,0,very_low,baseline
155 STREET,MANHATTAN,2028-05-01,0.000373,0,very_low,baseline
155 STREET,MANHATTAN,2028-06-01,0.000373,0,very_low,baseline
155 STREET,MANHATTAN,2028-07-01,0.000373,0,very_low,baseline
155 STREET,MANHATTAN,2028-08-01,0.000417,0,very_low,baseline
155 STREET,MANHATTAN,2028-09-01,0.000459,0,very_low,baseline
155 STREET,MANHATTAN,2028-10-01,0.00042,0,very_low,baseline
155 STREET,MANHATTAN,2028-11-01,0.000419,0,very_low,baseline
155 STREET,MANHATTAN,2028-12-01,0.000404,0,very_low,baseline
155 STREET,MANHATTAN,2029-01-01,0.000358,0,very_low,baseline
155 STREET,MANHATTAN,2029-02-01,0.000342,0,very_low,baseline
155 STREET,MANHATTAN,2029-03-01,0.000354,0,very_low,baseline
155 STREET,MANHATTAN,2029-04-01,0.000359,0,very_low,baseline
155 STREET,MANHATTAN,2029-05-01,0.000373,0,very_low,baseline
155 STREET,MANHATTAN,2029-06-01,0.000373,0,very_low,baseline
155 STREET,MANHATTAN,2029-07-01,0.000373,0,very_low,baseline
155 STREET,MANHATTAN,2029-08-01,0.000417,0,very_low,baseline
155 STREET,MANHATTAN,2029-09-01,0.000459,0,very_low,baseline
155 STREET,MANHATTAN,2029-10-01,0.00042,0,very_low,baseline
155 STREET,MANHATTAN,2029-11-01,0.000419,0,very_low,baseline
155 STREET,MANHATTAN,2029-12-01,0.000404,0,very_low,baseline
157 STREET,MANHATTAN,2027-01-01,0.000237,0,very_low,baseline
157 STREET,MANHATTAN,2027-02-01,0.000232,0,very_low,baseline
157 STREET,MANHATTAN,2027-03-01,0.000326,0,very_low,baseline
157 STREET,MANHATTAN,2027-04-01,0.000315,0,very_low,baseline
157 STREET,MANHATTAN,2027-05-01,0.000306,0,very_low,baseline
157 STREET,MANHATTAN,2027-06-01,0.000348,0,very_low,baseline
157 STREET,MANHATTAN,2027-07-01,0.000339,0,very_low,baseline
157 STREET,MANHATTAN,2027-08-01,0.000345,0,very_low,baseline
157 STREET,MANHATTAN,2027-09-01,0.000353,0,very_low,baseline
157 STREET,MANHATTAN,2027-10-01,0.000309,0,very_low,baseline
157 STREET,MANHATTAN,2027-11-01,0.000249,0,very_low,baseline
157 STREET,MANHATTAN,2027-12-01,0.000237,0,very_low,baseline
157 STREET,MANHATTAN,2028-01-01,0.000341,0,very_low,baseline
157 STREET,MANHATTAN,2028-02-01,0.000371,0,very_low,baseline
157 STREET,MANHATTAN,2028-03-01,0.000347,0,very_low,baseline
157 STREET,MANHATTAN,2028-04-01,0.000337,0,very_low,baseline
157 STREET,MANHATTAN,2028-05-01,0.000346,0,very_low,baseline
157 STREET,MANHATTAN,2028-06-01,0.000348,0,very_low,baseline
157 STREET,MANHATTAN,2028-07-01,0.000339,0,very_low,baseline
157 STREET,MANHATTAN,2028-08-01,0.000345,0,very_low,baseline
157 STREET,MANHATTAN,2028-09-01,0.000353,0,very_low,baseline
157 STREET,MANHATTAN,2028-10-01,0.000309,0,very_low,baseline
157 STREET,MANHATTAN,2028-11-01,0.000249,0,very_low,baseline
157 STREET,MANHATTAN,2028-12-01,0.000237,0,very_low,baseline
157 STREET,MANHATTAN,2029-01-01,0.000341,0,very_low,baseline
157 STREET,MANHATTAN,2029-02-01,0.000371,0,very_low,baseline
157 STREET,MANHATTAN,2029-03-01,0.000347,0,very_low,baseline
157 STREET,MANHATTAN,2029-04-01,0.000337,0,very_low,baseline
157 STREET,MANHATTAN,2029-05-01,0.000346,0,very_low,baseline
157 STREET,MANHATTAN,2029-06-01,0.000348,0,very_low,baseline
157 STREET,MANHATTAN,2029-07-01,0.000339,0,very_low,baseline
157 STREET,MANHATTAN,2029-08-01,0.000345,0,very_low,baseline
157 STREET,MANHATTAN,2029-09-01,0.000353,0,very_low,baseline
157 STREET,MANHATTAN,2029-10-01,0.000309,0,very_low,baseline
157 STREET,MANHATTAN,2029-11-01,0.000249,0,very_low,baseline
157 STREET,MANHATTAN,2029-12-01,0.000237,0,very_low,baseline
161 ST.-YANKEE STADIUM,BRONX,2027-01-01,0.974793,1,very_high,baseline
161 ST.-YANKEE STADIUM,BRONX,2027-02-01,0.984411,1,very_high,baseline
161 ST.-YANKEE STADIUM,BRONX,2027-03-01,0.976529,1,very_high,baseline
161 ST.-YANKEE STADIUM,BRONX,2027-04-01,0.979214,1,very_high,baseline
161 ST.-YANKEE STADIUM,BRONX,2027-05-01,0.972015,1,very_high,baseline
161 ST.-YANKEE STADIUM,BRONX,2027-06-01,0.976748,1,very_high,baseline
161 ST.-YANKEE STADIUM,BRONX,2027-07-01,0.977092,1,very_high,baseline
161 ST.-YANKEE STADIUM,BRONX,2027-08-01,0.981366,1,very_high,baseline
161 ST.-YANKEE STADIUM,BRONX,2027-09-01,0.980915,1,very_high,baseline
161 ST.-YANKEE STADIUM,BRONX,2027-10-01,0.98074,1,very_high,baseline
161 ST.-YANKEE STADIUM,BRONX,2027-11-01,0.980202,1,very_high,baseline
161 ST.-YANKEE STADIUM,BRONX,2027-12-01,0.979492,1,very_high,baseline
161 ST.-YANKEE STADIUM,BRONX,2028-01-01,0.977132,1,very_high,baseline
161 ST.-YANKEE STADIUM,BRONX,2028-02-01,0.97794,1,very_high,baseline
161 ST.-YANKEE STADIUM,BRONX,2028-03-01,0.978001,1,very_high,baseline
161 ST.-YANKEE STADIUM,BRONX,2028-04-01,0.979577,1,very_high,baseline
161 ST.-YANKEE STADIUM,BRONX,2028-05-01,0.97981,1,very_high,baseline
161 ST.-YANKEE STADIUM,BRONX,2028-06-01,0.98075,1,very_high,baseline
161 ST.-YANKEE STADIUM,BRONX,2028-07-01,0.981036,1,very_high,baseline
161 ST.-YANKEE STADIUM,BRONX,2028-08-01,0.981366,1,very_high,baseline
161 ST.-YANKEE STADIUM,BRONX,2028-09-01,0.980915,1,very_high,baseline
161 ST.-YANKEE STADIUM,BRONX,2028-10-01,0.98074,1,very_high,baseline
161 ST.-YANKEE STADIUM,BRONX,2028-11-01,0.980202,1,very_high,baseline
161 ST.-YANKEE STADIUM,BRONX,2028-12-01,0.979492,1,very_high,baseline
161 ST.-YANKEE STADIUM,BRONX,2029-01-01,0.977132,1,very_high,baseline
161 ST.-YANKEE STADIUM,BRONX,2029-02-01,0.97794,1,very_high,baseline
161 ST.-YANKEE STADIUM,BRONX,2029-03-01,0.978001,1,very_high,baseline
161 ST.-YANKEE STADIUM,BRONX,2029-04-01,0.979577,1,very_high,baseline
161 ST.-YANKEE STADIUM,BRONX,2029-05-01,0.97981,1,very_high,baseline
161 ST.-YANKEE STADIUM,BRONX,2029-06-01,0.98075,1,very_high,baseline
161 ST.-YANKEE STADIUM,BRONX,2029-07-01,0.981036,1,very_high,baseline
161 ST.-YANKEE STADIUM,BRONX,2029-08-01,0.981366,1,very_high,baseline
161 ST.-YANKEE STADIUM,BRONX,2029-09-01,0.980915,1,very_high,baseline
161 ST.-YANKEE STADIUM,BRONX,2029-10-01,0.98074,1,very_high,baseline
161 ST.-YANKEE STADIUM,BRONX,2029-11-01,0.980202,1,very_high,baseline
161 ST.-YANKEE STADIUM,BRONX,2029-12-01,0.979492,1,very_high,baseline
163 ST.-AMSTERDAM AVE.,MANHATTAN,2027-01-01,0.000112,0,very_low,baseline
163 ST.-AMSTERDAM AVE.,MANHATTAN,2027-02-01,0.000137,0,very_low,baseline
163 ST.-AMSTERDAM AVE.,MANHATTAN,2027-03-01,0.000125,0,very_low,baseline
163 ST.-AMSTERDAM AVE.,MANHATTAN,2027-04-01,0.000112,0,very_low,baseline
163 ST.-AMSTERDAM AVE.,MANHATTAN,2027-05-01,0.000145,0,very_low,baseline
163 ST.-AMSTERDAM AVE.,MANHATTAN,2027-06-01,0.000142,0,very_low,baseline
163 ST.-AMSTERDAM AVE.,MANHATTAN,2027-07-01,0.000145,0,very_low,baseline
163 ST.-AMSTERDAM AVE.,MANHATTAN,2027-08-01,0.000148,0,very_low,baseline
163 ST.-AMSTERDAM AVE.,MANHATTAN,2027-09-01,0.000155,0,very_low,baseline
163 ST.-AMSTERDAM AVE.,MANHATTAN,2027-10-01,0.000136,0,very_low,baseline
163 ST.-AMSTERDAM AVE.,MANHATTAN,2027-11-01,0.000126,0,very_low,baseline
163 ST.-AMSTERDAM AVE.,MANHATTAN,2027-12-01,0.00012,0,very_low,baseline
163 ST.-AMSTERDAM AVE.,MANHATTAN,2028-01-01,0.000138,0,very_low,baseline
163 ST.-AMSTERDAM AVE.,MANHATTAN,2028-02-01,0.000144,0,very_low,baseline
163 ST.-AMSTERDAM AVE.,MANHATTAN,2028-03-01,0.000143,0,very_low,baseline
163 ST.-AMSTERDAM AVE.,MANHATTAN,2028-04-01,0.000141,0,very_low,baseline
163 ST.-AMSTERDAM AVE.,MANHATTAN,2028-05-01,0.000145,0,very_low,baseline
163 ST.-AMSTERDAM AVE.,MANHATTAN,2028-06-01,0.000142,0,very_low,baseline
163 ST.-AMSTERDAM AVE.,MANHATTAN,2028-07-01,0.000145,0,very_low,baseline
163 ST.-AMSTERDAM AVE.,MANHATTAN,2028-08-01,0.000148,0,very_low,baseline
163 ST.-AMSTERDAM AVE.,MANHATTAN,2028-09-01,0.000155,0,very_low,baseline
163 ST.-AMSTERDAM AVE.,MANHATTAN,2028-10-01,0.000136,0,very_low,baseline
163 ST.-AMSTERDAM AVE.,MANHATTAN,2028-11-01,0.000126,0,very_low,baseline
163 ST.-AMSTERDAM AVE.,MANHATTAN,2028-12-01,0.00012,0,very_low,baseline
163 ST.-AMSTERDAM AVE.,MANHATTAN,2029-01-01,0.000138,0,very_low,baseline
163 ST.-AMSTERDAM AVE.,MANHATTAN,2029-02-01,0.000144,0,very_low,baseline
163 ST.-AMSTERDAM AVE.,MANHATTAN,2029-03-01,0.000143,0,very_low,baseline
163 ST.-AMSTERDAM AVE.,MANHATTAN,2029-04-01,0.000141,0,very_low,baseline
163 ST.-AMSTERDAM AVE.,MANHATTAN,2029-05-01,0.000145,0,very_low,baseline
163 ST.-AMSTERDAM AVE.,MANHATTAN,2029-06-01,0.000142,0,very_low,baseline
163 ST.-AMSTERDAM AVE.,MANHATTAN,2029-07-01,0.000145,0,very_low,baseline
163 ST.-AMSTERDAM AVE.,MANHATTAN,2029-08-01,0.000148,0,very_low,baseline
163 ST.-AMSTERDAM AVE.,MANHATTAN,2029-09-01,0.000155,0,very_low,baseline
163 ST.-AMSTERDAM AVE.,MANHATTAN,2029-10-01,0.000136,0,very_low,baseline
163 ST.-AMSTERDAM AVE.,MANHATTAN,2029-11-01,0.000126,0,very_low,baseline
163 ST.-AMSTERDAM AVE.,MANHATTAN,2029-12-01,0.00012,0,very_low,baseline
167 STREET,BRONX,2027-01-01,0.021553,0,very_low,baseline
167 STREET,BRONX,2027-02-01,0.042907,0,very_low,baseline
167 STREET,BRONX,2027-03-01,0.104935,1,very_low,baseline
167 STREET,BRONX,2027-04-01,0.118618,1,very_low,baseline
167 STREET,BRONX,2027-05-01,0.13879,1,very_low,baseline
167 STREET,BRONX,2027-06-01,0.11682,1,very_low,baseline
167 STREET,BRONX,2027-07-01,0.131689,1,very_low,baseline
167 STREET,BRONX,2027-08-01,0.129321,1,very_low,baseline
167 STREET,BRONX,2027-09-01,0.130329,1,very_low,baseline
167 STREET,BRONX,2027-10-01,0.125601,1,very_low,baseline
167 STREET,BRONX,2027-11-01,0.125189,1,very_low,baseline
167 STREET,BRONX,2027-12-01,0.119835,1,very_low,baseline
167 STREET,BRONX,2028-01-01,0.11812,1,very_low,baseline
167 STREET,BRONX,2028-02-01,0.123441,1,very_low,baseline
167 STREET,BRONX,2028-03-01,0.125085,1,very_low,baseline
167 STREET,BRONX,2028-04-01,0.123563,1,very_low,baseline
167 STREET,BRONX,2028-05-01,0.126245,1,very_low,baseline
167 STREET,BRONX,2028-06-01,0.130714,1,very_low,baseline
167 STREET,BRONX,2028-07-01,0.136037,1,very_low,baseline
167 STREET,BRONX,2028-08-01,0.138577,1,very_low,baseline
167 STREET,BRONX,2028-09-01,0.137368,1,very_low,baseline
167 STREET,BRONX,2028-10-01,0.128219,1,very_low,baseline
167 STREET,BRONX,2028-11-01,0.12695,1,very_low,baseline
167 STREET,BRONX,2028-12-01,0.12153,1,very_low,baseline
167 STREET,BRONX,2029-01-01,0.122054,1,very_low,baseline
167 STREET,BRONX,2029-02-01,0.123441,1,very_low,baseline
167 STREET,BRONX,2029-03-01,0.125085,1,very_low,baseline
167 STREET,BRONX,2029-04-01,0.123563,1,very_low,baseline
167 STREET,BRONX,2029-05-01,0.126245,1,very_low,baseline
167 STREET,BRONX,2029-06-01,0.130714,1,very_low,baseline
167 STREET,BRONX,2029-07-01,0.136037,1,very_low,baseline
167 STREET,BRONX,2029-08-01,0.138577,1,very_low,baseline
167 STREET,BRONX,2029-09-01,0.137368,1,very_low,baseline
167 STREET,BRONX,2029-10-01,0.128219,1,very_low,baseline
167 STREET,BRONX,2029-11-01,0.12695,1,very_low,baseline
167 STREET,BRONX,2029-12-01,0.12153,1,very_low,baseline
168 ST.-WASHINGTON HTS.,MANHATTAN,2027-01-01,0.067959,1,very_low,baseline
168 ST.-WASHINGTON HTS.,MANHATTAN,2027-02-01,0.172755,1,very_low,baseline
168 ST.-WASHINGTON HTS.,MANHATTAN,2027-03-01,0.224292,1,low,baseline
168 ST.-WASHINGTON HTS.,MANHATTAN,2027-04-01,0.392686,1,low,baseline
168 ST.-WASHINGTON HTS.,MANHATTAN,2027-05-01,0.410223,1,medium,baseline
168 ST.-WASHINGTON HTS.,MANHATTAN,2027-06-01,0.429264,1,medium,baseline
168 ST.-WASHINGTON HTS.,MANHATTAN,2027-07-01,0.40943,1,medium,baseline
168 ST.-WASHINGTON HTS.,MANHATTAN,2027-08-01,0.436069,1,medium,baseline
168 ST.-WASHINGTON HTS.,MANHATTAN,2027-09-01,0.443481,1,medium,baseline
168 ST.-WASHINGTON HTS.,MANHATTAN,2027-10-01,0.422541,1,medium,baseline
168 ST.-WASHINGTON HTS.,MANHATTAN,2027-11-01,0.419936,1,medium,baseline
168 ST.-WASHINGTON HTS.,MANHATTAN,2027-12-01,0.429975,1,medium,baseline
168 ST.-WASHINGTON HTS.,MANHATTAN,2028-01-01,0.42621,1,medium,baseline
168 ST.-WASHINGTON HTS.,MANHATTAN,2028-02-01,0.427393,1,medium,baseline
168 ST.-WASHINGTON HTS.,MANHATTAN,2028-03-01,0.42912,1,medium,baseline
168 ST.-WASHINGTON HTS.,MANHATTAN,2028-04-01,0.426147,1,medium,baseline
168 ST.-WASHINGTON HTS.,MANHATTAN,2028-05-01,0.437116,1,medium,baseline
168 ST.-WASHINGTON HTS.,MANHATTAN,2028-06-01,0.437116,1,medium,baseline
168 ST.-WASHINGTON HTS.,MANHATTAN,2028-07-01,0.426156,1,medium,baseline
168 ST.-WASHINGTON HTS.,MANHATTAN,2028-08-01,0.438547,1,medium,baseline
168 ST.-WASHINGTON HTS.,MANHATTAN,2028-09-01,0.449079,1,medium,baseline
168 ST.-WASHINGTON HTS.,MANHATTAN,2028-10-01,0.428078,1,medium,baseline
168 ST.-WASHINGTON HTS.,MANHATTAN,2028-11-01,0.430666,1,medium,baseline
168 ST.-WASHINGTON HTS.,MANHATTAN,2028-12-01,0.429975,1,medium,baseline
168 ST.-WASHINGTON HTS.,MANHATTAN,2029-01-01,0.42621,1,medium,baseline
168 ST.-WASHINGTON HTS.,MANHATTAN,2029-02-01,0.427393,1,medium,baseline
168 ST.-WASHINGTON HTS.,MANHATTAN,2029-03-01,0.42912,1,medium,baseline
168 ST.-WASHINGTON HTS.,MANHATTAN,2029-04-01,0.426147,1,medium,baseline
168 ST.-WASHINGTON HTS.,MANHATTAN,2029-05-01,0.437116,1,medium,baseline
168 ST.-WASHINGTON HTS.,MANHATTAN,2029-06-01,0.437116,1,medium,baseline
168 ST.-WASHINGTON HTS.,MANHATTAN,2029-07-01,0.426156,1,medium,baseline
168 ST.-WASHINGTON HTS.,MANHATTAN,2029-08-01,0.438547,1,medium,baseline
168 ST.-WASHINGTON HTS.,MANHATTAN,2029-09-01,0.449079,1,medium,baseline
168 ST.-WASHINGTON HTS.,MANHATTAN,2029-10-01,0.428078,1,medium,baseline
168 ST.-WASHINGTON HTS.,MANHATTAN,2029-11-01,0.430666,1,medium,baseline
168 ST.-WASHINGTON HTS.,MANHATTAN,2029-12-01,0.429975,1,medium,baseline
169 STREET,QUEENS,2027-01-01,0.209378,1,low,baseline
169 STREET,QUEENS,2027-02-01,0.05703,1,very_low,baseline
169 STREET,QUEENS,2027-03-01,0.010997,0,very_low,baseline
169 STREET,QUEENS,2027-04-01,0.00787,0,very_low,baseline
169 STREET,QUEENS,2027-05-01,0.009203,0,very_low,baseline
169 STREET,QUEENS,2027-06-01,0.006049,0,very_low,baseline
169 STREET,QUEENS,2027-07-01,0.005634,0,very_low,baseline
169 STREET,QUEENS,2027-08-01,0.005373,0,very_low,baseline
169 STREET,QUEENS,2027-09-01,0.005262,0,very_low,baseline
169 STREET,QUEENS,2027-10-01,0.004972,0,very_low,baseline
169 STREET,QUEENS,2027-11-01,0.005007,0,very_low,baseline
169 STREET,QUEENS,2027-12-01,0.004765,0,very_low,baseline
169 STREET,QUEENS,2028-01-01,0.005522,0,very_low,baseline
169 STREET,QUEENS,2028-02-01,0.009494,0,very_low,baseline
169 STREET,QUEENS,2028-03-01,0.00996,0,very_low,baseline
169 STREET,QUEENS,2028-04-01,0.00962,0,very_low,baseline
169 STREET,QUEENS,2028-05-01,0.010055,0,very_low,baseline
169 STREET,QUEENS,2028-06-01,0.009654,0,very_low,baseline
169 STREET,QUEENS,2028-07-01,0.009337,0,very_low,baseline
169 STREET,QUEENS,2028-08-01,0.008736,0,very_low,baseline
169 STREET,QUEENS,2028-09-01,0.008765,0,very_low,baseline
169 STREET,QUEENS,2028-10-01,0.007549,0,very_low,baseline
169 STREET,QUEENS,2028-11-01,0.006559,0,very_low,baseline
169 STREET,QUEENS,2028-12-01,0.006242,0,very_low,baseline
169 STREET,QUEENS,2029-01-01,0.009344,0,very_low,baseline
169 STREET,QUEENS,2029-02-01,0.010448,0,very_low,baseline
169 STREET,QUEENS,2029-03-01,0.00996,0,very_low,baseline
169 STREET,QUEENS,2029-04-01,0.00962,0,very_low,baseline
169 STREET,QUEENS,2029-05-01,0.010055,0,very_low,baseline
169 STREET,QUEENS,2029-06-01,0.009654,0,very_low,baseline
169 STREET,QUEENS,2029-07-01,0.009337,0,very_low,baseline
169 STREET,QUEENS,2029-08-01,0.008736,0,very_low,baseline
169 STREET,QUEENS,2029-09-01,0.008765,0,very_low,baseline
169 STREET,QUEENS,2029-10-01,0.007549,0,very_low,baseline
169 STREET,QUEENS,2029-11-01,0.006559,0,very_low,baseline
169 STREET,QUEENS,2029-12-01,0.006242,0,very_low,baseline
170 STREET,BRONX,2027-01-01,0.781378,1,high,baseline
170 STREET,BRONX,2027-02-01,0.742275,1,high,baseline
170 STREET,BRONX,2027-03-01,0.774513,1,high,baseline
170 STREET,BRONX,2027-04-01,0.621516,1,high,baseline
170 STREET,BRONX,2027-05-01,0.828188,1,very_high,baseline
170 STREET,BRONX,2027-06-01,0.868493,1,very_high,baseline
170 STREET,BRONX,2027-07-01,0.871085,1,very_high,baseline
170 STREET,BRONX,2027-08-01,0.880969,1,very_high,baseline
170 STREET,BRONX,2027-09-01,0.884356,1,very_high,baseline
170 STREET,BRONX,2027-10-01,0.887846,1,very_high,baseline
170 STREET,BRONX,2027-11-01,0.891182,1,very_high,baseline
170 STREET,BRONX,2027-12-01,0.897127,1,very_high,baseline
170 STREET,BRONX,2028-01-01,0.883415,1,very_high,baseline
170 STREET,BRONX,2028-02-01,0.884466,1,very_high,baseline
170 STREET,BRONX,2028-03-01,0.88667,1,very_high,baseline
170 STREET,BRONX,2028-04-01,0.888204,1,very_high,baseline
170 STREET,BRONX,2028-05-01,0.890645,1,very_high,baseline
170 STREET,BRONX,2028-06-01,0.890929,1,very_high,baseline
170 STREET,BRONX,2028-07-01,0.891174,1,very_high,baseline
170 STREET,BRONX,2028-08-01,0.892256,1,very_high,baseline
170 STREET,BRONX,2028-09-01,0.892788,1,very_high,baseline
170 STREET,BRONX,2028-10-01,0.896054,1,very_high,baseline
170 STREET,BRONX,2028-11-01,0.899173,1,very_high,baseline
170 STREET,BRONX,2028-12-01,0.897127,1,very_high,baseline
170 STREET,BRONX,2029-01-01,0.883415,1,very_high,baseline
170 STREET,BRONX,2029-02-01,0.884466,1,very_high,baseline
170 STREET,BRONX,2029-03-01,0.88667,1,very_high,baseline
170 STREET,BRONX,2029-04-01,0.888204,1,very_high,baseline
170 STREET,BRONX,2029-05-01,0.890645,1,very_high,baseline
170 STREET,BRONX,2029-06-01,0.890929,1,very_high,baseline
170 STREET,BRONX,2029-07-01,0.891174,1,very_high,baseline
170 STREET,BRONX,2029-08-01,0.892256,1,very_high,baseline
170 STREET,BRONX,2029-09-01,0.892788,1,very_high,baseline
170 STREET,BRONX,2029-10-01,0.896054,1,very_high,baseline
170 STREET,BRONX,2029-11-01,0.899173,1,very_high,baseline
170 STREET,BRONX,2029-12-01,0.897127,1,very_high,baseline
174-175 STREETS,BRONX,2027-01-01,0.016684,0,very_low,baseline
174-175 STREETS,BRONX,2027-02-01,0.011751,0,very_low,baseline
174-175 STREETS,BRONX,2027-03-01,0.02781,0,very_low,baseline
174-175 STREETS,BRONX,2027-04-01,0.023918,0,very_low,baseline
174-175 STREETS,BRONX,2027-05-01,0.026531,0,very_low,baseline
174-175 STREETS,BRONX,2027-06-01,0.028152,0,very_low,baseline
174-175 STREETS,BRONX,2027-07-01,0.029786,0,very_low,baseline
174-175 STREETS,BRONX,2027-08-01,0.03084,0,very_low,baseline
174-175 STREETS,BRONX,2027-09-01,0.031298,0,very_low,baseline
174-175 STREETS,BRONX,2027-10-01,0.026748,0,very_low,baseline
174-175 STREETS,BRONX,2027-11-01,0.019678,0,very_low,baseline
174-175 STREETS,BRONX,2027-12-01,0.01874,0,very_low,baseline
174-175 STREETS,BRONX,2028-01-01,0.026982,0,very_low,baseline
174-175 STREETS,BRONX,2028-02-01,0.029631,0,very_low,baseline
174-175 STREETS,BRONX,2028-03-01,0.027042,0,very_low,baseline
174-175 STREETS,BRONX,2028-04-01,0.026902,0,very_low,baseline
174-175 STREETS,BRONX,2028-05-01,0.027551,0,very_low,baseline
174-175 STREETS,BRONX,2028-06-01,0.028152,0,very_low,baseline
174-175 STREETS,BRONX,2028-07-01,0.029786,0,very_low,baseline
174-175 STREETS,BRONX,2028-08-01,0.03084,0,very_low,baseline
174-175 STREETS,BRONX,2028-09-01,0.031298,0,very_low,baseline
174-175 STREETS,BRONX,2028-10-01,0.026748,0,very_low,baseline
174-175 STREETS,BRONX,2028-11-01,0.019678,0,very_low,baseline
174-175 STREETS,BRONX,2028-12-01,0.01874,0,very_low,baseline
174-175 STREETS,BRONX,2029-01-01,0.026982,0,very_low,baseline
174-175 STREETS,BRONX,2029-02-01,0.029631,0,very_low,baseline
174-175 STREETS,BRONX,2029-03-01,0.027042,0,very_low,baseline
174-175 STREETS,BRONX,2029-04-01,0.026902,0,very_low,baseline
174-175 STREETS,BRONX,2029-05-01,0.027551,0,very_low,baseline
174-175 STREETS,BRONX,2029-06-01,0.028152,0,very_low,baseline
174-175 STREETS,BRONX,2029-07-01,0.029786,0,very_low,baseline
174-175 STREETS,BRONX,2029-08-01,0.03084,0,very_low,baseline
174-175 STREETS,BRONX,2029-09-01,0.031298,0,very_low,baseline
174-175 STREETS,BRONX,2029-10-01,0.026748,0,very_low,baseline
174-175 STREETS,BRONX,2029-11-01,0.019678,0,very_low,baseline
174-175 STREETS,BRONX,2029-12-01,0.01874,0,very_low,baseline
175 STREET,MANHATTAN,2027-01-01,0.000873,0,very_low,baseline
175 STREET,MANHATTAN,2027-02-01,0.000655,0,very_low,baseline
175 STREET,MANHATTAN,2027-03-01,0.000326,0,very_low,baseline
175 STREET,MANHATTAN,2027-04-01,0.000237,0,very_low,baseline
175 STREET,MANHATTAN,2027-05-01,0.000259,0,very_low,baseline
175 STREET,MANHATTAN,2027-06-01,0.000322,0,very_low,baseline
175 STREET,MANHATTAN,2027-07-01,0.000312,0,very_low,baseline
175 STREET,MANHATTAN,2027-08-01,0.000355,0,very_low,baseline
175 STREET,MANHATTAN,2027-09-01,0.00037,0,very_low,baseline
175 STREET,MANHATTAN,2027-10-01,0.000314,0,very_low,baseline
175 STREET,MANHATTAN,2027-11-01,0.000264,0,very_low,baseline
175 STREET,MANHATTAN,2027-12-01,0.000254,0,very_low,baseline
175 STREET,MANHATTAN,2028-01-01,0.00031,0,very_low,baseline
175 STREET,MANHATTAN,2028-02-01,0.000309,0,very_low,baseline
175 STREET,MANHATTAN,2028-03-01,0.000312,0,very_low,baseline
175 STREET,MANHATTAN,2028-04-01,0.000312,0,very_low,baseline
175 STREET,MANHATTAN,2028-05-01,0.000321,0,very_low,baseline
175 STREET,MANHATTAN,2028-06-01,0.000322,0,very_low,baseline
175 STREET,MANHATTAN,2028-07-01,0.000312,0,very_low,baseline
175 STREET,MANHATTAN,2028-08-01,0.000355,0,very_low,baseline
175 STREET,MANHATTAN,2028-09-01,0.00037,0,very_low,baseline
175 STREET,MANHATTAN,2028-10-01,0.000314,0,very_low,baseline
175 STREET,MANHATTAN,2028-11-01,0.000264,0,very_low,baseline
175 STREET,MANHATTAN,2028-12-01,0.000254,0,very_low,baseline
175 STREET,MANHATTAN,2029-01-01,0.00031,0,very_low,baseline
175 STREET,MANHATTAN,2029-02-01,0.000309,0,very_low,baseline
175 STREET,MANHATTAN,2029-03-01,0.000312,0,very_low,baseline
175 STREET,MANHATTAN,2029-04-01,0.000312,0,very_low,baseline
175 STREET,MANHATTAN,2029-05-01,0.000321,0,very_low,baseline
175 STREET,MANHATTAN,2029-06-01,0.000322,0,very_low,baseline
175 STREET,MANHATTAN,2029-07-01,0.000312,0,very_low,baseline
175 STREET,MANHATTAN,2029-08-01,0.000355,0,very_low,baseline
175 STREET,MANHATTAN,2029-09-01,0.00037,0,very_low,baseline
175 STREET,MANHATTAN,2029-10-01,0.000314,0,very_low,baseline
175 STREET,MANHATTAN,2029-11-01,0.000264,0,very_low,baseline
175 STREET,MANHATTAN,2029-12-01,0.000254,0,very_low,baseline
176 STREET,BRONX,2027-01-01,0.022336,0,very_low,baseline
176 STREET,BRONX,2027-02-01,0.01317,0,very_low,baseline
176 STREET,BRONX,2027-03-01,0.007409,0,very_low,baseline
176 STREET,BRONX,2027-04-01,0.0055,0,very_low,baseline
176 STREET,BRONX,2027-05-01,0.00581,0,very_low,baseline
176 STREET,BRONX,2027-06-01,0.005691,0,very_low,baseline
176 STREET,BRONX,2027-07-01,0.005524,0,very_low,baseline
176 STREET,BRONX,2027-08-01,0.005476,0,very_low,baseline
176 STREET,BRONX,2027-09-01,0.005553,0,very_low,baseline
176 STREET,BRONX,2027-10-01,0.004632,0,very_low,baseline
176 STREET,BRONX,2027-11-01,0.004141,0,very_low,baseline
176 STREET,BRONX,2027-12-01,0.003941,0,very_low,baseline
176 STREET,BRONX,2028-01-01,0.005572,0,very_low,baseline
176 STREET,BRONX,2028-02-01,0.006114,0,very_low,baseline
176 STREET,BRONX,2028-03-01,0.005878,0,very_low,baseline
176 STREET,BRONX,2028-04-01,0.00567,0,very_low,baseline
176 STREET,BRONX,2028-05-01,0.005928,0,very_low,baseline
176 STREET,BRONX,2028-06-01,0.005691,0,very_low,baseline
176 STREET,BRONX,2028-07-01,0.005524,0,very_low,baseline
176 STREET,BRONX,2028-08-01,0.005476,0,very_low,baseline
176 STREET,BRONX,2028-09-01,0.005553,0,very_low,baseline
176 STREET,BRONX,2028-10-01,0.004632,0,very_low,baseline
176 STREET,BRONX,2028-11-01,0.004141,0,very_low,baseline
176 STREET,BRONX,2028-12-01,0.003941,0,very_low,baseline
176 STREET,BRONX,2029-01-01,0.005572,0,very_low,baseline
176 STREET,BRONX,2029-02-01,0.006114,0,very_low,baseline
176 STREET,BRONX,2029-03-01,0.005878,0,very_low,baseline
176 STREET,BRONX,2029-04-01,0.00567,0,very_low,baseline
176 STREET,BRONX,2029-05-01,0.005928,0,very_low,baseline
176 STREET,BRONX,2029-06-01,0.005691,0,very_low,baseline
176 STREET,BRONX,2029-07-01,0.005524,0,very_low,baseline
176 STREET,BRONX,2029-08-01,0.005476,0,very_low,baseline
176 STREET,BRONX,2029-09-01,0.005553,0,very_low,baseline
176 STREET,BRONX,2029-10-01,0.004632,0,very_low,baseline
176 STREET,BRONX,2029-11-01,0.004141,0,very_low,baseline
176 STREET,BRONX,2029-12-01,0.003941,0,very_low,baseline
179 ST.-JAMAICA,QUEENS,2027-01-01,0.194948,1,very_low,baseline
179 ST.-JAMAICA,QUEENS,2027-02-01,0.174874,1,very_low,baseline
179 ST.-JAMAICA,QUEENS,2027-03-01,0.169136,1,very_low,baseline
179 ST.-JAMAICA,QUEENS,2027-04-01,0.17614,1,very_low,baseline
179 ST.-JAMAICA,QUEENS,2027-05-01,0.248024,1,low,baseline
179 ST.-JAMAICA,QUEENS,2027-06-01,0.179018,1,very_low,baseline
179 ST.-JAMAICA,QUEENS,2027-07-01,0.180227,1,very_low,baseline
179 ST.-JAMAICA,QUEENS,2027-08-01,0.181405,1,very_low,baseline
179 ST.-JAMAICA,QUEENS,2027-09-01,0.178506,1,very_low,baseline
179 ST.-JAMAICA,QUEENS,2027-10-01,0.164961,1,very_low,baseline
179 ST.-JAMAICA,QUEENS,2027-11-01,0.160512,1,very_low,baseline
179 ST.-JAMAICA,QUEENS,2027-12-01,0.156898,1,very_low,baseline
179 ST.-JAMAICA,QUEENS,2028-01-01,0.172973,1,very_low,baseline
179 ST.-JAMAICA,QUEENS,2028-02-01,0.174823,1,very_low,baseline
179 ST.-JAMAICA,QUEENS,2028-03-01,0.173603,1,very_low,baseline
179 ST.-JAMAICA,QUEENS,2028-04-01,0.171606,1,very_low,baseline
179 ST.-JAMAICA,QUEENS,2028-05-01,0.178056,1,very_low,baseline
179 ST.-JAMAICA,QUEENS,2028-06-01,0.183974,1,very_low,baseline
179 ST.-JAMAICA,QUEENS,2028-07-01,0.182347,1,very_low,baseline
179 ST.-JAMAICA,QUEENS,2028-08-01,0.182767,1,very_low,baseline
179 ST.-JAMAICA,QUEENS,2028-09-01,0.178726,1,very_low,baseline
179 ST.-JAMAICA,QUEENS,2028-10-01,0.165167,1,very_low,baseline
179 ST.-JAMAICA,QUEENS,2028-11-01,0.163601,1,very_low,baseline
179 ST.-JAMAICA,QUEENS,2028-12-01,0.156898,1,very_low,baseline
179 ST.-JAMAICA,QUEENS,2029-01-01,0.172973,1,very_low,baseline
179 ST.-JAMAICA,QUEENS,2029-02-01,0.174823,1,very_low,baseline
179 ST.-JAMAICA,QUEENS,2029-03-01,0.173603,1,very_low,baseline
179 ST.-JAMAICA,QUEENS,2029-04-01,0.171606,1,very_low,baseline
179 ST.-JAMAICA,QUEENS,2029-05-01,0.178056,1,very_low,baseline
179 ST.-JAMAICA,QUEENS,2029-06-01,0.183974,1,very_low,baseline
179 ST.-JAMAICA,QUEENS,2029-07-01,0.182347,1,very_low,baseline
179 ST.-JAMAICA,QUEENS,2029-08-01,0.182767,1,very_low,baseline
179 ST.-JAMAICA,QUEENS,2029-09-01,0.178726,1,very_low,baseline
179 ST.-JAMAICA,QUEENS,2029-10-01,0.165167,1,very_low,baseline
179 ST.-JAMAICA,QUEENS,2029-11-01,0.163601,1,very_low,baseline
179 ST.-JAMAICA,QUEENS,2029-12-01,0.156898,1,very_low,baseline
18 AVENUE,BROOKLYN,2027-01-01,0.033368,0,very_low,baseline
18 AVENUE,BROOKLYN,2027-02-01,0.036394,0,very_low,baseline
18 AVENUE,BROOKLYN,2027-03-01,0.024872,0,very_low,baseline
18 AVENUE,BROOKLYN,2027-04-01,0.018582,0,very_low,baseline
18 AVENUE,BROOKLYN,2027-05-01,0.019019,0,very_low,baseline
18 AVENUE,BROOKLYN,2027-06-01,0.019438,0,very_low,baseline
18 AVENUE,BROOKLYN,2027-07-01,0.020577,0,very_low,baseline
18 AVENUE,BROOKLYN,2027-08-01,0.022982,0,very_low,baseline
18 AVENUE,BROOKLYN,2027-09-01,0.023326,0,very_low,baseline
18 AVENUE,BROOKLYN,2027-10-01,0.019911,0,very_low,baseline
18 AVENUE,BROOKLYN,2027-11-01,0.016067,0,very_low,baseline
18 AVENUE,BROOKLYN,2027-12-01,0.015642,0,very_low,baseline
18 AVENUE,BROOKLYN,2028-01-01,0.018328,0,very_low,baseline
18 AVENUE,BROOKLYN,2028-02-01,0.020146,0,very_low,baseline
18 AVENUE,BROOKLYN,2028-03-01,0.018203,0,very_low,baseline
18 AVENUE,BROOKLYN,2028-04-01,0.018203,0,very_low,baseline
18 AVENUE,BROOKLYN,2028-05-01,0.019019,0,very_low,baseline
18 AVENUE,BROOKLYN,2028-06-01,0.019438,0,very_low,baseline
18 AVENUE,BROOKLYN,2028-07-01,0.020577,0,very_low,baseline
18 AVENUE,BROOKLYN,2028-08-01,0.022982,0,very_low,baseline
18 AVENUE,BROOKLYN,2028-09-01,0.023326,0,very_low,baseline
18 AVENUE,BROOKLYN,2028-10-01,0.019911,0,very_low,baseline
18 AVENUE,BROOKLYN,2028-11-01,0.016067,0,very_low,baseline
18 AVENUE,BROOKLYN,2028-12-01,0.015642,0,very_low,baseline
18 AVENUE,BROOKLYN,2029-01-01,0.018328,0,very_low,baseline
18 AVENUE,BROOKLYN,2029-02-01,0.020146,0,very_low,baseline
18 AVENUE,BROOKLYN,2029-03-01,0.018203,0,very_low,baseline
18 AVENUE,BROOKLYN,2029-04-01,0.018203,0,very_low,baseline
18 AVENUE,BROOKLYN,2029-05-01,0.019019,0,very_low,baseline
18 AVENUE,BROOKLYN,2029-06-01,0.019438,0,very_low,baseline
18 AVENUE,BROOKLYN,2029-07-01,0.020577,0,very_low,baseline
18 AVENUE,BROOKLYN,2029-08-01,0.022982,0,very_low,baseline
18 AVENUE,BROOKLYN,2029-09-01,0.023326,0,very_low,baseline
18 AVENUE,BROOKLYN,2029-10-01,0.019911,0,very_low,baseline
18 AVENUE,BROOKLYN,2029-11-01,0.016067,0,very_low,baseline
18 AVENUE,BROOKLYN,2029-12-01,0.015642,0,very_low,baseline
18 STREET,MANHATTAN,2027-01-01,0.000142,0,very_low,baseline
18 STREET,MANHATTAN,2027-02-01,0.000143,0,very_low,baseline
18 STREET,MANHATTAN,2027-03-01,0.000142,0,very_low,baseline
18 STREET,MANHATTAN,2027-04-01,0.00015,0,very_low,baseline
18 STREET,MANHATTAN,2027-05-01,0.000144,0,very_low,baseline
18 STREET,MANHATTAN,2027-06-01,0.000154,0,very_low,baseline
18 STREET,MANHATTAN,2027-07-01,0.000147,0,very_low,baseline
18 STREET,MANHATTAN,2027-08-01,0.00015,0,very_low,baseline
18 STREET,MANHATTAN,2027-09-01,0.000155,0,very_low,baseline
18 STREET,MANHATTAN,2027-10-01,0.000133,0,very_low,baseline
18 STREET,MANHATTAN,2027-11-01,0.000122,0,very_low,baseline
18 STREET,MANHATTAN,2027-12-01,0.000116,0,very_low,baseline
18 STREET,MANHATTAN,2028-01-01,0.000139,0,very_low,baseline
18 STREET,MANHATTAN,2028-02-01,0.000149,0,very_low,baseline
18 STREET,MANHATTAN,2028-03-01,0.000148,0,very_low,baseline
18 STREET,MANHATTAN,2028-04-01,0.000153,0,very_low,baseline
18 STREET,MANHATTAN,2028-05-01,0.000157,0,very_low,baseline
18 STREET,MANHATTAN,2028-06-01,0.000154,0,very_low,baseline
18 STREET,MANHATTAN,2028-07-01,0.000147,0,very_low,baseline
18 STREET,MANHATTAN,2028-08-01,0.00015,0,very_low,baseline
18 STREET,MANHATTAN,2028-09-01,0.000155,0,very_low,baseline
18 STREET,MANHATTAN,2028-10-01,0.000133,0,very_low,baseline
18 STREET,MANHATTAN,2028-11-01,0.000122,0,very_low,baseline
18 STREET,MANHATTAN,2028-12-01,0.000116,0,very_low,baseline
18 STREET,MANHATTAN,2029-01-01,0.000139,0,very_low,baseline
18 STREET,MANHATTAN,2029-02-01,0.000149,0,very_low,baseline
18 STREET,MANHATTAN,2029-03-01,0.000148,0,very_low,baseline
18 STREET,MANHATTAN,2029-04-01,0.000153,0,very_low,baseline
18 STREET,MANHATTAN,2029-05-01,0.000157,0,very_low,baseline
18 STREET,MANHATTAN,2029-06-01,0.000154,0,very_low,baseline
18 STREET,MANHATTAN,2029-07-01,0.000147,0,very_low,baseline
18 STREET,MANHATTAN,2029-08-01,0.00015,0,very_low,baseline
18 STREET,MANHATTAN,2029-09-01,0.000155,0,very_low,baseline
18 STREET,MANHATTAN,2029-10-01,0.000133,0,very_low,baseline
18 STREET,MANHATTAN,2029-11-01,0.000122,0,very_low,baseline
18 STREET,MANHATTAN,2029-12-01,0.000116,0,very_low,baseline
181 STREET,MANHATTAN,2027-01-01,0.000528,0,very_low,baseline
181 STREET,MANHATTAN,2027-02-01,0.000625,0,very_low,baseline
181 STREET,MANHATTAN,2027-03-01,0.000534,0,very_low,baseline
181 STREET,MANHATTAN,2027-04-01,0.000538,0,very_low,baseline
181 STREET,MANHATTAN,2027-05-01,0.000583,0,very_low,baseline
181 STREET,MANHATTAN,2027-06-01,0.000573,0,very_low,baseline
181 STREET,MANHATTAN,2027-07-01,0.000554,0,very_low,baseline
181 STREET,MANHATTAN,2027-08-01,0.000626,0,very_low,baseline
181 STREET,MANHATTAN,2027-09-01,0.000644,0,very_low,baseline
181 STREET,MANHATTAN,2027-10-01,0.000572,0,very_low,baseline
181 STREET,MANHATTAN,2027-11-01,0.000486,0,very_low,baseline
181 STREET,MANHATTAN,2027-12-01,0.000467,0,very_low,baseline
181 STREET,MANHATTAN,2028-01-01,0.000537,0,very_low,baseline
181 STREET,MANHATTAN,2028-02-01,0.000559,0,very_low,baseline
181 STREET,MANHATTAN,2028-03-01,0.000568,0,very_low,baseline
181 STREET,MANHATTAN,2028-04-01,0.000554,0,very_low,baseline
181 STREET,MANHATTAN,2028-05-01,0.000569,0,very_low,baseline
181 STREET,MANHATTAN,2028-06-01,0.000573,0,very_low,baseline
181 STREET,MANHATTAN,2028-07-01,0.000554,0,very_low,baseline
181 STREET,MANHATTAN,2028-08-01,0.000626,0,very_low,baseline
181 STREET,MANHATTAN,2028-09-01,0.000644,0,very_low,baseline
181 STREET,MANHATTAN,2028-10-01,0.000572,0,very_low,baseline
181 STREET,MANHATTAN,2028-11-01,0.000486,0,very_low,baseline
181 STREET,MANHATTAN,2028-12-01,0.000467,0,very_low,baseline
181 STREET,MANHATTAN,2029-01-01,0.000537,0,very_low,baseline
181 STREET,MANHATTAN,2029-02-01,0.000559,0,very_low,baseline
181 STREET,MANHATTAN,2029-03-01,0.000568,0,very_low,baseline
181 STREET,MANHATTAN,2029-04-01,0.000554,0,very_low,baseline
181 STREET,MANHATTAN,2029-05-01,0.000569,0,very_low,baseline
181 STREET,MANHATTAN,2029-06-01,0.000573,0,very_low,baseline
181 STREET,MANHATTAN,2029-07-01,0.000554,0,very_low,baseline
181 STREET,MANHATTAN,2029-08-01,0.000626,0,very_low,baseline
181 STREET,MANHATTAN,2029-09-01,0.000644,0,very_low,baseline
181 STREET,MANHATTAN,2029-10-01,0.000572,0,very_low,baseline
181 STREET,MANHATTAN,2029-11-01,0.000486,0,very_low,baseline
181 STREET,MANHATTAN,2029-12-01,0.000467,0,very_low,baseline
182-183 STREETS,BRONX,2027-01-01,0.019289,0,very_low,baseline
182-183 STREETS,BRONX,2027-02-01,0.039093,0,very_low,baseline
182-183 STREETS,BRONX,2027-03-01,0.060176,1,very_low,baseline
182-183 STREETS,BRONX,2027-04-01,0.054805,1,very_low,baseline
182-183 STREETS,BRONX,2027-05-01,0.033986,0,very_low,baseline
182-183 STREETS,BRONX,2027-06-01,0.015712,0,very_low,baseline
182-183 STREETS,BRONX,2027-07-01,0.017312,0,very_low,baseline
182-183 STREETS,BRONX,2027-08-01,0.019322,0,very_low,baseline
182-183 STREETS,BRONX,2027-09-01,0.020553,0,very_low,baseline
182-183 STREETS,BRONX,2027-10-01,0.018958,0,very_low,baseline
182-183 STREETS,BRONX,2027-11-01,0.018308,0,very_low,baseline
182-183 STREETS,BRONX,2027-12-01,0.017614,0,very_low,baseline
182-183 STREETS,BRONX,2028-01-01,0.019547,0,very_low,baseline
182-183 STREETS,BRONX,2028-02-01,0.019522,0,very_low,baseline
182-183 STREETS,BRONX,2028-03-01,0.018957,0,very_low,baseline
182-183 STREETS,BRONX,2028-04-01,0.021289,0,very_low,baseline
182-183 STREETS,BRONX,2028-05-01,0.038297,0,very_low,baseline
182-183 STREETS,BRONX,2028-06-01,0.038597,0,very_low,baseline
182-183 STREETS,BRONX,2028-07-01,0.038324,0,very_low,baseline
182-183 STREETS,BRONX,2028-08-01,0.041377,0,very_low,baseline
182-183 STREETS,BRONX,2028-09-01,0.042168,0,very_low,baseline
182-183 STREETS,BRONX,2028-10-01,0.036154,0,very_low,baseline
182-183 STREETS,BRONX,2028-11-01,0.031176,0,very_low,baseline
182-183 STREETS,BRONX,2028-12-01,0.030009,0,very_low,baseline
182-183 STREETS,BRONX,2029-01-01,0.038995,0,very_low,baseline
182-183 STREETS,BRONX,2029-02-01,0.0417,0,very_low,baseline
182-183 STREETS,BRONX,2029-03-01,0.039148,0,very_low,baseline
182-183 STREETS,BRONX,2029-04-01,0.03821,0,very_low,baseline
182-183 STREETS,BRONX,2029-05-01,0.038297,0,very_low,baseline
182-183 STREETS,BRONX,2029-06-01,0.038597,0,very_low,baseline
182-183 STREETS,BRONX,2029-07-01,0.038324,0,very_low,baseline
182-183 STREETS,BRONX,2029-08-01,0.041377,0,very_low,baseline
182-183 STREETS,BRONX,2029-09-01,0.042168,0,very_low,baseline
182-183 STREETS,BRONX,2029-10-01,0.036154,0,very_low,baseline
182-183 STREETS,BRONX,2029-11-01,0.031176,0,very_low,baseline
182-183 STREETS,BRONX,2029-12-01,0.030009,0,very_low,baseline
183 STREET,BRONX,2027-01-01,0.011817,0,very_low,baseline
183 STREET,BRONX,2027-02-01,0.009947,0,very_low,baseline
183 STREET,BRONX,2027-03-01,0.00567,0,very_low,baseline
183 STREET,BRONX,2027-04-01,0.007385,0,very_low,baseline
183 STREET,BRONX,2027-05-01,0.011787,0,very_low,baseline
183 STREET,BRONX,2027-06-01,0.01312,0,very_low,baseline
183 STREET,BRONX,2027-07-01,0.012931,0,very_low,baseline
183 STREET,BRONX,2027-08-01,0.014425,0,very_low,baseline
183 STREET,BRONX,2027-09-01,0.014969,0,very_low,baseline
183 STREET,BRONX,2027-10-01,0.011991,0,very_low,baseline
183 STREET,BRONX,2027-11-01,0.009857,0,very_low,baseline
183 STREET,BRONX,2027-12-01,0.009743,0,very_low,baseline
183 STREET,BRONX,2028-01-01,0.012239,0,very_low,baseline
183 STREET,BRONX,2028-02-01,0.01321,0,very_low,baseline
183 STREET,BRONX,2028-03-01,0.013103,0,very_low,baseline
183 STREET,BRONX,2028-04-01,0.012781,0,very_low,baseline
183 STREET,BRONX,2028-05-01,0.013015,0,very_low,baseline
183 STREET,BRONX,2028-06-01,0.01312,0,very_low,baseline
183 STREET,BRONX,2028-07-01,0.012931,0,very_low,baseline
183 STREET,BRONX,2028-08-01,0.014425,0,very_low,baseline
183 STREET,BRONX,2028-09-01,0.014969,0,very_low,baseline
183 STREET,BRONX,2028-10-01,0.011991,0,very_low,baseline
183 STREET,BRONX,2028-11-01,0.009857,0,very_low,baseline
183 STREET,BRONX,2028-12-01,0.009743,0,very_low,baseline
183 STREET,BRONX,2029-01-01,0.012239,0,very_low,baseline
183 STREET,BRONX,2029-02-01,0.01321,0,very_low,baseline
183 STREET,BRONX,2029-03-01,0.013103,0,very_low,baseline
183 STREET,BRONX,2029-04-01,0.012781,0,very_low,baseline
183 STREET,BRONX,2029-05-01,0.013015,0,very_low,baseline
183 STREET,BRONX,2029-06-01,0.01312,0,very_low,baseline
183 STREET,BRONX,2029-07-01,0.012931,0,very_low,baseline
183 STREET,BRONX,2029-08-01,0.014425,0,very_low,baseline
183 STREET,BRONX,2029-09-01,0.014969,0,very_low,baseline
183 STREET,BRONX,2029-10-01,0.011991,0,very_low,baseline
183 STREET,BRONX,2029-11-01,0.009857,0,very_low,baseline
183 STREET,BRONX,2029-12-01,0.009743,0,very_low,baseline
190 STREET,MANHATTAN,2027-01-01,0.000161,0,very_low,baseline
190 STREET,MANHATTAN,2027-02-01,0.000139,0,very_low,baseline
190 STREET,MANHATTAN,2027-03-01,0.000148,0,very_low,baseline
190 STREET,MANHATTAN,2027-04-01,0.000142,0,very_low,baseline
190 STREET,MANHATTAN,2027-05-01,0.000161,0,very_low,baseline
190 STREET,MANHATTAN,2027-06-01,0.000158,0,very_low,baseline
190 STREET,MANHATTAN,2027-07-01,0.000161,0,very_low,baseline
190 STREET,MANHATTAN,2027-08-01,0.000165,0,very_low,baseline
190 STREET,MANHATTAN,2027-09-01,0.000173,0,very_low,baseline
190 STREET,MANHATTAN,2027-10-01,0.000151,0,very_low,baseline
190 STREET,MANHATTAN,2027-11-01,0.00014,0,very_low,baseline
190 STREET,MANHATTAN,2027-12-01,0.000133,0,very_low,baseline
190 STREET,MANHATTAN,2028-01-01,0.000154,0,very_low,baseline
190 STREET,MANHATTAN,2028-02-01,0.00016,0,very_low,baseline
190 STREET,MANHATTAN,2028-03-01,0.000159,0,very_low,baseline
190 STREET,MANHATTAN,2028-04-01,0.000157,0,very_low,baseline
190 STREET,MANHATTAN,2028-05-01,0.000161,0,very_low,baseline
190 STREET,MANHATTAN,2028-06-01,0.000158,0,very_low,baseline
190 STREET,MANHATTAN,2028-07-01,0.000161,0,very_low,baseline
190 STREET,MANHATTAN,2028-08-01,0.000165,0,very_low,baseline
190 STREET,MANHATTAN,2028-09-01,0.000173,0,very_low,baseline
190 STREET,MANHATTAN,2028-10-01,0.000151,0,very_low,baseline
190 STREET,MANHATTAN,2028-11-01,0.00014,0,very_low,baseline
190 STREET,MANHATTAN,2028-12-01,0.000133,0,very_low,baseline
190 STREET,MANHATTAN,2029-01-01,0.000154,0,very_low,baseline
190 STREET,MANHATTAN,2029-02-01,0.00016,0,very_low,baseline
190 STREET,MANHATTAN,2029-03-01,0.000159,0,very_low,baseline
190 STREET,MANHATTAN,2029-04-01,0.000157,0,very_low,baseline
190 STREET,MANHATTAN,2029-05-01,0.000161,0,very_low,baseline
190 STREET,MANHATTAN,2029-06-01,0.000158,0,very_low,baseline
190 STREET,MANHATTAN,2029-07-01,0.000161,0,very_low,baseline
190 STREET,MANHATTAN,2029-08-01,0.000165,0,very_low,baseline
190 STREET,MANHATTAN,2029-09-01,0.000173,0,very_low,baseline
190 STREET,MANHATTAN,2029-10-01,0.000151,0,very_low,baseline
190 STREET,MANHATTAN,2029-11-01,0.00014,0,very_low,baseline
190 STREET,MANHATTAN,2029-12-01,0.000133,0,very_low,baseline
191 STREET,MANHATTAN,2027-01-01,0.000533,0,very_low,baseline
191 STREET,MANHATTAN,2027-02-01,0.000363,0,very_low,baseline
191 STREET,MANHATTAN,2027-03-01,0.000356,0,very_low,baseline
191 STREET,MANHATTAN,2027-04-01,0.000376,0,very_low,baseline
191 STREET,MANHATTAN,2027-05-01,0.000457,0,very_low,baseline
191 STREET,MANHATTAN,2027-06-01,0.000459,0,very_low,baseline
191 STREET,MANHATTAN,2027-07-01,0.000444,0,very_low,baseline
191 STREET,MANHATTAN,2027-08-01,0.000489,0,very_low,baseline
191 STREET,MANHATTAN,2027-09-01,0.000521,0,very_low,baseline
191 STREET,MANHATTAN,2027-10-01,0.000459,0,very_low,baseline
191 STREET,MANHATTAN,2027-11-01,0.00039,0,very_low,baseline
191 STREET,MANHATTAN,2027-12-01,0.000388,0,very_low,baseline
191 STREET,MANHATTAN,2028-01-01,0.000434,0,very_low,baseline
191 STREET,MANHATTAN,2028-02-01,0.000424,0,very_low,baseline
191 STREET,MANHATTAN,2028-03-01,0.000445,0,very_low,baseline
191 STREET,MANHATTAN,2028-04-01,0.000445,0,very_low,baseline
191 STREET,MANHATTAN,2028-05-01,0.000457,0,very_low,baseline
191 STREET,MANHATTAN,2028-06-01,0.000459,0,very_low,baseline
191 STREET,MANHATTAN,2028-07-01,0.000444,0,very_low,baseline
191 STREET,MANHATTAN,2028-08-01,0.000489,0,very_low,baseline
191 STREET,MANHATTAN,2028-09-01,0.000521,0,very_low,baseline
191 STREET,MANHATTAN,2028-10-01,0.000459,0,very_low,baseline
191 STREET,MANHATTAN,2028-11-01,0.00039,0,very_low,baseline
191 STREET,MANHATTAN,2028-12-01,0.000388,0,very_low,baseline
191 STREET,MANHATTAN,2029-01-01,0.000434,0,very_low,baseline
191 STREET,MANHATTAN,2029-02-01,0.000424,0,very_low,baseline
191 STREET,MANHATTAN,2029-03-01,0.000445,0,very_low,baseline
191 STREET,MANHATTAN,2029-04-01,0.000445,0,very_low,baseline
191 STREET,MANHATTAN,2029-05-01,0.000457,0,very_low,baseline
191 STREET,MANHATTAN,2029-06-01,0.000459,0,very_low,baseline
191 STREET,MANHATTAN,2029-07-01,0.000444,0,very_low,baseline
191 STREET,MANHATTAN,2029-08-01,0.000489,0,very_low,baseline
191 STREET,MANHATTAN,2029-09-01,0.000521,0,very_low,baseline
191 STREET,MANHATTAN,2029-10-01,0.000459,0,very_low,baseline
191 STREET,MANHATTAN,2029-11-01,0.00039,0,very_low,baseline
191 STREET,MANHATTAN,2029-12-01,0.000388,0,very_low,baseline
2 AVENUE,MANHATTAN,2027-01-01,0.00037,0,very_low,baseline
2 AVENUE,MANHATTAN,2027-02-01,0.000776,0,very_low,baseline
2 AVENUE,MANHATTAN,2027-03-01,0.000245,0,very_low,baseline
2 AVENUE,MANHATTAN,2027-04-01,0.000391,0,very_low,baseline
2 AVENUE,MANHATTAN,2027-05-01,0.000263,0,very_low,baseline
2 AVENUE,MANHATTAN,2027-06-01,0.000361,0,very_low,baseline
2 AVENUE,MANHATTAN,2027-07-01,0.000361,0,very_low,baseline
2 AVENUE,MANHATTAN,2027-08-01,0.000404,0,very_low,baseline
2 AVENUE,MANHATTAN,2027-09-01,0.000445,0,very_low,baseline
2 AVENUE,MANHATTAN,2027-10-01,0.000395,0,very_low,baseline
2 AVENUE,MANHATTAN,2027-11-01,0.000378,0,very_low,baseline
2 AVENUE,MANHATTAN,2027-12-01,0.000357,0,very_low,baseline
2 AVENUE,MANHATTAN,2028-01-01,0.000361,0,very_low,baseline
2 AVENUE,MANHATTAN,2028-02-01,0.000344,0,very_low,baseline
2 AVENUE,MANHATTAN,2028-03-01,0.000348,0,very_low,baseline
2 AVENUE,MANHATTAN,2028-04-01,0.000348,0,very_low,baseline
2 AVENUE,MANHATTAN,2028-05-01,0.000361,0,very_low,baseline
2 AVENUE,MANHATTAN,2028-06-01,0.000361,0,very_low,baseline
2 AVENUE,MANHATTAN,2028-07-01,0.000361,0,very_low,baseline
2 AVENUE,MANHATTAN,2028-08-01,0.000404,0,very_low,baseline
2 AVENUE,MANHATTAN,2028-09-01,0.000445,0,very_low,baseline
2 AVENUE,MANHATTAN,2028-10-01,0.000395,0,very_low,baseline
2 AVENUE,MANHATTAN,2028-11-01,0.000378,0,very_low,baseline
2 AVENUE,MANHATTAN,2028-12-01,0.000357,0,very_low,baseline
2 AVENUE,MANHATTAN,2029-01-01,0.000361,0,very_low,baseline
2 AVENUE,MANHATTAN,2029-02-01,0.000344,0,very_low,baseline
2 AVENUE,MANHATTAN,2029-03-01,0.000348,0,very_low,baseline
2 AVENUE,MANHATTAN,2029-04-01,0.000348,0,very_low,baseline
2 AVENUE,MANHATTAN,2029-05-01,0.000361,0,very_low,baseline
2 AVENUE,MANHATTAN,2029-06-01,0.000361,0,very_low,baseline
2 AVENUE,MANHATTAN,2029-07-01,0.000361,0,very_low,baseline
2 AVENUE,MANHATTAN,2029-08-01,0.000404,0,very_low,baseline
2 AVENUE,MANHATTAN,2029-09-01,0.000445,0,very_low,baseline
2 AVENUE,MANHATTAN,2029-10-01,0.000395,0,very_low,baseline
2 AVENUE,MANHATTAN,2029-11-01,0.000378,0,very_low,baseline
2 AVENUE,MANHATTAN,2029-12-01,0.000357,0,very_low,baseline
20 AVENUE,BROOKLYN,2027-01-01,0.000213,0,very_low,baseline
20 AVENUE,BROOKLYN,2027-02-01,0.000132,0,very_low,baseline
20 AVENUE,BROOKLYN,2027-03-01,9.5e-05,0,very_low,baseline
20 AVENUE,BROOKLYN,2027-04-01,0.000109,0,very_low,baseline
20 AVENUE,BROOKLYN,2027-05-01,0.00011,0,very_low,baseline
20 AVENUE,BROOKLYN,2027-06-01,0.000147,0,very_low,baseline
20 AVENUE,BROOKLYN,2027-07-01,0.00015,0,very_low,baseline
20 AVENUE,BROOKLYN,2027-08-01,0.000153,0,very_low,baseline
20 AVENUE,BROOKLYN,2027-09-01,0.000161,0,very_low,baseline
20 AVENUE,BROOKLYN,2027-10-01,0.000141,0,very_low,baseline
20 AVENUE,BROOKLYN,2027-11-01,0.00013,0,very_low,baseline
20 AVENUE,BROOKLYN,2027-12-01,0.000124,0,very_low,baseline
20 AVENUE,BROOKLYN,2028-01-01,0.000143,0,very_low,baseline
20 AVENUE,BROOKLYN,2028-02-01,0.000149,0,very_low,baseline
20 AVENUE,BROOKLYN,2028-03-01,0.000148,0,very_low,baseline
20 AVENUE,BROOKLYN,2028-04-01,0.000146,0,very_low,baseline
20 AVENUE,BROOKLYN,2028-05-01,0.00015,0,very_low,baseline
20 AVENUE,BROOKLYN,2028-06-01,0.000147,0,very_low,baseline
20 AVENUE,BROOKLYN,2028-07-01,0.00015,0,very_low,baseline
20 AVENUE,BROOKLYN,2028-08-01,0.000153,0,very_low,baseline
20 AVENUE,BROOKLYN,2028-09-01,0.000161,0,very_low,baseline
20 AVENUE,BROOKLYN,2028-10-01,0.000141,0,very_low,baseline
20 AVENUE,BROOKLYN,2028-11-01,0.00013,0,very_low,baseline
20 AVENUE,BROOKLYN,2028-12-01,0.000124,0,very_low,baseline
20 AVENUE,BROOKLYN,2029-01-01,0.000143,0,very_low,baseline
20 AVENUE,BROOKLYN,2029-02-01,0.000149,0,very_low,baseline
20 AVENUE,BROOKLYN,2029-03-01,0.000148,0,very_low,baseline
20 AVENUE,BROOKLYN,2029-04-01,0.000146,0,very_low,baseline
20 AVENUE,BROOKLYN,2029-05-01,0.00015,0,very_low,baseline
20 AVENUE,BROOKLYN,2029-06-01,0.000147,0,very_low,baseline
20 AVENUE,BROOKLYN,2029-07-01,0.00015,0,very_low,baseline
20 AVENUE,BROOKLYN,2029-08-01,0.000153,0,very_low,baseline
20 AVENUE,BROOKLYN,2029-09-01,0.000161,0,very_low,baseline
20 AVENUE,BROOKLYN,2029-10-01,0.000141,0,very_low,baseline
20 AVENUE,BROOKLYN,2029-11-01,0.00013,0,very_low,baseline
20 AVENUE,BROOKLYN,2029-12-01,0.000124,0,very_low,baseline
200 ST.-DYCKMAN ST.,MANHATTAN,2027-01-01,0.000556,0,very_low,baseline
200 ST.-DYCKMAN ST.,MANHATTAN,2027-02-01,0.000354,0,very_low,baseline
200 ST.-DYCKMAN ST.,MANHATTAN,2027-03-01,0.000338,0,very_low,baseline
200 ST.-DYCKMAN ST.,MANHATTAN,2027-04-01,0.000287,0,very_low,baseline
200 ST.-DYCKMAN ST.,MANHATTAN,2027-05-01,0.000389,0,very_low,baseline
200 ST.-DYCKMAN ST.,MANHATTAN,2027-06-01,0.000337,0,very_low,baseline
200 ST.-DYCKMAN ST.,MANHATTAN,2027-07-01,0.000348,0,very_low,baseline
200 ST.-DYCKMAN ST.,MANHATTAN,2027-08-01,0.000353,0,very_low,baseline
200 ST.-DYCKMAN ST.,MANHATTAN,2027-09-01,0.000361,0,very_low,baseline
200 ST.-DYCKMAN ST.,MANHATTAN,2027-10-01,0.000313,0,very_low,baseline
200 ST.-DYCKMAN ST.,MANHATTAN,2027-11-01,0.000252,0,very_low,baseline
200 ST.-DYCKMAN ST.,MANHATTAN,2027-12-01,0.00024,0,very_low,baseline
200 ST.-DYCKMAN ST.,MANHATTAN,2028-01-01,0.000312,0,very_low,baseline
200 ST.-DYCKMAN ST.,MANHATTAN,2028-02-01,0.00034,0,very_low,baseline
200 ST.-DYCKMAN ST.,MANHATTAN,2028-03-01,0.000317,0,very_low,baseline
200 ST.-DYCKMAN ST.,MANHATTAN,2028-04-01,0.000316,0,very_low,baseline
200 ST.-DYCKMAN ST.,MANHATTAN,2028-05-01,0.000324,0,very_low,baseline
200 ST.-DYCKMAN ST.,MANHATTAN,2028-06-01,0.000337,0,very_low,baseline
200 ST.-DYCKMAN ST.,MANHATTAN,2028-07-01,0.000348,0,very_low,baseline
200 ST.-DYCKMAN ST.,MANHATTAN,2028-08-01,0.000353,0,very_low,baseline
200 ST.-DYCKMAN ST.,MANHATTAN,2028-09-01,0.000361,0,very_low,baseline
200 ST.-DYCKMAN ST.,MANHATTAN,2028-10-01,0.000313,0,very_low,baseline
200 ST.-DYCKMAN ST.,MANHATTAN,2028-11-01,0.000252,0,very_low,baseline
200 ST.-DYCKMAN ST.,MANHATTAN,2028-12-01,0.00024,0,very_low,baseline
200 ST.-DYCKMAN ST.,MANHATTAN,2029-01-01,0.000312,0,very_low,baseline
200 ST.-DYCKMAN ST.,MANHATTAN,2029-02-01,0.00034,0,very_low,baseline
200 ST.-DYCKMAN ST.,MANHATTAN,2029-03-01,0.000317,0,very_low,baseline
200 ST.-DYCKMAN ST.,MANHATTAN,2029-04-01,0.000316,0,very_low,baseline
200 ST.-DYCKMAN ST.,MANHATTAN,2029-05-01,0.000324,0,very_low,baseline
200 ST.-DYCKMAN ST.,MANHATTAN,2029-06-01,0.000337,0,very_low,baseline
200 ST.-DYCKMAN ST.,MANHATTAN,2029-07-01,0.000348,0,very_low,baseline
200 ST.-DYCKMAN ST.,MANHATTAN,2029-08-01,0.000353,0,very_low,baseline
200 ST.-DYCKMAN ST.,MANHATTAN,2029-09-01,0.000361,0,very_low,baseline
200 ST.-DYCKMAN ST.,MANHATTAN,2029-10-01,0.000313,0,very_low,baseline
200 ST.-DYCKMAN ST.,MANHATTAN,2029-11-01,0.000252,0,very_low,baseline
200 ST.-DYCKMAN ST.,MANHATTAN,2029-12-01,0.00024,0,very_low,baseline
205 ST.-NORWOOD,BRONX,2027-01-01,0.032579,0,very_low,baseline
205 ST.-NORWOOD,BRONX,2027-02-01,0.035884,0,very_low,baseline
205 ST.-NORWOOD,BRONX,2027-03-01,0.039267,0,very_low,baseline
205 ST.-NORWOOD,BRONX,2027-04-01,0.03753,0,very_low,baseline
205 ST.-NORWOOD,BRONX,2027-05-01,0.041293,0,very_low,baseline
205 ST.-NORWOOD,BRONX,2027-06-01,0.036943,0,very_low,baseline
205 ST.-NORWOOD,BRONX,2027-07-01,0.03668,0,very_low,baseline
205 ST.-NORWOOD,BRONX,2027-08-01,0.037944,0,very_low,baseline
205 ST.-NORWOOD,BRONX,2027-09-01,0.038308,0,very_low,baseline
205 ST.-NORWOOD,BRONX,2027-10-01,0.032541,0,very_low,baseline
205 ST.-NORWOOD,BRONX,2027-11-01,0.024249,0,very_low,baseline
205 ST.-NORWOOD,BRONX,2027-12-01,0.023655,0,very_low,baseline
205 ST.-NORWOOD,BRONX,2028-01-01,0.035617,0,very_low,baseline
205 ST.-NORWOOD,BRONX,2028-02-01,0.03908,0,very_low,baseline
205 ST.-NORWOOD,BRONX,2028-03-01,0.037978,0,very_low,baseline
205 ST.-NORWOOD,BRONX,2028-04-01,0.036571,0,very_low,baseline
205 ST.-NORWOOD,BRONX,2028-05-01,0.036654,0,very_low,baseline
205 ST.-NORWOOD,BRONX,2028-06-01,0.036943,0,very_low,baseline
205 ST.-NORWOOD,BRONX,2028-07-01,0.03668,0,very_low,baseline
205 ST.-NORWOOD,BRONX,2028-08-01,0.037944,0,very_low,baseline
205 ST.-NORWOOD,BRONX,2028-09-01,0.038308,0,very_low,baseline
205 ST.-NORWOOD,BRONX,2028-10-01,0.032541,0,very_low,baseline
205 ST.-NORWOOD,BRONX,2028-11-01,0.024249,0,very_low,baseline
205 ST.-NORWOOD,BRONX,2028-12-01,0.023655,0,very_low,baseline
205 ST.-NORWOOD,BRONX,2029-01-01,0.035617,0,very_low,baseline
205 ST.-NORWOOD,BRONX,2029-02-01,0.03908,0,very_low,baseline
205 ST.-NORWOOD,BRONX,2029-03-01,0.037978,0,very_low,baseline
205 ST.-NORWOOD,BRONX,2029-04-01,0.036571,0,very_low,baseline
205 ST.-NORWOOD,BRONX,2029-05-01,0.036654,0,very_low,baseline
205 ST.-NORWOOD,BRONX,2029-06-01,0.036943,0,very_low,baseline
205 ST.-NORWOOD,BRONX,2029-07-01,0.03668,0,very_low,baseline
205 ST.-NORWOOD,BRONX,2029-08-01,0.037944,0,very_low,baseline
205 ST.-NORWOOD,BRONX,2029-09-01,0.038308,0,very_low,baseline
205 ST.-NORWOOD,BRONX,2029-10-01,0.032541,0,very_low,baseline
205 ST.-NORWOOD,BRONX,2029-11-01,0.024249,0,very_low,baseline
205 ST.-NORWOOD,BRONX,2029-12-01,0.023655,0,very_low,baseline
207 ST.-INWOOD,MANHATTAN,2027-01-01,0.000137,0,very_low,baseline
207 ST.-INWOOD,MANHATTAN,2027-02-01,0.000113,0,very_low,baseline
207 ST.-INWOOD,MANHATTAN,2027-03-01,0.000104,0,very_low,baseline
207 ST.-INWOOD,MANHATTAN,2027-04-01,0.000107,0,very_low,baseline
207 ST.-INWOOD,MANHATTAN,2027-05-01,0.000141,0,very_low,baseline
207 ST.-INWOOD,MANHATTAN,2027-06-01,0.000144,0,very_low,baseline
207 ST.-INWOOD,MANHATTAN,2027-07-01,0.000147,0,very_low,baseline
207 ST.-INWOOD,MANHATTAN,2027-08-01,0.000154,0,very_low,baseline
207 ST.-INWOOD,MANHATTAN,2027-09-01,0.000161,0,very_low,baseline
207 ST.-INWOOD,MANHATTAN,2027-10-01,0.000141,0,very_low,baseline
207 ST.-INWOOD,MANHATTAN,2027-11-01,0.000131,0,very_low,baseline
207 ST.-INWOOD,MANHATTAN,2027-12-01,0.000124,0,very_low,baseline
207 ST.-INWOOD,MANHATTAN,2028-01-01,0.00014,0,very_low,baseline
207 ST.-INWOOD,MANHATTAN,2028-02-01,0.000146,0,very_low,baseline
207 ST.-INWOOD,MANHATTAN,2028-03-01,0.000145,0,very_low,baseline
207 ST.-INWOOD,MANHATTAN,2028-04-01,0.000143,0,very_low,baseline
207 ST.-INWOOD,MANHATTAN,2028-05-01,0.000147,0,very_low,baseline
207 ST.-INWOOD,MANHATTAN,2028-06-01,0.000144,0,very_low,baseline
207 ST.-INWOOD,MANHATTAN,2028-07-01,0.000147,0,very_low,baseline
207 ST.-INWOOD,MANHATTAN,2028-08-01,0.000154,0,very_low,baseline
207 ST.-INWOOD,MANHATTAN,2028-09-01,0.000161,0,very_low,baseline
207 ST.-INWOOD,MANHATTAN,2028-10-01,0.000141,0,very_low,baseline
207 ST.-INWOOD,MANHATTAN,2028-11-01,0.000131,0,very_low,baseline
207 ST.-INWOOD,MANHATTAN,2028-12-01,0.000124,0,very_low,baseline
207 ST.-INWOOD,MANHATTAN,2029-01-01,0.00014,0,very_low,baseline
207 ST.-INWOOD,MANHATTAN,2029-02-01,0.000146,0,very_low,baseline
207 ST.-INWOOD,MANHATTAN,2029-03-01,0.000145,0,very_low,baseline
207 ST.-INWOOD,MANHATTAN,2029-04-01,0.000143,0,very_low,baseline
207 ST.-INWOOD,MANHATTAN,2029-05-01,0.000147,0,very_low,baseline
207 ST.-INWOOD,MANHATTAN,2029-06-01,0.000144,0,very_low,baseline
207 ST.-INWOOD,MANHATTAN,2029-07-01,0.000147,0,very_low,baseline
207 ST.-INWOOD,MANHATTAN,2029-08-01,0.000154,0,very_low,baseline
207 ST.-INWOOD,MANHATTAN,2029-09-01,0.000161,0,very_low,baseline
207 ST.-INWOOD,MANHATTAN,2029-10-01,0.000141,0,very_low,baseline
207 ST.-INWOOD,MANHATTAN,2029-11-01,0.000131,0,very_low,baseline
207 ST.-INWOOD,MANHATTAN,2029-12-01,0.000124,0,very_low,baseline
207 STREET,MANHATTAN,2027-01-01,0.000153,0,very_low,baseline
207 STREET,MANHATTAN,2027-02-01,0.000137,0,very_low,baseline
207 STREET,MANHATTAN,2027-03-01,0.00011,0,very_low,baseline
207 STREET,MANHATTAN,2027-04-01,0.000126,0,very_low,baseline
207 STREET,MANHATTAN,2027-05-01,0.000141,0,very_low,baseline
207 STREET,MANHATTAN,2027-06-01,0.000138,0,very_low,baseline
207 STREET,MANHATTAN,2027-07-01,0.000132,0,very_low,baseline
207 STREET,MANHATTAN,2027-08-01,0.000135,0,very_low,baseline
207 STREET,MANHATTAN,2027-09-01,0.000139,0,very_low,baseline
207 STREET,MANHATTAN,2027-10-01,0.000119,0,very_low,baseline
207 STREET,MANHATTAN,2027-11-01,0.000109,0,very_low,baseline
207 STREET,MANHATTAN,2027-12-01,0.000104,0,very_low,baseline
207 STREET,MANHATTAN,2028-01-01,0.000125,0,very_low,baseline
207 STREET,MANHATTAN,2028-02-01,0.000134,0,very_low,baseline
207 STREET,MANHATTAN,2028-03-01,0.000133,0,very_low,baseline
207 STREET,MANHATTAN,2028-04-01,0.000137,0,very_low,baseline
207 STREET,MANHATTAN,2028-05-01,0.000141,0,very_low,baseline
207 STREET,MANHATTAN,2028-06-01,0.000138,0,very_low,baseline
207 STREET,MANHATTAN,2028-07-01,0.000132,0,very_low,baseline
207 STREET,MANHATTAN,2028-08-01,0.000135,0,very_low,baseline
207 STREET,MANHATTAN,2028-09-01,0.000139,0,very_low,baseline
207 STREET,MANHATTAN,2028-10-01,0.000119,0,very_low,baseline
207 STREET,MANHATTAN,2028-11-01,0.000109,0,very_low,baseline
207 STREET,MANHATTAN,2028-12-01,0.000104,0,very_low,baseline
207 STREET,MANHATTAN,2029-01-01,0.000125,0,very_low,baseline
207 STREET,MANHATTAN,2029-02-01,0.000134,0,very_low,baseline
207 STREET,MANHATTAN,2029-03-01,0.000133,0,very_low,baseline
207 STREET,MANHATTAN,2029-04-01,0.000137,0,very_low,baseline
207 STREET,MANHATTAN,2029-05-01,0.000141,0,very_low,baseline
207 STREET,MANHATTAN,2029-06-01,0.000138,0,very_low,baseline
207 STREET,MANHATTAN,2029-07-01,0.000132,0,very_low,baseline
207 STREET,MANHATTAN,2029-08-01,0.000135,0,very_low,baseline
207 STREET,MANHATTAN,2029-09-01,0.000139,0,very_low,baseline
207 STREET,MANHATTAN,2029-10-01,0.000119,0,very_low,baseline
207 STREET,MANHATTAN,2029-11-01,0.000109,0,very_low,baseline
207 STREET,MANHATTAN,2029-12-01,0.000104,0,very_low,baseline
21 ST.-QUEENSBRIDGE,QUEENS,2027-01-01,0.367296,1,low,baseline
21 ST.-QUEENSBRIDGE,QUEENS,2027-02-01,0.489981,1,medium,baseline
21 ST.-QUEENSBRIDGE,QUEENS,2027-03-01,0.387071,1,low,baseline
21 ST.-QUEENSBRIDGE,QUEENS,2027-04-01,0.437673,1,medium,baseline
21 ST.-QUEENSBRIDGE,QUEENS,2027-05-01,0.548204,1,medium,baseline
21 ST.-QUEENSBRIDGE,QUEENS,2027-06-01,0.597033,1,medium,baseline
21 ST.-QUEENSBRIDGE,QUEENS,2027-07-01,0.605366,1,high,baseline
21 ST.-QUEENSBRIDGE,QUEENS,2027-08-01,0.612203,1,high,baseline
21 ST.-QUEENSBRIDGE,QUEENS,2027-09-01,0.62516,1,high,baseline
21 ST.-QUEENSBRIDGE,QUEENS,2027-10-01,0.613227,1,high,baseline
21 ST.-QUEENSBRIDGE,QUEENS,2027-11-01,0.588296,1,medium,baseline
21 ST.-QUEENSBRIDGE,QUEENS,2027-12-01,0.598051,1,medium,baseline
21 ST.-QUEENSBRIDGE,QUEENS,2028-01-01,0.586701,1,medium,baseline
21 ST.-QUEENSBRIDGE,QUEENS,2028-02-01,0.583274,1,medium,baseline
21 ST.-QUEENSBRIDGE,QUEENS,2028-03-01,0.611795,1,high,baseline
21 ST.-QUEENSBRIDGE,QUEENS,2028-04-01,0.608906,1,high,baseline
21 ST.-QUEENSBRIDGE,QUEENS,2028-05-01,0.611045,1,high,baseline
21 ST.-QUEENSBRIDGE,QUEENS,2028-06-01,0.612427,1,high,baseline
21 ST.-QUEENSBRIDGE,QUEENS,2028-07-01,0.619314,1,high,baseline
21 ST.-QUEENSBRIDGE,QUEENS,2028-08-01,0.617888,1,high,baseline
21 ST.-QUEENSBRIDGE,QUEENS,2028-09-01,0.630769,1,high,baseline
21 ST.-QUEENSBRIDGE,QUEENS,2028-10-01,0.618906,1,high,baseline
21 ST.-QUEENSBRIDGE,QUEENS,2028-11-01,0.599213,1,medium,baseline
21 ST.-QUEENSBRIDGE,QUEENS,2028-12-01,0.598051,1,medium,baseline
21 ST.-QUEENSBRIDGE,QUEENS,2029-01-01,0.586701,1,medium,baseline
21 ST.-QUEENSBRIDGE,QUEENS,2029-02-01,0.583274,1,medium,baseline
21 ST.-QUEENSBRIDGE,QUEENS,2029-03-01,0.611795,1,high,baseline
21 ST.-QUEENSBRIDGE,QUEENS,2029-04-01,0.608906,1,high,baseline
21 ST.-QUEENSBRIDGE,QUEENS,2029-05-01,0.611045,1,high,baseline
21 ST.-QUEENSBRIDGE,QUEENS,2029-06-01,0.612427,1,high,baseline
21 ST.-QUEENSBRIDGE,QUEENS,2029-07-01,0.619314,1,high,baseline
21 ST.-QUEENSBRIDGE,QUEENS,2029-08-01,0.617888,1,high,baseline
21 ST.-QUEENSBRIDGE,QUEENS,2029-09-01,0.630769,1,high,baseline
21 ST.-QUEENSBRIDGE,QUEENS,2029-10-01,0.618906,1,high,baseline
21 ST.-QUEENSBRIDGE,QUEENS,2029-11-01,0.599213,1,medium,baseline
21 ST.-QUEENSBRIDGE,QUEENS,2029-12-01,0.598051,1,medium,baseline
21 STREET,QUEENS,2027-01-01,0.000115,0,very_low,baseline
21 STREET,QUEENS,2027-02-01,0.000145,0,very_low,baseline
21 STREET,QUEENS,2027-03-01,0.000137,0,very_low,baseline
21 STREET,QUEENS,2027-04-01,0.000131,0,very_low,baseline
21 STREET,QUEENS,2027-05-01,0.000142,0,very_low,baseline
21 STREET,QUEENS,2027-06-01,0.000145,0,very_low,baseline
21 STREET,QUEENS,2027-07-01,0.000149,0,very_low,baseline
21 STREET,QUEENS,2027-08-01,0.00015,0,very_low,baseline
21 STREET,QUEENS,2027-09-01,0.000153,0,very_low,baseline
21 STREET,QUEENS,2027-10-01,0.000134,0,very_low,baseline
21 STREET,QUEENS,2027-11-01,0.000124,0,very_low,baseline
21 STREET,QUEENS,2027-12-01,0.000118,0,very_low,baseline
21 STREET,QUEENS,2028-01-01,0.000142,0,very_low,baseline
21 STREET,QUEENS,2028-02-01,0.000147,0,very_low,baseline
21 STREET,QUEENS,2028-03-01,0.000146,0,very_low,baseline
21 STREET,QUEENS,2028-04-01,0.000144,0,very_low,baseline
21 STREET,QUEENS,2028-05-01,0.000148,0,very_low,baseline
21 STREET,QUEENS,2028-06-01,0.000145,0,very_low,baseline
21 STREET,QUEENS,2028-07-01,0.000149,0,very_low,baseline
21 STREET,QUEENS,2028-08-01,0.00015,0,very_low,baseline
21 STREET,QUEENS,2028-09-01,0.000153,0,very_low,baseline
21 STREET,QUEENS,2028-10-01,0.000134,0,very_low,baseline
21 STREET,QUEENS,2028-11-01,0.000124,0,very_low,baseline
21 STREET,QUEENS,2028-12-01,0.000118,0,very_low,baseline
21 STREET,QUEENS,2029-01-01,0.000142,0,very_low,baseline
21 STREET,QUEENS,2029-02-01,0.000147,0,very_low,baseline
21 STREET,QUEENS,2029-03-01,0.000146,0,very_low,baseline
21 STREET,QUEENS,2029-04-01,0.000144,0,very_low,baseline
21 STREET,QUEENS,2029-05-01,0.000148,0,very_low,baseline
21 STREET,QUEENS,2029-06-01,0.000145,0,very_low,baseline
21 STREET,QUEENS,2029-07-01,0.000149,0,very_low,baseline
21 STREET,QUEENS,2029-08-01,0.00015,0,very_low,baseline
21 STREET,QUEENS,2029-09-01,0.000153,0,very_low,baseline
21 STREET,QUEENS,2029-10-01,0.000134,0,very_low,baseline
21 STREET,QUEENS,2029-11-01,0.000124,0,very_low,baseline
21 STREET,QUEENS,2029-12-01,0.000118,0,very_low,baseline
215 STREET,MANHATTAN,2027-01-01,0.00014,0,very_low,baseline
215 STREET,MANHATTAN,2027-02-01,0.000161,0,very_low,baseline
215 STREET,MANHATTAN,2027-03-01,0.000133,0,very_low,baseline
215 STREET,MANHATTAN,2027-04-01,0.000132,0,very_low,baseline
215 STREET,MANHATTAN,2027-05-01,0.000133,0,very_low,baseline
215 STREET,MANHATTAN,2027-06-01,0.000158,0,very_low,baseline
215 STREET,MANHATTAN,2027-07-01,0.000161,0,very_low,baseline
215 STREET,MANHATTAN,2027-08-01,0.000165,0,very_low,baseline
215 STREET,MANHATTAN,2027-09-01,0.000173,0,very_low,baseline
215 STREET,MANHATTAN,2027-10-01,0.000151,0,very_low,baseline
215 STREET,MANHATTAN,2027-11-01,0.00014,0,very_low,baseline
215 STREET,MANHATTAN,2027-12-01,0.000133,0,very_low,baseline
215 STREET,MANHATTAN,2028-01-01,0.000154,0,very_low,baseline
215 STREET,MANHATTAN,2028-02-01,0.00016,0,very_low,baseline
215 STREET,MANHATTAN,2028-03-01,0.000159,0,very_low,baseline
215 STREET,MANHATTAN,2028-04-01,0.000157,0,very_low,baseline
215 STREET,MANHATTAN,2028-05-01,0.000161,0,very_low,baseline
215 STREET,MANHATTAN,2028-06-01,0.000158,0,very_low,baseline
215 STREET,MANHATTAN,2028-07-01,0.000161,0,very_low,baseline
215 STREET,MANHATTAN,2028-08-01,0.000165,0,very_low,baseline
215 STREET,MANHATTAN,2028-09-01,0.000173,0,very_low,baseline
215 STREET,MANHATTAN,2028-10-01,0.000151,0,very_low,baseline
215 STREET,MANHATTAN,2028-11-01,0.00014,0,very_low,baseline
215 STREET,MANHATTAN,2028-12-01,0.000133,0,very_low,baseline
215 STREET,MANHATTAN,2029-01-01,0.000154,0,very_low,baseline
215 STREET,MANHATTAN,2029-02-01,0.00016,0,very_low,baseline
215 STREET,MANHATTAN,2029-03-01,0.000159,0,very_low,baseline
215 STREET,MANHATTAN,2029-04-01,0.000157,0,very_low,baseline
215 STREET,MANHATTAN,2029-05-01,0.000161,0,very_low,baseline
215 STREET,MANHATTAN,2029-06-01,0.000158,0,very_low,baseline
215 STREET,MANHATTAN,2029-07-01,0.000161,0,very_low,baseline
215 STREET,MANHATTAN,2029-08-01,0.000165,0,very_low,baseline
215 STREET,MANHATTAN,2029-09-01,0.000173,0,very_low,baseline
215 STREET,MANHATTAN,2029-10-01,0.000151,0,very_low,baseline
215 STREET,MANHATTAN,2029-11-01,0.00014,0,very_low,baseline
215 STREET,MANHATTAN,2029-12-01,0.000133,0,very_low,baseline
219 STREET,BRONX,2027-01-01,0.00023,0,very_low,baseline
219 STREET,BRONX,2027-02-01,0.000149,0,very_low,baseline
219 STREET,BRONX,2027-03-01,0.000151,0,very_low,baseline
219 STREET,BRONX,2027-04-01,0.000137,0,very_low,baseline
219 STREET,BRONX,2027-05-01,0.000156,0,very_low,baseline
219 STREET,BRONX,2027-06-01,0.000174,0,very_low,baseline
219 STREET,BRONX,2027-07-01,0.000178,0,very_low,baseline
219 STREET,BRONX,2027-08-01,0.000181,0,very_low,baseline
219 STREET,BRONX,2027-09-01,0.000189,0,very_low,baseline
219 STREET,BRONX,2027-10-01,0.000159,0,very_low,baseline
219 STREET,BRONX,2027-11-01,0.000152,0,very_low,baseline
219 STREET,BRONX,2027-12-01,0.000145,0,very_low,baseline
219 STREET,BRONX,2028-01-01,0.00017,0,very_low,baseline
219 STREET,BRONX,2028-02-01,0.000177,0,very_low,baseline
219 STREET,BRONX,2028-03-01,0.000175,0,very_low,baseline
219 STREET,BRONX,2028-04-01,0.000173,0,very_low,baseline
219 STREET,BRONX,2028-05-01,0.000178,0,very_low,baseline
219 STREET,BRONX,2028-06-01,0.000174,0,very_low,baseline
219 STREET,BRONX,2028-07-01,0.000178,0,very_low,baseline
219 STREET,BRONX,2028-08-01,0.000181,0,very_low,baseline
219 STREET,BRONX,2028-09-01,0.000189,0,very_low,baseline
219 STREET,BRONX,2028-10-01,0.000159,0,very_low,baseline
219 STREET,BRONX,2028-11-01,0.000152,0,very_low,baseline
219 STREET,BRONX,2028-12-01,0.000145,0,very_low,baseline
219 STREET,BRONX,2029-01-01,0.00017,0,very_low,baseline
219 STREET,BRONX,2029-02-01,0.000177,0,very_low,baseline
219 STREET,BRONX,2029-03-01,0.000175,0,very_low,baseline
219 STREET,BRONX,2029-04-01,0.000173,0,very_low,baseline
219 STREET,BRONX,2029-05-01,0.000178,0,very_low,baseline
219 STREET,BRONX,2029-06-01,0.000174,0,very_low,baseline
219 STREET,BRONX,2029-07-01,0.000178,0,very_low,baseline
219 STREET,BRONX,2029-08-01,0.000181,0,very_low,baseline
219 STREET,BRONX,2029-09-01,0.000189,0,very_low,baseline
219 STREET,BRONX,2029-10-01,0.000159,0,very_low,baseline
219 STREET,BRONX,2029-11-01,0.000152,0,very_low,baseline
219 STREET,BRONX,2029-12-01,0.000145,0,very_low,baseline
225 ST.-MARBLE HILL,BRONX,2027-01-01,0.000199,0,very_low,baseline
225 ST.-MARBLE HILL,BRONX,2027-02-01,0.000303,0,very_low,baseline
225 ST.-MARBLE HILL,BRONX,2027-03-01,0.000315,0,very_low,baseline
225 ST.-MARBLE HILL,BRONX,2027-04-01,0.000337,0,very_low,baseline
225 ST.-MARBLE HILL,BRONX,2027-05-01,0.000324,0,very_low,baseline
225 ST.-MARBLE HILL,BRONX,2027-06-01,0.000307,0,very_low,baseline
225 ST.-MARBLE HILL,BRONX,2027-07-01,0.000317,0,very_low,baseline
225 ST.-MARBLE HILL,BRONX,2027-08-01,0.000325,0,very_low,baseline
225 ST.-MARBLE HILL,BRONX,2027-09-01,0.000332,0,very_low,baseline
225 ST.-MARBLE HILL,BRONX,2027-10-01,0.000288,0,very_low,baseline
225 ST.-MARBLE HILL,BRONX,2027-11-01,0.000224,0,very_low,baseline
225 ST.-MARBLE HILL,BRONX,2027-12-01,0.000213,0,very_low,baseline
225 ST.-MARBLE HILL,BRONX,2028-01-01,0.000284,0,very_low,baseline
225 ST.-MARBLE HILL,BRONX,2028-02-01,0.000309,0,very_low,baseline
225 ST.-MARBLE HILL,BRONX,2028-03-01,0.000289,0,very_low,baseline
225 ST.-MARBLE HILL,BRONX,2028-04-01,0.000294,0,very_low,baseline
225 ST.-MARBLE HILL,BRONX,2028-05-01,0.000296,0,very_low,baseline
225 ST.-MARBLE HILL,BRONX,2028-06-01,0.000307,0,very_low,baseline
225 ST.-MARBLE HILL,BRONX,2028-07-01,0.000317,0,very_low,baseline
225 ST.-MARBLE HILL,BRONX,2028-08-01,0.000325,0,very_low,baseline
225 ST.-MARBLE HILL,BRONX,2028-09-01,0.000332,0,very_low,baseline
225 ST.-MARBLE HILL,BRONX,2028-10-01,0.000288,0,very_low,baseline
225 ST.-MARBLE HILL,BRONX,2028-11-01,0.000224,0,very_low,baseline
225 ST.-MARBLE HILL,BRONX,2028-12-01,0.000213,0,very_low,baseline
225 ST.-MARBLE HILL,BRONX,2029-01-01,0.000284,0,very_low,baseline
225 ST.-MARBLE HILL,BRONX,2029-02-01,0.000309,0,very_low,baseline
225 ST.-MARBLE HILL,BRONX,2029-03-01,0.000289,0,very_low,baseline
225 ST.-MARBLE HILL,BRONX,2029-04-01,0.000294,0,very_low,baseline
225 ST.-MARBLE HILL,BRONX,2029-05-01,0.000296,0,very_low,baseline
225 ST.-MARBLE HILL,BRONX,2029-06-01,0.000307,0,very_low,baseline
225 ST.-MARBLE HILL,BRONX,2029-07-01,0.000317,0,very_low,baseline
225 ST.-MARBLE HILL,BRONX,2029-08-01,0.000325,0,very_low,baseline
225 ST.-MARBLE HILL,BRONX,2029-09-01,0.000332,0,very_low,baseline
225 ST.-MARBLE HILL,BRONX,2029-10-01,0.000288,0,very_low,baseline
225 ST.-MARBLE HILL,BRONX,2029-11-01,0.000224,0,very_low,baseline
225 ST.-MARBLE HILL,BRONX,2029-12-01,0.000213,0,very_low,baseline
225 STREET,BRONX,2027-01-01,0.000221,0,very_low,baseline
225 STREET,BRONX,2027-02-01,0.000199,0,very_low,baseline
225 STREET,BRONX,2027-03-01,0.000209,0,very_low,baseline
225 STREET,BRONX,2027-04-01,0.000218,0,very_low,baseline
225 STREET,BRONX,2027-05-01,0.000224,0,very_low,baseline
225 STREET,BRONX,2027-06-01,0.000219,0,very_low,baseline
225 STREET,BRONX,2027-07-01,0.000225,0,very_low,baseline
225 STREET,BRONX,2027-08-01,0.000223,0,very_low,baseline
225 STREET,BRONX,2027-09-01,0.000234,0,very_low,baseline
225 STREET,BRONX,2027-10-01,0.000197,0,very_low,baseline
225 STREET,BRONX,2027-11-01,0.000188,0,very_low,baseline
225 STREET,BRONX,2027-12-01,0.000179,0,very_low,baseline
225 STREET,BRONX,2028-01-01,0.000237,0,very_low,baseline
225 STREET,BRONX,2028-02-01,0.000246,0,very_low,baseline
225 STREET,BRONX,2028-03-01,0.000231,0,very_low,baseline
225 STREET,BRONX,2028-04-01,0.000218,0,very_low,baseline
225 STREET,BRONX,2028-05-01,0.000224,0,very_low,baseline
225 STREET,BRONX,2028-06-01,0.000219,0,very_low,baseline
225 STREET,BRONX,2028-07-01,0.000225,0,very_low,baseline
225 STREET,BRONX,2028-08-01,0.000223,0,very_low,baseline
225 STREET,BRONX,2028-09-01,0.000234,0,very_low,baseline
225 STREET,BRONX,2028-10-01,0.000197,0,very_low,baseline
225 STREET,BRONX,2028-11-01,0.000188,0,very_low,baseline
225 STREET,BRONX,2028-12-01,0.000179,0,very_low,baseline
225 STREET,BRONX,2029-01-01,0.000237,0,very_low,baseline
225 STREET,BRONX,2029-02-01,0.000246,0,very_low,baseline
225 STREET,BRONX,2029-03-01,0.000231,0,very_low,baseline
225 STREET,BRONX,2029-04-01,0.000218,0,very_low,baseline
225 STREET,BRONX,2029-05-01,0.000224,0,very_low,baseline
225 STREET,BRONX,2029-06-01,0.000219,0,very_low,baseline
225 STREET,BRONX,2029-07-01,0.000225,0,very_low,baseline
225 STREET,BRONX,2029-08-01,0.000223,0,very_low,baseline
225 STREET,BRONX,2029-09-01,0.000234,0,very_low,baseline
225 STREET,BRONX,2029-10-01,0.000197,0,very_low,baseline
225 STREET,BRONX,2029-11-01,0.000188,0,very_low,baseline
225 STREET,BRONX,2029-12-01,0.000179,0,very_low,baseline
23 STREET,MANHATTAN,2027-01-01,0.000572,0,very_low,baseline
23 STREET,MANHATTAN,2027-02-01,0.000562,0,very_low,baseline
23 STREET,MANHATTAN,2027-03-01,0.000627,0,very_low,baseline
23 STREET,MANHATTAN,2027-04-01,0.000551,0,very_low,baseline
23 STREET,MANHATTAN,2027-05-01,0.000562,0,very_low,baseline
23 STREET,MANHATTAN,2027-06-01,0.000562,0,very_low,baseline
23 STREET,MANHATTAN,2027-07-01,0.000558,0,very_low,baseline
23 STREET,MANHATTAN,2027-08-01,0.000645,0,very_low,baseline
23 STREET,MANHATTAN,2027-09-01,0.000686,0,very_low,baseline
23 STREET,MANHATTAN,2027-10-01,0.000659,0,very_low,baseline
23 STREET,MANHATTAN,2027-11-01,0.000584,0,very_low,baseline
23 STREET,MANHATTAN,2027-12-01,0.000581,0,very_low,baseline
23 STREET,MANHATTAN,2028-01-01,0.000537,0,very_low,baseline
23 STREET,MANHATTAN,2028-02-01,0.000518,0,very_low,baseline
23 STREET,MANHATTAN,2028-03-01,0.000548,0,very_low,baseline
23 STREET,MANHATTAN,2028-04-01,0.000541,0,very_low,baseline
23 STREET,MANHATTAN,2028-05-01,0.000562,0,very_low,baseline
23 STREET,MANHATTAN,2028-06-01,0.000562,0,very_low,baseline
23 STREET,MANHATTAN,2028-07-01,0.000558,0,very_low,baseline
23 STREET,MANHATTAN,2028-08-01,0.000645,0,very_low,baseline
23 STREET,MANHATTAN,2028-09-01,0.000686,0,very_low,baseline
23 STREET,MANHATTAN,2028-10-01,0.000659,0,very_low,baseline
23 STREET,MANHATTAN,2028-11-01,0.000584,0,very_low,baseline
23 STREET,MANHATTAN,2028-12-01,0.000581,0,very_low,baseline
23 STREET,MANHATTAN,2029-01-01,0.000537,0,very_low,baseline
23 STREET,MANHATTAN,2029-02-01,0.000518,0,very_low,baseline
23 STREET,MANHATTAN,2029-03-01,0.000548,0,very_low,baseline
23 STREET,MANHATTAN,2029-04-01,0.000541,0,very_low,baseline
23 STREET,MANHATTAN,2029-05-01,0.000562,0,very_low,baseline
23 STREET,MANHATTAN,2029-06-01,0.000562,0,very_low,baseline
23 STREET,MANHATTAN,2029-07-01,0.000558,0,very_low,baseline
23 STREET,MANHATTAN,2029-08-01,0.000645,0,very_low,baseline
23 STREET,MANHATTAN,2029-09-01,0.000686,0,very_low,baseline
23 STREET,MANHATTAN,2029-10-01,0.000659,0,very_low,baseline
23 STREET,MANHATTAN,2029-11-01,0.000584,0,very_low,baseline
23 STREET,MANHATTAN,2029-12-01,0.000581,0,very_low,baseline
23 STREET-ELY AVENUE,QUEENS,2027-01-01,0.000286,0,very_low,baseline
23 STREET-ELY AVENUE,QUEENS,2027-02-01,0.00041,0,very_low,baseline
23 STREET-ELY AVENUE,QUEENS,2027-03-01,0.000312,0,very_low,baseline
23 STREET-ELY AVENUE,QUEENS,2027-04-01,0.000332,0,very_low,baseline
23 STREET-ELY AVENUE,QUEENS,2027-05-01,0.000321,0,very_low,baseline
23 STREET-ELY AVENUE,QUEENS,2027-06-01,0.000351,0,very_low,baseline
23 STREET-ELY AVENUE,QUEENS,2027-07-01,0.000342,0,very_low,baseline
23 STREET-ELY AVENUE,QUEENS,2027-08-01,0.00035,0,very_low,baseline
23 STREET-ELY AVENUE,QUEENS,2027-09-01,0.000349,0,very_low,baseline
23 STREET-ELY AVENUE,QUEENS,2027-10-01,0.000295,0,very_low,baseline
23 STREET-ELY AVENUE,QUEENS,2027-11-01,0.00023,0,very_low,baseline
23 STREET-ELY AVENUE,QUEENS,2027-12-01,0.000218,0,very_low,baseline
23 STREET-ELY AVENUE,QUEENS,2028-01-01,0.000336,0,very_low,baseline
23 STREET-ELY AVENUE,QUEENS,2028-02-01,0.000366,0,very_low,baseline
23 STREET-ELY AVENUE,QUEENS,2028-03-01,0.000342,0,very_low,baseline
23 STREET-ELY AVENUE,QUEENS,2028-04-01,0.000339,0,very_low,baseline
23 STREET-ELY AVENUE,QUEENS,2028-05-01,0.000348,0,very_low,baseline
23 STREET-ELY AVENUE,QUEENS,2028-06-01,0.000351,0,very_low,baseline
23 STREET-ELY AVENUE,QUEENS,2028-07-01,0.000342,0,very_low,baseline
23 STREET-ELY AVENUE,QUEENS,2028-08-01,0.00035,0,very_low,baseline
23 STREET-ELY AVENUE,QUEENS,2028-09-01,0.000349,0,very_low,baseline
23 STREET-ELY AVENUE,QUEENS,2028-10-01,0.000295,0,very_low,baseline
23 STREET-ELY AVENUE,QUEENS,2028-11-01,0.00023,0,very_low,baseline
23 STREET-ELY AVENUE,QUEENS,2028-12-01,0.000218,0,very_low,baseline
23 STREET-ELY AVENUE,QUEENS,2029-01-01,0.000336,0,very_low,baseline
23 STREET-ELY AVENUE,QUEENS,2029-02-01,0.000366,0,very_low,baseline
23 STREET-ELY AVENUE,QUEENS,2029-03-01,0.000342,0,very_low,baseline
23 STREET-ELY AVENUE,QUEENS,2029-04-01,0.000339,0,very_low,baseline
23 STREET-ELY AVENUE,QUEENS,2029-05-01,0.000348,0,very_low,baseline
23 STREET-ELY AVENUE,QUEENS,2029-06-01,0.000351,0,very_low,baseline
23 STREET-ELY AVENUE,QUEENS,2029-07-01,0.000342,0,very_low,baseline
23 STREET-ELY AVENUE,QUEENS,2029-08-01,0.00035,0,very_low,baseline
23 STREET-ELY AVENUE,QUEENS,2029-09-01,0.000349,0,very_low,baseline
23 STREET-ELY AVENUE,QUEENS,2029-10-01,0.000295,0,very_low,baseline
23 STREET-ELY AVENUE,QUEENS,2029-11-01,0.00023,0,very_low,baseline
23 STREET-ELY AVENUE,QUEENS,2029-12-01,0.000218,0,very_low,baseline
231 STREET,BRONX,2027-01-01,0.000142,0,very_low,baseline
231 STREET,BRONX,2027-02-01,0.000159,0,very_low,baseline
231 STREET,BRONX,2027-03-01,0.000163,0,very_low,baseline
231 STREET,BRONX,2027-04-01,0.000173,0,very_low,baseline
231 STREET,BRONX,2027-05-01,0.000159,0,very_low,baseline
231 STREET,BRONX,2027-06-01,0.000186,0,very_low,baseline
231 STREET,BRONX,2027-07-01,0.000191,0,very_low,baseline
231 STREET,BRONX,2027-08-01,0.000195,0,very_low,baseline
231 STREET,BRONX,2027-09-01,0.000204,0,very_low,baseline
231 STREET,BRONX,2027-10-01,0.000172,0,very_low,baseline
231 STREET,BRONX,2027-11-01,0.000159,0,very_low,baseline
231 STREET,BRONX,2027-12-01,0.000151,0,very_low,baseline
231 STREET,BRONX,2028-01-01,0.000182,0,very_low,baseline
231 STREET,BRONX,2028-02-01,0.000189,0,very_low,baseline
231 STREET,BRONX,2028-03-01,0.000187,0,very_low,baseline
231 STREET,BRONX,2028-04-01,0.000185,0,very_low,baseline
231 STREET,BRONX,2028-05-01,0.00019,0,very_low,baseline
231 STREET,BRONX,2028-06-01,0.000186,0,very_low,baseline
231 STREET,BRONX,2028-07-01,0.000191,0,very_low,baseline
231 STREET,BRONX,2028-08-01,0.000195,0,very_low,baseline
231 STREET,BRONX,2028-09-01,0.000204,0,very_low,baseline
231 STREET,BRONX,2028-10-01,0.000172,0,very_low,baseline
231 STREET,BRONX,2028-11-01,0.000159,0,very_low,baseline
231 STREET,BRONX,2028-12-01,0.000151,0,very_low,baseline
231 STREET,BRONX,2029-01-01,0.000182,0,very_low,baseline
231 STREET,BRONX,2029-02-01,0.000189,0,very_low,baseline
231 STREET,BRONX,2029-03-01,0.000187,0,very_low,baseline
231 STREET,BRONX,2029-04-01,0.000185,0,very_low,baseline
231 STREET,BRONX,2029-05-01,0.00019,0,very_low,baseline
231 STREET,BRONX,2029-06-01,0.000186,0,very_low,baseline
231 STREET,BRONX,2029-07-01,0.000191,0,very_low,baseline
231 STREET,BRONX,2029-08-01,0.000195,0,very_low,baseline
231 STREET,BRONX,2029-09-01,0.000204,0,very_low,baseline
231 STREET,BRONX,2029-10-01,0.000172,0,very_low,baseline
231 STREET,BRONX,2029-11-01,0.000159,0,very_low,baseline
231 STREET,BRONX,2029-12-01,0.000151,0,very_low,baseline
233 STREET,BRONX,2027-01-01,0.002388,0,very_low,baseline
233 STREET,BRONX,2027-02-01,0.001658,0,very_low,baseline
233 STREET,BRONX,2027-03-01,0.002591,0,very_low,baseline
233 STREET,BRONX,2027-04-01,0.002157,0,very_low,baseline
233 STREET,BRONX,2027-05-01,0.003483,0,very_low,baseline
233 STREET,BRONX,2027-06-01,0.00326,0,very_low,baseline
233 STREET,BRONX,2027-07-01,0.003398,0,very_low,baseline
233 STREET,BRONX,2027-08-01,0.003449,0,very_low,baseline
233 STREET,BRONX,2027-09-01,0.003581,0,very_low,baseline
233 STREET,BRONX,2027-10-01,0.00298,0,very_low,baseline
233 STREET,BRONX,2027-11-01,0.002777,0,very_low,baseline
233 STREET,BRONX,2027-12-01,0.002642,0,very_low,baseline
233 STREET,BRONX,2028-01-01,0.003318,0,very_low,baseline
233 STREET,BRONX,2028-02-01,0.003338,0,very_low,baseline
233 STREET,BRONX,2028-03-01,0.003373,0,very_low,baseline
233 STREET,BRONX,2028-04-01,0.003331,0,very_low,baseline
233 STREET,BRONX,2028-05-01,0.003483,0,very_low,baseline
233 STREET,BRONX,2028-06-01,0.00326,0,very_low,baseline
233 STREET,BRONX,2028-07-01,0.003398,0,very_low,baseline
233 STREET,BRONX,2028-08-01,0.003449,0,very_low,baseline
233 STREET,BRONX,2028-09-01,0.003581,0,very_low,baseline
233 STREET,BRONX,2028-10-01,0.00298,0,very_low,baseline
233 STREET,BRONX,2028-11-01,0.002777,0,very_low,baseline
233 STREET,BRONX,2028-12-01,0.002642,0,very_low,baseline
233 STREET,BRONX,2029-01-01,0.003318,0,very_low,baseline
233 STREET,BRONX,2029-02-01,0.003338,0,very_low,baseline
233 STREET,BRONX,2029-03-01,0.003373,0,very_low,baseline
233 STREET,BRONX,2029-04-01,0.003331,0,very_low,baseline
233 STREET,BRONX,2029-05-01,0.003483,0,very_low,baseline
233 STREET,BRONX,2029-06-01,0.00326,0,very_low,baseline
233 STREET,BRONX,2029-07-01,0.003398,0,very_low,baseline
233 STREET,BRONX,2029-08-01,0.003449,0,very_low,baseline
233 STREET,BRONX,2029-09-01,0.003581,0,very_low,baseline
233 STREET,BRONX,2029-10-01,0.00298,0,very_low,baseline
233 STREET,BRONX,2029-11-01,0.002777,0,very_low,baseline
233 STREET,BRONX,2029-12-01,0.002642,0,very_low,baseline
238 ST.-NEREID AVE.,BRONX,2027-01-01,0.000156,0,very_low,baseline
238 ST.-NEREID AVE.,BRONX,2027-02-01,0.000173,0,very_low,baseline
238 ST.-NEREID AVE.,BRONX,2027-03-01,0.000155,0,very_low,baseline
238 ST.-NEREID AVE.,BRONX,2027-04-01,0.000176,0,very_low,baseline
238 ST.-NEREID AVE.,BRONX,2027-05-01,0.000159,0,very_low,baseline
238 ST.-NEREID AVE.,BRONX,2027-06-01,0.000183,0,very_low,baseline
238 ST.-NEREID AVE.,BRONX,2027-07-01,0.000188,0,very_low,baseline
238 ST.-NEREID AVE.,BRONX,2027-08-01,0.000186,0,very_low,baseline
238 ST.-NEREID AVE.,BRONX,2027-09-01,0.000194,0,very_low,baseline
238 ST.-NEREID AVE.,BRONX,2027-10-01,0.000164,0,very_low,baseline
238 ST.-NEREID AVE.,BRONX,2027-11-01,0.000156,0,very_low,baseline
238 ST.-NEREID AVE.,BRONX,2027-12-01,0.000149,0,very_low,baseline
238 ST.-NEREID AVE.,BRONX,2028-01-01,0.000181,0,very_low,baseline
238 ST.-NEREID AVE.,BRONX,2028-02-01,0.000188,0,very_low,baseline
238 ST.-NEREID AVE.,BRONX,2028-03-01,0.000185,0,very_low,baseline
238 ST.-NEREID AVE.,BRONX,2028-04-01,0.000182,0,very_low,baseline
238 ST.-NEREID AVE.,BRONX,2028-05-01,0.000187,0,very_low,baseline
238 ST.-NEREID AVE.,BRONX,2028-06-01,0.000183,0,very_low,baseline
238 ST.-NEREID AVE.,BRONX,2028-07-01,0.000188,0,very_low,baseline
238 ST.-NEREID AVE.,BRONX,2028-08-01,0.000186,0,very_low,baseline
238 ST.-NEREID AVE.,BRONX,2028-09-01,0.000194,0,very_low,baseline
238 ST.-NEREID AVE.,BRONX,2028-10-01,0.000164,0,very_low,baseline
238 ST.-NEREID AVE.,BRONX,2028-11-01,0.000156,0,very_low,baseline
238 ST.-NEREID AVE.,BRONX,2028-12-01,0.000149,0,very_low,baseline
238 ST.-NEREID AVE.,BRONX,2029-01-01,0.000181,0,very_low,baseline
238 ST.-NEREID AVE.,BRONX,2029-02-01,0.000188,0,very_low,baseline
238 ST.-NEREID AVE.,BRONX,2029-03-01,0.000185,0,very_low,baseline
238 ST.-NEREID AVE.,BRONX,2029-04-01,0.000182,0,very_low,baseline
238 ST.-NEREID AVE.,BRONX,2029-05-01,0.000187,0,very_low,baseline
238 ST.-NEREID AVE.,BRONX,2029-06-01,0.000183,0,very_low,baseline
238 ST.-NEREID AVE.,BRONX,2029-07-01,0.000188,0,very_low,baseline
238 ST.-NEREID AVE.,BRONX,2029-08-01,0.000186,0,very_low,baseline
238 ST.-NEREID AVE.,BRONX,2029-09-01,0.000194,0,very_low,baseline
238 ST.-NEREID AVE.,BRONX,2029-10-01,0.000164,0,very_low,baseline
238 ST.-NEREID AVE.,BRONX,2029-11-01,0.000156,0,very_low,baseline
238 ST.-NEREID AVE.,BRONX,2029-12-01,0.000149,0,very_low,baseline
238 STREET,BRONX,2027-01-01,0.000182,0,very_low,baseline
238 STREET,BRONX,2027-02-01,0.000189,0,very_low,baseline
238 STREET,BRONX,2027-03-01,0.000153,0,very_low,baseline
238 STREET,BRONX,2027-04-01,0.000158,0,very_low,baseline
238 STREET,BRONX,2027-05-01,0.000169,0,very_low,baseline
238 STREET,BRONX,2027-06-01,0.000164,0,very_low,baseline
238 STREET,BRONX,2027-07-01,0.000156,0,very_low,baseline
238 STREET,BRONX,2027-08-01,0.00016,0,very_low,baseline
238 STREET,BRONX,2027-09-01,0.000165,0,very_low,baseline
238 STREET,BRONX,2027-10-01,0.000135,0,very_low,baseline
238 STREET,BRONX,2027-11-01,0.000124,0,very_low,baseline
238 STREET,BRONX,2027-12-01,0.000118,0,very_low,baseline
238 STREET,BRONX,2028-01-01,0.000148,0,very_low,baseline
238 STREET,BRONX,2028-02-01,0.000158,0,very_low,baseline
238 STREET,BRONX,2028-03-01,0.000157,0,very_low,baseline
238 STREET,BRONX,2028-04-01,0.000163,0,very_low,baseline
238 STREET,BRONX,2028-05-01,0.000167,0,very_low,baseline
238 STREET,BRONX,2028-06-01,0.000164,0,very_low,baseline
238 STREET,BRONX,2028-07-01,0.000156,0,very_low,baseline
238 STREET,BRONX,2028-08-01,0.00016,0,very_low,baseline
238 STREET,BRONX,2028-09-01,0.000165,0,very_low,baseline
238 STREET,BRONX,2028-10-01,0.000135,0,very_low,baseline
238 STREET,BRONX,2028-11-01,0.000124,0,very_low,baseline
238 STREET,BRONX,2028-12-01,0.000118,0,very_low,baseline
238 STREET,BRONX,2029-01-01,0.000148,0,very_low,baseline
238 STREET,BRONX,2029-02-01,0.000158,0,very_low,baseline
238 STREET,BRONX,2029-03-01,0.000157,0,very_low,baseline
238 STREET,BRONX,2029-04-01,0.000163,0,very_low,baseline
238 STREET,BRONX,2029-05-01,0.000167,0,very_low,baseline
238 STREET,BRONX,2029-06-01,0.000164,0,very_low,baseline
238 STREET,BRONX,2029-07-01,0.000156,0,very_low,baseline
238 STREET,BRONX,2029-08-01,0.00016,0,very_low,baseline
238 STREET,BRONX,2029-09-01,0.000165,0,very_low,baseline
238 STREET,BRONX,2029-10-01,0.000135,0,very_low,baseline
238 STREET,BRONX,2029-11-01,0.000124,0,very_low,baseline
238 STREET,BRONX,2029-12-01,0.000118,0,very_low,baseline
241 ST.-WAKEFIELD,BRONX,2027-01-01,0.01901,0,very_low,baseline
241 ST.-WAKEFIELD,BRONX,2027-02-01,0.012589,0,very_low,baseline
241 ST.-WAKEFIELD,BRONX,2027-03-01,0.008119,0,very_low,baseline
241 ST.-WAKEFIELD,BRONX,2027-04-01,0.00857,0,very_low,baseline
241 ST.-WAKEFIELD,BRONX,2027-05-01,0.008644,0,very_low,baseline
241 ST.-WAKEFIELD,BRONX,2027-06-01,0.008299,0,very_low,baseline
241 ST.-WAKEFIELD,BRONX,2027-07-01,0.007961,0,very_low,baseline
241 ST.-WAKEFIELD,BRONX,2027-08-01,0.007691,0,very_low,baseline
241 ST.-WAKEFIELD,BRONX,2027-09-01,0.007716,0,very_low,baseline
241 ST.-WAKEFIELD,BRONX,2027-10-01,0.006429,0,very_low,baseline
241 ST.-WAKEFIELD,BRONX,2027-11-01,0.005648,0,very_low,baseline
241 ST.-WAKEFIELD,BRONX,2027-12-01,0.005375,0,very_low,baseline
241 ST.-WAKEFIELD,BRONX,2028-01-01,0.007996,0,very_low,baseline
241 ST.-WAKEFIELD,BRONX,2028-02-01,0.008772,0,very_low,baseline
241 ST.-WAKEFIELD,BRONX,2028-03-01,0.008349,0,very_low,baseline
241 ST.-WAKEFIELD,BRONX,2028-04-01,0.008269,0,very_low,baseline
241 ST.-WAKEFIELD,BRONX,2028-05-01,0.008644,0,very_low,baseline
241 ST.-WAKEFIELD,BRONX,2028-06-01,0.008299,0,very_low,baseline
241 ST.-WAKEFIELD,BRONX,2028-07-01,0.007961,0,very_low,baseline
241 ST.-WAKEFIELD,BRONX,2028-08-01,0.007691,0,very_low,baseline
241 ST.-WAKEFIELD,BRONX,2028-09-01,0.007716,0,very_low,baseline
241 ST.-WAKEFIELD,BRONX,2028-10-01,0.006429,0,very_low,baseline
241 ST.-WAKEFIELD,BRONX,2028-11-01,0.005648,0,very_low,baseline
241 ST.-WAKEFIELD,BRONX,2028-12-01,0.005375,0,very_low,baseline
241 ST.-WAKEFIELD,BRONX,2029-01-01,0.007996,0,very_low,baseline
241 ST.-WAKEFIELD,BRONX,2029-02-01,0.008772,0,very_low,baseline
241 ST.-WAKEFIELD,BRONX,2029-03-01,0.008349,0,very_low,baseline
241 ST.-WAKEFIELD,BRONX,2029-04-01,0.008269,0,very_low,baseline
241 ST.-WAKEFIELD,BRONX,2029-05-01,0.008644,0,very_low,baseline
241 ST.-WAKEFIELD,BRONX,2029-06-01,0.008299,0,very_low,baseline
241 ST.-WAKEFIELD,BRONX,2029-07-01,0.007961,0,very_low,baseline
241 ST.-WAKEFIELD,BRONX,2029-08-01,0.007691,0,very_low,baseline
241 ST.-WAKEFIELD,BRONX,2029-09-01,0.007716,0,very_low,baseline
241 ST.-WAKEFIELD,BRONX,2029-10-01,0.006429,0,very_low,baseline
241 ST.-WAKEFIELD,BRONX,2029-11-01,0.005648,0,very_low,baseline
241 ST.-WAKEFIELD,BRONX,2029-12-01,0.005375,0,very_low,baseline
242 ST.-VAN CORTLANDT PARK,BRONX,2027-01-01,0.01451,0,very_low,baseline
242 ST.-VAN CORTLANDT PARK,BRONX,2027-02-01,0.00931,0,very_low,baseline
242 ST.-VAN CORTLANDT PARK,BRONX,2027-03-01,0.018881,0,very_low,baseline
242 ST.-VAN CORTLANDT PARK,BRONX,2027-04-01,0.024269,0,very_low,baseline
242 ST.-VAN CORTLANDT PARK,BRONX,2027-05-01,0.028565,0,very_low,baseline
242 ST.-VAN CORTLANDT PARK,BRONX,2027-06-01,0.031134,0,very_low,baseline
242 ST.-VAN CORTLANDT PARK,BRONX,2027-07-01,0.032935,0,very_low,baseline
242 ST.-VAN CORTLANDT PARK,BRONX,2027-08-01,0.034941,0,very_low,baseline
242 ST.-VAN CORTLANDT PARK,BRONX,2027-09-01,0.035457,0,very_low,baseline
242 ST.-VAN CORTLANDT PARK,BRONX,2027-10-01,0.030322,0,very_low,baseline
242 ST.-VAN CORTLANDT PARK,BRONX,2027-11-01,0.022329,0,very_low,baseline
242 ST.-VAN CORTLANDT PARK,BRONX,2027-12-01,0.021267,0,very_low,baseline
242 ST.-VAN CORTLANDT PARK,BRONX,2028-01-01,0.027809,0,very_low,baseline
242 ST.-VAN CORTLANDT PARK,BRONX,2028-02-01,0.030004,0,very_low,baseline
242 ST.-VAN CORTLANDT PARK,BRONX,2028-03-01,0.029517,0,very_low,baseline
242 ST.-VAN CORTLANDT PARK,BRONX,2028-04-01,0.030012,0,very_low,baseline
242 ST.-VAN CORTLANDT PARK,BRONX,2028-05-01,0.031381,0,very_low,baseline
242 ST.-VAN CORTLANDT PARK,BRONX,2028-06-01,0.031134,0,very_low,baseline
242 ST.-VAN CORTLANDT PARK,BRONX,2028-07-01,0.032935,0,very_low,baseline
242 ST.-VAN CORTLANDT PARK,BRONX,2028-08-01,0.034941,0,very_low,baseline
242 ST.-VAN CORTLANDT PARK,BRONX,2028-09-01,0.035457,0,very_low,baseline
242 ST.-VAN CORTLANDT PARK,BRONX,2028-10-01,0.030322,0,very_low,baseline
242 ST.-VAN CORTLANDT PARK,BRONX,2028-11-01,0.022329,0,very_low,baseline
242 ST.-VAN CORTLANDT PARK,BRONX,2028-12-01,0.021267,0,very_low,baseline
242 ST.-VAN CORTLANDT PARK,BRONX,2029-01-01,0.027809,0,very_low,baseline
242 ST.-VAN CORTLANDT PARK,BRONX,2029-02-01,0.030004,0,very_low,baseline
242 ST.-VAN CORTLANDT PARK,BRONX,2029-03-01,0.029517,0,very_low,baseline
242 ST.-VAN CORTLANDT PARK,BRONX,2029-04-01,0.030012,0,very_low,baseline
242 ST.-VAN CORTLANDT PARK,BRONX,2029-05-01,0.031381,0,very_low,baseline
242 ST.-VAN CORTLANDT PARK,BRONX,2029-06-01,0.031134,0,very_low,baseline
242 ST.-VAN CORTLANDT PARK,BRONX,2029-07-01,0.032935,0,very_low,baseline
242 ST.-VAN CORTLANDT PARK,BRONX,2029-08-01,0.034941,0,very_low,baseline
242 ST.-VAN CORTLANDT PARK,BRONX,2029-09-01,0.035457,0,very_low,baseline
242 ST.-VAN CORTLANDT PARK,BRONX,2029-10-01,0.030322,0,very_low,baseline
242 ST.-VAN CORTLANDT PARK,BRONX,2029-11-01,0.022329,0,very_low,baseline
242 ST.-VAN CORTLANDT PARK,BRONX,2029-12-01,0.021267,0,very_low,baseline
25 AVENUE,BROOKLYN,2027-01-01,0.000174,0,very_low,baseline
25 AVENUE,BROOKLYN,2027-02-01,0.000243,0,very_low,baseline
25 AVENUE,BROOKLYN,2027-03-01,0.000178,0,very_low,baseline
25 AVENUE,BROOKLYN,2027-04-01,0.000163,0,very_low,baseline
25 AVENUE,BROOKLYN,2027-05-01,0.000148,0,very_low,baseline
25 AVENUE,BROOKLYN,2027-06-01,0.000182,0,very_low,baseline
25 AVENUE,BROOKLYN,2027-07-01,0.000178,0,very_low,baseline
25 AVENUE,BROOKLYN,2027-08-01,0.000182,0,very_low,baseline
25 AVENUE,BROOKLYN,2027-09-01,0.00019,0,very_low,baseline
25 AVENUE,BROOKLYN,2027-10-01,0.000171,0,very_low,baseline
25 AVENUE,BROOKLYN,2027-11-01,0.000158,0,very_low,baseline
25 AVENUE,BROOKLYN,2027-12-01,0.000151,0,very_low,baseline
25 AVENUE,BROOKLYN,2028-01-01,0.000178,0,very_low,baseline
25 AVENUE,BROOKLYN,2028-02-01,0.000185,0,very_low,baseline
25 AVENUE,BROOKLYN,2028-03-01,0.000183,0,very_low,baseline
25 AVENUE,BROOKLYN,2028-04-01,0.000181,0,very_low,baseline
25 AVENUE,BROOKLYN,2028-05-01,0.000186,0,very_low,baseline
25 AVENUE,BROOKLYN,2028-06-01,0.000182,0,very_low,baseline
25 AVENUE,BROOKLYN,2028-07-01,0.000178,0,very_low,baseline
25 AVENUE,BROOKLYN,2028-08-01,0.000182,0,very_low,baseline
25 AVENUE,BROOKLYN,2028-09-01,0.00019,0,very_low,baseline
25 AVENUE,BROOKLYN,2028-10-01,0.000171,0,very_low,baseline
25 AVENUE,BROOKLYN,2028-11-01,0.000158,0,very_low,baseline
25 AVENUE,BROOKLYN,2028-12-01,0.000151,0,very_low,baseline
25 AVENUE,BROOKLYN,2029-01-01,0.000178,0,very_low,baseline
25 AVENUE,BROOKLYN,2029-02-01,0.000185,0,very_low,baseline
25 AVENUE,BROOKLYN,2029-03-01,0.000183,0,very_low,baseline
25 AVENUE,BROOKLYN,2029-04-01,0.000181,0,very_low,baseline
25 AVENUE,BROOKLYN,2029-05-01,0.000186,0,very_low,baseline
25 AVENUE,BROOKLYN,2029-06-01,0.000182,0,very_low,baseline
25 AVENUE,BROOKLYN,2029-07-01,0.000178,0,very_low,baseline
25 AVENUE,BROOKLYN,2029-08-01,0.000182,0,very_low,baseline
25 AVENUE,BROOKLYN,2029-09-01,0.00019,0,very_low,baseline
25 AVENUE,BROOKLYN,2029-10-01,0.000171,0,very_low,baseline
25 AVENUE,BROOKLYN,2029-11-01,0.000158,0,very_low,baseline
25 AVENUE,BROOKLYN,2029-12-01,0.000151,0,very_low,baseline
25 STREET,BROOKLYN,2027-01-01,0.000155,0,very_low,baseline
25 STREET,BROOKLYN,2027-02-01,0.000155,0,very_low,baseline
25 STREET,BROOKLYN,2027-03-01,0.000131,0,very_low,baseline
25 STREET,BROOKLYN,2027-04-01,0.000137,0,very_low,baseline
25 STREET,BROOKLYN,2027-05-01,0.000135,0,very_low,baseline
25 STREET,BROOKLYN,2027-06-01,0.000177,0,very_low,baseline
25 STREET,BROOKLYN,2027-07-01,0.000183,0,very_low,baseline
25 STREET,BROOKLYN,2027-08-01,0.000186,0,very_low,baseline
25 STREET,BROOKLYN,2027-09-01,0.000194,0,very_low,baseline
25 STREET,BROOKLYN,2027-10-01,0.00017,0,very_low,baseline
25 STREET,BROOKLYN,2027-11-01,0.000163,0,very_low,baseline
25 STREET,BROOKLYN,2027-12-01,0.000155,0,very_low,baseline
25 STREET,BROOKLYN,2028-01-01,0.000172,0,very_low,baseline
25 STREET,BROOKLYN,2028-02-01,0.000179,0,very_low,baseline
25 STREET,BROOKLYN,2028-03-01,0.000178,0,very_low,baseline
25 STREET,BROOKLYN,2028-04-01,0.000176,0,very_low,baseline
25 STREET,BROOKLYN,2028-05-01,0.00018,0,very_low,baseline
25 STREET,BROOKLYN,2028-06-01,0.000177,0,very_low,baseline
25 STREET,BROOKLYN,2028-07-01,0.000183,0,very_low,baseline
25 STREET,BROOKLYN,2028-08-01,0.000186,0,very_low,baseline
25 STREET,BROOKLYN,2028-09-01,0.000194,0,very_low,baseline
25 STREET,BROOKLYN,2028-10-01,0.00017,0,very_low,baseline
25 STREET,BROOKLYN,2028-11-01,0.000163,0,very_low,baseline
25 STREET,BROOKLYN,2028-12-01,0.000155,0,very_low,baseline
25 STREET,BROOKLYN,2029-01-01,0.000172,0,very_low,baseline
25 STREET,BROOKLYN,2029-02-01,0.000179,0,very_low,baseline
25 STREET,BROOKLYN,2029-03-01,0.000178,0,very_low,baseline
25 STREET,BROOKLYN,2029-04-01,0.000176,0,very_low,baseline
25 STREET,BROOKLYN,2029-05-01,0.00018,0,very_low,baseline
25 STREET,BROOKLYN,2029-06-01,0.000177,0,very_low,baseline
25 STREET,BROOKLYN,2029-07-01,0.000183,0,very_low,baseline
25 STREET,BROOKLYN,2029-08-01,0.000186,0,very_low,baseline
25 STREET,BROOKLYN,2029-09-01,0.000194,0,very_low,baseline
25 STREET,BROOKLYN,2029-10-01,0.00017,0,very_low,baseline
25 STREET,BROOKLYN,2029-11-01,0.000163,0,very_low,baseline
25 STREET,BROOKLYN,2029-12-01,0.000155,0,very_low,baseline
28 STREET,MANHATTAN,2027-01-01,0.000623,0,very_low,baseline
28 STREET,MANHATTAN,2027-02-01,0.000681,0,very_low,baseline
28 STREET,MANHATTAN,2027-03-01,0.000806,0,very_low,baseline
28 STREET,MANHATTAN,2027-04-01,0.000777,0,very_low,baseline
28 STREET,MANHATTAN,2027-05-01,0.00083,0,very_low,baseline
28 STREET,MANHATTAN,2027-06-01,0.000835,0,very_low,baseline
28 STREET,MANHATTAN,2027-07-01,0.000818,0,very_low,baseline
28 STREET,MANHATTAN,2027-08-01,0.000937,0,very_low,baseline
28 STREET,MANHATTAN,2027-09-01,0.000998,0,very_low,baseline
28 STREET,MANHATTAN,2027-10-01,0.000925,0,very_low,baseline
28 STREET,MANHATTAN,2027-11-01,0.000743,0,very_low,baseline
28 STREET,MANHATTAN,2027-12-01,0.000721,0,very_low,baseline
28 STREET,MANHATTAN,2028-01-01,0.000776,0,very_low,baseline
28 STREET,MANHATTAN,2028-02-01,0.000749,0,very_low,baseline
28 STREET,MANHATTAN,2028-03-01,0.000814,0,very_low,baseline
28 STREET,MANHATTAN,2028-04-01,0.000804,0,very_low,baseline
28 STREET,MANHATTAN,2028-05-01,0.000835,0,very_low,baseline
28 STREET,MANHATTAN,2028-06-01,0.000835,0,very_low,baseline
28 STREET,MANHATTAN,2028-07-01,0.000818,0,very_low,baseline
28 STREET,MANHATTAN,2028-08-01,0.000937,0,very_low,baseline
28 STREET,MANHATTAN,2028-09-01,0.000998,0,very_low,baseline
28 STREET,MANHATTAN,2028-10-01,0.000925,0,very_low,baseline
28 STREET,MANHATTAN,2028-11-01,0.000743,0,very_low,baseline
28 STREET,MANHATTAN,2028-12-01,0.000721,0,very_low,baseline
28 STREET,MANHATTAN,2029-01-01,0.000776,0,very_low,baseline
28 STREET,MANHATTAN,2029-02-01,0.000749,0,very_low,baseline
28 STREET,MANHATTAN,2029-03-01,0.000814,0,very_low,baseline
28 STREET,MANHATTAN,2029-04-01,0.000804,0,very_low,baseline
28 STREET,MANHATTAN,2029-05-01,0.000835,0,very_low,baseline
28 STREET,MANHATTAN,2029-06-01,0.000835,0,very_low,baseline
28 STREET,MANHATTAN,2029-07-01,0.000818,0,very_low,baseline
28 STREET,MANHATTAN,2029-08-01,0.000937,0,very_low,baseline
28 STREET,MANHATTAN,2029-09-01,0.000998,0,very_low,baseline
28 STREET,MANHATTAN,2029-10-01,0.000925,0,very_low,baseline
28 STREET,MANHATTAN,2029-11-01,0.000743,0,very_low,baseline
28 STREET,MANHATTAN,2029-12-01,0.000721,0,very_low,baseline
3 AVENUE,MANHATTAN,2027-01-01,0.000138,0,very_low,baseline
3 AVENUE,MANHATTAN,2027-02-01,0.000122,0,very_low,baseline
3 AVENUE,MANHATTAN,2027-03-01,0.000132,0,very_low,baseline
3 AVENUE,MANHATTAN,2027-04-01,0.000125,0,very_low,baseline
3 AVENUE,MANHATTAN,2027-05-01,0.000124,0,very_low,baseline
3 AVENUE,MANHATTAN,2027-06-01,0.000158,0,very_low,baseline
3 AVENUE,MANHATTAN,2027-07-01,0.000161,0,very_low,baseline
3 AVENUE,MANHATTAN,2027-08-01,0.000165,0,very_low,baseline
3 AVENUE,MANHATTAN,2027-09-01,0.000173,0,very_low,baseline
3 AVENUE,MANHATTAN,2027-10-01,0.000151,0,very_low,baseline
3 AVENUE,MANHATTAN,2027-11-01,0.00014,0,very_low,baseline
3 AVENUE,MANHATTAN,2027-12-01,0.000133,0,very_low,baseline
3 AVENUE,MANHATTAN,2028-01-01,0.000154,0,very_low,baseline
3 AVENUE,MANHATTAN,2028-02-01,0.00016,0,very_low,baseline
3 AVENUE,MANHATTAN,2028-03-01,0.000159,0,very_low,baseline
3 AVENUE,MANHATTAN,2028-04-01,0.000157,0,very_low,baseline
3 AVENUE,MANHATTAN,2028-05-01,0.000161,0,very_low,baseline
3 AVENUE,MANHATTAN,2028-06-01,0.000158,0,very_low,baseline
3 AVENUE,MANHATTAN,2028-07-01,0.000161,0,very_low,baseline
3 AVENUE,MANHATTAN,2028-08-01,0.000165,0,very_low,baseline
3 AVENUE,MANHATTAN,2028-09-01,0.000173,0,very_low,baseline
3 AVENUE,MANHATTAN,2028-10-01,0.000151,0,very_low,baseline
3 AVENUE,MANHATTAN,2028-11-01,0.00014,0,very_low,baseline
3 AVENUE,MANHATTAN,2028-12-01,0.000133,0,very_low,baseline
3 AVENUE,MANHATTAN,2029-01-01,0.000154,0,very_low,baseline
3 AVENUE,MANHATTAN,2029-02-01,0.00016,0,very_low,baseline
3 AVENUE,MANHATTAN,2029-03-01,0.000159,0,very_low,baseline
3 AVENUE,MANHATTAN,2029-04-01,0.000157,0,very_low,baseline
3 AVENUE,MANHATTAN,2029-05-01,0.000161,0,very_low,baseline
3 AVENUE,MANHATTAN,2029-06-01,0.000158,0,very_low,baseline
3 AVENUE,MANHATTAN,2029-07-01,0.000161,0,very_low,baseline
3 AVENUE,MANHATTAN,2029-08-01,0.000165,0,very_low,baseline
3 AVENUE,MANHATTAN,2029-09-01,0.000173,0,very_low,baseline
3 AVENUE,MANHATTAN,2029-10-01,0.000151,0,very_low,baseline
3 AVENUE,MANHATTAN,2029-11-01,0.00014,0,very_low,baseline
3 AVENUE,MANHATTAN,2029-12-01,0.000133,0,very_low,baseline
3 AVENUE-138 STREET,BRONX,2027-01-01,0.115807,1,very_low,baseline
3 AVENUE-138 STREET,BRONX,2027-02-01,0.121859,1,very_low,baseline
3 AVENUE-138 STREET,BRONX,2027-03-01,0.364755,1,low,baseline
3 AVENUE-138 STREET,BRONX,2027-04-01,0.338598,1,low,baseline
3 AVENUE-138 STREET,BRONX,2027-05-01,0.389677,1,low,baseline
3 AVENUE-138 STREET,BRONX,2027-06-01,0.527227,1,medium,baseline
3 AVENUE-138 STREET,BRONX,2027-07-01,0.533619,1,medium,baseline
3 AVENUE-138 STREET,BRONX,2027-08-01,0.568222,1,medium,baseline
3 AVENUE-138 STREET,BRONX,2027-09-01,0.577297,1,medium,baseline
3 AVENUE-138 STREET,BRONX,2027-10-01,0.551547,1,medium,baseline
3 AVENUE-138 STREET,BRONX,2027-11-01,0.525714,1,medium,baseline
3 AVENUE-138 STREET,BRONX,2027-12-01,0.526563,1,medium,baseline
3 AVENUE-138 STREET,BRONX,2028-01-01,0.5679,1,medium,baseline
3 AVENUE-138 STREET,BRONX,2028-02-01,0.565383,1,medium,baseline
3 AVENUE-138 STREET,BRONX,2028-03-01,0.579003,1,medium,baseline
3 AVENUE-138 STREET,BRONX,2028-04-01,0.57604,1,medium,baseline
3 AVENUE-138 STREET,BRONX,2028-05-01,0.580514,1,medium,baseline
3 AVENUE-138 STREET,BRONX,2028-06-01,0.573745,1,medium,baseline
3 AVENUE-138 STREET,BRONX,2028-07-01,0.574362,1,medium,baseline
3 AVENUE-138 STREET,BRONX,2028-08-01,0.573788,1,medium,baseline
3 AVENUE-138 STREET,BRONX,2028-09-01,0.582537,1,medium,baseline
3 AVENUE-138 STREET,BRONX,2028-10-01,0.55686,1,medium,baseline
3 AVENUE-138 STREET,BRONX,2028-11-01,0.536362,1,medium,baseline
3 AVENUE-138 STREET,BRONX,2028-12-01,0.526563,1,medium,baseline
3 AVENUE-138 STREET,BRONX,2029-01-01,0.5679,1,medium,baseline
3 AVENUE-138 STREET,BRONX,2029-02-01,0.565383,1,medium,baseline
3 AVENUE-138 STREET,BRONX,2029-03-01,0.579003,1,medium,baseline
3 AVENUE-138 STREET,BRONX,2029-04-01,0.57604,1,medium,baseline
3 AVENUE-138 STREET,BRONX,2029-05-01,0.580514,1,medium,baseline
3 AVENUE-138 STREET,BRONX,2029-06-01,0.573745,1,medium,baseline
3 AVENUE-138 STREET,BRONX,2029-07-01,0.574362,1,medium,baseline
3 AVENUE-138 STREET,BRONX,2029-08-01,0.573788,1,medium,baseline
3 AVENUE-138 STREET,BRONX,2029-09-01,0.582537,1,medium,baseline
3 AVENUE-138 STREET,BRONX,2029-10-01,0.55686,1,medium,baseline
3 AVENUE-138 STREET,BRONX,2029-11-01,0.536362,1,medium,baseline
3 AVENUE-138 STREET,BRONX,2029-12-01,0.526563,1,medium,baseline
3 AVENUE-149 STREET,BRONX,2027-01-01,0.894303,1,very_high,baseline
3 AVENUE-149 STREET,BRONX,2027-02-01,0.849166,1,very_high,baseline
3 AVENUE-149 STREET,BRONX,2027-03-01,0.858399,1,very_high,baseline
3 AVENUE-149 STREET,BRONX,2027-04-01,0.871014,1,very_high,baseline
3 AVENUE-149 STREET,BRONX,2027-05-01,0.893532,1,very_high,baseline
3 AVENUE-149 STREET,BRONX,2027-06-01,0.93314,1,very_high,baseline
3 AVENUE-149 STREET,BRONX,2027-07-01,0.933684,1,very_high,baseline
3 AVENUE-149 STREET,BRONX,2027-08-01,0.934785,1,very_high,baseline
3 AVENUE-149 STREET,BRONX,2027-09-01,0.935123,1,very_high,baseline
3 AVENUE-149 STREET,BRONX,2027-10-01,0.93619,1,very_high,baseline
3 AVENUE-149 STREET,BRONX,2027-11-01,0.93717,1,very_high,baseline
3 AVENUE-149 STREET,BRONX,2027-12-01,0.935748,1,very_high,baseline
3 AVENUE-149 STREET,BRONX,2028-01-01,0.927301,1,very_high,baseline
3 AVENUE-149 STREET,BRONX,2028-02-01,0.927989,1,very_high,baseline
3 AVENUE-149 STREET,BRONX,2028-03-01,0.928177,1,very_high,baseline
3 AVENUE-149 STREET,BRONX,2028-04-01,0.932576,1,very_high,baseline
3 AVENUE-149 STREET,BRONX,2028-05-01,0.933308,1,very_high,baseline
3 AVENUE-149 STREET,BRONX,2028-06-01,0.93314,1,very_high,baseline
3 AVENUE-149 STREET,BRONX,2028-07-01,0.933684,1,very_high,baseline
3 AVENUE-149 STREET,BRONX,2028-08-01,0.934785,1,very_high,baseline
3 AVENUE-149 STREET,BRONX,2028-09-01,0.935123,1,very_high,baseline
3 AVENUE-149 STREET,BRONX,2028-10-01,0.93619,1,very_high,baseline
3 AVENUE-149 STREET,BRONX,2028-11-01,0.93717,1,very_high,baseline
3 AVENUE-149 STREET,BRONX,2028-12-01,0.935748,1,very_high,baseline
3 AVENUE-149 STREET,BRONX,2029-01-01,0.927301,1,very_high,baseline
3 AVENUE-149 STREET,BRONX,2029-02-01,0.927989,1,very_high,baseline
3 AVENUE-149 STREET,BRONX,2029-03-01,0.928177,1,very_high,baseline
3 AVENUE-149 STREET,BRONX,2029-04-01,0.932576,1,very_high,baseline
3 AVENUE-149 STREET,BRONX,2029-05-01,0.933308,1,very_high,baseline
3 AVENUE-149 STREET,BRONX,2029-06-01,0.93314,1,very_high,baseline
3 AVENUE-149 STREET,BRONX,2029-07-01,0.933684,1,very_high,baseline
3 AVENUE-149 STREET,BRONX,2029-08-01,0.934785,1,very_high,baseline
3 AVENUE-149 STREET,BRONX,2029-09-01,0.935123,1,very_high,baseline
3 AVENUE-149 STREET,BRONX,2029-10-01,0.93619,1,very_high,baseline
3 AVENUE-149 STREET,BRONX,2029-11-01,0.93717,1,very_high,baseline
3 AVENUE-149 STREET,BRONX,2029-12-01,0.935748,1,very_high,baseline
30 AVENUE,QUEENS,2027-01-01,0.000339,0,very_low,baseline
30 AVENUE,QUEENS,2027-02-01,0.000143,0,very_low,baseline
30 AVENUE,QUEENS,2027-03-01,0.00014,0,very_low,baseline
30 AVENUE,QUEENS,2027-04-01,0.00016,0,very_low,baseline
30 AVENUE,QUEENS,2027-05-01,0.000144,0,very_low,baseline
30 AVENUE,QUEENS,2027-06-01,0.000142,0,very_low,baseline
30 AVENUE,QUEENS,2027-07-01,0.000135,0,very_low,baseline
30 AVENUE,QUEENS,2027-08-01,0.000136,0,very_low,baseline
30 AVENUE,QUEENS,2027-09-01,0.000138,0,very_low,baseline
30 AVENUE,QUEENS,2027-10-01,0.000117,0,very_low,baseline
30 AVENUE,QUEENS,2027-11-01,0.000108,0,very_low,baseline
30 AVENUE,QUEENS,2027-12-01,0.000103,0,very_low,baseline
30 AVENUE,QUEENS,2028-01-01,0.000128,0,very_low,baseline
30 AVENUE,QUEENS,2028-02-01,0.000137,0,very_low,baseline
30 AVENUE,QUEENS,2028-03-01,0.000136,0,very_low,baseline
30 AVENUE,QUEENS,2028-04-01,0.000141,0,very_low,baseline
30 AVENUE,QUEENS,2028-05-01,0.000145,0,very_low,baseline
30 AVENUE,QUEENS,2028-06-01,0.000142,0,very_low,baseline
30 AVENUE,QUEENS,2028-07-01,0.000135,0,very_low,baseline
30 AVENUE,QUEENS,2028-08-01,0.000136,0,very_low,baseline
30 AVENUE,QUEENS,2028-09-01,0.000138,0,very_low,baseline
30 AVENUE,QUEENS,2028-10-01,0.000117,0,very_low,baseline
30 AVENUE,QUEENS,2028-11-01,0.000108,0,very_low,baseline
30 AVENUE,QUEENS,2028-12-01,0.000103,0,very_low,baseline
30 AVENUE,QUEENS,2029-01-01,0.000128,0,very_low,baseline
30 AVENUE,QUEENS,2029-02-01,0.000137,0,very_low,baseline
30 AVENUE,QUEENS,2029-03-01,0.000136,0,very_low,baseline
30 AVENUE,QUEENS,2029-04-01,0.000141,0,very_low,baseline
30 AVENUE,QUEENS,2029-05-01,0.000145,0,very_low,baseline
30 AVENUE,QUEENS,2029-06-01,0.000142,0,very_low,baseline
30 AVENUE,QUEENS,2029-07-01,0.000135,0,very_low,baseline
30 AVENUE,QUEENS,2029-08-01,0.000136,0,very_low,baseline
30 AVENUE,QUEENS,2029-09-01,0.000138,0,very_low,baseline
30 AVENUE,QUEENS,2029-10-01,0.000117,0,very_low,baseline
30 AVENUE,QUEENS,2029-11-01,0.000108,0,very_low,baseline
30 AVENUE,QUEENS,2029-12-01,0.000103,0,very_low,baseline
33 STREET,MANHATTAN,2027-01-01,0.000317,0,very_low,baseline
33 STREET,MANHATTAN,2027-02-01,0.000363,0,very_low,baseline
33 STREET,MANHATTAN,2027-03-01,0.000371,0,very_low,baseline
33 STREET,MANHATTAN,2027-04-01,0.000496,0,very_low,baseline
33 STREET,MANHATTAN,2027-05-01,0.000481,0,very_low,baseline
33 STREET,MANHATTAN,2027-06-01,0.000553,0,very_low,baseline
33 STREET,MANHATTAN,2027-07-01,0.000554,0,very_low,baseline
33 STREET,MANHATTAN,2027-08-01,0.000611,0,very_low,baseline
33 STREET,MANHATTAN,2027-09-01,0.000643,0,very_low,baseline
33 STREET,MANHATTAN,2027-10-01,0.000575,0,very_low,baseline
33 STREET,MANHATTAN,2027-11-01,0.000489,0,very_low,baseline
33 STREET,MANHATTAN,2027-12-01,0.000501,0,very_low,baseline
33 STREET,MANHATTAN,2028-01-01,0.000531,0,very_low,baseline
33 STREET,MANHATTAN,2028-02-01,0.000578,0,very_low,baseline
33 STREET,MANHATTAN,2028-03-01,0.000547,0,very_low,baseline
33 STREET,MANHATTAN,2028-04-01,0.000534,0,very_low,baseline
33 STREET,MANHATTAN,2028-05-01,0.000548,0,very_low,baseline
33 STREET,MANHATTAN,2028-06-01,0.000553,0,very_low,baseline
33 STREET,MANHATTAN,2028-07-01,0.000554,0,very_low,baseline
33 STREET,MANHATTAN,2028-08-01,0.000611,0,very_low,baseline
33 STREET,MANHATTAN,2028-09-01,0.000643,0,very_low,baseline
33 STREET,MANHATTAN,2028-10-01,0.000575,0,very_low,baseline
33 STREET,MANHATTAN,2028-11-01,0.000489,0,very_low,baseline
33 STREET,MANHATTAN,2028-12-01,0.000501,0,very_low,baseline
33 STREET,MANHATTAN,2029-01-01,0.000531,0,very_low,baseline
33 STREET,MANHATTAN,2029-02-01,0.000578,0,very_low,baseline
33 STREET,MANHATTAN,2029-03-01,0.000547,0,very_low,baseline
33 STREET,MANHATTAN,2029-04-01,0.000534,0,very_low,baseline
33 STREET,MANHATTAN,2029-05-01,0.000548,0,very_low,baseline
33 STREET,MANHATTAN,2029-06-01,0.000553,0,very_low,baseline
33 STREET,MANHATTAN,2029-07-01,0.000554,0,very_low,baseline
33 STREET,MANHATTAN,2029-08-01,0.000611,0,very_low,baseline
33 STREET,MANHATTAN,2029-09-01,0.000643,0,very_low,baseline
33 STREET,MANHATTAN,2029-10-01,0.000575,0,very_low,baseline
33 STREET,MANHATTAN,2029-11-01,0.000489,0,very_low,baseline
33 STREET,MANHATTAN,2029-12-01,0.000501,0,very_low,baseline
34 ST.-HERALD SQ.,MANHATTAN,2027-01-01,0.143733,1,very_low,baseline
34 ST.-HERALD SQ.,MANHATTAN,2027-02-01,0.057292,1,very_low,baseline
34 ST.-HERALD SQ.,MANHATTAN,2027-03-01,0.043221,0,very_low,baseline
34 ST.-HERALD SQ.,MANHATTAN,2027-04-01,0.0841,1,very_low,baseline
34 ST.-HERALD SQ.,MANHATTAN,2027-05-01,0.0771,1,very_low,baseline
34 ST.-HERALD SQ.,MANHATTAN,2027-06-01,0.064301,1,very_low,baseline
34 ST.-HERALD SQ.,MANHATTAN,2027-07-01,0.081689,1,very_low,baseline
34 ST.-HERALD SQ.,MANHATTAN,2027-08-01,0.096548,1,very_low,baseline
34 ST.-HERALD SQ.,MANHATTAN,2027-09-01,0.108459,1,very_low,baseline
34 ST.-HERALD SQ.,MANHATTAN,2027-10-01,0.114169,1,very_low,baseline
34 ST.-HERALD SQ.,MANHATTAN,2027-11-01,0.119464,1,very_low,baseline
34 ST.-HERALD SQ.,MANHATTAN,2027-12-01,0.119191,1,very_low,baseline
34 ST.-HERALD SQ.,MANHATTAN,2028-01-01,0.107972,1,very_low,baseline
34 ST.-HERALD SQ.,MANHATTAN,2028-02-01,0.106565,1,very_low,baseline
34 ST.-HERALD SQ.,MANHATTAN,2028-03-01,0.107201,1,very_low,baseline
34 ST.-HERALD SQ.,MANHATTAN,2028-04-01,0.10868,1,very_low,baseline
34 ST.-HERALD SQ.,MANHATTAN,2028-05-01,0.109818,1,very_low,baseline
34 ST.-HERALD SQ.,MANHATTAN,2028-06-01,0.111682,1,very_low,baseline
34 ST.-HERALD SQ.,MANHATTAN,2028-07-01,0.113677,1,very_low,baseline
34 ST.-HERALD SQ.,MANHATTAN,2028-08-01,0.119321,1,very_low,baseline
34 ST.-HERALD SQ.,MANHATTAN,2028-09-01,0.125703,1,very_low,baseline
34 ST.-HERALD SQ.,MANHATTAN,2028-10-01,0.122035,1,very_low,baseline
34 ST.-HERALD SQ.,MANHATTAN,2028-11-01,0.121344,1,very_low,baseline
34 ST.-HERALD SQ.,MANHATTAN,2028-12-01,0.121067,1,very_low,baseline
34 ST.-HERALD SQ.,MANHATTAN,2029-01-01,0.107972,1,very_low,baseline
34 ST.-HERALD SQ.,MANHATTAN,2029-02-01,0.106565,1,very_low,baseline
34 ST.-HERALD SQ.,MANHATTAN,2029-03-01,0.107201,1,very_low,baseline
34 ST.-HERALD SQ.,MANHATTAN,2029-04-01,0.10868,1,very_low,baseline
34 ST.-HERALD SQ.,MANHATTAN,2029-05-01,0.109818,1,very_low,baseline
34 ST.-HERALD SQ.,MANHATTAN,2029-06-01,0.111682,1,very_low,baseline
34 ST.-HERALD SQ.,MANHATTAN,2029-07-01,0.113677,1,very_low,baseline
34 ST.-HERALD SQ.,MANHATTAN,2029-08-01,0.119321,1,very_low,baseline
34 ST.-HERALD SQ.,MANHATTAN,2029-09-01,0.125703,1,very_low,baseline
34 ST.-HERALD SQ.,MANHATTAN,2029-10-01,0.122035,1,very_low,baseline
34 ST.-HERALD SQ.,MANHATTAN,2029-11-01,0.121344,1,very_low,baseline
34 ST.-HERALD SQ.,MANHATTAN,2029-12-01,0.121067,1,very_low,baseline
34 ST.-PENN STATION,MANHATTAN,2027-01-01,0.815088,1,very_high,baseline
34 ST.-PENN STATION,MANHATTAN,2027-02-01,0.713989,1,high,baseline
34 ST.-PENN STATION,MANHATTAN,2027-03-01,0.814222,1,very_high,baseline
34 ST.-PENN STATION,MANHATTAN,2027-04-01,0.842952,1,very_high,baseline
34 ST.-PENN STATION,MANHATTAN,2027-05-01,0.869577,1,very_high,baseline
34 ST.-PENN STATION,MANHATTAN,2027-06-01,0.847059,1,very_high,baseline
34 ST.-PENN STATION,MANHATTAN,2027-07-01,0.86353,1,very_high,baseline
34 ST.-PENN STATION,MANHATTAN,2027-08-01,0.877631,1,very_high,baseline
34 ST.-PENN STATION,MANHATTAN,2027-09-01,0.879888,1,very_high,baseline
34 ST.-PENN STATION,MANHATTAN,2027-10-01,0.889448,1,very_high,baseline
34 ST.-PENN STATION,MANHATTAN,2027-11-01,0.891717,1,very_high,baseline
34 ST.-PENN STATION,MANHATTAN,2027-12-01,0.888605,1,very_high,baseline
34 ST.-PENN STATION,MANHATTAN,2028-01-01,0.877711,1,very_high,baseline
34 ST.-PENN STATION,MANHATTAN,2028-02-01,0.878807,1,very_high,baseline
34 ST.-PENN STATION,MANHATTAN,2028-03-01,0.879107,1,very_high,baseline
34 ST.-PENN STATION,MANHATTAN,2028-04-01,0.886143,1,very_high,baseline
34 ST.-PENN STATION,MANHATTAN,2028-05-01,0.887317,1,very_high,baseline
34 ST.-PENN STATION,MANHATTAN,2028-06-01,0.882703,1,very_high,baseline
34 ST.-PENN STATION,MANHATTAN,2028-07-01,0.883607,1,very_high,baseline
34 ST.-PENN STATION,MANHATTAN,2028-08-01,0.885617,1,very_high,baseline
34 ST.-PENN STATION,MANHATTAN,2028-09-01,0.886178,1,very_high,baseline
34 ST.-PENN STATION,MANHATTAN,2028-10-01,0.887953,1,very_high,baseline
34 ST.-PENN STATION,MANHATTAN,2028-11-01,0.889588,1,very_high,baseline
34 ST.-PENN STATION,MANHATTAN,2028-12-01,0.888605,1,very_high,baseline
34 ST.-PENN STATION,MANHATTAN,2029-01-01,0.877711,1,very_high,baseline
34 ST.-PENN STATION,MANHATTAN,2029-02-01,0.878807,1,very_high,baseline
34 ST.-PENN STATION,MANHATTAN,2029-03-01,0.879107,1,very_high,baseline
34 ST.-PENN STATION,MANHATTAN,2029-04-01,0.886143,1,very_high,baseline
34 ST.-PENN STATION,MANHATTAN,2029-05-01,0.887317,1,very_high,baseline
34 ST.-PENN STATION,MANHATTAN,2029-06-01,0.882703,1,very_high,baseline
34 ST.-PENN STATION,MANHATTAN,2029-07-01,0.883607,1,very_high,baseline
34 ST.-PENN STATION,MANHATTAN,2029-08-01,0.885617,1,very_high,baseline
34 ST.-PENN STATION,MANHATTAN,2029-09-01,0.886178,1,very_high,baseline
34 ST.-PENN STATION,MANHATTAN,2029-10-01,0.887953,1,very_high,baseline
34 ST.-PENN STATION,MANHATTAN,2029-11-01,0.889588,1,very_high,baseline
34 ST.-PENN STATION,MANHATTAN,2029-12-01,0.888605,1,very_high,baseline
34 STREET,MANHATTAN,2027-01-01,0.030016,0,very_low,baseline
34 STREET,MANHATTAN,2027-02-01,0.050735,1,very_low,baseline
34 STREET,MANHATTAN,2027-03-01,0.035002,0,very_low,baseline
34 STREET,MANHATTAN,2027-04-01,0.060079,1,very_low,baseline
34 STREET,MANHATTAN,2027-05-01,0.057156,1,very_low,baseline
34 STREET,MANHATTAN,2027-06-01,0.078059,1,very_low,baseline
34 STREET,MANHATTAN,2027-07-01,0.061736,1,very_low,baseline
34 STREET,MANHATTAN,2027-08-01,0.065045,1,very_low,baseline
34 STREET,MANHATTAN,2027-09-01,0.064152,1,very_low,baseline
34 STREET,MANHATTAN,2027-10-01,0.073632,1,very_low,baseline
34 STREET,MANHATTAN,2027-11-01,0.067748,1,very_low,baseline
34 STREET,MANHATTAN,2027-12-01,0.065305,1,very_low,baseline
34 STREET,MANHATTAN,2028-01-01,0.063308,1,very_low,baseline
34 STREET,MANHATTAN,2028-02-01,0.067207,1,very_low,baseline
34 STREET,MANHATTAN,2028-03-01,0.073724,1,very_low,baseline
34 STREET,MANHATTAN,2028-04-01,0.072898,1,very_low,baseline
34 STREET,MANHATTAN,2028-05-01,0.076168,1,very_low,baseline
34 STREET,MANHATTAN,2028-06-01,0.076579,1,very_low,baseline
34 STREET,MANHATTAN,2028-07-01,0.075044,1,very_low,baseline
34 STREET,MANHATTAN,2028-08-01,0.077961,1,very_low,baseline
34 STREET,MANHATTAN,2028-09-01,0.079796,1,very_low,baseline
34 STREET,MANHATTAN,2028-10-01,0.075098,1,very_low,baseline
34 STREET,MANHATTAN,2028-11-01,0.06955,1,very_low,baseline
34 STREET,MANHATTAN,2028-12-01,0.067046,1,very_low,baseline
34 STREET,MANHATTAN,2029-01-01,0.066303,1,very_low,baseline
34 STREET,MANHATTAN,2029-02-01,0.067207,1,very_low,baseline
34 STREET,MANHATTAN,2029-03-01,0.073724,1,very_low,baseline
34 STREET,MANHATTAN,2029-04-01,0.072898,1,very_low,baseline
34 STREET,MANHATTAN,2029-05-01,0.076168,1,very_low,baseline
34 STREET,MANHATTAN,2029-06-01,0.076579,1,very_low,baseline
34 STREET,MANHATTAN,2029-07-01,0.075044,1,very_low,baseline
34 STREET,MANHATTAN,2029-08-01,0.077961,1,very_low,baseline
34 STREET,MANHATTAN,2029-09-01,0.079796,1,very_low,baseline
34 STREET,MANHATTAN,2029-10-01,0.075098,1,very_low,baseline
34 STREET,MANHATTAN,2029-11-01,0.06955,1,very_low,baseline
34 STREET,MANHATTAN,2029-12-01,0.067046,1,very_low,baseline
36 AVENUE,QUEENS,2027-01-01,0.000174,0,very_low,baseline
36 AVENUE,QUEENS,2027-02-01,0.000136,0,very_low,baseline
36 AVENUE,QUEENS,2027-03-01,0.000137,0,very_low,baseline
36 AVENUE,QUEENS,2027-04-01,0.000133,0,very_low,baseline
36 AVENUE,QUEENS,2027-05-01,0.000129,0,very_low,baseline
36 AVENUE,QUEENS,2027-06-01,0.000142,0,very_low,baseline
36 AVENUE,QUEENS,2027-07-01,0.000135,0,very_low,baseline
36 AVENUE,QUEENS,2027-08-01,0.000136,0,very_low,baseline
36 AVENUE,QUEENS,2027-09-01,0.000138,0,very_low,baseline
36 AVENUE,QUEENS,2027-10-01,0.000117,0,very_low,baseline
36 AVENUE,QUEENS,2027-11-01,0.000108,0,very_low,baseline
36 AVENUE,QUEENS,2027-12-01,0.000103,0,very_low,baseline
36 AVENUE,QUEENS,2028-01-01,0.000128,0,very_low,baseline
36 AVENUE,QUEENS,2028-02-01,0.000137,0,very_low,baseline
36 AVENUE,QUEENS,2028-03-01,0.000136,0,very_low,baseline
36 AVENUE,QUEENS,2028-04-01,0.000141,0,very_low,baseline
36 AVENUE,QUEENS,2028-05-01,0.000145,0,very_low,baseline
36 AVENUE,QUEENS,2028-06-01,0.000142,0,very_low,baseline
36 AVENUE,QUEENS,2028-07-01,0.000135,0,very_low,baseline
36 AVENUE,QUEENS,2028-08-01,0.000136,0,very_low,baseline
36 AVENUE,QUEENS,2028-09-01,0.000138,0,very_low,baseline
36 AVENUE,QUEENS,2028-10-01,0.000117,0,very_low,baseline
36 AVENUE,QUEENS,2028-11-01,0.000108,0,very_low,baseline
36 AVENUE,QUEENS,2028-12-01,0.000103,0,very_low,baseline
36 AVENUE,QUEENS,2029-01-01,0.000128,0,very_low,baseline
36 AVENUE,QUEENS,2029-02-01,0.000137,0,very_low,baseline
36 AVENUE,QUEENS,2029-03-01,0.000136,0,very_low,baseline
36 AVENUE,QUEENS,2029-04-01,0.000141,0,very_low,baseline
36 AVENUE,QUEENS,2029-05-01,0.000145,0,very_low,baseline
36 AVENUE,QUEENS,2029-06-01,0.000142,0,very_low,baseline
36 AVENUE,QUEENS,2029-07-01,0.000135,0,very_low,baseline
36 AVENUE,QUEENS,2029-08-01,0.000136,0,very_low,baseline
36 AVENUE,QUEENS,2029-09-01,0.000138,0,very_low,baseline
36 AVENUE,QUEENS,2029-10-01,0.000117,0,very_low,baseline
36 AVENUE,QUEENS,2029-11-01,0.000108,0,very_low,baseline
36 AVENUE,QUEENS,2029-12-01,0.000103,0,very_low,baseline
36 STREET,BROOKLYN,2027-01-01,0.231807,1,low,baseline
36 STREET,BROOKLYN,2027-02-01,0.297669,1,low,baseline
36 STREET,BROOKLYN,2027-03-01,0.285111,1,low,baseline
36 STREET,BROOKLYN,2027-04-01,0.297615,1,low,baseline
36 STREET,BROOKLYN,2027-05-01,0.321223,1,low,baseline
36 STREET,BROOKLYN,2027-06-01,0.336145,1,low,baseline
36 STREET,BROOKLYN,2027-07-01,0.337779,1,low,baseline
36 STREET,BROOKLYN,2027-08-01,0.355985,1,low,baseline
36 STREET,BROOKLYN,2027-09-01,0.371258,1,low,baseline
36 STREET,BROOKLYN,2027-10-01,0.34646,1,low,baseline
36 STREET,BROOKLYN,2027-11-01,0.396425,1,low,baseline
36 STREET,BROOKLYN,2027-12-01,0.38971,1,low,baseline
36 STREET,BROOKLYN,2028-01-01,0.389779,1,low,baseline
36 STREET,BROOKLYN,2028-02-01,0.378669,1,low,baseline
36 STREET,BROOKLYN,2028-03-01,0.397468,1,low,baseline
36 STREET,BROOKLYN,2028-04-01,0.403084,1,medium,baseline
36 STREET,BROOKLYN,2028-05-01,0.411819,1,medium,baseline
36 STREET,BROOKLYN,2028-06-01,0.396676,1,low,baseline
36 STREET,BROOKLYN,2028-07-01,0.386035,1,low,baseline
36 STREET,BROOKLYN,2028-08-01,0.400724,1,medium,baseline
36 STREET,BROOKLYN,2028-09-01,0.416674,1,medium,baseline
36 STREET,BROOKLYN,2028-10-01,0.390728,1,low,baseline
36 STREET,BROOKLYN,2028-11-01,0.396425,1,low,baseline
36 STREET,BROOKLYN,2028-12-01,0.38971,1,low,baseline
36 STREET,BROOKLYN,2029-01-01,0.389779,1,low,baseline
36 STREET,BROOKLYN,2029-02-01,0.378669,1,low,baseline
36 STREET,BROOKLYN,2029-03-01,0.397468,1,low,baseline
36 STREET,BROOKLYN,2029-04-01,0.403084,1,medium,baseline
36 STREET,BROOKLYN,2029-05-01,0.411819,1,medium,baseline
36 STREET,BROOKLYN,2029-06-01,0.396676,1,low,baseline
36 STREET,BROOKLYN,2029-07-01,0.386035,1,low,baseline
36 STREET,BROOKLYN,2029-08-01,0.400724,1,medium,baseline
36 STREET,BROOKLYN,2029-09-01,0.416674,1,medium,baseline
36 STREET,BROOKLYN,2029-10-01,0.390728,1,low,baseline
36 STREET,BROOKLYN,2029-11-01,0.396425,1,low,baseline
36 STREET,BROOKLYN,2029-12-01,0.38971,1,low,baseline
39 AVENUE,QUEENS,2027-01-01,0.000193,0,very_low,baseline
39 AVENUE,QUEENS,2027-02-01,0.000365,0,very_low,baseline
39 AVENUE,QUEENS,2027-03-01,0.000328,0,very_low,baseline
39 AVENUE,QUEENS,2027-04-01,0.000246,0,very_low,baseline
39 AVENUE,QUEENS,2027-05-01,0.00028,0,very_low,baseline
39 AVENUE,QUEENS,2027-06-01,0.000271,0,very_low,baseline
39 AVENUE,QUEENS,2027-07-01,0.000264,0,very_low,baseline
39 AVENUE,QUEENS,2027-08-01,0.000285,0,very_low,baseline
39 AVENUE,QUEENS,2027-09-01,0.000284,0,very_low,baseline
39 AVENUE,QUEENS,2027-10-01,0.000232,0,very_low,baseline
39 AVENUE,QUEENS,2027-11-01,0.000205,0,very_low,baseline
39 AVENUE,QUEENS,2027-12-01,0.000197,0,very_low,baseline
39 AVENUE,QUEENS,2028-01-01,0.000263,0,very_low,baseline
39 AVENUE,QUEENS,2028-02-01,0.000279,0,very_low,baseline
39 AVENUE,QUEENS,2028-03-01,0.000269,0,very_low,baseline
39 AVENUE,QUEENS,2028-04-01,0.000262,0,very_low,baseline
39 AVENUE,QUEENS,2028-05-01,0.000269,0,very_low,baseline
39 AVENUE,QUEENS,2028-06-01,0.000271,0,very_low,baseline
39 AVENUE,QUEENS,2028-07-01,0.000264,0,very_low,baseline
39 AVENUE,QUEENS,2028-08-01,0.000285,0,very_low,baseline
39 AVENUE,QUEENS,2028-09-01,0.000284,0,very_low,baseline
39 AVENUE,QUEENS,2028-10-01,0.000232,0,very_low,baseline
39 AVENUE,QUEENS,2028-11-01,0.000205,0,very_low,baseline
39 AVENUE,QUEENS,2028-12-01,0.000197,0,very_low,baseline
39 AVENUE,QUEENS,2029-01-01,0.000263,0,very_low,baseline
39 AVENUE,QUEENS,2029-02-01,0.000279,0,very_low,baseline
39 AVENUE,QUEENS,2029-03-01,0.000269,0,very_low,baseline
39 AVENUE,QUEENS,2029-04-01,0.000262,0,very_low,baseline
39 AVENUE,QUEENS,2029-05-01,0.000269,0,very_low,baseline
39 AVENUE,QUEENS,2029-06-01,0.000271,0,very_low,baseline
39 AVENUE,QUEENS,2029-07-01,0.000264,0,very_low,baseline
39 AVENUE,QUEENS,2029-08-01,0.000285,0,very_low,baseline
39 AVENUE,QUEENS,2029-09-01,0.000284,0,very_low,baseline
39 AVENUE,QUEENS,2029-10-01,0.000232,0,very_low,baseline
39 AVENUE,QUEENS,2029-11-01,0.000205,0,very_low,baseline
39 AVENUE,QUEENS,2029-12-01,0.000197,0,very_low,baseline
4 AVENUE-9 STREET,BROOKLYN,2027-01-01,0.000193,0,very_low,baseline
4 AVENUE-9 STREET,BROOKLYN,2027-02-01,0.000182,0,very_low,baseline
4 AVENUE-9 STREET,BROOKLYN,2027-03-01,0.000118,0,very_low,baseline
4 AVENUE-9 STREET,BROOKLYN,2027-04-01,0.000109,0,very_low,baseline
4 AVENUE-9 STREET,BROOKLYN,2027-05-01,0.000114,0,very_low,baseline
4 AVENUE-9 STREET,BROOKLYN,2027-06-01,0.000145,0,very_low,baseline
4 AVENUE-9 STREET,BROOKLYN,2027-07-01,0.000149,0,very_low,baseline
4 AVENUE-9 STREET,BROOKLYN,2027-08-01,0.000156,0,very_low,baseline
4 AVENUE-9 STREET,BROOKLYN,2027-09-01,0.000163,0,very_low,baseline
4 AVENUE-9 STREET,BROOKLYN,2027-10-01,0.000143,0,very_low,baseline
4 AVENUE-9 STREET,BROOKLYN,2027-11-01,0.000132,0,very_low,baseline
4 AVENUE-9 STREET,BROOKLYN,2027-12-01,0.000126,0,very_low,baseline
4 AVENUE-9 STREET,BROOKLYN,2028-01-01,0.000142,0,very_low,baseline
4 AVENUE-9 STREET,BROOKLYN,2028-02-01,0.000148,0,very_low,baseline
4 AVENUE-9 STREET,BROOKLYN,2028-03-01,0.000146,0,very_low,baseline
4 AVENUE-9 STREET,BROOKLYN,2028-04-01,0.000145,0,very_low,baseline
4 AVENUE-9 STREET,BROOKLYN,2028-05-01,0.000148,0,very_low,baseline
4 AVENUE-9 STREET,BROOKLYN,2028-06-01,0.000145,0,very_low,baseline
4 AVENUE-9 STREET,BROOKLYN,2028-07-01,0.000149,0,very_low,baseline
4 AVENUE-9 STREET,BROOKLYN,2028-08-01,0.000156,0,very_low,baseline
4 AVENUE-9 STREET,BROOKLYN,2028-09-01,0.000163,0,very_low,baseline
4 AVENUE-9 STREET,BROOKLYN,2028-10-01,0.000143,0,very_low,baseline
4 AVENUE-9 STREET,BROOKLYN,2028-11-01,0.000132,0,very_low,baseline
4 AVENUE-9 STREET,BROOKLYN,2028-12-01,0.000126,0,very_low,baseline
4 AVENUE-9 STREET,BROOKLYN,2029-01-01,0.000142,0,very_low,baseline
4 AVENUE-9 STREET,BROOKLYN,2029-02-01,0.000148,0,very_low,baseline
4 AVENUE-9 STREET,BROOKLYN,2029-03-01,0.000146,0,very_low,baseline
4 AVENUE-9 STREET,BROOKLYN,2029-04-01,0.000145,0,very_low,baseline
4 AVENUE-9 STREET,BROOKLYN,2029-05-01,0.000148,0,very_low,baseline
4 AVENUE-9 STREET,BROOKLYN,2029-06-01,0.000145,0,very_low,baseline
4 AVENUE-9 STREET,BROOKLYN,2029-07-01,0.000149,0,very_low,baseline
4 AVENUE-9 STREET,BROOKLYN,2029-08-01,0.000156,0,very_low,baseline
4 AVENUE-9 STREET,BROOKLYN,2029-09-01,0.000163,0,very_low,baseline
4 AVENUE-9 STREET,BROOKLYN,2029-10-01,0.000143,0,very_low,baseline
4 AVENUE-9 STREET,BROOKLYN,2029-11-01,0.000132,0,very_low,baseline
4 AVENUE-9 STREET,BROOKLYN,2029-12-01,0.000126,0,very_low,baseline
40 STREET,QUEENS,2027-01-01,0.000151,0,very_low,baseline
40 STREET,QUEENS,2027-02-01,0.000185,0,very_low,baseline
40 STREET,QUEENS,2027-03-01,0.000156,0,very_low,baseline
40 STREET,QUEENS,2027-04-01,0.000171,0,very_low,baseline
40 STREET,QUEENS,2027-05-01,0.000176,0,very_low,baseline
40 STREET,QUEENS,2027-06-01,0.00016,0,very_low,baseline
40 STREET,QUEENS,2027-07-01,0.000156,0,very_low,baseline
40 STREET,QUEENS,2027-08-01,0.000162,0,very_low,baseline
40 STREET,QUEENS,2027-09-01,0.000165,0,very_low,baseline
40 STREET,QUEENS,2027-10-01,0.000149,0,very_low,baseline
40 STREET,QUEENS,2027-11-01,0.000137,0,very_low,baseline
40 STREET,QUEENS,2027-12-01,0.000131,0,very_low,baseline
40 STREET,QUEENS,2028-01-01,0.000156,0,very_low,baseline
40 STREET,QUEENS,2028-02-01,0.000162,0,very_low,baseline
40 STREET,QUEENS,2028-03-01,0.000161,0,very_low,baseline
40 STREET,QUEENS,2028-04-01,0.000159,0,very_low,baseline
40 STREET,QUEENS,2028-05-01,0.000163,0,very_low,baseline
40 STREET,QUEENS,2028-06-01,0.00016,0,very_low,baseline
40 STREET,QUEENS,2028-07-01,0.000156,0,very_low,baseline
40 STREET,QUEENS,2028-08-01,0.000162,0,very_low,baseline
40 STREET,QUEENS,2028-09-01,0.000165,0,very_low,baseline
40 STREET,QUEENS,2028-10-01,0.000149,0,very_low,baseline
40 STREET,QUEENS,2028-11-01,0.000137,0,very_low,baseline
40 STREET,QUEENS,2028-12-01,0.000131,0,very_low,baseline
40 STREET,QUEENS,2029-01-01,0.000156,0,very_low,baseline
40 STREET,QUEENS,2029-02-01,0.000162,0,very_low,baseline
40 STREET,QUEENS,2029-03-01,0.000161,0,very_low,baseline
40 STREET,QUEENS,2029-04-01,0.000159,0,very_low,baseline
40 STREET,QUEENS,2029-05-01,0.000163,0,very_low,baseline
40 STREET,QUEENS,2029-06-01,0.00016,0,very_low,baseline
40 STREET,QUEENS,2029-07-01,0.000156,0,very_low,baseline
40 STREET,QUEENS,2029-08-01,0.000162,0,very_low,baseline
40 STREET,QUEENS,2029-09-01,0.000165,0,very_low,baseline
40 STREET,QUEENS,2029-10-01,0.000149,0,very_low,baseline
40 STREET,QUEENS,2029-11-01,0.000137,0,very_low,baseline
40 STREET,QUEENS,2029-12-01,0.000131,0,very_low,baseline
42 ST.-GRAND CENTRAL,MANHATTAN,2027-01-01,0.477457,1,medium,baseline
42 ST.-GRAND CENTRAL,MANHATTAN,2027-02-01,0.639175,1,high,baseline
42 ST.-GRAND CENTRAL,MANHATTAN,2027-03-01,0.620244,1,high,baseline
42 ST.-GRAND CENTRAL,MANHATTAN,2027-04-01,0.651135,1,high,baseline
42 ST.-GRAND CENTRAL,MANHATTAN,2027-05-01,0.63047,1,high,baseline
42 ST.-GRAND CENTRAL,MANHATTAN,2027-06-01,0.659034,1,high,baseline
42 ST.-GRAND CENTRAL,MANHATTAN,2027-07-01,0.677319,1,high,baseline
42 ST.-GRAND CENTRAL,MANHATTAN,2027-08-01,0.69663,1,high,baseline
42 ST.-GRAND CENTRAL,MANHATTAN,2027-09-01,0.704023,1,high,baseline
42 ST.-GRAND CENTRAL,MANHATTAN,2027-10-01,0.710274,1,high,baseline
42 ST.-GRAND CENTRAL,MANHATTAN,2027-11-01,0.707571,1,high,baseline
42 ST.-GRAND CENTRAL,MANHATTAN,2027-12-01,0.731215,1,high,baseline
42 ST.-GRAND CENTRAL,MANHATTAN,2028-01-01,0.728356,1,high,baseline
42 ST.-GRAND CENTRAL,MANHATTAN,2028-02-01,0.730379,1,high,baseline
42 ST.-GRAND CENTRAL,MANHATTAN,2028-03-01,0.735493,1,high,baseline
42 ST.-GRAND CENTRAL,MANHATTAN,2028-04-01,0.750006,1,high,baseline
42 ST.-GRAND CENTRAL,MANHATTAN,2028-05-01,0.752191,1,high,baseline
42 ST.-GRAND CENTRAL,MANHATTAN,2028-06-01,0.743643,1,high,baseline
42 ST.-GRAND CENTRAL,MANHATTAN,2028-07-01,0.747716,1,high,baseline
42 ST.-GRAND CENTRAL,MANHATTAN,2028-08-01,0.748181,1,high,baseline
42 ST.-GRAND CENTRAL,MANHATTAN,2028-09-01,0.749225,1,high,baseline
42 ST.-GRAND CENTRAL,MANHATTAN,2028-10-01,0.735723,1,high,baseline
42 ST.-GRAND CENTRAL,MANHATTAN,2028-11-01,0.733169,1,high,baseline
42 ST.-GRAND CENTRAL,MANHATTAN,2028-12-01,0.731215,1,high,baseline
42 ST.-GRAND CENTRAL,MANHATTAN,2029-01-01,0.728356,1,high,baseline
42 ST.-GRAND CENTRAL,MANHATTAN,2029-02-01,0.730379,1,high,baseline
42 ST.-GRAND CENTRAL,MANHATTAN,2029-03-01,0.735493,1,high,baseline
42 ST.-GRAND CENTRAL,MANHATTAN,2029-04-01,0.750006,1,high,baseline
42 ST.-GRAND CENTRAL,MANHATTAN,2029-05-01,0.752191,1,high,baseline
42 ST.-GRAND CENTRAL,MANHATTAN,2029-06-01,0.743643,1,high,baseline
42 ST.-GRAND CENTRAL,MANHATTAN,2029-07-01,0.747716,1,high,baseline
42 ST.-GRAND CENTRAL,MANHATTAN,2029-08-01,0.748181,1,high,baseline
42 ST.-GRAND CENTRAL,MANHATTAN,2029-09-01,0.749225,1,high,baseline
42 ST.-GRAND CENTRAL,MANHATTAN,2029-10-01,0.735723,1,high,baseline
42 ST.-GRAND CENTRAL,MANHATTAN,2029-11-01,0.733169,1,high,baseline
42 ST.-GRAND CENTRAL,MANHATTAN,2029-12-01,0.731215,1,high,baseline
42 ST.-PORT AUTHORITY BUS TERM,MANHATTAN,2027-01-01,0.975857,1,very_high,baseline
42 ST.-PORT AUTHORITY BUS TERM,MANHATTAN,2027-02-01,0.96983,1,very_high,baseline
42 ST.-PORT AUTHORITY BUS TERM,MANHATTAN,2027-03-01,0.9697,1,very_high,baseline
42 ST.-PORT AUTHORITY BUS TERM,MANHATTAN,2027-04-01,0.971854,1,very_high,baseline
42 ST.-PORT AUTHORITY BUS TERM,MANHATTAN,2027-05-01,0.973247,1,very_high,baseline
42 ST.-PORT AUTHORITY BUS TERM,MANHATTAN,2027-06-01,0.972983,1,very_high,baseline
42 ST.-PORT AUTHORITY BUS TERM,MANHATTAN,2027-07-01,0.973809,1,very_high,baseline
42 ST.-PORT AUTHORITY BUS TERM,MANHATTAN,2027-08-01,0.973871,1,very_high,baseline
42 ST.-PORT AUTHORITY BUS TERM,MANHATTAN,2027-09-01,0.973243,1,very_high,baseline
42 ST.-PORT AUTHORITY BUS TERM,MANHATTAN,2027-10-01,0.972601,1,very_high,baseline
42 ST.-PORT AUTHORITY BUS TERM,MANHATTAN,2027-11-01,0.971842,1,very_high,baseline
42 ST.-PORT AUTHORITY BUS TERM,MANHATTAN,2027-12-01,0.971234,1,very_high,baseline
42 ST.-PORT AUTHORITY BUS TERM,MANHATTAN,2028-01-01,0.970163,1,very_high,baseline
42 ST.-PORT AUTHORITY BUS TERM,MANHATTAN,2028-02-01,0.970624,1,very_high,baseline
42 ST.-PORT AUTHORITY BUS TERM,MANHATTAN,2028-03-01,0.970081,1,very_high,baseline
42 ST.-PORT AUTHORITY BUS TERM,MANHATTAN,2028-04-01,0.972209,1,very_high,baseline
42 ST.-PORT AUTHORITY BUS TERM,MANHATTAN,2028-05-01,0.972523,1,very_high,baseline
42 ST.-PORT AUTHORITY BUS TERM,MANHATTAN,2028-06-01,0.972983,1,very_high,baseline
42 ST.-PORT AUTHORITY BUS TERM,MANHATTAN,2028-07-01,0.973809,1,very_high,baseline
42 ST.-PORT AUTHORITY BUS TERM,MANHATTAN,2028-08-01,0.973871,1,very_high,baseline
42 ST.-PORT AUTHORITY BUS TERM,MANHATTAN,2028-09-01,0.973243,1,very_high,baseline
42 ST.-PORT AUTHORITY BUS TERM,MANHATTAN,2028-10-01,0.972601,1,very_high,baseline
42 ST.-PORT AUTHORITY BUS TERM,MANHATTAN,2028-11-01,0.971842,1,very_high,baseline
42 ST.-PORT AUTHORITY BUS TERM,MANHATTAN,2028-12-01,0.971234,1,very_high,baseline
42 ST.-PORT AUTHORITY BUS TERM,MANHATTAN,2029-01-01,0.970163,1,very_high,baseline
42 ST.-PORT AUTHORITY BUS TERM,MANHATTAN,2029-02-01,0.970624,1,very_high,baseline
42 ST.-PORT AUTHORITY BUS TERM,MANHATTAN,2029-03-01,0.970081,1,very_high,baseline
42 ST.-PORT AUTHORITY BUS TERM,MANHATTAN,2029-04-01,0.972209,1,very_high,baseline
42 ST.-PORT AUTHORITY BUS TERM,MANHATTAN,2029-05-01,0.972523,1,very_high,baseline
42 ST.-PORT AUTHORITY BUS TERM,MANHATTAN,2029-06-01,0.972983,1,very_high,baseline
42 ST.-PORT AUTHORITY BUS TERM,MANHATTAN,2029-07-01,0.973809,1,very_high,baseline
42 ST.-PORT AUTHORITY BUS TERM,MANHATTAN,2029-08-01,0.973871,1,very_high,baseline
42 ST.-PORT AUTHORITY BUS TERM,MANHATTAN,2029-09-01,0.973243,1,very_high,baseline
42 ST.-PORT AUTHORITY BUS TERM,MANHATTAN,2029-10-01,0.972601,1,very_high,baseline
42 ST.-PORT AUTHORITY BUS TERM,MANHATTAN,2029-11-01,0.971842,1,very_high,baseline
42 ST.-PORT AUTHORITY BUS TERM,MANHATTAN,2029-12-01,0.971234,1,very_high,baseline
42 ST.-TIMES SQUARE,MANHATTAN,2027-01-01,0.944305,1,very_high,baseline
42 ST.-TIMES SQUARE,MANHATTAN,2027-02-01,0.896307,1,very_high,baseline
42 ST.-TIMES SQUARE,MANHATTAN,2027-03-01,0.926064,1,very_high,baseline
42 ST.-TIMES SQUARE,MANHATTAN,2027-04-01,0.92494,1,very_high,baseline
42 ST.-TIMES SQUARE,MANHATTAN,2027-05-01,0.934565,1,very_high,baseline
42 ST.-TIMES SQUARE,MANHATTAN,2027-06-01,0.931831,1,very_high,baseline
42 ST.-TIMES SQUARE,MANHATTAN,2027-07-01,0.933828,1,very_high,baseline
42 ST.-TIMES SQUARE,MANHATTAN,2027-08-01,0.934927,1,very_high,baseline
42 ST.-TIMES SQUARE,MANHATTAN,2027-09-01,0.935264,1,very_high,baseline
42 ST.-TIMES SQUARE,MANHATTAN,2027-10-01,0.941857,1,very_high,baseline
42 ST.-TIMES SQUARE,MANHATTAN,2027-11-01,0.942353,1,very_high,baseline
42 ST.-TIMES SQUARE,MANHATTAN,2027-12-01,0.94181,1,very_high,baseline
42 ST.-TIMES SQUARE,MANHATTAN,2028-01-01,0.93054,1,very_high,baseline
42 ST.-TIMES SQUARE,MANHATTAN,2028-02-01,0.933883,1,very_high,baseline
42 ST.-TIMES SQUARE,MANHATTAN,2028-03-01,0.932708,1,very_high,baseline
42 ST.-TIMES SQUARE,MANHATTAN,2028-04-01,0.935439,1,very_high,baseline
42 ST.-TIMES SQUARE,MANHATTAN,2028-05-01,0.936142,1,very_high,baseline
42 ST.-TIMES SQUARE,MANHATTAN,2028-06-01,0.937724,1,very_high,baseline
42 ST.-TIMES SQUARE,MANHATTAN,2028-07-01,0.93956,1,very_high,baseline
42 ST.-TIMES SQUARE,MANHATTAN,2028-08-01,0.94057,1,very_high,baseline
42 ST.-TIMES SQUARE,MANHATTAN,2028-09-01,0.940879,1,very_high,baseline
42 ST.-TIMES SQUARE,MANHATTAN,2028-10-01,0.941857,1,very_high,baseline
42 ST.-TIMES SQUARE,MANHATTAN,2028-11-01,0.942353,1,very_high,baseline
42 ST.-TIMES SQUARE,MANHATTAN,2028-12-01,0.94181,1,very_high,baseline
42 ST.-TIMES SQUARE,MANHATTAN,2029-01-01,0.93054,1,very_high,baseline
42 ST.-TIMES SQUARE,MANHATTAN,2029-02-01,0.933883,1,very_high,baseline
42 ST.-TIMES SQUARE,MANHATTAN,2029-03-01,0.932708,1,very_high,baseline
42 ST.-TIMES SQUARE,MANHATTAN,2029-04-01,0.935439,1,very_high,baseline
42 ST.-TIMES SQUARE,MANHATTAN,2029-05-01,0.936142,1,very_high,baseline
42 ST.-TIMES SQUARE,MANHATTAN,2029-06-01,0.937724,1,very_high,baseline
42 ST.-TIMES SQUARE,MANHATTAN,2029-07-01,0.93956,1,very_high,baseline
42 ST.-TIMES SQUARE,MANHATTAN,2029-08-01,0.94057,1,very_high,baseline
42 ST.-TIMES SQUARE,MANHATTAN,2029-09-01,0.940879,1,very_high,baseline
42 ST.-TIMES SQUARE,MANHATTAN,2029-10-01,0.941857,1,very_high,baseline
42 ST.-TIMES SQUARE,MANHATTAN,2029-11-01,0.942353,1,very_high,baseline
42 ST.-TIMES SQUARE,MANHATTAN,2029-12-01,0.94181,1,very_high,baseline
42 STREET,MANHATTAN,2027-01-01,0.001754,0,very_low,baseline
42 STREET,MANHATTAN,2027-02-01,0.001004,0,very_low,baseline
42 STREET,MANHATTAN,2027-03-01,0.001308,0,very_low,baseline
42 STREET,MANHATTAN,2027-04-01,0.001297,0,very_low,baseline
42 STREET,MANHATTAN,2027-05-01,0.001379,0,very_low,baseline
42 STREET,MANHATTAN,2027-06-01,0.00147,0,very_low,baseline
42 STREET,MANHATTAN,2027-07-01,0.001411,0,very_low,baseline
42 STREET,MANHATTAN,2027-08-01,0.00159,0,very_low,baseline
42 STREET,MANHATTAN,2027-09-01,0.00179,0,very_low,baseline
42 STREET,MANHATTAN,2027-10-01,0.001714,0,very_low,baseline
42 STREET,MANHATTAN,2027-11-01,0.001542,0,very_low,baseline
42 STREET,MANHATTAN,2027-12-01,0.001454,0,very_low,baseline
42 STREET,MANHATTAN,2028-01-01,0.00139,0,very_low,baseline
42 STREET,MANHATTAN,2028-02-01,0.00134,0,very_low,baseline
42 STREET,MANHATTAN,2028-03-01,0.001462,0,very_low,baseline
42 STREET,MANHATTAN,2028-04-01,0.001485,0,very_low,baseline
42 STREET,MANHATTAN,2028-05-01,0.001542,0,very_low,baseline
42 STREET,MANHATTAN,2028-06-01,0.00147,0,very_low,baseline
42 STREET,MANHATTAN,2028-07-01,0.001411,0,very_low,baseline
42 STREET,MANHATTAN,2028-08-01,0.00159,0,very_low,baseline
42 STREET,MANHATTAN,2028-09-01,0.00179,0,very_low,baseline
42 STREET,MANHATTAN,2028-10-01,0.001714,0,very_low,baseline
42 STREET,MANHATTAN,2028-11-01,0.001542,0,very_low,baseline
42 STREET,MANHATTAN,2028-12-01,0.001454,0,very_low,baseline
42 STREET,MANHATTAN,2029-01-01,0.00139,0,very_low,baseline
42 STREET,MANHATTAN,2029-02-01,0.00134,0,very_low,baseline
42 STREET,MANHATTAN,2029-03-01,0.001462,0,very_low,baseline
42 STREET,MANHATTAN,2029-04-01,0.001485,0,very_low,baseline
42 STREET,MANHATTAN,2029-05-01,0.001542,0,very_low,baseline
42 STREET,MANHATTAN,2029-06-01,0.00147,0,very_low,baseline
42 STREET,MANHATTAN,2029-07-01,0.001411,0,very_low,baseline
42 STREET,MANHATTAN,2029-08-01,0.00159,0,very_low,baseline
42 STREET,MANHATTAN,2029-09-01,0.00179,0,very_low,baseline
42 STREET,MANHATTAN,2029-10-01,0.001714,0,very_low,baseline
42 STREET,MANHATTAN,2029-11-01,0.001542,0,very_low,baseline
42 STREET,MANHATTAN,2029-12-01,0.001454,0,very_low,baseline
45 ROAD-COURT HOUSE SQUARE,QUEENS,2027-01-01,0.000223,0,very_low,baseline
45 ROAD-COURT HOUSE SQUARE,QUEENS,2027-02-01,0.000303,0,very_low,baseline
45 ROAD-COURT HOUSE SQUARE,QUEENS,2027-03-01,0.000304,0,very_low,baseline
45 ROAD-COURT HOUSE SQUARE,QUEENS,2027-04-01,0.000314,0,very_low,baseline
45 ROAD-COURT HOUSE SQUARE,QUEENS,2027-05-01,0.000347,0,very_low,baseline
45 ROAD-COURT HOUSE SQUARE,QUEENS,2027-06-01,0.000393,0,very_low,baseline
45 ROAD-COURT HOUSE SQUARE,QUEENS,2027-07-01,0.000382,0,very_low,baseline
45 ROAD-COURT HOUSE SQUARE,QUEENS,2027-08-01,0.000391,0,very_low,baseline
45 ROAD-COURT HOUSE SQUARE,QUEENS,2027-09-01,0.000391,0,very_low,baseline
45 ROAD-COURT HOUSE SQUARE,QUEENS,2027-10-01,0.00033,0,very_low,baseline
45 ROAD-COURT HOUSE SQUARE,QUEENS,2027-11-01,0.000257,0,very_low,baseline
45 ROAD-COURT HOUSE SQUARE,QUEENS,2027-12-01,0.000244,0,very_low,baseline
45 ROAD-COURT HOUSE SQUARE,QUEENS,2028-01-01,0.000376,0,very_low,baseline
45 ROAD-COURT HOUSE SQUARE,QUEENS,2028-02-01,0.000409,0,very_low,baseline
45 ROAD-COURT HOUSE SQUARE,QUEENS,2028-03-01,0.000382,0,very_low,baseline
45 ROAD-COURT HOUSE SQUARE,QUEENS,2028-04-01,0.000379,0,very_low,baseline
45 ROAD-COURT HOUSE SQUARE,QUEENS,2028-05-01,0.000389,0,very_low,baseline
45 ROAD-COURT HOUSE SQUARE,QUEENS,2028-06-01,0.000393,0,very_low,baseline
45 ROAD-COURT HOUSE SQUARE,QUEENS,2028-07-01,0.000382,0,very_low,baseline
45 ROAD-COURT HOUSE SQUARE,QUEENS,2028-08-01,0.000391,0,very_low,baseline
45 ROAD-COURT HOUSE SQUARE,QUEENS,2028-09-01,0.000391,0,very_low,baseline
45 ROAD-COURT HOUSE SQUARE,QUEENS,2028-10-01,0.00033,0,very_low,baseline
45 ROAD-COURT HOUSE SQUARE,QUEENS,2028-11-01,0.000257,0,very_low,baseline
45 ROAD-COURT HOUSE SQUARE,QUEENS,2028-12-01,0.000244,0,very_low,baseline
45 ROAD-COURT HOUSE SQUARE,QUEENS,2029-01-01,0.000376,0,very_low,baseline
45 ROAD-COURT HOUSE SQUARE,QUEENS,2029-02-01,0.000409,0,very_low,baseline
45 ROAD-COURT HOUSE SQUARE,QUEENS,2029-03-01,0.000382,0,very_low,baseline
45 ROAD-COURT HOUSE SQUARE,QUEENS,2029-04-01,0.000379,0,very_low,baseline
45 ROAD-COURT HOUSE SQUARE,QUEENS,2029-05-01,0.000389,0,very_low,baseline
45 ROAD-COURT HOUSE SQUARE,QUEENS,2029-06-01,0.000393,0,very_low,baseline
45 ROAD-COURT HOUSE SQUARE,QUEENS,2029-07-01,0.000382,0,very_low,baseline
45 ROAD-COURT HOUSE SQUARE,QUEENS,2029-08-01,0.000391,0,very_low,baseline
45 ROAD-COURT HOUSE SQUARE,QUEENS,2029-09-01,0.000391,0,very_low,baseline
45 ROAD-COURT HOUSE SQUARE,QUEENS,2029-10-01,0.00033,0,very_low,baseline
45 ROAD-COURT HOUSE SQUARE,QUEENS,2029-11-01,0.000257,0,very_low,baseline
45 ROAD-COURT HOUSE SQUARE,QUEENS,2029-12-01,0.000244,0,very_low,baseline
45 STREET,BROOKLYN,2027-01-01,0.000269,0,very_low,baseline
45 STREET,BROOKLYN,2027-02-01,0.000138,0,very_low,baseline
45 STREET,BROOKLYN,2027-03-01,0.000145,0,very_low,baseline
45 STREET,BROOKLYN,2027-04-01,0.000128,0,very_low,baseline
45 STREET,BROOKLYN,2027-05-01,0.00014,0,very_low,baseline
45 STREET,BROOKLYN,2027-06-01,0.000179,0,very_low,baseline
45 STREET,BROOKLYN,2027-07-01,0.000185,0,very_low,baseline
45 STREET,BROOKLYN,2027-08-01,0.000188,0,very_low,baseline
45 STREET,BROOKLYN,2027-09-01,0.000197,0,very_low,baseline
45 STREET,BROOKLYN,2027-10-01,0.000173,0,very_low,baseline
45 STREET,BROOKLYN,2027-11-01,0.000165,0,very_low,baseline
45 STREET,BROOKLYN,2027-12-01,0.000157,0,very_low,baseline
45 STREET,BROOKLYN,2028-01-01,0.000175,0,very_low,baseline
45 STREET,BROOKLYN,2028-02-01,0.000182,0,very_low,baseline
45 STREET,BROOKLYN,2028-03-01,0.00018,0,very_low,baseline
45 STREET,BROOKLYN,2028-04-01,0.000178,0,very_low,baseline
45 STREET,BROOKLYN,2028-05-01,0.000183,0,very_low,baseline
45 STREET,BROOKLYN,2028-06-01,0.000179,0,very_low,baseline
45 STREET,BROOKLYN,2028-07-01,0.000185,0,very_low,baseline
45 STREET,BROOKLYN,2028-08-01,0.000188,0,very_low,baseline
45 STREET,BROOKLYN,2028-09-01,0.000197,0,very_low,baseline
45 STREET,BROOKLYN,2028-10-01,0.000173,0,very_low,baseline
45 STREET,BROOKLYN,2028-11-01,0.000165,0,very_low,baseline
45 STREET,BROOKLYN,2028-12-01,0.000157,0,very_low,baseline
45 STREET,BROOKLYN,2029-01-01,0.000175,0,very_low,baseline
45 STREET,BROOKLYN,2029-02-01,0.000182,0,very_low,baseline
45 STREET,BROOKLYN,2029-03-01,0.00018,0,very_low,baseline
45 STREET,BROOKLYN,2029-04-01,0.000178,0,very_low,baseline
45 STREET,BROOKLYN,2029-05-01,0.000183,0,very_low,baseline
45 STREET,BROOKLYN,2029-06-01,0.000179,0,very_low,baseline
45 STREET,BROOKLYN,2029-07-01,0.000185,0,very_low,baseline
45 STREET,BROOKLYN,2029-08-01,0.000188,0,very_low,baseline
45 STREET,BROOKLYN,2029-09-01,0.000197,0,very_low,baseline
45 STREET,BROOKLYN,2029-10-01,0.000173,0,very_low,baseline
45 STREET,BROOKLYN,2029-11-01,0.000165,0,very_low,baseline
45 STREET,BROOKLYN,2029-12-01,0.000157,0,very_low,baseline
46 STREET,QUEENS,2027-01-01,0.007984,0,very_low,baseline
46 STREET,QUEENS,2027-02-01,0.009722,0,very_low,baseline
46 STREET,QUEENS,2027-03-01,0.002603,0,very_low,baseline
46 STREET,QUEENS,2027-04-01,0.00404,0,very_low,baseline
46 STREET,QUEENS,2027-05-01,0.003969,0,very_low,baseline
46 STREET,QUEENS,2027-06-01,0.005236,0,very_low,baseline
46 STREET,QUEENS,2027-07-01,0.005639,0,very_low,baseline
46 STREET,QUEENS,2027-08-01,0.005443,0,very_low,baseline
46 STREET,QUEENS,2027-09-01,0.005363,0,very_low,baseline
46 STREET,QUEENS,2027-10-01,0.004609,0,very_low,baseline
46 STREET,QUEENS,2027-11-01,0.003909,0,very_low,baseline
46 STREET,QUEENS,2027-12-01,0.00372,0,very_low,baseline
46 STREET,QUEENS,2028-01-01,0.005992,0,very_low,baseline
46 STREET,QUEENS,2028-02-01,0.006027,0,very_low,baseline
46 STREET,QUEENS,2028-03-01,0.005647,0,very_low,baseline
46 STREET,QUEENS,2028-04-01,0.005349,0,very_low,baseline
46 STREET,QUEENS,2028-05-01,0.005592,0,very_low,baseline
46 STREET,QUEENS,2028-06-01,0.005236,0,very_low,baseline
46 STREET,QUEENS,2028-07-01,0.005639,0,very_low,baseline
46 STREET,QUEENS,2028-08-01,0.005443,0,very_low,baseline
46 STREET,QUEENS,2028-09-01,0.005363,0,very_low,baseline
46 STREET,QUEENS,2028-10-01,0.004609,0,very_low,baseline
46 STREET,QUEENS,2028-11-01,0.003909,0,very_low,baseline
46 STREET,QUEENS,2028-12-01,0.00372,0,very_low,baseline
46 STREET,QUEENS,2029-01-01,0.005992,0,very_low,baseline
46 STREET,QUEENS,2029-02-01,0.006027,0,very_low,baseline
46 STREET,QUEENS,2029-03-01,0.005647,0,very_low,baseline
46 STREET,QUEENS,2029-04-01,0.005349,0,very_low,baseline
46 STREET,QUEENS,2029-05-01,0.005592,0,very_low,baseline
46 STREET,QUEENS,2029-06-01,0.005236,0,very_low,baseline
46 STREET,QUEENS,2029-07-01,0.005639,0,very_low,baseline
46 STREET,QUEENS,2029-08-01,0.005443,0,very_low,baseline
46 STREET,QUEENS,2029-09-01,0.005363,0,very_low,baseline
46 STREET,QUEENS,2029-10-01,0.004609,0,very_low,baseline
46 STREET,QUEENS,2029-11-01,0.003909,0,very_low,baseline
46 STREET,QUEENS,2029-12-01,0.00372,0,very_low,baseline
47-50 STS./ROCKEFELLER CTR.,MANHATTAN,2027-01-01,0.000589,0,very_low,baseline
47-50 STS./ROCKEFELLER CTR.,MANHATTAN,2027-02-01,0.000569,0,very_low,baseline
47-50 STS./ROCKEFELLER CTR.,MANHATTAN,2027-03-01,0.000458,0,very_low,baseline
47-50 STS./ROCKEFELLER CTR.,MANHATTAN,2027-04-01,0.000452,0,very_low,baseline
47-50 STS./ROCKEFELLER CTR.,MANHATTAN,2027-05-01,0.000372,0,very_low,baseline
47-50 STS./ROCKEFELLER CTR.,MANHATTAN,2027-06-01,0.00059,0,very_low,baseline
47-50 STS./ROCKEFELLER CTR.,MANHATTAN,2027-07-01,0.000585,0,very_low,baseline
47-50 STS./ROCKEFELLER CTR.,MANHATTAN,2027-08-01,0.000666,0,very_low,baseline
47-50 STS./ROCKEFELLER CTR.,MANHATTAN,2027-09-01,0.000709,0,very_low,baseline
47-50 STS./ROCKEFELLER CTR.,MANHATTAN,2027-10-01,0.00062,0,very_low,baseline
47-50 STS./ROCKEFELLER CTR.,MANHATTAN,2027-11-01,0.000515,0,very_low,baseline
47-50 STS./ROCKEFELLER CTR.,MANHATTAN,2027-12-01,0.000501,0,very_low,baseline
47-50 STS./ROCKEFELLER CTR.,MANHATTAN,2028-01-01,0.000516,0,very_low,baseline
47-50 STS./ROCKEFELLER CTR.,MANHATTAN,2028-02-01,0.000498,0,very_low,baseline
47-50 STS./ROCKEFELLER CTR.,MANHATTAN,2028-03-01,0.000568,0,very_low,baseline
47-50 STS./ROCKEFELLER CTR.,MANHATTAN,2028-04-01,0.000561,0,very_low,baseline
47-50 STS./ROCKEFELLER CTR.,MANHATTAN,2028-05-01,0.00059,0,very_low,baseline
47-50 STS./ROCKEFELLER CTR.,MANHATTAN,2028-06-01,0.00059,0,very_low,baseline
47-50 STS./ROCKEFELLER CTR.,MANHATTAN,2028-07-01,0.000585,0,very_low,baseline
47-50 STS./ROCKEFELLER CTR.,MANHATTAN,2028-08-01,0.000666,0,very_low,baseline
47-50 STS./ROCKEFELLER CTR.,MANHATTAN,2028-09-01,0.000709,0,very_low,baseline
47-50 STS./ROCKEFELLER CTR.,MANHATTAN,2028-10-01,0.00062,0,very_low,baseline
47-50 STS./ROCKEFELLER CTR.,MANHATTAN,2028-11-01,0.000515,0,very_low,baseline
47-50 STS./ROCKEFELLER CTR.,MANHATTAN,2028-12-01,0.000501,0,very_low,baseline
47-50 STS./ROCKEFELLER CTR.,MANHATTAN,2029-01-01,0.000516,0,very_low,baseline
47-50 STS./ROCKEFELLER CTR.,MANHATTAN,2029-02-01,0.000498,0,very_low,baseline
47-50 STS./ROCKEFELLER CTR.,MANHATTAN,2029-03-01,0.000568,0,very_low,baseline
47-50 STS./ROCKEFELLER CTR.,MANHATTAN,2029-04-01,0.000561,0,very_low,baseline
47-50 STS./ROCKEFELLER CTR.,MANHATTAN,2029-05-01,0.00059,0,very_low,baseline
47-50 STS./ROCKEFELLER CTR.,MANHATTAN,2029-06-01,0.00059,0,very_low,baseline
47-50 STS./ROCKEFELLER CTR.,MANHATTAN,2029-07-01,0.000585,0,very_low,baseline
47-50 STS./ROCKEFELLER CTR.,MANHATTAN,2029-08-01,0.000666,0,very_low,baseline
47-50 STS./ROCKEFELLER CTR.,MANHATTAN,2029-09-01,0.000709,0,very_low,baseline
47-50 STS./ROCKEFELLER CTR.,MANHATTAN,2029-10-01,0.00062,0,very_low,baseline
47-50 STS./ROCKEFELLER CTR.,MANHATTAN,2029-11-01,0.000515,0,very_low,baseline
47-50 STS./ROCKEFELLER CTR.,MANHATTAN,2029-12-01,0.000501,0,very_low,baseline
49 STREET,MANHATTAN,2027-01-01,0.000352,0,very_low,baseline
49 STREET,MANHATTAN,2027-02-01,0.00039,0,very_low,baseline
49 STREET,MANHATTAN,2027-03-01,0.000674,0,very_low,baseline
49 STREET,MANHATTAN,2027-04-01,0.000649,0,very_low,baseline
49 STREET,MANHATTAN,2027-05-01,0.000606,0,very_low,baseline
49 STREET,MANHATTAN,2027-06-01,0.000708,0,very_low,baseline
49 STREET,MANHATTAN,2027-07-01,0.00071,0,very_low,baseline
49 STREET,MANHATTAN,2027-08-01,0.000784,0,very_low,baseline
49 STREET,MANHATTAN,2027-09-01,0.000805,0,very_low,baseline
49 STREET,MANHATTAN,2027-10-01,0.00072,0,very_low,baseline
49 STREET,MANHATTAN,2027-11-01,0.000612,0,very_low,baseline
49 STREET,MANHATTAN,2027-12-01,0.000605,0,very_low,baseline
49 STREET,MANHATTAN,2028-01-01,0.000718,0,very_low,baseline
49 STREET,MANHATTAN,2028-02-01,0.000761,0,very_low,baseline
49 STREET,MANHATTAN,2028-03-01,0.00071,0,very_low,baseline
49 STREET,MANHATTAN,2028-04-01,0.000684,0,very_low,baseline
49 STREET,MANHATTAN,2028-05-01,0.000702,0,very_low,baseline
49 STREET,MANHATTAN,2028-06-01,0.000708,0,very_low,baseline
49 STREET,MANHATTAN,2028-07-01,0.00071,0,very_low,baseline
49 STREET,MANHATTAN,2028-08-01,0.000784,0,very_low,baseline
49 STREET,MANHATTAN,2028-09-01,0.000805,0,very_low,baseline
49 STREET,MANHATTAN,2028-10-01,0.00072,0,very_low,baseline
49 STREET,MANHATTAN,2028-11-01,0.000612,0,very_low,baseline
49 STREET,MANHATTAN,2028-12-01,0.000605,0,very_low,baseline
49 STREET,MANHATTAN,2029-01-01,0.000718,0,very_low,baseline
49 STREET,MANHATTAN,2029-02-01,0.000761,0,very_low,baseline
49 STREET,MANHATTAN,2029-03-01,0.00071,0,very_low,baseline
49 STREET,MANHATTAN,2029-04-01,0.000684,0,very_low,baseline
49 STREET,MANHATTAN,2029-05-01,0.000702,0,very_low,baseline
49 STREET,MANHATTAN,2029-06-01,0.000708,0,very_low,baseline
49 STREET,MANHATTAN,2029-07-01,0.00071,0,very_low,baseline
49 STREET,MANHATTAN,2029-08-01,0.000784,0,very_low,baseline
49 STREET,MANHATTAN,2029-09-01,0.000805,0,very_low,baseline
49 STREET,MANHATTAN,2029-10-01,0.00072,0,very_low,baseline
49 STREET,MANHATTAN,2029-11-01,0.000612,0,very_low,baseline
49 STREET,MANHATTAN,2029-12-01,0.000605,0,very_low,baseline
5 AVENUE,MANHATTAN,2027-01-01,0.000326,0,very_low,baseline
5 AVENUE,MANHATTAN,2027-02-01,0.000295,0,very_low,baseline
5 AVENUE,MANHATTAN,2027-03-01,0.000312,0,very_low,baseline
5 AVENUE,MANHATTAN,2027-04-01,0.000308,0,very_low,baseline
5 AVENUE,MANHATTAN,2027-05-01,0.000297,0,very_low,baseline
5 AVENUE,MANHATTAN,2027-06-01,0.000299,0,very_low,baseline
5 AVENUE,MANHATTAN,2027-07-01,0.0003,0,very_low,baseline
5 AVENUE,MANHATTAN,2027-08-01,0.000331,0,very_low,baseline
5 AVENUE,MANHATTAN,2027-09-01,0.000346,0,very_low,baseline
5 AVENUE,MANHATTAN,2027-10-01,0.000301,0,very_low,baseline
5 AVENUE,MANHATTAN,2027-11-01,0.000267,0,very_low,baseline
5 AVENUE,MANHATTAN,2027-12-01,0.000274,0,very_low,baseline
5 AVENUE,MANHATTAN,2028-01-01,0.000282,0,very_low,baseline
5 AVENUE,MANHATTAN,2028-02-01,0.000307,0,very_low,baseline
5 AVENUE,MANHATTAN,2028-03-01,0.000296,0,very_low,baseline
5 AVENUE,MANHATTAN,2028-04-01,0.000288,0,very_low,baseline
5 AVENUE,MANHATTAN,2028-05-01,0.000296,0,very_low,baseline
5 AVENUE,MANHATTAN,2028-06-01,0.000299,0,very_low,baseline
5 AVENUE,MANHATTAN,2028-07-01,0.0003,0,very_low,baseline
5 AVENUE,MANHATTAN,2028-08-01,0.000331,0,very_low,baseline
5 AVENUE,MANHATTAN,2028-09-01,0.000346,0,very_low,baseline
5 AVENUE,MANHATTAN,2028-10-01,0.000301,0,very_low,baseline
5 AVENUE,MANHATTAN,2028-11-01,0.000267,0,very_low,baseline
5 AVENUE,MANHATTAN,2028-12-01,0.000274,0,very_low,baseline
5 AVENUE,MANHATTAN,2029-01-01,0.000282,0,very_low,baseline
5 AVENUE,MANHATTAN,2029-02-01,0.000307,0,very_low,baseline
5 AVENUE,MANHATTAN,2029-03-01,0.000296,0,very_low,baseline
5 AVENUE,MANHATTAN,2029-04-01,0.000288,0,very_low,baseline
5 AVENUE,MANHATTAN,2029-05-01,0.000296,0,very_low,baseline
5 AVENUE,MANHATTAN,2029-06-01,0.000299,0,very_low,baseline
5 AVENUE,MANHATTAN,2029-07-01,0.0003,0,very_low,baseline
5 AVENUE,MANHATTAN,2029-08-01,0.000331,0,very_low,baseline
5 AVENUE,MANHATTAN,2029-09-01,0.000346,0,very_low,baseline
5 AVENUE,MANHATTAN,2029-10-01,0.000301,0,very_low,baseline
5 AVENUE,MANHATTAN,2029-11-01,0.000267,0,very_low,baseline
5 AVENUE,MANHATTAN,2029-12-01,0.000274,0,very_low,baseline
50 STREET,MANHATTAN,2027-01-01,0.000438,0,very_low,baseline
50 STREET,MANHATTAN,2027-02-01,0.000485,0,very_low,baseline
50 STREET,MANHATTAN,2027-03-01,0.000364,0,very_low,baseline
50 STREET,MANHATTAN,2027-04-01,0.000492,0,very_low,baseline
50 STREET,MANHATTAN,2027-05-01,0.000563,0,very_low,baseline
50 STREET,MANHATTAN,2027-06-01,0.000534,0,very_low,baseline
50 STREET,MANHATTAN,2027-07-01,0.000529,0,very_low,baseline
50 STREET,MANHATTAN,2027-08-01,0.000612,0,very_low,baseline
50 STREET,MANHATTAN,2027-09-01,0.000673,0,very_low,baseline
50 STREET,MANHATTAN,2027-10-01,0.000618,0,very_low,baseline
50 STREET,MANHATTAN,2027-11-01,0.000547,0,very_low,baseline
50 STREET,MANHATTAN,2027-12-01,0.000531,0,very_low,baseline
50 STREET,MANHATTAN,2028-01-01,0.000515,0,very_low,baseline
50 STREET,MANHATTAN,2028-02-01,0.000491,0,very_low,baseline
50 STREET,MANHATTAN,2028-03-01,0.00052,0,very_low,baseline
50 STREET,MANHATTAN,2028-04-01,0.000514,0,very_low,baseline
50 STREET,MANHATTAN,2028-05-01,0.000534,0,very_low,baseline
50 STREET,MANHATTAN,2028-06-01,0.000534,0,very_low,baseline
50 STREET,MANHATTAN,2028-07-01,0.000529,0,very_low,baseline
50 STREET,MANHATTAN,2028-08-01,0.000612,0,very_low,baseline
50 STREET,MANHATTAN,2028-09-01,0.000673,0,very_low,baseline
50 STREET,MANHATTAN,2028-10-01,0.000618,0,very_low,baseline
50 STREET,MANHATTAN,2028-11-01,0.000547,0,very_low,baseline
50 STREET,MANHATTAN,2028-12-01,0.000531,0,very_low,baseline
50 STREET,MANHATTAN,2029-01-01,0.000515,0,very_low,baseline
50 STREET,MANHATTAN,2029-02-01,0.000491,0,very_low,baseline
50 STREET,MANHATTAN,2029-03-01,0.00052,0,very_low,baseline
50 STREET,MANHATTAN,2029-04-01,0.000514,0,very_low,baseline
50 STREET,MANHATTAN,2029-05-01,0.000534,0,very_low,baseline
50 STREET,MANHATTAN,2029-06-01,0.000534,0,very_low,baseline
50 STREET,MANHATTAN,2029-07-01,0.000529,0,very_low,baseline
50 STREET,MANHATTAN,2029-08-01,0.000612,0,very_low,baseline
50 STREET,MANHATTAN,2029-09-01,0.000673,0,very_low,baseline
50 STREET,MANHATTAN,2029-10-01,0.000618,0,very_low,baseline
50 STREET,MANHATTAN,2029-11-01,0.000547,0,very_low,baseline
50 STREET,MANHATTAN,2029-12-01,0.000531,0,very_low,baseline
51 STREET,MANHATTAN,2027-01-01,0.000306,0,very_low,baseline
51 STREET,MANHATTAN,2027-02-01,0.000345,0,very_low,baseline
51 STREET,MANHATTAN,2027-03-01,0.000388,0,very_low,baseline
51 STREET,MANHATTAN,2027-04-01,0.000317,0,very_low,baseline
51 STREET,MANHATTAN,2027-05-01,0.000322,0,very_low,baseline
51 STREET,MANHATTAN,2027-06-01,0.000324,0,very_low,baseline
51 STREET,MANHATTAN,2027-07-01,0.000316,0,very_low,baseline
51 STREET,MANHATTAN,2027-08-01,0.000338,0,very_low,baseline
51 STREET,MANHATTAN,2027-09-01,0.000346,0,very_low,baseline
51 STREET,MANHATTAN,2027-10-01,0.0003,0,very_low,baseline
51 STREET,MANHATTAN,2027-11-01,0.000275,0,very_low,baseline
51 STREET,MANHATTAN,2027-12-01,0.000264,0,very_low,baseline
51 STREET,MANHATTAN,2028-01-01,0.000314,0,very_low,baseline
51 STREET,MANHATTAN,2028-02-01,0.000333,0,very_low,baseline
51 STREET,MANHATTAN,2028-03-01,0.000321,0,very_low,baseline
51 STREET,MANHATTAN,2028-04-01,0.000313,0,very_low,baseline
51 STREET,MANHATTAN,2028-05-01,0.000322,0,very_low,baseline
51 STREET,MANHATTAN,2028-06-01,0.000324,0,very_low,baseline
51 STREET,MANHATTAN,2028-07-01,0.000316,0,very_low,baseline
51 STREET,MANHATTAN,2028-08-01,0.000338,0,very_low,baseline
51 STREET,MANHATTAN,2028-09-01,0.000346,0,very_low,baseline
51 STREET,MANHATTAN,2028-10-01,0.0003,0,very_low,baseline
51 STREET,MANHATTAN,2028-11-01,0.000275,0,very_low,baseline
51 STREET,MANHATTAN,2028-12-01,0.000264,0,very_low,baseline
51 STREET,MANHATTAN,2029-01-01,0.000314,0,very_low,baseline
51 STREET,MANHATTAN,2029-02-01,0.000333,0,very_low,baseline
51 STREET,MANHATTAN,2029-03-01,0.000321,0,very_low,baseline
51 STREET,MANHATTAN,2029-04-01,0.000313,0,very_low,baseline
51 STREET,MANHATTAN,2029-05-01,0.000322,0,very_low,baseline
51 STREET,MANHATTAN,2029-06-01,0.000324,0,very_low,baseline
51 STREET,MANHATTAN,2029-07-01,0.000316,0,very_low,baseline
51 STREET,MANHATTAN,2029-08-01,0.000338,0,very_low,baseline
51 STREET,MANHATTAN,2029-09-01,0.000346,0,very_low,baseline
51 STREET,MANHATTAN,2029-10-01,0.0003,0,very_low,baseline
51 STREET,MANHATTAN,2029-11-01,0.000275,0,very_low,baseline
51 STREET,MANHATTAN,2029-12-01,0.000264,0,very_low,baseline
52 STREET,QUEENS,2027-01-01,0.00015,0,very_low,baseline
52 STREET,QUEENS,2027-02-01,0.000257,0,very_low,baseline
52 STREET,QUEENS,2027-03-01,0.000316,0,very_low,baseline
52 STREET,QUEENS,2027-04-01,0.000324,0,very_low,baseline
52 STREET,QUEENS,2027-05-01,0.000333,0,very_low,baseline
52 STREET,QUEENS,2027-06-01,0.000384,0,very_low,baseline
52 STREET,QUEENS,2027-07-01,0.000374,0,very_low,baseline
52 STREET,QUEENS,2027-08-01,0.000382,0,very_low,baseline
52 STREET,QUEENS,2027-09-01,0.000382,0,very_low,baseline
52 STREET,QUEENS,2027-10-01,0.000322,0,very_low,baseline
52 STREET,QUEENS,2027-11-01,0.000251,0,very_low,baseline
52 STREET,QUEENS,2027-12-01,0.000239,0,very_low,baseline
52 STREET,QUEENS,2028-01-01,0.000368,0,very_low,baseline
52 STREET,QUEENS,2028-02-01,0.0004,0,very_low,baseline
52 STREET,QUEENS,2028-03-01,0.000374,0,very_low,baseline
52 STREET,QUEENS,2028-04-01,0.000371,0,very_low,baseline
52 STREET,QUEENS,2028-05-01,0.000381,0,very_low,baseline
52 STREET,QUEENS,2028-06-01,0.000384,0,very_low,baseline
52 STREET,QUEENS,2028-07-01,0.000374,0,very_low,baseline
52 STREET,QUEENS,2028-08-01,0.000382,0,very_low,baseline
52 STREET,QUEENS,2028-09-01,0.000382,0,very_low,baseline
52 STREET,QUEENS,2028-10-01,0.000322,0,very_low,baseline
52 STREET,QUEENS,2028-11-01,0.000251,0,very_low,baseline
52 STREET,QUEENS,2028-12-01,0.000239,0,very_low,baseline
52 STREET,QUEENS,2029-01-01,0.000368,0,very_low,baseline
52 STREET,QUEENS,2029-02-01,0.0004,0,very_low,baseline
52 STREET,QUEENS,2029-03-01,0.000374,0,very_low,baseline
52 STREET,QUEENS,2029-04-01,0.000371,0,very_low,baseline
52 STREET,QUEENS,2029-05-01,0.000381,0,very_low,baseline
52 STREET,QUEENS,2029-06-01,0.000384,0,very_low,baseline
52 STREET,QUEENS,2029-07-01,0.000374,0,very_low,baseline
52 STREET,QUEENS,2029-08-01,0.000382,0,very_low,baseline
52 STREET,QUEENS,2029-09-01,0.000382,0,very_low,baseline
52 STREET,QUEENS,2029-10-01,0.000322,0,very_low,baseline
52 STREET,QUEENS,2029-11-01,0.000251,0,very_low,baseline
52 STREET,QUEENS,2029-12-01,0.000239,0,very_low,baseline
53 STREET,BROOKLYN,2027-01-01,0.00038,0,very_low,baseline
53 STREET,BROOKLYN,2027-02-01,0.000607,0,very_low,baseline
53 STREET,BROOKLYN,2027-03-01,0.000616,0,very_low,baseline
53 STREET,BROOKLYN,2027-04-01,0.00054,0,very_low,baseline
53 STREET,BROOKLYN,2027-05-01,0.000843,0,very_low,baseline
53 STREET,BROOKLYN,2027-06-01,0.0007,0,very_low,baseline
53 STREET,BROOKLYN,2027-07-01,0.000658,0,very_low,baseline
53 STREET,BROOKLYN,2027-08-01,0.000708,0,very_low,baseline
53 STREET,BROOKLYN,2027-09-01,0.000735,0,very_low,baseline
53 STREET,BROOKLYN,2027-10-01,0.000633,0,very_low,baseline
53 STREET,BROOKLYN,2027-11-01,0.000525,0,very_low,baseline
53 STREET,BROOKLYN,2027-12-01,0.000505,0,very_low,baseline
53 STREET,BROOKLYN,2028-01-01,0.000683,0,very_low,baseline
53 STREET,BROOKLYN,2028-02-01,0.00071,0,very_low,baseline
53 STREET,BROOKLYN,2028-03-01,0.000702,0,very_low,baseline
53 STREET,BROOKLYN,2028-04-01,0.000676,0,very_low,baseline
53 STREET,BROOKLYN,2028-05-01,0.000695,0,very_low,baseline
53 STREET,BROOKLYN,2028-06-01,0.0007,0,very_low,baseline
53 STREET,BROOKLYN,2028-07-01,0.000658,0,very_low,baseline
53 STREET,BROOKLYN,2028-08-01,0.000708,0,very_low,baseline
53 STREET,BROOKLYN,2028-09-01,0.000735,0,very_low,baseline
53 STREET,BROOKLYN,2028-10-01,0.000633,0,very_low,baseline
53 STREET,BROOKLYN,2028-11-01,0.000525,0,very_low,baseline
53 STREET,BROOKLYN,2028-12-01,0.000505,0,very_low,baseline
53 STREET,BROOKLYN,2029-01-01,0.000683,0,very_low,baseline
53 STREET,BROOKLYN,2029-02-01,0.00071,0,very_low,baseline
53 STREET,BROOKLYN,2029-03-01,0.000702,0,very_low,baseline
53 STREET,BROOKLYN,2029-04-01,0.000676,0,very_low,baseline
53 STREET,BROOKLYN,2029-05-01,0.000695,0,very_low,baseline
53 STREET,BROOKLYN,2029-06-01,0.0007,0,very_low,baseline
53 STREET,BROOKLYN,2029-07-01,0.000658,0,very_low,baseline
53 STREET,BROOKLYN,2029-08-01,0.000708,0,very_low,baseline
53 STREET,BROOKLYN,2029-09-01,0.000735,0,very_low,baseline
53 STREET,BROOKLYN,2029-10-01,0.000633,0,very_low,baseline
53 STREET,BROOKLYN,2029-11-01,0.000525,0,very_low,baseline
53 STREET,BROOKLYN,2029-12-01,0.000505,0,very_low,baseline
55 STREET,BROOKLYN,2027-01-01,0.000147,0,very_low,baseline
55 STREET,BROOKLYN,2027-02-01,0.000175,0,very_low,baseline
55 STREET,BROOKLYN,2027-03-01,0.000133,0,very_low,baseline
55 STREET,BROOKLYN,2027-04-01,0.000155,0,very_low,baseline
55 STREET,BROOKLYN,2027-05-01,0.000143,0,very_low,baseline
55 STREET,BROOKLYN,2027-06-01,0.000159,0,very_low,baseline
55 STREET,BROOKLYN,2027-07-01,0.000152,0,very_low,baseline
55 STREET,BROOKLYN,2027-08-01,0.000155,0,very_low,baseline
55 STREET,BROOKLYN,2027-09-01,0.000161,0,very_low,baseline
55 STREET,BROOKLYN,2027-10-01,0.000137,0,very_low,baseline
55 STREET,BROOKLYN,2027-11-01,0.000126,0,very_low,baseline
55 STREET,BROOKLYN,2027-12-01,0.00012,0,very_low,baseline
55 STREET,BROOKLYN,2028-01-01,0.000144,0,very_low,baseline
55 STREET,BROOKLYN,2028-02-01,0.000154,0,very_low,baseline
55 STREET,BROOKLYN,2028-03-01,0.000153,0,very_low,baseline
55 STREET,BROOKLYN,2028-04-01,0.000158,0,very_low,baseline
55 STREET,BROOKLYN,2028-05-01,0.000163,0,very_low,baseline
55 STREET,BROOKLYN,2028-06-01,0.000159,0,very_low,baseline
55 STREET,BROOKLYN,2028-07-01,0.000152,0,very_low,baseline
55 STREET,BROOKLYN,2028-08-01,0.000155,0,very_low,baseline
55 STREET,BROOKLYN,2028-09-01,0.000161,0,very_low,baseline
55 STREET,BROOKLYN,2028-10-01,0.000137,0,very_low,baseline
55 STREET,BROOKLYN,2028-11-01,0.000126,0,very_low,baseline
55 STREET,BROOKLYN,2028-12-01,0.00012,0,very_low,baseline
55 STREET,BROOKLYN,2029-01-01,0.000144,0,very_low,baseline
55 STREET,BROOKLYN,2029-02-01,0.000154,0,very_low,baseline
55 STREET,BROOKLYN,2029-03-01,0.000153,0,very_low,baseline
55 STREET,BROOKLYN,2029-04-01,0.000158,0,very_low,baseline
55 STREET,BROOKLYN,2029-05-01,0.000163,0,very_low,baseline
55 STREET,BROOKLYN,2029-06-01,0.000159,0,very_low,baseline
55 STREET,BROOKLYN,2029-07-01,0.000152,0,very_low,baseline
55 STREET,BROOKLYN,2029-08-01,0.000155,0,very_low,baseline
55 STREET,BROOKLYN,2029-09-01,0.000161,0,very_low,baseline
55 STREET,BROOKLYN,2029-10-01,0.000137,0,very_low,baseline
55 STREET,BROOKLYN,2029-11-01,0.000126,0,very_low,baseline
55 STREET,BROOKLYN,2029-12-01,0.00012,0,very_low,baseline
57 STREET,MANHATTAN,2027-01-01,0.000395,0,very_low,baseline
57 STREET,MANHATTAN,2027-02-01,0.000316,0,very_low,baseline
57 STREET,MANHATTAN,2027-03-01,0.000303,0,very_low,baseline
57 STREET,MANHATTAN,2027-04-01,0.000306,0,very_low,baseline
57 STREET,MANHATTAN,2027-05-01,0.000338,0,very_low,baseline
57 STREET,MANHATTAN,2027-06-01,0.000342,0,very_low,baseline
57 STREET,MANHATTAN,2027-07-01,0.000331,0,very_low,baseline
57 STREET,MANHATTAN,2027-08-01,0.000367,0,very_low,baseline
57 STREET,MANHATTAN,2027-09-01,0.000381,0,very_low,baseline
57 STREET,MANHATTAN,2027-10-01,0.000319,0,very_low,baseline
57 STREET,MANHATTAN,2027-11-01,0.000259,0,very_low,baseline
57 STREET,MANHATTAN,2027-12-01,0.000256,0,very_low,baseline
57 STREET,MANHATTAN,2028-01-01,0.000325,0,very_low,baseline
57 STREET,MANHATTAN,2028-02-01,0.000338,0,very_low,baseline
57 STREET,MANHATTAN,2028-03-01,0.000339,0,very_low,baseline
57 STREET,MANHATTAN,2028-04-01,0.00033,0,very_low,baseline
57 STREET,MANHATTAN,2028-05-01,0.000339,0,very_low,baseline
57 STREET,MANHATTAN,2028-06-01,0.000342,0,very_low,baseline
57 STREET,MANHATTAN,2028-07-01,0.000331,0,very_low,baseline
57 STREET,MANHATTAN,2028-08-01,0.000367,0,very_low,baseline
57 STREET,MANHATTAN,2028-09-01,0.000381,0,very_low,baseline
57 STREET,MANHATTAN,2028-10-01,0.000319,0,very_low,baseline
57 STREET,MANHATTAN,2028-11-01,0.000259,0,very_low,baseline
57 STREET,MANHATTAN,2028-12-01,0.000256,0,very_low,baseline
57 STREET,MANHATTAN,2029-01-01,0.000325,0,very_low,baseline
57 STREET,MANHATTAN,2029-02-01,0.000338,0,very_low,baseline
57 STREET,MANHATTAN,2029-03-01,0.000339,0,very_low,baseline
57 STREET,MANHATTAN,2029-04-01,0.00033,0,very_low,baseline
57 STREET,MANHATTAN,2029-05-01,0.000339,0,very_low,baseline
57 STREET,MANHATTAN,2029-06-01,0.000342,0,very_low,baseline
57 STREET,MANHATTAN,2029-07-01,0.000331,0,very_low,baseline
57 STREET,MANHATTAN,2029-08-01,0.000367,0,very_low,baseline
57 STREET,MANHATTAN,2029-09-01,0.000381,0,very_low,baseline
57 STREET,MANHATTAN,2029-10-01,0.000319,0,very_low,baseline
57 STREET,MANHATTAN,2029-11-01,0.000259,0,very_low,baseline
57 STREET,MANHATTAN,2029-12-01,0.000256,0,very_low,baseline
59 ST.-COLUMBUS CIRCLE,MANHATTAN,2027-01-01,0.945916,1,very_high,baseline
59 ST.-COLUMBUS CIRCLE,MANHATTAN,2027-02-01,0.970876,1,very_high,baseline
59 ST.-COLUMBUS CIRCLE,MANHATTAN,2027-03-01,0.963509,1,very_high,baseline
59 ST.-COLUMBUS CIRCLE,MANHATTAN,2027-04-01,0.968243,1,very_high,baseline
59 ST.-COLUMBUS CIRCLE,MANHATTAN,2027-05-01,0.968995,1,very_high,baseline
59 ST.-COLUMBUS CIRCLE,MANHATTAN,2027-06-01,0.976031,1,very_high,baseline
59 ST.-COLUMBUS CIRCLE,MANHATTAN,2027-07-01,0.976385,1,very_high,baseline
59 ST.-COLUMBUS CIRCLE,MANHATTAN,2027-08-01,0.976442,1,very_high,baseline
59 ST.-COLUMBUS CIRCLE,MANHATTAN,2027-09-01,0.976569,1,very_high,baseline
59 ST.-COLUMBUS CIRCLE,MANHATTAN,2027-10-01,0.97578,1,very_high,baseline
59 ST.-COLUMBUS CIRCLE,MANHATTAN,2027-11-01,0.975994,1,very_high,baseline
59 ST.-COLUMBUS CIRCLE,MANHATTAN,2027-12-01,0.975428,1,very_high,baseline
59 ST.-COLUMBUS CIRCLE,MANHATTAN,2028-01-01,0.97068,1,very_high,baseline
59 ST.-COLUMBUS CIRCLE,MANHATTAN,2028-02-01,0.972445,1,very_high,baseline
59 ST.-COLUMBUS CIRCLE,MANHATTAN,2028-03-01,0.97252,1,very_high,baseline
59 ST.-COLUMBUS CIRCLE,MANHATTAN,2028-04-01,0.974479,1,very_high,baseline
59 ST.-COLUMBUS CIRCLE,MANHATTAN,2028-05-01,0.974768,1,very_high,baseline
59 ST.-COLUMBUS CIRCLE,MANHATTAN,2028-06-01,0.976031,1,very_high,baseline
59 ST.-COLUMBUS CIRCLE,MANHATTAN,2028-07-01,0.976385,1,very_high,baseline
59 ST.-COLUMBUS CIRCLE,MANHATTAN,2028-08-01,0.976442,1,very_high,baseline
59 ST.-COLUMBUS CIRCLE,MANHATTAN,2028-09-01,0.976569,1,very_high,baseline
59 ST.-COLUMBUS CIRCLE,MANHATTAN,2028-10-01,0.97578,1,very_high,baseline
59 ST.-COLUMBUS CIRCLE,MANHATTAN,2028-11-01,0.975994,1,very_high,baseline
59 ST.-COLUMBUS CIRCLE,MANHATTAN,2028-12-01,0.975428,1,very_high,baseline
59 ST.-COLUMBUS CIRCLE,MANHATTAN,2029-01-01,0.97068,1,very_high,baseline
59 ST.-COLUMBUS CIRCLE,MANHATTAN,2029-02-01,0.972445,1,very_high,baseline
59 ST.-COLUMBUS CIRCLE,MANHATTAN,2029-03-01,0.97252,1,very_high,baseline
59 ST.-COLUMBUS CIRCLE,MANHATTAN,2029-04-01,0.974479,1,very_high,baseline
59 ST.-COLUMBUS CIRCLE,MANHATTAN,2029-05-01,0.974768,1,very_high,baseline
59 ST.-COLUMBUS CIRCLE,MANHATTAN,2029-06-01,0.976031,1,very_high,baseline
59 ST.-COLUMBUS CIRCLE,MANHATTAN,2029-07-01,0.976385,1,very_high,baseline
59 ST.-COLUMBUS CIRCLE,MANHATTAN,2029-08-01,0.976442,1,very_high,baseline
59 ST.-COLUMBUS CIRCLE,MANHATTAN,2029-09-01,0.976569,1,very_high,baseline
59 ST.-COLUMBUS CIRCLE,MANHATTAN,2029-10-01,0.97578,1,very_high,baseline
59 ST.-COLUMBUS CIRCLE,MANHATTAN,2029-11-01,0.975994,1,very_high,baseline
59 ST.-COLUMBUS CIRCLE,MANHATTAN,2029-12-01,0.975428,1,very_high,baseline
59 STREET,MANHATTAN,2027-01-01,0.08611,1,very_low,baseline
59 STREET,MANHATTAN,2027-02-01,0.033714,0,very_low,baseline
59 STREET,MANHATTAN,2027-03-01,0.109083,1,very_low,baseline
59 STREET,MANHATTAN,2027-04-01,0.102163,1,very_low,baseline
59 STREET,MANHATTAN,2027-05-01,0.083009,1,very_low,baseline
59 STREET,MANHATTAN,2027-06-01,0.162445,1,very_low,baseline
59 STREET,MANHATTAN,2027-07-01,0.184025,1,very_low,baseline
59 STREET,MANHATTAN,2027-08-01,0.202061,1,low,baseline
59 STREET,MANHATTAN,2027-09-01,0.234711,1,low,baseline
59 STREET,MANHATTAN,2027-10-01,0.242277,1,low,baseline
59 STREET,MANHATTAN,2027-11-01,0.233674,1,low,baseline
59 STREET,MANHATTAN,2027-12-01,0.230998,1,low,baseline
59 STREET,MANHATTAN,2028-01-01,0.230196,1,low,baseline
59 STREET,MANHATTAN,2028-02-01,0.232016,1,low,baseline
59 STREET,MANHATTAN,2028-03-01,0.238622,1,low,baseline
59 STREET,MANHATTAN,2028-04-01,0.236422,1,low,baseline
59 STREET,MANHATTAN,2028-05-01,0.240002,1,low,baseline
59 STREET,MANHATTAN,2028-06-01,0.243472,1,low,baseline
59 STREET,MANHATTAN,2028-07-01,0.246311,1,low,baseline
59 STREET,MANHATTAN,2028-08-01,0.254492,1,low,baseline
59 STREET,MANHATTAN,2028-09-01,0.260514,1,low,baseline
59 STREET,MANHATTAN,2028-10-01,0.258773,1,low,baseline
59 STREET,MANHATTAN,2028-11-01,0.248109,1,low,baseline
59 STREET,MANHATTAN,2028-12-01,0.24532,1,low,baseline
59 STREET,MANHATTAN,2029-01-01,0.230196,1,low,baseline
59 STREET,MANHATTAN,2029-02-01,0.232016,1,low,baseline
59 STREET,MANHATTAN,2029-03-01,0.238622,1,low,baseline
59 STREET,MANHATTAN,2029-04-01,0.236422,1,low,baseline
59 STREET,MANHATTAN,2029-05-01,0.240002,1,low,baseline
59 STREET,MANHATTAN,2029-06-01,0.243472,1,low,baseline
59 STREET,MANHATTAN,2029-07-01,0.246311,1,low,baseline
59 STREET,MANHATTAN,2029-08-01,0.254492,1,low,baseline
59 STREET,MANHATTAN,2029-09-01,0.260514,1,low,baseline
59 STREET,MANHATTAN,2029-10-01,0.258773,1,low,baseline
59 STREET,MANHATTAN,2029-11-01,0.248109,1,low,baseline
59 STREET,MANHATTAN,2029-12-01,0.24532,1,low,baseline
6 AVENUE,MANHATTAN,2027-01-01,0.00026,0,very_low,baseline
6 AVENUE,MANHATTAN,2027-02-01,0.000298,0,very_low,baseline
6 AVENUE,MANHATTAN,2027-03-01,0.000315,0,very_low,baseline
6 AVENUE,MANHATTAN,2027-04-01,0.000294,0,very_low,baseline
6 AVENUE,MANHATTAN,2027-05-01,0.000318,0,very_low,baseline
6 AVENUE,MANHATTAN,2027-06-01,0.000321,0,very_low,baseline
6 AVENUE,MANHATTAN,2027-07-01,0.000301,0,very_low,baseline
6 AVENUE,MANHATTAN,2027-08-01,0.000332,0,very_low,baseline
6 AVENUE,MANHATTAN,2027-09-01,0.000342,0,very_low,baseline
6 AVENUE,MANHATTAN,2027-10-01,0.000295,0,very_low,baseline
6 AVENUE,MANHATTAN,2027-11-01,0.000261,0,very_low,baseline
6 AVENUE,MANHATTAN,2027-12-01,0.000251,0,very_low,baseline
6 AVENUE,MANHATTAN,2028-01-01,0.000293,0,very_low,baseline
6 AVENUE,MANHATTAN,2028-02-01,0.000305,0,very_low,baseline
6 AVENUE,MANHATTAN,2028-03-01,0.000318,0,very_low,baseline
6 AVENUE,MANHATTAN,2028-04-01,0.00031,0,very_low,baseline
6 AVENUE,MANHATTAN,2028-05-01,0.000318,0,very_low,baseline
6 AVENUE,MANHATTAN,2028-06-01,0.000321,0,very_low,baseline
6 AVENUE,MANHATTAN,2028-07-01,0.000301,0,very_low,baseline
6 AVENUE,MANHATTAN,2028-08-01,0.000332,0,very_low,baseline
6 AVENUE,MANHATTAN,2028-09-01,0.000342,0,very_low,baseline
6 AVENUE,MANHATTAN,2028-10-01,0.000295,0,very_low,baseline
6 AVENUE,MANHATTAN,2028-11-01,0.000261,0,very_low,baseline
6 AVENUE,MANHATTAN,2028-12-01,0.000251,0,very_low,baseline
6 AVENUE,MANHATTAN,2029-01-01,0.000293,0,very_low,baseline
6 AVENUE,MANHATTAN,2029-02-01,0.000305,0,very_low,baseline
6 AVENUE,MANHATTAN,2029-03-01,0.000318,0,very_low,baseline
6 AVENUE,MANHATTAN,2029-04-01,0.00031,0,very_low,baseline
6 AVENUE,MANHATTAN,2029-05-01,0.000318,0,very_low,baseline
6 AVENUE,MANHATTAN,2029-06-01,0.000321,0,very_low,baseline
6 AVENUE,MANHATTAN,2029-07-01,0.000301,0,very_low,baseline
6 AVENUE,MANHATTAN,2029-08-01,0.000332,0,very_low,baseline
6 AVENUE,MANHATTAN,2029-09-01,0.000342,0,very_low,baseline
6 AVENUE,MANHATTAN,2029-10-01,0.000295,0,very_low,baseline
6 AVENUE,MANHATTAN,2029-11-01,0.000261,0,very_low,baseline
6 AVENUE,MANHATTAN,2029-12-01,0.000251,0,very_low,baseline
61 ST.-WOODSIDE,QUEENS,2027-01-01,0.000153,0,very_low,baseline
61 ST.-WOODSIDE,QUEENS,2027-02-01,0.000167,0,very_low,baseline
61 ST.-WOODSIDE,QUEENS,2027-03-01,0.000153,0,very_low,baseline
61 ST.-WOODSIDE,QUEENS,2027-04-01,0.000176,0,very_low,baseline
61 ST.-WOODSIDE,QUEENS,2027-05-01,0.000187,0,very_low,baseline
61 ST.-WOODSIDE,QUEENS,2027-06-01,0.00019,0,very_low,baseline
61 ST.-WOODSIDE,QUEENS,2027-07-01,0.000201,0,very_low,baseline
61 ST.-WOODSIDE,QUEENS,2027-08-01,0.000201,0,very_low,baseline
61 ST.-WOODSIDE,QUEENS,2027-09-01,0.000205,0,very_low,baseline
61 ST.-WOODSIDE,QUEENS,2027-10-01,0.00018,0,very_low,baseline
61 ST.-WOODSIDE,QUEENS,2027-11-01,0.000172,0,very_low,baseline
61 ST.-WOODSIDE,QUEENS,2027-12-01,0.000163,0,very_low,baseline
61 ST.-WOODSIDE,QUEENS,2028-01-01,0.000185,0,very_low,baseline
61 ST.-WOODSIDE,QUEENS,2028-02-01,0.000193,0,very_low,baseline
61 ST.-WOODSIDE,QUEENS,2028-03-01,0.000191,0,very_low,baseline
61 ST.-WOODSIDE,QUEENS,2028-04-01,0.000189,0,very_low,baseline
61 ST.-WOODSIDE,QUEENS,2028-05-01,0.000194,0,very_low,baseline
61 ST.-WOODSIDE,QUEENS,2028-06-01,0.00019,0,very_low,baseline
61 ST.-WOODSIDE,QUEENS,2028-07-01,0.000201,0,very_low,baseline
61 ST.-WOODSIDE,QUEENS,2028-08-01,0.000201,0,very_low,baseline
61 ST.-WOODSIDE,QUEENS,2028-09-01,0.000205,0,very_low,baseline
61 ST.-WOODSIDE,QUEENS,2028-10-01,0.00018,0,very_low,baseline
61 ST.-WOODSIDE,QUEENS,2028-11-01,0.000172,0,very_low,baseline
61 ST.-WOODSIDE,QUEENS,2028-12-01,0.000163,0,very_low,baseline
61 ST.-WOODSIDE,QUEENS,2029-01-01,0.000185,0,very_low,baseline
61 ST.-WOODSIDE,QUEENS,2029-02-01,0.000193,0,very_low,baseline
61 ST.-WOODSIDE,QUEENS,2029-03-01,0.000191,0,very_low,baseline
61 ST.-WOODSIDE,QUEENS,2029-04-01,0.000189,0,very_low,baseline
61 ST.-WOODSIDE,QUEENS,2029-05-01,0.000194,0,very_low,baseline
61 ST.-WOODSIDE,QUEENS,2029-06-01,0.00019,0,very_low,baseline
61 ST.-WOODSIDE,QUEENS,2029-07-01,0.000201,0,very_low,baseline
61 ST.-WOODSIDE,QUEENS,2029-08-01,0.000201,0,very_low,baseline
61 ST.-WOODSIDE,QUEENS,2029-09-01,0.000205,0,very_low,baseline
61 ST.-WOODSIDE,QUEENS,2029-10-01,0.00018,0,very_low,baseline
61 ST.-WOODSIDE,QUEENS,2029-11-01,0.000172,0,very_low,baseline
61 ST.-WOODSIDE,QUEENS,2029-12-01,0.000163,0,very_low,baseline
62 STREET,BROOKLYN,2027-01-01,0.000211,0,very_low,baseline
62 STREET,BROOKLYN,2027-02-01,0.000276,0,very_low,baseline
62 STREET,BROOKLYN,2027-03-01,0.000315,0,very_low,baseline
62 STREET,BROOKLYN,2027-04-01,0.000323,0,very_low,baseline
62 STREET,BROOKLYN,2027-05-01,0.000259,0,very_low,baseline
62 STREET,BROOKLYN,2027-06-01,0.000283,0,very_low,baseline
62 STREET,BROOKLYN,2027-07-01,0.000292,0,very_low,baseline
62 STREET,BROOKLYN,2027-08-01,0.000299,0,very_low,baseline
62 STREET,BROOKLYN,2027-09-01,0.000306,0,very_low,baseline
62 STREET,BROOKLYN,2027-10-01,0.000265,0,very_low,baseline
62 STREET,BROOKLYN,2027-11-01,0.000207,0,very_low,baseline
62 STREET,BROOKLYN,2027-12-01,0.000196,0,very_low,baseline
62 STREET,BROOKLYN,2028-01-01,0.000257,0,very_low,baseline
62 STREET,BROOKLYN,2028-02-01,0.000279,0,very_low,baseline
62 STREET,BROOKLYN,2028-03-01,0.000261,0,very_low,baseline
62 STREET,BROOKLYN,2028-04-01,0.000266,0,very_low,baseline
62 STREET,BROOKLYN,2028-05-01,0.000273,0,very_low,baseline
62 STREET,BROOKLYN,2028-06-01,0.000283,0,very_low,baseline
62 STREET,BROOKLYN,2028-07-01,0.000292,0,very_low,baseline
62 STREET,BROOKLYN,2028-08-01,0.000299,0,very_low,baseline
62 STREET,BROOKLYN,2028-09-01,0.000306,0,very_low,baseline
62 STREET,BROOKLYN,2028-10-01,0.000265,0,very_low,baseline
62 STREET,BROOKLYN,2028-11-01,0.000207,0,very_low,baseline
62 STREET,BROOKLYN,2028-12-01,0.000196,0,very_low,baseline
62 STREET,BROOKLYN,2029-01-01,0.000257,0,very_low,baseline
62 STREET,BROOKLYN,2029-02-01,0.000279,0,very_low,baseline
62 STREET,BROOKLYN,2029-03-01,0.000261,0,very_low,baseline
62 STREET,BROOKLYN,2029-04-01,0.000266,0,very_low,baseline
62 STREET,BROOKLYN,2029-05-01,0.000273,0,very_low,baseline
62 STREET,BROOKLYN,2029-06-01,0.000283,0,very_low,baseline
62 STREET,BROOKLYN,2029-07-01,0.000292,0,very_low,baseline
62 STREET,BROOKLYN,2029-08-01,0.000299,0,very_low,baseline
62 STREET,BROOKLYN,2029-09-01,0.000306,0,very_low,baseline
62 STREET,BROOKLYN,2029-10-01,0.000265,0,very_low,baseline
62 STREET,BROOKLYN,2029-11-01,0.000207,0,very_low,baseline
62 STREET,BROOKLYN,2029-12-01,0.000196,0,very_low,baseline
63 DRIVE-REGO PARK,QUEENS,2027-01-01,0.000223,0,very_low,baseline
63 DRIVE-REGO PARK,QUEENS,2027-02-01,0.000123,0,very_low,baseline
63 DRIVE-REGO PARK,QUEENS,2027-03-01,0.000135,0,very_low,baseline
63 DRIVE-REGO PARK,QUEENS,2027-04-01,0.000131,0,very_low,baseline
63 DRIVE-REGO PARK,QUEENS,2027-05-01,0.000146,0,very_low,baseline
63 DRIVE-REGO PARK,QUEENS,2027-06-01,0.000144,0,very_low,baseline
63 DRIVE-REGO PARK,QUEENS,2027-07-01,0.000137,0,very_low,baseline
63 DRIVE-REGO PARK,QUEENS,2027-08-01,0.000138,0,very_low,baseline
63 DRIVE-REGO PARK,QUEENS,2027-09-01,0.00014,0,very_low,baseline
63 DRIVE-REGO PARK,QUEENS,2027-10-01,0.000119,0,very_low,baseline
63 DRIVE-REGO PARK,QUEENS,2027-11-01,0.000109,0,very_low,baseline
63 DRIVE-REGO PARK,QUEENS,2027-12-01,0.000104,0,very_low,baseline
63 DRIVE-REGO PARK,QUEENS,2028-01-01,0.00013,0,very_low,baseline
63 DRIVE-REGO PARK,QUEENS,2028-02-01,0.000139,0,very_low,baseline
63 DRIVE-REGO PARK,QUEENS,2028-03-01,0.000138,0,very_low,baseline
63 DRIVE-REGO PARK,QUEENS,2028-04-01,0.000143,0,very_low,baseline
63 DRIVE-REGO PARK,QUEENS,2028-05-01,0.000147,0,very_low,baseline
63 DRIVE-REGO PARK,QUEENS,2028-06-01,0.000144,0,very_low,baseline
63 DRIVE-REGO PARK,QUEENS,2028-07-01,0.000137,0,very_low,baseline
63 DRIVE-REGO PARK,QUEENS,2028-08-01,0.000138,0,very_low,baseline
63 DRIVE-REGO PARK,QUEENS,2028-09-01,0.00014,0,very_low,baseline
63 DRIVE-REGO PARK,QUEENS,2028-10-01,0.000119,0,very_low,baseline
63 DRIVE-REGO PARK,QUEENS,2028-11-01,0.000109,0,very_low,baseline
63 DRIVE-REGO PARK,QUEENS,2028-12-01,0.000104,0,very_low,baseline
63 DRIVE-REGO PARK,QUEENS,2029-01-01,0.00013,0,very_low,baseline
63 DRIVE-REGO PARK,QUEENS,2029-02-01,0.000139,0,very_low,baseline
63 DRIVE-REGO PARK,QUEENS,2029-03-01,0.000138,0,very_low,baseline
63 DRIVE-REGO PARK,QUEENS,2029-04-01,0.000143,0,very_low,baseline
63 DRIVE-REGO PARK,QUEENS,2029-05-01,0.000147,0,very_low,baseline
63 DRIVE-REGO PARK,QUEENS,2029-06-01,0.000144,0,very_low,baseline
63 DRIVE-REGO PARK,QUEENS,2029-07-01,0.000137,0,very_low,baseline
63 DRIVE-REGO PARK,QUEENS,2029-08-01,0.000138,0,very_low,baseline
63 DRIVE-REGO PARK,QUEENS,2029-09-01,0.00014,0,very_low,baseline
63 DRIVE-REGO PARK,QUEENS,2029-10-01,0.000119,0,very_low,baseline
63 DRIVE-REGO PARK,QUEENS,2029-11-01,0.000109,0,very_low,baseline
63 DRIVE-REGO PARK,QUEENS,2029-12-01,0.000104,0,very_low,baseline
65 STREET,QUEENS,2027-01-01,0.000162,0,very_low,baseline
65 STREET,QUEENS,2027-02-01,0.000195,0,very_low,baseline
65 STREET,QUEENS,2027-03-01,0.000147,0,very_low,baseline
65 STREET,QUEENS,2027-04-01,0.000157,0,very_low,baseline
65 STREET,QUEENS,2027-05-01,0.000135,0,very_low,baseline
65 STREET,QUEENS,2027-06-01,0.000162,0,very_low,baseline
65 STREET,QUEENS,2027-07-01,0.000159,0,very_low,baseline
65 STREET,QUEENS,2027-08-01,0.00016,0,very_low,baseline
65 STREET,QUEENS,2027-09-01,0.000163,0,very_low,baseline
65 STREET,QUEENS,2027-10-01,0.000147,0,very_low,baseline
65 STREET,QUEENS,2027-11-01,0.000136,0,very_low,baseline
65 STREET,QUEENS,2027-12-01,0.000129,0,very_low,baseline
65 STREET,QUEENS,2028-01-01,0.000158,0,very_low,baseline
65 STREET,QUEENS,2028-02-01,0.000165,0,very_low,baseline
65 STREET,QUEENS,2028-03-01,0.000163,0,very_low,baseline
65 STREET,QUEENS,2028-04-01,0.000161,0,very_low,baseline
65 STREET,QUEENS,2028-05-01,0.000166,0,very_low,baseline
65 STREET,QUEENS,2028-06-01,0.000162,0,very_low,baseline
65 STREET,QUEENS,2028-07-01,0.000159,0,very_low,baseline
65 STREET,QUEENS,2028-08-01,0.00016,0,very_low,baseline
65 STREET,QUEENS,2028-09-01,0.000163,0,very_low,baseline
65 STREET,QUEENS,2028-10-01,0.000147,0,very_low,baseline
65 STREET,QUEENS,2028-11-01,0.000136,0,very_low,baseline
65 STREET,QUEENS,2028-12-01,0.000129,0,very_low,baseline
65 STREET,QUEENS,2029-01-01,0.000158,0,very_low,baseline
65 STREET,QUEENS,2029-02-01,0.000165,0,very_low,baseline
65 STREET,QUEENS,2029-03-01,0.000163,0,very_low,baseline
65 STREET,QUEENS,2029-04-01,0.000161,0,very_low,baseline
65 STREET,QUEENS,2029-05-01,0.000166,0,very_low,baseline
65 STREET,QUEENS,2029-06-01,0.000162,0,very_low,baseline
65 STREET,QUEENS,2029-07-01,0.000159,0,very_low,baseline
65 STREET,QUEENS,2029-08-01,0.00016,0,very_low,baseline
65 STREET,QUEENS,2029-09-01,0.000163,0,very_low,baseline
65 STREET,QUEENS,2029-10-01,0.000147,0,very_low,baseline
65 STREET,QUEENS,2029-11-01,0.000136,0,very_low,baseline
65 STREET,QUEENS,2029-12-01,0.000129,0,very_low,baseline
66 ST.-LINCOLN CENTER,MANHATTAN,2027-01-01,0.000238,0,very_low,baseline
66 ST.-LINCOLN CENTER,MANHATTAN,2027-02-01,0.000168,0,very_low,baseline
66 ST.-LINCOLN CENTER,MANHATTAN,2027-03-01,0.000121,0,very_low,baseline
66 ST.-LINCOLN CENTER,MANHATTAN,2027-04-01,0.000111,0,very_low,baseline
66 ST.-LINCOLN CENTER,MANHATTAN,2027-05-01,0.000127,0,very_low,baseline
66 ST.-LINCOLN CENTER,MANHATTAN,2027-06-01,0.000156,0,very_low,baseline
66 ST.-LINCOLN CENTER,MANHATTAN,2027-07-01,0.00016,0,very_low,baseline
66 ST.-LINCOLN CENTER,MANHATTAN,2027-08-01,0.000168,0,very_low,baseline
66 ST.-LINCOLN CENTER,MANHATTAN,2027-09-01,0.000176,0,very_low,baseline
66 ST.-LINCOLN CENTER,MANHATTAN,2027-10-01,0.000154,0,very_low,baseline
66 ST.-LINCOLN CENTER,MANHATTAN,2027-11-01,0.000142,0,very_low,baseline
66 ST.-LINCOLN CENTER,MANHATTAN,2027-12-01,0.000135,0,very_low,baseline
66 ST.-LINCOLN CENTER,MANHATTAN,2028-01-01,0.000153,0,very_low,baseline
66 ST.-LINCOLN CENTER,MANHATTAN,2028-02-01,0.000159,0,very_low,baseline
66 ST.-LINCOLN CENTER,MANHATTAN,2028-03-01,0.000157,0,very_low,baseline
66 ST.-LINCOLN CENTER,MANHATTAN,2028-04-01,0.000155,0,very_low,baseline
66 ST.-LINCOLN CENTER,MANHATTAN,2028-05-01,0.00016,0,very_low,baseline
66 ST.-LINCOLN CENTER,MANHATTAN,2028-06-01,0.000156,0,very_low,baseline
66 ST.-LINCOLN CENTER,MANHATTAN,2028-07-01,0.00016,0,very_low,baseline
66 ST.-LINCOLN CENTER,MANHATTAN,2028-08-01,0.000168,0,very_low,baseline
66 ST.-LINCOLN CENTER,MANHATTAN,2028-09-01,0.000176,0,very_low,baseline
66 ST.-LINCOLN CENTER,MANHATTAN,2028-10-01,0.000154,0,very_low,baseline
66 ST.-LINCOLN CENTER,MANHATTAN,2028-11-01,0.000142,0,very_low,baseline
66 ST.-LINCOLN CENTER,MANHATTAN,2028-12-01,0.000135,0,very_low,baseline
66 ST.-LINCOLN CENTER,MANHATTAN,2029-01-01,0.000153,0,very_low,baseline
66 ST.-LINCOLN CENTER,MANHATTAN,2029-02-01,0.000159,0,very_low,baseline
66 ST.-LINCOLN CENTER,MANHATTAN,2029-03-01,0.000157,0,very_low,baseline
66 ST.-LINCOLN CENTER,MANHATTAN,2029-04-01,0.000155,0,very_low,baseline
66 ST.-LINCOLN CENTER,MANHATTAN,2029-05-01,0.00016,0,very_low,baseline
66 ST.-LINCOLN CENTER,MANHATTAN,2029-06-01,0.000156,0,very_low,baseline
66 ST.-LINCOLN CENTER,MANHATTAN,2029-07-01,0.00016,0,very_low,baseline
66 ST.-LINCOLN CENTER,MANHATTAN,2029-08-01,0.000168,0,very_low,baseline
66 ST.-LINCOLN CENTER,MANHATTAN,2029-09-01,0.000176,0,very_low,baseline
66 ST.-LINCOLN CENTER,MANHATTAN,2029-10-01,0.000154,0,very_low,baseline
66 ST.-LINCOLN CENTER,MANHATTAN,2029-11-01,0.000142,0,very_low,baseline
66 ST.-LINCOLN CENTER,MANHATTAN,2029-12-01,0.000135,0,very_low,baseline
67 AVENUE,QUEENS,2027-01-01,0.004778,0,very_low,baseline
67 AVENUE,QUEENS,2027-02-01,0.003545,0,very_low,baseline
67 AVENUE,QUEENS,2027-03-01,0.001351,0,very_low,baseline
67 AVENUE,QUEENS,2027-04-01,0.00143,0,very_low,baseline
67 AVENUE,QUEENS,2027-05-01,0.001944,0,very_low,baseline
67 AVENUE,QUEENS,2027-06-01,0.00292,0,very_low,baseline
67 AVENUE,QUEENS,2027-07-01,0.003043,0,very_low,baseline
67 AVENUE,QUEENS,2027-08-01,0.003014,0,very_low,baseline
67 AVENUE,QUEENS,2027-09-01,0.003054,0,very_low,baseline
67 AVENUE,QUEENS,2027-10-01,0.002648,0,very_low,baseline
67 AVENUE,QUEENS,2027-11-01,0.002387,0,very_low,baseline
67 AVENUE,QUEENS,2027-12-01,0.002271,0,very_low,baseline
67 AVENUE,QUEENS,2028-01-01,0.003043,0,very_low,baseline
67 AVENUE,QUEENS,2028-02-01,0.003061,0,very_low,baseline
67 AVENUE,QUEENS,2028-03-01,0.003022,0,very_low,baseline
67 AVENUE,QUEENS,2028-04-01,0.002983,0,very_low,baseline
67 AVENUE,QUEENS,2028-05-01,0.003119,0,very_low,baseline
67 AVENUE,QUEENS,2028-06-01,0.00292,0,very_low,baseline
67 AVENUE,QUEENS,2028-07-01,0.003043,0,very_low,baseline
67 AVENUE,QUEENS,2028-08-01,0.003014,0,very_low,baseline
67 AVENUE,QUEENS,2028-09-01,0.003054,0,very_low,baseline
67 AVENUE,QUEENS,2028-10-01,0.002648,0,very_low,baseline
67 AVENUE,QUEENS,2028-11-01,0.002387,0,very_low,baseline
67 AVENUE,QUEENS,2028-12-01,0.002271,0,very_low,baseline
67 AVENUE,QUEENS,2029-01-01,0.003043,0,very_low,baseline
67 AVENUE,QUEENS,2029-02-01,0.003061,0,very_low,baseline
67 AVENUE,QUEENS,2029-03-01,0.003022,0,very_low,baseline
67 AVENUE,QUEENS,2029-04-01,0.002983,0,very_low,baseline
67 AVENUE,QUEENS,2029-05-01,0.003119,0,very_low,baseline
67 AVENUE,QUEENS,2029-06-01,0.00292,0,very_low,baseline
67 AVENUE,QUEENS,2029-07-01,0.003043,0,very_low,baseline
67 AVENUE,QUEENS,2029-08-01,0.003014,0,very_low,baseline
67 AVENUE,QUEENS,2029-09-01,0.003054,0,very_low,baseline
67 AVENUE,QUEENS,2029-10-01,0.002648,0,very_low,baseline
67 AVENUE,QUEENS,2029-11-01,0.002387,0,very_low,baseline
67 AVENUE,QUEENS,2029-12-01,0.002271,0,very_low,baseline
68 ST.-HUNTER COLLEGE,MANHATTAN,2027-01-01,0.000314,0,very_low,baseline
68 ST.-HUNTER COLLEGE,MANHATTAN,2027-02-01,0.000448,0,very_low,baseline
68 ST.-HUNTER COLLEGE,MANHATTAN,2027-03-01,0.000339,0,very_low,baseline
68 ST.-HUNTER COLLEGE,MANHATTAN,2027-04-01,0.000363,0,very_low,baseline
68 ST.-HUNTER COLLEGE,MANHATTAN,2027-05-01,0.000352,0,very_low,baseline
68 ST.-HUNTER COLLEGE,MANHATTAN,2027-06-01,0.000355,0,very_low,baseline
68 ST.-HUNTER COLLEGE,MANHATTAN,2027-07-01,0.000346,0,very_low,baseline
68 ST.-HUNTER COLLEGE,MANHATTAN,2027-08-01,0.000382,0,very_low,baseline
68 ST.-HUNTER COLLEGE,MANHATTAN,2027-09-01,0.0004,0,very_low,baseline
68 ST.-HUNTER COLLEGE,MANHATTAN,2027-10-01,0.000348,0,very_low,baseline
68 ST.-HUNTER COLLEGE,MANHATTAN,2027-11-01,0.000308,0,very_low,baseline
68 ST.-HUNTER COLLEGE,MANHATTAN,2027-12-01,0.000307,0,very_low,baseline
68 ST.-HUNTER COLLEGE,MANHATTAN,2028-01-01,0.000335,0,very_low,baseline
68 ST.-HUNTER COLLEGE,MANHATTAN,2028-02-01,0.000365,0,very_low,baseline
68 ST.-HUNTER COLLEGE,MANHATTAN,2028-03-01,0.000352,0,very_low,baseline
68 ST.-HUNTER COLLEGE,MANHATTAN,2028-04-01,0.000343,0,very_low,baseline
68 ST.-HUNTER COLLEGE,MANHATTAN,2028-05-01,0.000352,0,very_low,baseline
68 ST.-HUNTER COLLEGE,MANHATTAN,2028-06-01,0.000355,0,very_low,baseline
68 ST.-HUNTER COLLEGE,MANHATTAN,2028-07-01,0.000346,0,very_low,baseline
68 ST.-HUNTER COLLEGE,MANHATTAN,2028-08-01,0.000382,0,very_low,baseline
68 ST.-HUNTER COLLEGE,MANHATTAN,2028-09-01,0.0004,0,very_low,baseline
68 ST.-HUNTER COLLEGE,MANHATTAN,2028-10-01,0.000348,0,very_low,baseline
68 ST.-HUNTER COLLEGE,MANHATTAN,2028-11-01,0.000308,0,very_low,baseline
68 ST.-HUNTER COLLEGE,MANHATTAN,2028-12-01,0.000307,0,very_low,baseline
68 ST.-HUNTER COLLEGE,MANHATTAN,2029-01-01,0.000335,0,very_low,baseline
68 ST.-HUNTER COLLEGE,MANHATTAN,2029-02-01,0.000365,0,very_low,baseline
68 ST.-HUNTER COLLEGE,MANHATTAN,2029-03-01,0.000352,0,very_low,baseline
68 ST.-HUNTER COLLEGE,MANHATTAN,2029-04-01,0.000343,0,very_low,baseline
68 ST.-HUNTER COLLEGE,MANHATTAN,2029-05-01,0.000352,0,very_low,baseline
68 ST.-HUNTER COLLEGE,MANHATTAN,2029-06-01,0.000355,0,very_low,baseline
68 ST.-HUNTER COLLEGE,MANHATTAN,2029-07-01,0.000346,0,very_low,baseline
68 ST.-HUNTER COLLEGE,MANHATTAN,2029-08-01,0.000382,0,very_low,baseline
68 ST.-HUNTER COLLEGE,MANHATTAN,2029-09-01,0.0004,0,very_low,baseline
68 ST.-HUNTER COLLEGE,MANHATTAN,2029-10-01,0.000348,0,very_low,baseline
68 ST.-HUNTER COLLEGE,MANHATTAN,2029-11-01,0.000308,0,very_low,baseline
68 ST.-HUNTER COLLEGE,MANHATTAN,2029-12-01,0.000307,0,very_low,baseline
69 STREET,QUEENS,2027-01-01,0.000181,0,very_low,baseline
69 STREET,QUEENS,2027-02-01,0.000156,0,very_low,baseline
69 STREET,QUEENS,2027-03-01,0.00015,0,very_low,baseline
69 STREET,QUEENS,2027-04-01,0.000146,0,very_low,baseline
69 STREET,QUEENS,2027-05-01,0.000134,0,very_low,baseline
69 STREET,QUEENS,2027-06-01,0.000147,0,very_low,baseline
69 STREET,QUEENS,2027-07-01,0.00014,0,very_low,baseline
69 STREET,QUEENS,2027-08-01,0.000145,0,very_low,baseline
69 STREET,QUEENS,2027-09-01,0.000147,0,very_low,baseline
69 STREET,QUEENS,2027-10-01,0.000125,0,very_low,baseline
69 STREET,QUEENS,2027-11-01,0.000115,0,very_low,baseline
69 STREET,QUEENS,2027-12-01,0.00011,0,very_low,baseline
69 STREET,QUEENS,2028-01-01,0.000134,0,very_low,baseline
69 STREET,QUEENS,2028-02-01,0.000143,0,very_low,baseline
69 STREET,QUEENS,2028-03-01,0.000142,0,very_low,baseline
69 STREET,QUEENS,2028-04-01,0.000147,0,very_low,baseline
69 STREET,QUEENS,2028-05-01,0.000151,0,very_low,baseline
69 STREET,QUEENS,2028-06-01,0.000147,0,very_low,baseline
69 STREET,QUEENS,2028-07-01,0.00014,0,very_low,baseline
69 STREET,QUEENS,2028-08-01,0.000145,0,very_low,baseline
69 STREET,QUEENS,2028-09-01,0.000147,0,very_low,baseline
69 STREET,QUEENS,2028-10-01,0.000125,0,very_low,baseline
69 STREET,QUEENS,2028-11-01,0.000115,0,very_low,baseline
69 STREET,QUEENS,2028-12-01,0.00011,0,very_low,baseline
69 STREET,QUEENS,2029-01-01,0.000134,0,very_low,baseline
69 STREET,QUEENS,2029-02-01,0.000143,0,very_low,baseline
69 STREET,QUEENS,2029-03-01,0.000142,0,very_low,baseline
69 STREET,QUEENS,2029-04-01,0.000147,0,very_low,baseline
69 STREET,QUEENS,2029-05-01,0.000151,0,very_low,baseline
69 STREET,QUEENS,2029-06-01,0.000147,0,very_low,baseline
69 STREET,QUEENS,2029-07-01,0.00014,0,very_low,baseline
69 STREET,QUEENS,2029-08-01,0.000145,0,very_low,baseline
69 STREET,QUEENS,2029-09-01,0.000147,0,very_low,baseline
69 STREET,QUEENS,2029-10-01,0.000125,0,very_low,baseline
69 STREET,QUEENS,2029-11-01,0.000115,0,very_low,baseline
69 STREET,QUEENS,2029-12-01,0.00011,0,very_low,baseline
7 AVENUE,MANHATTAN,2027-01-01,0.000448,0,very_low,baseline
7 AVENUE,MANHATTAN,2027-02-01,0.000289,0,very_low,baseline
7 AVENUE,MANHATTAN,2027-03-01,0.000297,0,very_low,baseline
7 AVENUE,MANHATTAN,2027-04-01,0.000251,0,very_low,baseline
7 AVENUE,MANHATTAN,2027-05-01,0.000333,0,very_low,baseline
7 AVENUE,MANHATTAN,2027-06-01,0.000333,0,very_low,baseline
7 AVENUE,MANHATTAN,2027-07-01,0.000333,0,very_low,baseline
7 AVENUE,MANHATTAN,2027-08-01,0.000379,0,very_low,baseline
7 AVENUE,MANHATTAN,2027-09-01,0.000403,0,very_low,baseline
7 AVENUE,MANHATTAN,2027-10-01,0.000341,0,very_low,baseline
7 AVENUE,MANHATTAN,2027-11-01,0.000283,0,very_low,baseline
7 AVENUE,MANHATTAN,2027-12-01,0.000282,0,very_low,baseline
7 AVENUE,MANHATTAN,2028-01-01,0.000312,0,very_low,baseline
7 AVENUE,MANHATTAN,2028-02-01,0.000298,0,very_low,baseline
7 AVENUE,MANHATTAN,2028-03-01,0.000317,0,very_low,baseline
7 AVENUE,MANHATTAN,2028-04-01,0.000317,0,very_low,baseline
7 AVENUE,MANHATTAN,2028-05-01,0.000333,0,very_low,baseline
7 AVENUE,MANHATTAN,2028-06-01,0.000333,0,very_low,baseline
7 AVENUE,MANHATTAN,2028-07-01,0.000333,0,very_low,baseline
7 AVENUE,MANHATTAN,2028-08-01,0.000379,0,very_low,baseline
7 AVENUE,MANHATTAN,2028-09-01,0.000403,0,very_low,baseline
7 AVENUE,MANHATTAN,2028-10-01,0.000341,0,very_low,baseline
7 AVENUE,MANHATTAN,2028-11-01,0.000283,0,very_low,baseline
7 AVENUE,MANHATTAN,2028-12-01,0.000282,0,very_low,baseline
7 AVENUE,MANHATTAN,2029-01-01,0.000312,0,very_low,baseline
7 AVENUE,MANHATTAN,2029-02-01,0.000298,0,very_low,baseline
7 AVENUE,MANHATTAN,2029-03-01,0.000317,0,very_low,baseline
7 AVENUE,MANHATTAN,2029-04-01,0.000317,0,very_low,baseline
7 AVENUE,MANHATTAN,2029-05-01,0.000333,0,very_low,baseline
7 AVENUE,MANHATTAN,2029-06-01,0.000333,0,very_low,baseline
7 AVENUE,MANHATTAN,2029-07-01,0.000333,0,very_low,baseline
7 AVENUE,MANHATTAN,2029-08-01,0.000379,0,very_low,baseline
7 AVENUE,MANHATTAN,2029-09-01,0.000403,0,very_low,baseline
7 AVENUE,MANHATTAN,2029-10-01,0.000341,0,very_low,baseline
7 AVENUE,MANHATTAN,2029-11-01,0.000283,0,very_low,baseline
7 AVENUE,MANHATTAN,2029-12-01,0.000282,0,very_low,baseline
71 AVE.-FOREST HILLS,QUEENS,2027-01-01,0.535483,1,medium,baseline
71 AVE.-FOREST HILLS,QUEENS,2027-02-01,0.610352,1,high,baseline
71 AVE.-FOREST HILLS,QUEENS,2027-03-01,0.557107,1,medium,baseline
71 AVE.-FOREST HILLS,QUEENS,2027-04-01,0.445809,1,medium,baseline
71 AVE.-FOREST HILLS,QUEENS,2027-05-01,0.569538,1,medium,baseline
71 AVE.-FOREST HILLS,QUEENS,2027-06-01,0.614869,1,high,baseline
71 AVE.-FOREST HILLS,QUEENS,2027-07-01,0.619908,1,high,baseline
71 AVE.-FOREST HILLS,QUEENS,2027-08-01,0.622545,1,high,baseline
71 AVE.-FOREST HILLS,QUEENS,2027-09-01,0.654969,1,high,baseline
71 AVE.-FOREST HILLS,QUEENS,2027-10-01,0.635713,1,high,baseline
71 AVE.-FOREST HILLS,QUEENS,2027-11-01,0.63109,1,high,baseline
71 AVE.-FOREST HILLS,QUEENS,2027-12-01,0.619864,1,high,baseline
71 AVE.-FOREST HILLS,QUEENS,2028-01-01,0.639789,1,high,baseline
71 AVE.-FOREST HILLS,QUEENS,2028-02-01,0.628897,1,high,baseline
71 AVE.-FOREST HILLS,QUEENS,2028-03-01,0.636913,1,high,baseline
71 AVE.-FOREST HILLS,QUEENS,2028-04-01,0.640457,1,high,baseline
71 AVE.-FOREST HILLS,QUEENS,2028-05-01,0.64379,1,high,baseline
71 AVE.-FOREST HILLS,QUEENS,2028-06-01,0.636734,1,high,baseline
71 AVE.-FOREST HILLS,QUEENS,2028-07-01,0.637318,1,high,baseline
71 AVE.-FOREST HILLS,QUEENS,2028-08-01,0.639904,1,high,baseline
71 AVE.-FOREST HILLS,QUEENS,2028-09-01,0.654969,1,high,baseline
71 AVE.-FOREST HILLS,QUEENS,2028-10-01,0.635713,1,high,baseline
71 AVE.-FOREST HILLS,QUEENS,2028-11-01,0.63109,1,high,baseline
71 AVE.-FOREST HILLS,QUEENS,2028-12-01,0.619864,1,high,baseline
71 AVE.-FOREST HILLS,QUEENS,2029-01-01,0.639789,1,high,baseline
71 AVE.-FOREST HILLS,QUEENS,2029-02-01,0.628897,1,high,baseline
71 AVE.-FOREST HILLS,QUEENS,2029-03-01,0.636913,1,high,baseline
71 AVE.-FOREST HILLS,QUEENS,2029-04-01,0.640457,1,high,baseline
71 AVE.-FOREST HILLS,QUEENS,2029-05-01,0.64379,1,high,baseline
71 AVE.-FOREST HILLS,QUEENS,2029-06-01,0.636734,1,high,baseline
71 AVE.-FOREST HILLS,QUEENS,2029-07-01,0.637318,1,high,baseline
71 AVE.-FOREST HILLS,QUEENS,2029-08-01,0.639904,1,high,baseline
71 AVE.-FOREST HILLS,QUEENS,2029-09-01,0.654969,1,high,baseline
71 AVE.-FOREST HILLS,QUEENS,2029-10-01,0.635713,1,high,baseline
71 AVE.-FOREST HILLS,QUEENS,2029-11-01,0.63109,1,high,baseline
71 AVE.-FOREST HILLS,QUEENS,2029-12-01,0.619864,1,high,baseline
71 STREET,BROOKLYN,2027-01-01,0.000137,0,very_low,baseline
71 STREET,BROOKLYN,2027-02-01,0.000116,0,very_low,baseline
71 STREET,BROOKLYN,2027-03-01,0.000101,0,very_low,baseline
71 STREET,BROOKLYN,2027-04-01,0.000136,0,very_low,baseline
71 STREET,BROOKLYN,2027-05-01,0.00013,0,very_low,baseline
71 STREET,BROOKLYN,2027-06-01,0.000147,0,very_low,baseline
71 STREET,BROOKLYN,2027-07-01,0.00015,0,very_low,baseline
71 STREET,BROOKLYN,2027-08-01,0.000153,0,very_low,baseline
71 STREET,BROOKLYN,2027-09-01,0.000161,0,very_low,baseline
71 STREET,BROOKLYN,2027-10-01,0.000141,0,very_low,baseline
71 STREET,BROOKLYN,2027-11-01,0.00013,0,very_low,baseline
71 STREET,BROOKLYN,2027-12-01,0.000124,0,very_low,baseline
71 STREET,BROOKLYN,2028-01-01,0.000143,0,very_low,baseline
71 STREET,BROOKLYN,2028-02-01,0.000149,0,very_low,baseline
71 STREET,BROOKLYN,2028-03-01,0.000148,0,very_low,baseline
71 STREET,BROOKLYN,2028-04-01,0.000146,0,very_low,baseline
71 STREET,BROOKLYN,2028-05-01,0.00015,0,very_low,baseline
71 STREET,BROOKLYN,2028-06-01,0.000147,0,very_low,baseline
71 STREET,BROOKLYN,2028-07-01,0.00015,0,very_low,baseline
71 STREET,BROOKLYN,2028-08-01,0.000153,0,very_low,baseline
71 STREET,BROOKLYN,2028-09-01,0.000161,0,very_low,baseline
71 STREET,BROOKLYN,2028-10-01,0.000141,0,very_low,baseline
71 STREET,BROOKLYN,2028-11-01,0.00013,0,very_low,baseline
71 STREET,BROOKLYN,2028-12-01,0.000124,0,very_low,baseline
71 STREET,BROOKLYN,2029-01-01,0.000143,0,very_low,baseline
71 STREET,BROOKLYN,2029-02-01,0.000149,0,very_low,baseline
71 STREET,BROOKLYN,2029-03-01,0.000148,0,very_low,baseline
71 STREET,BROOKLYN,2029-04-01,0.000146,0,very_low,baseline
71 STREET,BROOKLYN,2029-05-01,0.00015,0,very_low,baseline
71 STREET,BROOKLYN,2029-06-01,0.000147,0,very_low,baseline
71 STREET,BROOKLYN,2029-07-01,0.00015,0,very_low,baseline
71 STREET,BROOKLYN,2029-08-01,0.000153,0,very_low,baseline
71 STREET,BROOKLYN,2029-09-01,0.000161,0,very_low,baseline
71 STREET,BROOKLYN,2029-10-01,0.000141,0,very_low,baseline
71 STREET,BROOKLYN,2029-11-01,0.00013,0,very_low,baseline
71 STREET,BROOKLYN,2029-12-01,0.000124,0,very_low,baseline
72 STREET,MANHATTAN,2027-01-01,0.001001,0,very_low,baseline
72 STREET,MANHATTAN,2027-02-01,0.000358,0,very_low,baseline
72 STREET,MANHATTAN,2027-03-01,0.000319,0,very_low,baseline
72 STREET,MANHATTAN,2027-04-01,0.0003,0,very_low,baseline
72 STREET,MANHATTAN,2027-05-01,0.000492,0,very_low,baseline
72 STREET,MANHATTAN,2027-06-01,0.000489,0,very_low,baseline
72 STREET,MANHATTAN,2027-07-01,0.000469,0,very_low,baseline
72 STREET,MANHATTAN,2027-08-01,0.000534,0,very_low,baseline
72 STREET,MANHATTAN,2027-09-01,0.000569,0,very_low,baseline
72 STREET,MANHATTAN,2027-10-01,0.000551,0,very_low,baseline
72 STREET,MANHATTAN,2027-11-01,0.000457,0,very_low,baseline
72 STREET,MANHATTAN,2027-12-01,0.000429,0,very_low,baseline
72 STREET,MANHATTAN,2028-01-01,0.00044,0,very_low,baseline
72 STREET,MANHATTAN,2028-02-01,0.000434,0,very_low,baseline
72 STREET,MANHATTAN,2028-03-01,0.000469,0,very_low,baseline
72 STREET,MANHATTAN,2028-04-01,0.000463,0,very_low,baseline
72 STREET,MANHATTAN,2028-05-01,0.000487,0,very_low,baseline
72 STREET,MANHATTAN,2028-06-01,0.000489,0,very_low,baseline
72 STREET,MANHATTAN,2028-07-01,0.000469,0,very_low,baseline
72 STREET,MANHATTAN,2028-08-01,0.000534,0,very_low,baseline
72 STREET,MANHATTAN,2028-09-01,0.000569,0,very_low,baseline
72 STREET,MANHATTAN,2028-10-01,0.000551,0,very_low,baseline
72 STREET,MANHATTAN,2028-11-01,0.000457,0,very_low,baseline
72 STREET,MANHATTAN,2028-12-01,0.000429,0,very_low,baseline
72 STREET,MANHATTAN,2029-01-01,0.00044,0,very_low,baseline
72 STREET,MANHATTAN,2029-02-01,0.000434,0,very_low,baseline
72 STREET,MANHATTAN,2029-03-01,0.000469,0,very_low,baseline
72 STREET,MANHATTAN,2029-04-01,0.000463,0,very_low,baseline
72 STREET,MANHATTAN,2029-05-01,0.000487,0,very_low,baseline
72 STREET,MANHATTAN,2029-06-01,0.000489,0,very_low,baseline
72 STREET,MANHATTAN,2029-07-01,0.000469,0,very_low,baseline
72 STREET,MANHATTAN,2029-08-01,0.000534,0,very_low,baseline
72 STREET,MANHATTAN,2029-09-01,0.000569,0,very_low,baseline
72 STREET,MANHATTAN,2029-10-01,0.000551,0,very_low,baseline
72 STREET,MANHATTAN,2029-11-01,0.000457,0,very_low,baseline
72 STREET,MANHATTAN,2029-12-01,0.000429,0,very_low,baseline
72ND STREET,MANHATTAN,2027-01-01,0.00013,0,very_low,baseline
72ND STREET,MANHATTAN,2027-02-01,0.000125,0,very_low,baseline
72ND STREET,MANHATTAN,2027-03-01,0.000147,0,very_low,baseline
72ND STREET,MANHATTAN,2027-04-01,0.000157,0,very_low,baseline
72ND STREET,MANHATTAN,2027-05-01,0.000161,0,very_low,baseline
72ND STREET,MANHATTAN,2027-06-01,0.000158,0,very_low,baseline
72ND STREET,MANHATTAN,2027-07-01,0.000161,0,very_low,baseline
72ND STREET,MANHATTAN,2027-08-01,0.000165,0,very_low,baseline
72ND STREET,MANHATTAN,2027-09-01,0.000173,0,very_low,baseline
72ND STREET,MANHATTAN,2027-10-01,0.000151,0,very_low,baseline
72ND STREET,MANHATTAN,2027-11-01,0.00014,0,very_low,baseline
72ND STREET,MANHATTAN,2027-12-01,0.000133,0,very_low,baseline
72ND STREET,MANHATTAN,2028-01-01,0.000154,0,very_low,baseline
72ND STREET,MANHATTAN,2028-02-01,0.00016,0,very_low,baseline
72ND STREET,MANHATTAN,2028-03-01,0.000159,0,very_low,baseline
72ND STREET,MANHATTAN,2028-04-01,0.000157,0,very_low,baseline
72ND STREET,MANHATTAN,2028-05-01,0.000161,0,very_low,baseline
72ND STREET,MANHATTAN,2028-06-01,0.000158,0,very_low,baseline
72ND STREET,MANHATTAN,2028-07-01,0.000161,0,very_low,baseline
72ND STREET,MANHATTAN,2028-08-01,0.000165,0,very_low,baseline
72ND STREET,MANHATTAN,2028-09-01,0.000173,0,very_low,baseline
72ND STREET,MANHATTAN,2028-10-01,0.000151,0,very_low,baseline
72ND STREET,MANHATTAN,2028-11-01,0.00014,0,very_low,baseline
72ND STREET,MANHATTAN,2028-12-01,0.000133,0,very_low,baseline
72ND STREET,MANHATTAN,2029-01-01,0.000154,0,very_low,baseline
72ND STREET,MANHATTAN,2029-02-01,0.00016,0,very_low,baseline
72ND STREET,MANHATTAN,2029-03-01,0.000159,0,very_low,baseline
72ND STREET,MANHATTAN,2029-04-01,0.000157,0,very_low,baseline
72ND STREET,MANHATTAN,2029-05-01,0.000161,0,very_low,baseline
72ND STREET,MANHATTAN,2029-06-01,0.000158,0,very_low,baseline
72ND STREET,MANHATTAN,2029-07-01,0.000161,0,very_low,baseline
72ND STREET,MANHATTAN,2029-08-01,0.000165,0,very_low,baseline
72ND STREET,MANHATTAN,2029-09-01,0.000173,0,very_low,baseline
72ND STREET,MANHATTAN,2029-10-01,0.000151,0,very_low,baseline
72ND STREET,MANHATTAN,2029-11-01,0.00014,0,very_low,baseline
72ND STREET,MANHATTAN,2029-12-01,0.000133,0,very_low,baseline
74 ST.-BROADWAY,QUEENS,2027-01-01,0.867003,1,very_high,baseline
74 ST.-BROADWAY,QUEENS,2027-02-01,0.926036,1,very_high,baseline
74 ST.-BROADWAY,QUEENS,2027-03-01,0.907711,1,very_high,baseline
74 ST.-BROADWAY,QUEENS,2027-04-01,0.886164,1,very_high,baseline
74 ST.-BROADWAY,QUEENS,2027-05-01,0.935847,1,very_high,baseline
74 ST.-BROADWAY,QUEENS,2027-06-01,0.947725,1,very_high,baseline
74 ST.-BROADWAY,QUEENS,2027-07-01,0.950866,1,very_high,baseline
74 ST.-BROADWAY,QUEENS,2027-08-01,0.951387,1,very_high,baseline
74 ST.-BROADWAY,QUEENS,2027-09-01,0.951643,1,very_high,baseline
74 ST.-BROADWAY,QUEENS,2027-10-01,0.951735,1,very_high,baseline
74 ST.-BROADWAY,QUEENS,2027-11-01,0.953667,1,very_high,baseline
74 ST.-BROADWAY,QUEENS,2027-12-01,0.951968,1,very_high,baseline
74 ST.-BROADWAY,QUEENS,2028-01-01,0.947164,1,very_high,baseline
74 ST.-BROADWAY,QUEENS,2028-02-01,0.947674,1,very_high,baseline
74 ST.-BROADWAY,QUEENS,2028-03-01,0.949891,1,very_high,baseline
74 ST.-BROADWAY,QUEENS,2028-04-01,0.949433,1,very_high,baseline
74 ST.-BROADWAY,QUEENS,2028-05-01,0.950611,1,very_high,baseline
74 ST.-BROADWAY,QUEENS,2028-06-01,0.950748,1,very_high,baseline
74 ST.-BROADWAY,QUEENS,2028-07-01,0.950866,1,very_high,baseline
74 ST.-BROADWAY,QUEENS,2028-08-01,0.951387,1,very_high,baseline
74 ST.-BROADWAY,QUEENS,2028-09-01,0.951643,1,very_high,baseline
74 ST.-BROADWAY,QUEENS,2028-10-01,0.951735,1,very_high,baseline
74 ST.-BROADWAY,QUEENS,2028-11-01,0.953667,1,very_high,baseline
74 ST.-BROADWAY,QUEENS,2028-12-01,0.951968,1,very_high,baseline
74 ST.-BROADWAY,QUEENS,2029-01-01,0.947164,1,very_high,baseline
74 ST.-BROADWAY,QUEENS,2029-02-01,0.947674,1,very_high,baseline
74 ST.-BROADWAY,QUEENS,2029-03-01,0.949891,1,very_high,baseline
74 ST.-BROADWAY,QUEENS,2029-04-01,0.949433,1,very_high,baseline
74 ST.-BROADWAY,QUEENS,2029-05-01,0.950611,1,very_high,baseline
74 ST.-BROADWAY,QUEENS,2029-06-01,0.950748,1,very_high,baseline
74 ST.-BROADWAY,QUEENS,2029-07-01,0.950866,1,very_high,baseline
74 ST.-BROADWAY,QUEENS,2029-08-01,0.951387,1,very_high,baseline
74 ST.-BROADWAY,QUEENS,2029-09-01,0.951643,1,very_high,baseline
74 ST.-BROADWAY,QUEENS,2029-10-01,0.951735,1,very_high,baseline
74 ST.-BROADWAY,QUEENS,2029-11-01,0.953667,1,very_high,baseline
74 ST.-BROADWAY,QUEENS,2029-12-01,0.951968,1,very_high,baseline
75 AVENUE,QUEENS,2027-01-01,0.038212,0,very_low,baseline
75 AVENUE,QUEENS,2027-02-01,0.054887,1,very_low,baseline
75 AVENUE,QUEENS,2027-03-01,0.033387,0,very_low,baseline
75 AVENUE,QUEENS,2027-04-01,0.021079,0,very_low,baseline
75 AVENUE,QUEENS,2027-05-01,0.022605,0,very_low,baseline
75 AVENUE,QUEENS,2027-06-01,0.033391,0,very_low,baseline
75 AVENUE,QUEENS,2027-07-01,0.034909,0,very_low,baseline
75 AVENUE,QUEENS,2027-08-01,0.034481,0,very_low,baseline
75 AVENUE,QUEENS,2027-09-01,0.033437,0,very_low,baseline
75 AVENUE,QUEENS,2027-10-01,0.029875,0,very_low,baseline
75 AVENUE,QUEENS,2027-11-01,0.0274,0,very_low,baseline
75 AVENUE,QUEENS,2027-12-01,0.026104,0,very_low,baseline
75 AVENUE,QUEENS,2028-01-01,0.031701,0,very_low,baseline
75 AVENUE,QUEENS,2028-02-01,0.033277,0,very_low,baseline
75 AVENUE,QUEENS,2028-03-01,0.036694,0,very_low,baseline
75 AVENUE,QUEENS,2028-04-01,0.036995,0,very_low,baseline
75 AVENUE,QUEENS,2028-05-01,0.039428,0,very_low,baseline
75 AVENUE,QUEENS,2028-06-01,0.038266,0,very_low,baseline
75 AVENUE,QUEENS,2028-07-01,0.039998,0,very_low,baseline
75 AVENUE,QUEENS,2028-08-01,0.040638,0,very_low,baseline
75 AVENUE,QUEENS,2028-09-01,0.039211,0,very_low,baseline
75 AVENUE,QUEENS,2028-10-01,0.034182,0,very_low,baseline
75 AVENUE,QUEENS,2028-11-01,0.024701,0,very_low,baseline
75 AVENUE,QUEENS,2028-12-01,0.023528,0,very_low,baseline
75 AVENUE,QUEENS,2029-01-01,0.035385,0,very_low,baseline
75 AVENUE,QUEENS,2029-02-01,0.038154,0,very_low,baseline
75 AVENUE,QUEENS,2029-03-01,0.036694,0,very_low,baseline
75 AVENUE,QUEENS,2029-04-01,0.036995,0,very_low,baseline
75 AVENUE,QUEENS,2029-05-01,0.039428,0,very_low,baseline
75 AVENUE,QUEENS,2029-06-01,0.038266,0,very_low,baseline
75 AVENUE,QUEENS,2029-07-01,0.039998,0,very_low,baseline
75 AVENUE,QUEENS,2029-08-01,0.040638,0,very_low,baseline
75 AVENUE,QUEENS,2029-09-01,0.039211,0,very_low,baseline
75 AVENUE,QUEENS,2029-10-01,0.034182,0,very_low,baseline
75 AVENUE,QUEENS,2029-11-01,0.024701,0,very_low,baseline
75 AVENUE,QUEENS,2029-12-01,0.023528,0,very_low,baseline
75 ST.-ELDERTS LANE,QUEENS,2027-01-01,0.000142,0,very_low,baseline
75 ST.-ELDERTS LANE,QUEENS,2027-02-01,0.000121,0,very_low,baseline
75 ST.-ELDERTS LANE,QUEENS,2027-03-01,0.000125,0,very_low,baseline
75 ST.-ELDERTS LANE,QUEENS,2027-04-01,0.000121,0,very_low,baseline
75 ST.-ELDERTS LANE,QUEENS,2027-05-01,0.000158,0,very_low,baseline
75 ST.-ELDERTS LANE,QUEENS,2027-06-01,0.000162,0,very_low,baseline
75 ST.-ELDERTS LANE,QUEENS,2027-07-01,0.000165,0,very_low,baseline
75 ST.-ELDERTS LANE,QUEENS,2027-08-01,0.000167,0,very_low,baseline
75 ST.-ELDERTS LANE,QUEENS,2027-09-01,0.00017,0,very_low,baseline
75 ST.-ELDERTS LANE,QUEENS,2027-10-01,0.000149,0,very_low,baseline
75 ST.-ELDERTS LANE,QUEENS,2027-11-01,0.000138,0,very_low,baseline
75 ST.-ELDERTS LANE,QUEENS,2027-12-01,0.000131,0,very_low,baseline
75 ST.-ELDERTS LANE,QUEENS,2028-01-01,0.000158,0,very_low,baseline
75 ST.-ELDERTS LANE,QUEENS,2028-02-01,0.000164,0,very_low,baseline
75 ST.-ELDERTS LANE,QUEENS,2028-03-01,0.000163,0,very_low,baseline
75 ST.-ELDERTS LANE,QUEENS,2028-04-01,0.000161,0,very_low,baseline
75 ST.-ELDERTS LANE,QUEENS,2028-05-01,0.000165,0,very_low,baseline
75 ST.-ELDERTS LANE,QUEENS,2028-06-01,0.000162,0,very_low,baseline
75 ST.-ELDERTS LANE,QUEENS,2028-07-01,0.000165,0,very_low,baseline
75 ST.-ELDERTS LANE,QUEENS,2028-08-01,0.000167,0,very_low,baseline
75 ST.-ELDERTS LANE,QUEENS,2028-09-01,0.00017,0,very_low,baseline
75 ST.-ELDERTS LANE,QUEENS,2028-10-01,0.000149,0,very_low,baseline
75 ST.-ELDERTS LANE,QUEENS,2028-11-01,0.000138,0,very_low,baseline
75 ST.-ELDERTS LANE,QUEENS,2028-12-01,0.000131,0,very_low,baseline
75 ST.-ELDERTS LANE,QUEENS,2029-01-01,0.000158,0,very_low,baseline
75 ST.-ELDERTS LANE,QUEENS,2029-02-01,0.000164,0,very_low,baseline
75 ST.-ELDERTS LANE,QUEENS,2029-03-01,0.000163,0,very_low,baseline
75 ST.-ELDERTS LANE,QUEENS,2029-04-01,0.000161,0,very_low,baseline
75 ST.-ELDERTS LANE,QUEENS,2029-05-01,0.000165,0,very_low,baseline
75 ST.-ELDERTS LANE,QUEENS,2029-06-01,0.000162,0,very_low,baseline
75 ST.-ELDERTS LANE,QUEENS,2029-07-01,0.000165,0,very_low,baseline
75 ST.-ELDERTS LANE,QUEENS,2029-08-01,0.000167,0,very_low,baseline
75 ST.-ELDERTS LANE,QUEENS,2029-09-01,0.00017,0,very_low,baseline
75 ST.-ELDERTS LANE,QUEENS,2029-10-01,0.000149,0,very_low,baseline
75 ST.-ELDERTS LANE,QUEENS,2029-11-01,0.000138,0,very_low,baseline
75 ST.-ELDERTS LANE,QUEENS,2029-12-01,0.000131,0,very_low,baseline
77 STREET,MANHATTAN,2027-01-01,0.000343,0,very_low,baseline
77 STREET,MANHATTAN,2027-02-01,0.000245,0,very_low,baseline
77 STREET,MANHATTAN,2027-03-01,0.000157,0,very_low,baseline
77 STREET,MANHATTAN,2027-04-01,0.000172,0,very_low,baseline
77 STREET,MANHATTAN,2027-05-01,0.000171,0,very_low,baseline
77 STREET,MANHATTAN,2027-06-01,0.000191,0,very_low,baseline
77 STREET,MANHATTAN,2027-07-01,0.000199,0,very_low,baseline
77 STREET,MANHATTAN,2027-08-01,0.000209,0,very_low,baseline
77 STREET,MANHATTAN,2027-09-01,0.000219,0,very_low,baseline
77 STREET,MANHATTAN,2027-10-01,0.000192,0,very_low,baseline
77 STREET,MANHATTAN,2027-11-01,0.000177,0,very_low,baseline
77 STREET,MANHATTAN,2027-12-01,0.000169,0,very_low,baseline
77 STREET,MANHATTAN,2028-01-01,0.000186,0,very_low,baseline
77 STREET,MANHATTAN,2028-02-01,0.000194,0,very_low,baseline
77 STREET,MANHATTAN,2028-03-01,0.000192,0,very_low,baseline
77 STREET,MANHATTAN,2028-04-01,0.00019,0,very_low,baseline
77 STREET,MANHATTAN,2028-05-01,0.000195,0,very_low,baseline
77 STREET,MANHATTAN,2028-06-01,0.000191,0,very_low,baseline
77 STREET,MANHATTAN,2028-07-01,0.000199,0,very_low,baseline
77 STREET,MANHATTAN,2028-08-01,0.000209,0,very_low,baseline
77 STREET,MANHATTAN,2028-09-01,0.000219,0,very_low,baseline
77 STREET,MANHATTAN,2028-10-01,0.000192,0,very_low,baseline
77 STREET,MANHATTAN,2028-11-01,0.000177,0,very_low,baseline
77 STREET,MANHATTAN,2028-12-01,0.000169,0,very_low,baseline
77 STREET,MANHATTAN,2029-01-01,0.000186,0,very_low,baseline
77 STREET,MANHATTAN,2029-02-01,0.000194,0,very_low,baseline
77 STREET,MANHATTAN,2029-03-01,0.000192,0,very_low,baseline
77 STREET,MANHATTAN,2029-04-01,0.00019,0,very_low,baseline
77 STREET,MANHATTAN,2029-05-01,0.000195,0,very_low,baseline
77 STREET,MANHATTAN,2029-06-01,0.000191,0,very_low,baseline
77 STREET,MANHATTAN,2029-07-01,0.000199,0,very_low,baseline
77 STREET,MANHATTAN,2029-08-01,0.000209,0,very_low,baseline
77 STREET,MANHATTAN,2029-09-01,0.000219,0,very_low,baseline
77 STREET,MANHATTAN,2029-10-01,0.000192,0,very_low,baseline
77 STREET,MANHATTAN,2029-11-01,0.000177,0,very_low,baseline
77 STREET,MANHATTAN,2029-12-01,0.000169,0,very_low,baseline
79 STREET,MANHATTAN,2027-01-01,0.000352,0,very_low,baseline
79 STREET,MANHATTAN,2027-02-01,0.000318,0,very_low,baseline
79 STREET,MANHATTAN,2027-03-01,0.000313,0,very_low,baseline
79 STREET,MANHATTAN,2027-04-01,0.000305,0,very_low,baseline
79 STREET,MANHATTAN,2027-05-01,0.000305,0,very_low,baseline
79 STREET,MANHATTAN,2027-06-01,0.000307,0,very_low,baseline
79 STREET,MANHATTAN,2027-07-01,0.000299,0,very_low,baseline
79 STREET,MANHATTAN,2027-08-01,0.00032,0,very_low,baseline
79 STREET,MANHATTAN,2027-09-01,0.000327,0,very_low,baseline
79 STREET,MANHATTAN,2027-10-01,0.000284,0,very_low,baseline
79 STREET,MANHATTAN,2027-11-01,0.00026,0,very_low,baseline
79 STREET,MANHATTAN,2027-12-01,0.00025,0,very_low,baseline
79 STREET,MANHATTAN,2028-01-01,0.000298,0,very_low,baseline
79 STREET,MANHATTAN,2028-02-01,0.000315,0,very_low,baseline
79 STREET,MANHATTAN,2028-03-01,0.000304,0,very_low,baseline
79 STREET,MANHATTAN,2028-04-01,0.000297,0,very_low,baseline
79 STREET,MANHATTAN,2028-05-01,0.000305,0,very_low,baseline
79 STREET,MANHATTAN,2028-06-01,0.000307,0,very_low,baseline
79 STREET,MANHATTAN,2028-07-01,0.000299,0,very_low,baseline
79 STREET,MANHATTAN,2028-08-01,0.00032,0,very_low,baseline
79 STREET,MANHATTAN,2028-09-01,0.000327,0,very_low,baseline
79 STREET,MANHATTAN,2028-10-01,0.000284,0,very_low,baseline
79 STREET,MANHATTAN,2028-11-01,0.00026,0,very_low,baseline
79 STREET,MANHATTAN,2028-12-01,0.00025,0,very_low,baseline
79 STREET,MANHATTAN,2029-01-01,0.000298,0,very_low,baseline
79 STREET,MANHATTAN,2029-02-01,0.000315,0,very_low,baseline
79 STREET,MANHATTAN,2029-03-01,0.000304,0,very_low,baseline
79 STREET,MANHATTAN,2029-04-01,0.000297,0,very_low,baseline
79 STREET,MANHATTAN,2029-05-01,0.000305,0,very_low,baseline
79 STREET,MANHATTAN,2029-06-01,0.000307,0,very_low,baseline
79 STREET,MANHATTAN,2029-07-01,0.000299,0,very_low,baseline
79 STREET,MANHATTAN,2029-08-01,0.00032,0,very_low,baseline
79 STREET,MANHATTAN,2029-09-01,0.000327,0,very_low,baseline
79 STREET,MANHATTAN,2029-10-01,0.000284,0,very_low,baseline
79 STREET,MANHATTAN,2029-11-01,0.00026,0,very_low,baseline
79 STREET,MANHATTAN,2029-12-01,0.00025,0,very_low,baseline
7TH AVENUE,BROOKLYN,2027-01-01,0.000213,0,very_low,baseline
7TH AVENUE,BROOKLYN,2027-02-01,0.00014,0,very_low,baseline
7TH AVENUE,BROOKLYN,2027-03-01,0.000139,0,very_low,baseline
7TH AVENUE,BROOKLYN,2027-04-01,0.000142,0,very_low,baseline
7TH AVENUE,BROOKLYN,2027-05-01,0.000186,0,very_low,baseline
7TH AVENUE,BROOKLYN,2027-06-01,0.000182,0,very_low,baseline
7TH AVENUE,BROOKLYN,2027-07-01,0.000178,0,very_low,baseline
7TH AVENUE,BROOKLYN,2027-08-01,0.000182,0,very_low,baseline
7TH AVENUE,BROOKLYN,2027-09-01,0.00019,0,very_low,baseline
7TH AVENUE,BROOKLYN,2027-10-01,0.000171,0,very_low,baseline
7TH AVENUE,BROOKLYN,2027-11-01,0.000158,0,very_low,baseline
7TH AVENUE,BROOKLYN,2027-12-01,0.00015,0,very_low,baseline
7TH AVENUE,BROOKLYN,2028-01-01,0.000177,0,very_low,baseline
7TH AVENUE,BROOKLYN,2028-02-01,0.000185,0,very_low,baseline
7TH AVENUE,BROOKLYN,2028-03-01,0.000183,0,very_low,baseline
7TH AVENUE,BROOKLYN,2028-04-01,0.000181,0,very_low,baseline
7TH AVENUE,BROOKLYN,2028-05-01,0.000186,0,very_low,baseline
7TH AVENUE,BROOKLYN,2028-06-01,0.000182,0,very_low,baseline
7TH AVENUE,BROOKLYN,2028-07-01,0.000178,0,very_low,baseline
7TH AVENUE,BROOKLYN,2028-08-01,0.000182,0,very_low,baseline
7TH AVENUE,BROOKLYN,2028-09-01,0.00019,0,very_low,baseline
7TH AVENUE,BROOKLYN,2028-10-01,0.000171,0,very_low,baseline
7TH AVENUE,BROOKLYN,2028-11-01,0.000158,0,very_low,baseline
7TH AVENUE,BROOKLYN,2028-12-01,0.00015,0,very_low,baseline
7TH AVENUE,BROOKLYN,2029-01-01,0.000177,0,very_low,baseline
7TH AVENUE,BROOKLYN,2029-02-01,0.000185,0,very_low,baseline
7TH AVENUE,BROOKLYN,2029-03-01,0.000183,0,very_low,baseline
7TH AVENUE,BROOKLYN,2029-04-01,0.000181,0,very_low,baseline
7TH AVENUE,BROOKLYN,2029-05-01,0.000186,0,very_low,baseline
7TH AVENUE,BROOKLYN,2029-06-01,0.000182,0,very_low,baseline
7TH AVENUE,BROOKLYN,2029-07-01,0.000178,0,very_low,baseline
7TH AVENUE,BROOKLYN,2029-08-01,0.000182,0,very_low,baseline
7TH AVENUE,BROOKLYN,2029-09-01,0.00019,0,very_low,baseline
7TH AVENUE,BROOKLYN,2029-10-01,0.000171,0,very_low,baseline
7TH AVENUE,BROOKLYN,2029-11-01,0.000158,0,very_low,baseline
7TH AVENUE,BROOKLYN,2029-12-01,0.00015,0,very_low,baseline
8 AVENUE,MANHATTAN,2027-01-01,0.000275,0,very_low,baseline
8 AVENUE,MANHATTAN,2027-02-01,0.000232,0,very_low,baseline
8 AVENUE,MANHATTAN,2027-03-01,0.000143,0,very_low,baseline
8 AVENUE,MANHATTAN,2027-04-01,0.000133,0,very_low,baseline
8 AVENUE,MANHATTAN,2027-05-01,0.000163,0,very_low,baseline
8 AVENUE,MANHATTAN,2027-06-01,0.000166,0,very_low,baseline
8 AVENUE,MANHATTAN,2027-07-01,0.000175,0,very_low,baseline
8 AVENUE,MANHATTAN,2027-08-01,0.000178,0,very_low,baseline
8 AVENUE,MANHATTAN,2027-09-01,0.000186,0,very_low,baseline
8 AVENUE,MANHATTAN,2027-10-01,0.000163,0,very_low,baseline
8 AVENUE,MANHATTAN,2027-11-01,0.000156,0,very_low,baseline
8 AVENUE,MANHATTAN,2027-12-01,0.000148,0,very_low,baseline
8 AVENUE,MANHATTAN,2028-01-01,0.000173,0,very_low,baseline
8 AVENUE,MANHATTAN,2028-02-01,0.00018,0,very_low,baseline
8 AVENUE,MANHATTAN,2028-03-01,0.000172,0,very_low,baseline
8 AVENUE,MANHATTAN,2028-04-01,0.000165,0,very_low,baseline
8 AVENUE,MANHATTAN,2028-05-01,0.000169,0,very_low,baseline
8 AVENUE,MANHATTAN,2028-06-01,0.000166,0,very_low,baseline
8 AVENUE,MANHATTAN,2028-07-01,0.000175,0,very_low,baseline
8 AVENUE,MANHATTAN,2028-08-01,0.000178,0,very_low,baseline
8 AVENUE,MANHATTAN,2028-09-01,0.000186,0,very_low,baseline
8 AVENUE,MANHATTAN,2028-10-01,0.000163,0,very_low,baseline
8 AVENUE,MANHATTAN,2028-11-01,0.000156,0,very_low,baseline
8 AVENUE,MANHATTAN,2028-12-01,0.000148,0,very_low,baseline
8 AVENUE,MANHATTAN,2029-01-01,0.000173,0,very_low,baseline
8 AVENUE,MANHATTAN,2029-02-01,0.00018,0,very_low,baseline
8 AVENUE,MANHATTAN,2029-03-01,0.000172,0,very_low,baseline
8 AVENUE,MANHATTAN,2029-04-01,0.000165,0,very_low,baseline
8 AVENUE,MANHATTAN,2029-05-01,0.000169,0,very_low,baseline
8 AVENUE,MANHATTAN,2029-06-01,0.000166,0,very_low,baseline
8 AVENUE,MANHATTAN,2029-07-01,0.000175,0,very_low,baseline
8 AVENUE,MANHATTAN,2029-08-01,0.000178,0,very_low,baseline
8 AVENUE,MANHATTAN,2029-09-01,0.000186,0,very_low,baseline
8 AVENUE,MANHATTAN,2029-10-01,0.000163,0,very_low,baseline
8 AVENUE,MANHATTAN,2029-11-01,0.000156,0,very_low,baseline
8 AVENUE,MANHATTAN,2029-12-01,0.000148,0,very_low,baseline
8 ST.-NYU,MANHATTAN,2027-01-01,0.000143,0,very_low,baseline
8 ST.-NYU,MANHATTAN,2027-02-01,0.00012,0,very_low,baseline
8 ST.-NYU,MANHATTAN,2027-03-01,0.000159,0,very_low,baseline
8 ST.-NYU,MANHATTAN,2027-04-01,0.00015,0,very_low,baseline
8 ST.-NYU,MANHATTAN,2027-05-01,0.000149,0,very_low,baseline
8 ST.-NYU,MANHATTAN,2027-06-01,0.000158,0,very_low,baseline
8 ST.-NYU,MANHATTAN,2027-07-01,0.000161,0,very_low,baseline
8 ST.-NYU,MANHATTAN,2027-08-01,0.000165,0,very_low,baseline
8 ST.-NYU,MANHATTAN,2027-09-01,0.000173,0,very_low,baseline
8 ST.-NYU,MANHATTAN,2027-10-01,0.000151,0,very_low,baseline
8 ST.-NYU,MANHATTAN,2027-11-01,0.00014,0,very_low,baseline
8 ST.-NYU,MANHATTAN,2027-12-01,0.000133,0,very_low,baseline
8 ST.-NYU,MANHATTAN,2028-01-01,0.000154,0,very_low,baseline
8 ST.-NYU,MANHATTAN,2028-02-01,0.00016,0,very_low,baseline
8 ST.-NYU,MANHATTAN,2028-03-01,0.000159,0,very_low,baseline
8 ST.-NYU,MANHATTAN,2028-04-01,0.000157,0,very_low,baseline
8 ST.-NYU,MANHATTAN,2028-05-01,0.000161,0,very_low,baseline
8 ST.-NYU,MANHATTAN,2028-06-01,0.000158,0,very_low,baseline
8 ST.-NYU,MANHATTAN,2028-07-01,0.000161,0,very_low,baseline
8 ST.-NYU,MANHATTAN,2028-08-01,0.000165,0,very_low,baseline
8 ST.-NYU,MANHATTAN,2028-09-01,0.000173,0,very_low,baseline
8 ST.-NYU,MANHATTAN,2028-10-01,0.000151,0,very_low,baseline
8 ST.-NYU,MANHATTAN,2028-11-01,0.00014,0,very_low,baseline
8 ST.-NYU,MANHATTAN,2028-12-01,0.000133,0,very_low,baseline
8 ST.-NYU,MANHATTAN,2029-01-01,0.000154,0,very_low,baseline
8 ST.-NYU,MANHATTAN,2029-02-01,0.00016,0,very_low,baseline
8 ST.-NYU,MANHATTAN,2029-03-01,0.000159,0,very_low,baseline
8 ST.-NYU,MANHATTAN,2029-04-01,0.000157,0,very_low,baseline
8 ST.-NYU,MANHATTAN,2029-05-01,0.000161,0,very_low,baseline
8 ST.-NYU,MANHATTAN,2029-06-01,0.000158,0,very_low,baseline
8 ST.-NYU,MANHATTAN,2029-07-01,0.000161,0,very_low,baseline
8 ST.-NYU,MANHATTAN,2029-08-01,0.000165,0,very_low,baseline
8 ST.-NYU,MANHATTAN,2029-09-01,0.000173,0,very_low,baseline
8 ST.-NYU,MANHATTAN,2029-10-01,0.000151,0,very_low,baseline
8 ST.-NYU,MANHATTAN,2029-11-01,0.00014,0,very_low,baseline
8 ST.-NYU,MANHATTAN,2029-12-01,0.000133,0,very_low,baseline
80 STREET,QUEENS,2027-01-01,0.000126,0,very_low,baseline
80 STREET,QUEENS,2027-02-01,0.000139,0,very_low,baseline
80 STREET,QUEENS,2027-03-01,0.000119,0,very_low,baseline
80 STREET,QUEENS,2027-04-01,0.000133,0,very_low,baseline
80 STREET,QUEENS,2027-05-01,0.000144,0,very_low,baseline
80 STREET,QUEENS,2027-06-01,0.000142,0,very_low,baseline
80 STREET,QUEENS,2027-07-01,0.000135,0,very_low,baseline
80 STREET,QUEENS,2027-08-01,0.000136,0,very_low,baseline
80 STREET,QUEENS,2027-09-01,0.000138,0,very_low,baseline
80 STREET,QUEENS,2027-10-01,0.000117,0,very_low,baseline
80 STREET,QUEENS,2027-11-01,0.000108,0,very_low,baseline
80 STREET,QUEENS,2027-12-01,0.000103,0,very_low,baseline
80 STREET,QUEENS,2028-01-01,0.000128,0,very_low,baseline
80 STREET,QUEENS,2028-02-01,0.000137,0,very_low,baseline
80 STREET,QUEENS,2028-03-01,0.000136,0,very_low,baseline
80 STREET,QUEENS,2028-04-01,0.000141,0,very_low,baseline
80 STREET,QUEENS,2028-05-01,0.000145,0,very_low,baseline
80 STREET,QUEENS,2028-06-01,0.000142,0,very_low,baseline
80 STREET,QUEENS,2028-07-01,0.000135,0,very_low,baseline
80 STREET,QUEENS,2028-08-01,0.000136,0,very_low,baseline
80 STREET,QUEENS,2028-09-01,0.000138,0,very_low,baseline
80 STREET,QUEENS,2028-10-01,0.000117,0,very_low,baseline
80 STREET,QUEENS,2028-11-01,0.000108,0,very_low,baseline
80 STREET,QUEENS,2028-12-01,0.000103,0,very_low,baseline
80 STREET,QUEENS,2029-01-01,0.000128,0,very_low,baseline
80 STREET,QUEENS,2029-02-01,0.000137,0,very_low,baseline
80 STREET,QUEENS,2029-03-01,0.000136,0,very_low,baseline
80 STREET,QUEENS,2029-04-01,0.000141,0,very_low,baseline
80 STREET,QUEENS,2029-05-01,0.000145,0,very_low,baseline
80 STREET,QUEENS,2029-06-01,0.000142,0,very_low,baseline
80 STREET,QUEENS,2029-07-01,0.000135,0,very_low,baseline
80 STREET,QUEENS,2029-08-01,0.000136,0,very_low,baseline
80 STREET,QUEENS,2029-09-01,0.000138,0,very_low,baseline
80 STREET,QUEENS,2029-10-01,0.000117,0,very_low,baseline
80 STREET,QUEENS,2029-11-01,0.000108,0,very_low,baseline
80 STREET,QUEENS,2029-12-01,0.000103,0,very_low,baseline
81 ST.-MUSEUM OF NATURAL HISTO,MANHATTAN,2027-01-01,0.00011,0,very_low,baseline
81 ST.-MUSEUM OF NATURAL HISTO,MANHATTAN,2027-02-01,0.000127,0,very_low,baseline
81 ST.-MUSEUM OF NATURAL HISTO,MANHATTAN,2027-03-01,0.000122,0,very_low,baseline
81 ST.-MUSEUM OF NATURAL HISTO,MANHATTAN,2027-04-01,0.000118,0,very_low,baseline
81 ST.-MUSEUM OF NATURAL HISTO,MANHATTAN,2027-05-01,0.000154,0,very_low,baseline
81 ST.-MUSEUM OF NATURAL HISTO,MANHATTAN,2027-06-01,0.000158,0,very_low,baseline
81 ST.-MUSEUM OF NATURAL HISTO,MANHATTAN,2027-07-01,0.000161,0,very_low,baseline
81 ST.-MUSEUM OF NATURAL HISTO,MANHATTAN,2027-08-01,0.000165,0,very_low,baseline
81 ST.-MUSEUM OF NATURAL HISTO,MANHATTAN,2027-09-01,0.000173,0,very_low,baseline
81 ST.-MUSEUM OF NATURAL HISTO,MANHATTAN,2027-10-01,0.000151,0,very_low,baseline
81 ST.-MUSEUM OF NATURAL HISTO,MANHATTAN,2027-11-01,0.00014,0,very_low,baseline
81 ST.-MUSEUM OF NATURAL HISTO,MANHATTAN,2027-12-01,0.000133,0,very_low,baseline
81 ST.-MUSEUM OF NATURAL HISTO,MANHATTAN,2028-01-01,0.000154,0,very_low,baseline
81 ST.-MUSEUM OF NATURAL HISTO,MANHATTAN,2028-02-01,0.00016,0,very_low,baseline
81 ST.-MUSEUM OF NATURAL HISTO,MANHATTAN,2028-03-01,0.000159,0,very_low,baseline
81 ST.-MUSEUM OF NATURAL HISTO,MANHATTAN,2028-04-01,0.000157,0,very_low,baseline
81 ST.-MUSEUM OF NATURAL HISTO,MANHATTAN,2028-05-01,0.000161,0,very_low,baseline
81 ST.-MUSEUM OF NATURAL HISTO,MANHATTAN,2028-06-01,0.000158,0,very_low,baseline
81 ST.-MUSEUM OF NATURAL HISTO,MANHATTAN,2028-07-01,0.000161,0,very_low,baseline
81 ST.-MUSEUM OF NATURAL HISTO,MANHATTAN,2028-08-01,0.000165,0,very_low,baseline
81 ST.-MUSEUM OF NATURAL HISTO,MANHATTAN,2028-09-01,0.000173,0,very_low,baseline
81 ST.-MUSEUM OF NATURAL HISTO,MANHATTAN,2028-10-01,0.000151,0,very_low,baseline
81 ST.-MUSEUM OF NATURAL HISTO,MANHATTAN,2028-11-01,0.00014,0,very_low,baseline
81 ST.-MUSEUM OF NATURAL HISTO,MANHATTAN,2028-12-01,0.000133,0,very_low,baseline
81 ST.-MUSEUM OF NATURAL HISTO,MANHATTAN,2029-01-01,0.000154,0,very_low,baseline
81 ST.-MUSEUM OF NATURAL HISTO,MANHATTAN,2029-02-01,0.00016,0,very_low,baseline
81 ST.-MUSEUM OF NATURAL HISTO,MANHATTAN,2029-03-01,0.000159,0,very_low,baseline
81 ST.-MUSEUM OF NATURAL HISTO,MANHATTAN,2029-04-01,0.000157,0,very_low,baseline
81 ST.-MUSEUM OF NATURAL HISTO,MANHATTAN,2029-05-01,0.000161,0,very_low,baseline
81 ST.-MUSEUM OF NATURAL HISTO,MANHATTAN,2029-06-01,0.000158,0,very_low,baseline
81 ST.-MUSEUM OF NATURAL HISTO,MANHATTAN,2029-07-01,0.000161,0,very_low,baseline
81 ST.-MUSEUM OF NATURAL HISTO,MANHATTAN,2029-08-01,0.000165,0,very_low,baseline
81 ST.-MUSEUM OF NATURAL HISTO,MANHATTAN,2029-09-01,0.000173,0,very_low,baseline
81 ST.-MUSEUM OF NATURAL HISTO,MANHATTAN,2029-10-01,0.000151,0,very_low,baseline
81 ST.-MUSEUM OF NATURAL HISTO,MANHATTAN,2029-11-01,0.00014,0,very_low,baseline
81 ST.-MUSEUM OF NATURAL HISTO,MANHATTAN,2029-12-01,0.000133,0,very_low,baseline
82 ST.-JACKSON HEIGHTS,QUEENS,2027-01-01,0.027049,0,very_low,baseline
82 ST.-JACKSON HEIGHTS,QUEENS,2027-02-01,0.071915,1,very_low,baseline
82 ST.-JACKSON HEIGHTS,QUEENS,2027-03-01,0.022115,0,very_low,baseline
82 ST.-JACKSON HEIGHTS,QUEENS,2027-04-01,0.020321,0,very_low,baseline
82 ST.-JACKSON HEIGHTS,QUEENS,2027-05-01,0.016554,0,very_low,baseline
82 ST.-JACKSON HEIGHTS,QUEENS,2027-06-01,0.023103,0,very_low,baseline
82 ST.-JACKSON HEIGHTS,QUEENS,2027-07-01,0.024452,0,very_low,baseline
82 ST.-JACKSON HEIGHTS,QUEENS,2027-08-01,0.025427,0,very_low,baseline
82 ST.-JACKSON HEIGHTS,QUEENS,2027-09-01,0.025383,0,very_low,baseline
82 ST.-JACKSON HEIGHTS,QUEENS,2027-10-01,0.022775,0,very_low,baseline
82 ST.-JACKSON HEIGHTS,QUEENS,2027-11-01,0.022576,0,very_low,baseline
82 ST.-JACKSON HEIGHTS,QUEENS,2027-12-01,0.021503,0,very_low,baseline
82 ST.-JACKSON HEIGHTS,QUEENS,2028-01-01,0.021638,0,very_low,baseline
82 ST.-JACKSON HEIGHTS,QUEENS,2028-02-01,0.022179,0,very_low,baseline
82 ST.-JACKSON HEIGHTS,QUEENS,2028-03-01,0.043168,0,very_low,baseline
82 ST.-JACKSON HEIGHTS,QUEENS,2028-04-01,0.042948,0,very_low,baseline
82 ST.-JACKSON HEIGHTS,QUEENS,2028-05-01,0.044824,0,very_low,baseline
82 ST.-JACKSON HEIGHTS,QUEENS,2028-06-01,0.046895,0,very_low,baseline
82 ST.-JACKSON HEIGHTS,QUEENS,2028-07-01,0.049562,0,very_low,baseline
82 ST.-JACKSON HEIGHTS,QUEENS,2028-08-01,0.050006,1,very_low,baseline
82 ST.-JACKSON HEIGHTS,QUEENS,2028-09-01,0.024229,0,very_low,baseline
82 ST.-JACKSON HEIGHTS,QUEENS,2028-10-01,0.01807,0,very_low,baseline
82 ST.-JACKSON HEIGHTS,QUEENS,2028-11-01,0.020674,0,very_low,baseline
82 ST.-JACKSON HEIGHTS,QUEENS,2028-12-01,0.021503,0,very_low,baseline
82 ST.-JACKSON HEIGHTS,QUEENS,2029-01-01,0.021638,0,very_low,baseline
82 ST.-JACKSON HEIGHTS,QUEENS,2029-02-01,0.022389,0,very_low,baseline
82 ST.-JACKSON HEIGHTS,QUEENS,2029-03-01,0.021225,0,very_low,baseline
82 ST.-JACKSON HEIGHTS,QUEENS,2029-04-01,0.021114,0,very_low,baseline
82 ST.-JACKSON HEIGHTS,QUEENS,2029-05-01,0.022058,0,very_low,baseline
82 ST.-JACKSON HEIGHTS,QUEENS,2029-06-01,0.023103,0,very_low,baseline
82 ST.-JACKSON HEIGHTS,QUEENS,2029-07-01,0.024452,0,very_low,baseline
82 ST.-JACKSON HEIGHTS,QUEENS,2029-08-01,0.025189,0,very_low,baseline
82 ST.-JACKSON HEIGHTS,QUEENS,2029-09-01,0.050952,1,very_low,baseline
82 ST.-JACKSON HEIGHTS,QUEENS,2029-10-01,0.021737,0,very_low,baseline
82 ST.-JACKSON HEIGHTS,QUEENS,2029-11-01,0.017912,0,very_low,baseline
82 ST.-JACKSON HEIGHTS,QUEENS,2029-12-01,0.019689,0,very_low,baseline
85 ST.-FOREST PKWY.,QUEENS,2027-01-01,0.00011,0,very_low,baseline
85 ST.-FOREST PKWY.,QUEENS,2027-02-01,0.000166,0,very_low,baseline
85 ST.-FOREST PKWY.,QUEENS,2027-03-01,0.000146,0,very_low,baseline
85 ST.-FOREST PKWY.,QUEENS,2027-04-01,0.000144,0,very_low,baseline
85 ST.-FOREST PKWY.,QUEENS,2027-05-01,0.000142,0,very_low,baseline
85 ST.-FOREST PKWY.,QUEENS,2027-06-01,0.000145,0,very_low,baseline
85 ST.-FOREST PKWY.,QUEENS,2027-07-01,0.000149,0,very_low,baseline
85 ST.-FOREST PKWY.,QUEENS,2027-08-01,0.00015,0,very_low,baseline
85 ST.-FOREST PKWY.,QUEENS,2027-09-01,0.000153,0,very_low,baseline
85 ST.-FOREST PKWY.,QUEENS,2027-10-01,0.000134,0,very_low,baseline
85 ST.-FOREST PKWY.,QUEENS,2027-11-01,0.000124,0,very_low,baseline
85 ST.-FOREST PKWY.,QUEENS,2027-12-01,0.000118,0,very_low,baseline
85 ST.-FOREST PKWY.,QUEENS,2028-01-01,0.000142,0,very_low,baseline
85 ST.-FOREST PKWY.,QUEENS,2028-02-01,0.000147,0,very_low,baseline
85 ST.-FOREST PKWY.,QUEENS,2028-03-01,0.000146,0,very_low,baseline
85 ST.-FOREST PKWY.,QUEENS,2028-04-01,0.000144,0,very_low,baseline
85 ST.-FOREST PKWY.,QUEENS,2028-05-01,0.000148,0,very_low,baseline
85 ST.-FOREST PKWY.,QUEENS,2028-06-01,0.000145,0,very_low,baseline
85 ST.-FOREST PKWY.,QUEENS,2028-07-01,0.000149,0,very_low,baseline
85 ST.-FOREST PKWY.,QUEENS,2028-08-01,0.00015,0,very_low,baseline
85 ST.-FOREST PKWY.,QUEENS,2028-09-01,0.000153,0,very_low,baseline
85 ST.-FOREST PKWY.,QUEENS,2028-10-01,0.000134,0,very_low,baseline
85 ST.-FOREST PKWY.,QUEENS,2028-11-01,0.000124,0,very_low,baseline
85 ST.-FOREST PKWY.,QUEENS,2028-12-01,0.000118,0,very_low,baseline
85 ST.-FOREST PKWY.,QUEENS,2029-01-01,0.000142,0,very_low,baseline
85 ST.-FOREST PKWY.,QUEENS,2029-02-01,0.000147,0,very_low,baseline
85 ST.-FOREST PKWY.,QUEENS,2029-03-01,0.000146,0,very_low,baseline
85 ST.-FOREST PKWY.,QUEENS,2029-04-01,0.000144,0,very_low,baseline
85 ST.-FOREST PKWY.,QUEENS,2029-05-01,0.000148,0,very_low,baseline
85 ST.-FOREST PKWY.,QUEENS,2029-06-01,0.000145,0,very_low,baseline
85 ST.-FOREST PKWY.,QUEENS,2029-07-01,0.000149,0,very_low,baseline
85 ST.-FOREST PKWY.,QUEENS,2029-08-01,0.00015,0,very_low,baseline
85 ST.-FOREST PKWY.,QUEENS,2029-09-01,0.000153,0,very_low,baseline
85 ST.-FOREST PKWY.,QUEENS,2029-10-01,0.000134,0,very_low,baseline
85 ST.-FOREST PKWY.,QUEENS,2029-11-01,0.000124,0,very_low,baseline
85 ST.-FOREST PKWY.,QUEENS,2029-12-01,0.000118,0,very_low,baseline
86 STREET,MANHATTAN,2027-01-01,0.022698,0,very_low,baseline
86 STREET,MANHATTAN,2027-02-01,0.046083,0,very_low,baseline
86 STREET,MANHATTAN,2027-03-01,0.095193,1,very_low,baseline
86 STREET,MANHATTAN,2027-04-01,0.035559,0,very_low,baseline
86 STREET,MANHATTAN,2027-05-01,0.063551,1,very_low,baseline
86 STREET,MANHATTAN,2027-06-01,0.082149,1,very_low,baseline
86 STREET,MANHATTAN,2027-07-01,0.0802,1,very_low,baseline
86 STREET,MANHATTAN,2027-08-01,0.095113,1,very_low,baseline
86 STREET,MANHATTAN,2027-09-01,0.11128,1,very_low,baseline
86 STREET,MANHATTAN,2027-10-01,0.11195,1,very_low,baseline
86 STREET,MANHATTAN,2027-11-01,0.129989,1,very_low,baseline
86 STREET,MANHATTAN,2027-12-01,0.133119,1,very_low,baseline
86 STREET,MANHATTAN,2028-01-01,0.115844,1,very_low,baseline
86 STREET,MANHATTAN,2028-02-01,0.112213,1,very_low,baseline
86 STREET,MANHATTAN,2028-03-01,0.126816,1,very_low,baseline
86 STREET,MANHATTAN,2028-04-01,0.125477,1,very_low,baseline
86 STREET,MANHATTAN,2028-05-01,0.129902,1,very_low,baseline
86 STREET,MANHATTAN,2028-06-01,0.132057,1,very_low,baseline
86 STREET,MANHATTAN,2028-07-01,0.131819,1,very_low,baseline
86 STREET,MANHATTAN,2028-08-01,0.138223,1,very_low,baseline
86 STREET,MANHATTAN,2028-09-01,0.141225,1,very_low,baseline
86 STREET,MANHATTAN,2028-10-01,0.140224,1,very_low,baseline
86 STREET,MANHATTAN,2028-11-01,0.137637,1,very_low,baseline
86 STREET,MANHATTAN,2028-12-01,0.137058,1,very_low,baseline
86 STREET,MANHATTAN,2029-01-01,0.118406,1,very_low,baseline
86 STREET,MANHATTAN,2029-02-01,0.116881,1,very_low,baseline
86 STREET,MANHATTAN,2029-03-01,0.126816,1,very_low,baseline
86 STREET,MANHATTAN,2029-04-01,0.125477,1,very_low,baseline
86 STREET,MANHATTAN,2029-05-01,0.129902,1,very_low,baseline
86 STREET,MANHATTAN,2029-06-01,0.132057,1,very_low,baseline
86 STREET,MANHATTAN,2029-07-01,0.131819,1,very_low,baseline
86 STREET,MANHATTAN,2029-08-01,0.138223,1,very_low,baseline
86 STREET,MANHATTAN,2029-09-01,0.141225,1,very_low,baseline
86 STREET,MANHATTAN,2029-10-01,0.140224,1,very_low,baseline
86 STREET,MANHATTAN,2029-11-01,0.137637,1,very_low,baseline
86 STREET,MANHATTAN,2029-12-01,0.137058,1,very_low,baseline
86TH STREET,MANHATTAN,2027-01-01,0.000197,0,very_low,baseline
86TH STREET,MANHATTAN,2027-02-01,0.000258,0,very_low,baseline
86TH STREET,MANHATTAN,2027-03-01,0.00026,0,very_low,baseline
86TH STREET,MANHATTAN,2027-04-01,0.000321,0,very_low,baseline
86TH STREET,MANHATTAN,2027-05-01,0.000279,0,very_low,baseline
86TH STREET,MANHATTAN,2027-06-01,0.000265,0,very_low,baseline
86TH STREET,MANHATTAN,2027-07-01,0.000258,0,very_low,baseline
86TH STREET,MANHATTAN,2027-08-01,0.000278,0,very_low,baseline
86TH STREET,MANHATTAN,2027-09-01,0.000285,0,very_low,baseline
86TH STREET,MANHATTAN,2027-10-01,0.000247,0,very_low,baseline
86TH STREET,MANHATTAN,2027-11-01,0.000219,0,very_low,baseline
86TH STREET,MANHATTAN,2027-12-01,0.00021,0,very_low,baseline
86TH STREET,MANHATTAN,2028-01-01,0.000257,0,very_low,baseline
86TH STREET,MANHATTAN,2028-02-01,0.000272,0,very_low,baseline
86TH STREET,MANHATTAN,2028-03-01,0.000263,0,very_low,baseline
86TH STREET,MANHATTAN,2028-04-01,0.000256,0,very_low,baseline
86TH STREET,MANHATTAN,2028-05-01,0.000263,0,very_low,baseline
86TH STREET,MANHATTAN,2028-06-01,0.000265,0,very_low,baseline
86TH STREET,MANHATTAN,2028-07-01,0.000258,0,very_low,baseline
86TH STREET,MANHATTAN,2028-08-01,0.000278,0,very_low,baseline
86TH STREET,MANHATTAN,2028-09-01,0.000285,0,very_low,baseline
86TH STREET,MANHATTAN,2028-10-01,0.000247,0,very_low,baseline
86TH STREET,MANHATTAN,2028-11-01,0.000219,0,very_low,baseline
86TH STREET,MANHATTAN,2028-12-01,0.00021,0,very_low,baseline
86TH STREET,MANHATTAN,2029-01-01,0.000257,0,very_low,baseline
86TH STREET,MANHATTAN,2029-02-01,0.000272,0,very_low,baseline
86TH STREET,MANHATTAN,2029-03-01,0.000263,0,very_low,baseline
86TH STREET,MANHATTAN,2029-04-01,0.000256,0,very_low,baseline
86TH STREET,MANHATTAN,2029-05-01,0.000263,0,very_low,baseline
86TH STREET,MANHATTAN,2029-06-01,0.000265,0,very_low,baseline
86TH STREET,MANHATTAN,2029-07-01,0.000258,0,very_low,baseline
86TH STREET,MANHATTAN,2029-08-01,0.000278,0,very_low,baseline
86TH STREET,MANHATTAN,2029-09-01,0.000285,0,very_low,baseline
86TH STREET,MANHATTAN,2029-10-01,0.000247,0,very_low,baseline
86TH STREET,MANHATTAN,2029-11-01,0.000219,0,very_low,baseline
86TH STREET,MANHATTAN,2029-12-01,0.00021,0,very_low,baseline
88 STREET,QUEENS,2027-01-01,0.00026,0,very_low,baseline
88 STREET,QUEENS,2027-02-01,0.000214,0,very_low,baseline
88 STREET,QUEENS,2027-03-01,0.000335,0,very_low,baseline
88 STREET,QUEENS,2027-04-01,0.000287,0,very_low,baseline
88 STREET,QUEENS,2027-05-01,0.000349,0,very_low,baseline
88 STREET,QUEENS,2027-06-01,0.000315,0,very_low,baseline
88 STREET,QUEENS,2027-07-01,0.000326,0,very_low,baseline
88 STREET,QUEENS,2027-08-01,0.000333,0,very_low,baseline
88 STREET,QUEENS,2027-09-01,0.000333,0,very_low,baseline
88 STREET,QUEENS,2027-10-01,0.000277,0,very_low,baseline
88 STREET,QUEENS,2027-11-01,0.000216,0,very_low,baseline
88 STREET,QUEENS,2027-12-01,0.000205,0,very_low,baseline
88 STREET,QUEENS,2028-01-01,0.000286,0,very_low,baseline
88 STREET,QUEENS,2028-02-01,0.000311,0,very_low,baseline
88 STREET,QUEENS,2028-03-01,0.000291,0,very_low,baseline
88 STREET,QUEENS,2028-04-01,0.000296,0,very_low,baseline
88 STREET,QUEENS,2028-05-01,0.000304,0,very_low,baseline
88 STREET,QUEENS,2028-06-01,0.000315,0,very_low,baseline
88 STREET,QUEENS,2028-07-01,0.000326,0,very_low,baseline
88 STREET,QUEENS,2028-08-01,0.000333,0,very_low,baseline
88 STREET,QUEENS,2028-09-01,0.000333,0,very_low,baseline
88 STREET,QUEENS,2028-10-01,0.000277,0,very_low,baseline
88 STREET,QUEENS,2028-11-01,0.000216,0,very_low,baseline
88 STREET,QUEENS,2028-12-01,0.000205,0,very_low,baseline
88 STREET,QUEENS,2029-01-01,0.000286,0,very_low,baseline
88 STREET,QUEENS,2029-02-01,0.000311,0,very_low,baseline
88 STREET,QUEENS,2029-03-01,0.000291,0,very_low,baseline
88 STREET,QUEENS,2029-04-01,0.000296,0,very_low,baseline
88 STREET,QUEENS,2029-05-01,0.000304,0,very_low,baseline
88 STREET,QUEENS,2029-06-01,0.000315,0,very_low,baseline
88 STREET,QUEENS,2029-07-01,0.000326,0,very_low,baseline
88 STREET,QUEENS,2029-08-01,0.000333,0,very_low,baseline
88 STREET,QUEENS,2029-09-01,0.000333,0,very_low,baseline
88 STREET,QUEENS,2029-10-01,0.000277,0,very_low,baseline
88 STREET,QUEENS,2029-11-01,0.000216,0,very_low,baseline
88 STREET,QUEENS,2029-12-01,0.000205,0,very_low,baseline
9 AVENUE,BROOKLYN,2027-01-01,0.000245,0,very_low,baseline
9 AVENUE,BROOKLYN,2027-02-01,0.000167,0,very_low,baseline
9 AVENUE,BROOKLYN,2027-03-01,0.000111,0,very_low,baseline
9 AVENUE,BROOKLYN,2027-04-01,0.00011,0,very_low,baseline
9 AVENUE,BROOKLYN,2027-05-01,0.000111,0,very_low,baseline
9 AVENUE,BROOKLYN,2027-06-01,0.000149,0,very_low,baseline
9 AVENUE,BROOKLYN,2027-07-01,0.000152,0,very_low,baseline
9 AVENUE,BROOKLYN,2027-08-01,0.000156,0,very_low,baseline
9 AVENUE,BROOKLYN,2027-09-01,0.000163,0,very_low,baseline
9 AVENUE,BROOKLYN,2027-10-01,0.000143,0,very_low,baseline
9 AVENUE,BROOKLYN,2027-11-01,0.000132,0,very_low,baseline
9 AVENUE,BROOKLYN,2027-12-01,0.000126,0,very_low,baseline
9 AVENUE,BROOKLYN,2028-01-01,0.000145,0,very_low,baseline
9 AVENUE,BROOKLYN,2028-02-01,0.000151,0,very_low,baseline
9 AVENUE,BROOKLYN,2028-03-01,0.00015,0,very_low,baseline
9 AVENUE,BROOKLYN,2028-04-01,0.000148,0,very_low,baseline
9 AVENUE,BROOKLYN,2028-05-01,0.000152,0,very_low,baseline
9 AVENUE,BROOKLYN,2028-06-01,0.000149,0,very_low,baseline
9 AVENUE,BROOKLYN,2028-07-01,0.000152,0,very_low,baseline
9 AVENUE,BROOKLYN,2028-08-01,0.000156,0,very_low,baseline
9 AVENUE,BROOKLYN,2028-09-01,0.000163,0,very_low,baseline
9 AVENUE,BROOKLYN,2028-10-01,0.000143,0,very_low,baseline
9 AVENUE,BROOKLYN,2028-11-01,0.000132,0,very_low,baseline
9 AVENUE,BROOKLYN,2028-12-01,0.000126,0,very_low,baseline
9 AVENUE,BROOKLYN,2029-01-01,0.000145,0,very_low,baseline
9 AVENUE,BROOKLYN,2029-02-01,0.000151,0,very_low,baseline
9 AVENUE,BROOKLYN,2029-03-01,0.00015,0,very_low,baseline
9 AVENUE,BROOKLYN,2029-04-01,0.000148,0,very_low,baseline
9 AVENUE,BROOKLYN,2029-05-01,0.000152,0,very_low,baseline
9 AVENUE,BROOKLYN,2029-06-01,0.000149,0,very_low,baseline
9 AVENUE,BROOKLYN,2029-07-01,0.000152,0,very_low,baseline
9 AVENUE,BROOKLYN,2029-08-01,0.000156,0,very_low,baseline
9 AVENUE,BROOKLYN,2029-09-01,0.000163,0,very_low,baseline
9 AVENUE,BROOKLYN,2029-10-01,0.000143,0,very_low,baseline
9 AVENUE,BROOKLYN,2029-11-01,0.000132,0,very_low,baseline
9 AVENUE,BROOKLYN,2029-12-01,0.000126,0,very_low,baseline
90 ST.-ELMHURST AVE.,QUEENS,2027-01-01,0.101782,1,very_low,baseline
90 ST.-ELMHURST AVE.,QUEENS,2027-02-01,0.097741,1,very_low,baseline
90 ST.-ELMHURST AVE.,QUEENS,2027-03-01,0.068943,1,very_low,baseline
90 ST.-ELMHURST AVE.,QUEENS,2027-04-01,0.057913,1,very_low,baseline
90 ST.-ELMHURST AVE.,QUEENS,2027-05-01,0.070785,1,very_low,baseline
90 ST.-ELMHURST AVE.,QUEENS,2027-06-01,0.079738,1,very_low,baseline
90 ST.-ELMHURST AVE.,QUEENS,2027-07-01,0.08559,1,very_low,baseline
90 ST.-ELMHURST AVE.,QUEENS,2027-08-01,0.085017,1,very_low,baseline
90 ST.-ELMHURST AVE.,QUEENS,2027-09-01,0.084822,1,very_low,baseline
90 ST.-ELMHURST AVE.,QUEENS,2027-10-01,0.077713,1,very_low,baseline
90 ST.-ELMHURST AVE.,QUEENS,2027-11-01,0.075405,1,very_low,baseline
90 ST.-ELMHURST AVE.,QUEENS,2027-12-01,0.073539,1,very_low,baseline
90 ST.-ELMHURST AVE.,QUEENS,2028-01-01,0.079899,1,very_low,baseline
90 ST.-ELMHURST AVE.,QUEENS,2028-02-01,0.07879,1,very_low,baseline
90 ST.-ELMHURST AVE.,QUEENS,2028-03-01,0.078177,1,very_low,baseline
90 ST.-ELMHURST AVE.,QUEENS,2028-04-01,0.077175,1,very_low,baseline
90 ST.-ELMHURST AVE.,QUEENS,2028-05-01,0.08042,1,very_low,baseline
90 ST.-ELMHURST AVE.,QUEENS,2028-06-01,0.083422,1,very_low,baseline
90 ST.-ELMHURST AVE.,QUEENS,2028-07-01,0.087975,1,very_low,baseline
90 ST.-ELMHURST AVE.,QUEENS,2028-08-01,0.085731,1,very_low,baseline
90 ST.-ELMHURST AVE.,QUEENS,2028-09-01,0.084938,1,very_low,baseline
90 ST.-ELMHURST AVE.,QUEENS,2028-10-01,0.07782,1,very_low,baseline
90 ST.-ELMHURST AVE.,QUEENS,2028-11-01,0.077006,1,very_low,baseline
90 ST.-ELMHURST AVE.,QUEENS,2028-12-01,0.073539,1,very_low,baseline
90 ST.-ELMHURST AVE.,QUEENS,2029-01-01,0.079899,1,very_low,baseline
90 ST.-ELMHURST AVE.,QUEENS,2029-02-01,0.07879,1,very_low,baseline
90 ST.-ELMHURST AVE.,QUEENS,2029-03-01,0.078177,1,very_low,baseline
90 ST.-ELMHURST AVE.,QUEENS,2029-04-01,0.077175,1,very_low,baseline
90 ST.-ELMHURST AVE.,QUEENS,2029-05-01,0.08042,1,very_low,baseline
90 ST.-ELMHURST AVE.,QUEENS,2029-06-01,0.083422,1,very_low,baseline
90 ST.-ELMHURST AVE.,QUEENS,2029-07-01,0.087975,1,very_low,baseline
90 ST.-ELMHURST AVE.,QUEENS,2029-08-01,0.085731,1,very_low,baseline
90 ST.-ELMHURST AVE.,QUEENS,2029-09-01,0.084938,1,very_low,baseline
90 ST.-ELMHURST AVE.,QUEENS,2029-10-01,0.07782,1,very_low,baseline
90 ST.-ELMHURST AVE.,QUEENS,2029-11-01,0.077006,1,very_low,baseline
90 ST.-ELMHURST AVE.,QUEENS,2029-12-01,0.073539,1,very_low,baseline
95 STREET-BAY RIDGE,BROOKLYN,2027-01-01,0.000484,0,very_low,baseline
95 STREET-BAY RIDGE,BROOKLYN,2027-02-01,0.000496,0,very_low,baseline
95 STREET-BAY RIDGE,BROOKLYN,2027-03-01,0.000455,0,very_low,baseline
95 STREET-BAY RIDGE,BROOKLYN,2027-04-01,0.000493,0,very_low,baseline
95 STREET-BAY RIDGE,BROOKLYN,2027-05-01,0.000379,0,very_low,baseline
95 STREET-BAY RIDGE,BROOKLYN,2027-06-01,0.000395,0,very_low,baseline
95 STREET-BAY RIDGE,BROOKLYN,2027-07-01,0.000371,0,very_low,baseline
95 STREET-BAY RIDGE,BROOKLYN,2027-08-01,0.000402,0,very_low,baseline
95 STREET-BAY RIDGE,BROOKLYN,2027-09-01,0.000418,0,very_low,baseline
95 STREET-BAY RIDGE,BROOKLYN,2027-10-01,0.00035,0,very_low,baseline
95 STREET-BAY RIDGE,BROOKLYN,2027-11-01,0.000295,0,very_low,baseline
95 STREET-BAY RIDGE,BROOKLYN,2027-12-01,0.000284,0,very_low,baseline
95 STREET-BAY RIDGE,BROOKLYN,2028-01-01,0.000371,0,very_low,baseline
95 STREET-BAY RIDGE,BROOKLYN,2028-02-01,0.000368,0,very_low,baseline
95 STREET-BAY RIDGE,BROOKLYN,2028-03-01,0.000383,0,very_low,baseline
95 STREET-BAY RIDGE,BROOKLYN,2028-04-01,0.000383,0,very_low,baseline
95 STREET-BAY RIDGE,BROOKLYN,2028-05-01,0.000394,0,very_low,baseline
95 STREET-BAY RIDGE,BROOKLYN,2028-06-01,0.000395,0,very_low,baseline
95 STREET-BAY RIDGE,BROOKLYN,2028-07-01,0.000371,0,very_low,baseline
95 STREET-BAY RIDGE,BROOKLYN,2028-08-01,0.000402,0,very_low,baseline
95 STREET-BAY RIDGE,BROOKLYN,2028-09-01,0.000418,0,very_low,baseline
95 STREET-BAY RIDGE,BROOKLYN,2028-10-01,0.00035,0,very_low,baseline
95 STREET-BAY RIDGE,BROOKLYN,2028-11-01,0.000295,0,very_low,baseline
95 STREET-BAY RIDGE,BROOKLYN,2028-12-01,0.000284,0,very_low,baseline
95 STREET-BAY RIDGE,BROOKLYN,2029-01-01,0.000371,0,very_low,baseline
95 STREET-BAY RIDGE,BROOKLYN,2029-02-01,0.000368,0,very_low,baseline
95 STREET-BAY RIDGE,BROOKLYN,2029-03-01,0.000383,0,very_low,baseline
95 STREET-BAY RIDGE,BROOKLYN,2029-04-01,0.000383,0,very_low,baseline
95 STREET-BAY RIDGE,BROOKLYN,2029-05-01,0.000394,0,very_low,baseline
95 STREET-BAY RIDGE,BROOKLYN,2029-06-01,0.000395,0,very_low,baseline
95 STREET-BAY RIDGE,BROOKLYN,2029-07-01,0.000371,0,very_low,baseline
95 STREET-BAY RIDGE,BROOKLYN,2029-08-01,0.000402,0,very_low,baseline
95 STREET-BAY RIDGE,BROOKLYN,2029-09-01,0.000418,0,very_low,baseline
95 STREET-BAY RIDGE,BROOKLYN,2029-10-01,0.00035,0,very_low,baseline
95 STREET-BAY RIDGE,BROOKLYN,2029-11-01,0.000295,0,very_low,baseline
95 STREET-BAY RIDGE,BROOKLYN,2029-12-01,0.000284,0,very_low,baseline
96 STREET,MANHATTAN,2027-01-01,0.051497,1,very_low,baseline
96 STREET,MANHATTAN,2027-02-01,0.033162,0,very_low,baseline
96 STREET,MANHATTAN,2027-03-01,0.04463,0,very_low,baseline
96 STREET,MANHATTAN,2027-04-01,0.040684,0,very_low,baseline
96 STREET,MANHATTAN,2027-05-01,0.036586,0,very_low,baseline
96 STREET,MANHATTAN,2027-06-01,0.034258,0,very_low,baseline
96 STREET,MANHATTAN,2027-07-01,0.035317,0,very_low,baseline
96 STREET,MANHATTAN,2027-08-01,0.03887,0,very_low,baseline
96 STREET,MANHATTAN,2027-09-01,0.040435,0,very_low,baseline
96 STREET,MANHATTAN,2027-10-01,0.040115,0,very_low,baseline
96 STREET,MANHATTAN,2027-11-01,0.039432,0,very_low,baseline
96 STREET,MANHATTAN,2027-12-01,0.039247,0,very_low,baseline
96 STREET,MANHATTAN,2028-01-01,0.03251,0,very_low,baseline
96 STREET,MANHATTAN,2028-02-01,0.056324,1,very_low,baseline
96 STREET,MANHATTAN,2028-03-01,0.033909,0,very_low,baseline
96 STREET,MANHATTAN,2028-04-01,0.035843,0,very_low,baseline
96 STREET,MANHATTAN,2028-05-01,0.034622,0,very_low,baseline
96 STREET,MANHATTAN,2028-06-01,0.034258,0,very_low,baseline
96 STREET,MANHATTAN,2028-07-01,0.034819,0,very_low,baseline
96 STREET,MANHATTAN,2028-08-01,0.039424,0,very_low,baseline
96 STREET,MANHATTAN,2028-09-01,0.040435,0,very_low,baseline
96 STREET,MANHATTAN,2028-10-01,0.040115,0,very_low,baseline
96 STREET,MANHATTAN,2028-11-01,0.039432,0,very_low,baseline
96 STREET,MANHATTAN,2028-12-01,0.039247,0,very_low,baseline
96 STREET,MANHATTAN,2029-01-01,0.03251,0,very_low,baseline
96 STREET,MANHATTAN,2029-02-01,0.032051,0,very_low,baseline
96 STREET,MANHATTAN,2029-03-01,0.061264,1,very_low,baseline
96 STREET,MANHATTAN,2029-04-01,0.033513,0,very_low,baseline
96 STREET,MANHATTAN,2029-05-01,0.037171,0,very_low,baseline
96 STREET,MANHATTAN,2029-06-01,0.034288,0,very_low,baseline
96 STREET,MANHATTAN,2029-07-01,0.034819,0,very_low,baseline
96 STREET,MANHATTAN,2029-08-01,0.03887,0,very_low,baseline
96 STREET,MANHATTAN,2029-09-01,0.041398,0,very_low,baseline
96 STREET,MANHATTAN,2029-10-01,0.040115,0,very_low,baseline
96 STREET,MANHATTAN,2029-11-01,0.039432,0,very_low,baseline
96 STREET,MANHATTAN,2029-12-01,0.039247,0,very_low,baseline
96TH STREET,MANHATTAN,2027-01-01,0.000223,0,very_low,baseline
96TH STREET,MANHATTAN,2027-02-01,0.000167,0,very_low,baseline
96TH STREET,MANHATTAN,2027-03-01,0.000155,0,very_low,baseline
96TH STREET,MANHATTAN,2027-04-01,0.000183,0,very_low,baseline
96TH STREET,MANHATTAN,2027-05-01,0.000187,0,very_low,baseline
96TH STREET,MANHATTAN,2027-06-01,0.000183,0,very_low,baseline
96TH STREET,MANHATTAN,2027-07-01,0.000175,0,very_low,baseline
96TH STREET,MANHATTAN,2027-08-01,0.000177,0,very_low,baseline
96TH STREET,MANHATTAN,2027-09-01,0.000183,0,very_low,baseline
96TH STREET,MANHATTAN,2027-10-01,0.000157,0,very_low,baseline
96TH STREET,MANHATTAN,2027-11-01,0.000149,0,very_low,baseline
96TH STREET,MANHATTAN,2027-12-01,0.000142,0,very_low,baseline
96TH STREET,MANHATTAN,2028-01-01,0.00017,0,very_low,baseline
96TH STREET,MANHATTAN,2028-02-01,0.000181,0,very_low,baseline
96TH STREET,MANHATTAN,2028-03-01,0.00018,0,very_low,baseline
96TH STREET,MANHATTAN,2028-04-01,0.000182,0,very_low,baseline
96TH STREET,MANHATTAN,2028-05-01,0.000187,0,very_low,baseline
96TH STREET,MANHATTAN,2028-06-01,0.000183,0,very_low,baseline
96TH STREET,MANHATTAN,2028-07-01,0.000175,0,very_low,baseline
96TH STREET,MANHATTAN,2028-08-01,0.000177,0,very_low,baseline
96TH STREET,MANHATTAN,2028-09-01,0.000183,0,very_low,baseline
96TH STREET,MANHATTAN,2028-10-01,0.000157,0,very_low,baseline
96TH STREET,MANHATTAN,2028-11-01,0.000149,0,very_low,baseline
96TH STREET,MANHATTAN,2028-12-01,0.000142,0,very_low,baseline
96TH STREET,MANHATTAN,2029-01-01,0.00017,0,very_low,baseline
96TH STREET,MANHATTAN,2029-02-01,0.000181,0,very_low,baseline
96TH STREET,MANHATTAN,2029-03-01,0.00018,0,very_low,baseline
96TH STREET,MANHATTAN,2029-04-01,0.000182,0,very_low,baseline
96TH STREET,MANHATTAN,2029-05-01,0.000187,0,very_low,baseline
96TH STREET,MANHATTAN,2029-06-01,0.000183,0,very_low,baseline
96TH STREET,MANHATTAN,2029-07-01,0.000175,0,very_low,baseline
96TH STREET,MANHATTAN,2029-08-01,0.000177,0,very_low,baseline
96TH STREET,MANHATTAN,2029-09-01,0.000183,0,very_low,baseline
96TH STREET,MANHATTAN,2029-10-01,0.000157,0,very_low,baseline
96TH STREET,MANHATTAN,2029-11-01,0.000149,0,very_low,baseline
96TH STREET,MANHATTAN,2029-12-01,0.000142,0,very_low,baseline
9TH STREET,BROOKLYN,2027-01-01,0.000356,0,very_low,baseline
9TH STREET,BROOKLYN,2027-02-01,0.000332,0,very_low,baseline
9TH STREET,BROOKLYN,2027-03-01,0.000468,0,very_low,baseline
9TH STREET,BROOKLYN,2027-04-01,0.000365,0,very_low,baseline
9TH STREET,BROOKLYN,2027-05-01,0.000378,0,very_low,baseline
9TH STREET,BROOKLYN,2027-06-01,0.000362,0,very_low,baseline
9TH STREET,BROOKLYN,2027-07-01,0.00035,0,very_low,baseline
9TH STREET,BROOKLYN,2027-08-01,0.00038,0,very_low,baseline
9TH STREET,BROOKLYN,2027-09-01,0.000394,0,very_low,baseline
9TH STREET,BROOKLYN,2027-10-01,0.00033,0,very_low,baseline
9TH STREET,BROOKLYN,2027-11-01,0.000279,0,very_low,baseline
9TH STREET,BROOKLYN,2027-12-01,0.000268,0,very_low,baseline
9TH STREET,BROOKLYN,2028-01-01,0.000351,0,very_low,baseline
9TH STREET,BROOKLYN,2028-02-01,0.000355,0,very_low,baseline
9TH STREET,BROOKLYN,2028-03-01,0.000359,0,very_low,baseline
9TH STREET,BROOKLYN,2028-04-01,0.00035,0,very_low,baseline
9TH STREET,BROOKLYN,2028-05-01,0.000359,0,very_low,baseline
9TH STREET,BROOKLYN,2028-06-01,0.000362,0,very_low,baseline
9TH STREET,BROOKLYN,2028-07-01,0.00035,0,very_low,baseline
9TH STREET,BROOKLYN,2028-08-01,0.00038,0,very_low,baseline
9TH STREET,BROOKLYN,2028-09-01,0.000394,0,very_low,baseline
9TH STREET,BROOKLYN,2028-10-01,0.00033,0,very_low,baseline
9TH STREET,BROOKLYN,2028-11-01,0.000279,0,very_low,baseline
9TH STREET,BROOKLYN,2028-12-01,0.000268,0,very_low,baseline
9TH STREET,BROOKLYN,2029-01-01,0.000351,0,very_low,baseline
9TH STREET,BROOKLYN,2029-02-01,0.000355,0,very_low,baseline
9TH STREET,BROOKLYN,2029-03-01,0.000359,0,very_low,baseline
9TH STREET,BROOKLYN,2029-04-01,0.00035,0,very_low,baseline
9TH STREET,BROOKLYN,2029-05-01,0.000359,0,very_low,baseline
9TH STREET,BROOKLYN,2029-06-01,0.000362,0,very_low,baseline
9TH STREET,BROOKLYN,2029-07-01,0.00035,0,very_low,baseline
9TH STREET,BROOKLYN,2029-08-01,0.00038,0,very_low,baseline
9TH STREET,BROOKLYN,2029-09-01,0.000394,0,very_low,baseline
9TH STREET,BROOKLYN,2029-10-01,0.00033,0,very_low,baseline
9TH STREET,BROOKLYN,2029-11-01,0.000279,0,very_low,baseline
9TH STREET,BROOKLYN,2029-12-01,0.000268,0,very_low,baseline
ALABAMA AVENUE,BROOKLYN,2027-01-01,0.000644,0,very_low,baseline
ALABAMA AVENUE,BROOKLYN,2027-02-01,0.000726,0,very_low,baseline
ALABAMA AVENUE,BROOKLYN,2027-03-01,0.000571,0,very_low,baseline
ALABAMA AVENUE,BROOKLYN,2027-04-01,0.00082,0,very_low,baseline
ALABAMA AVENUE,BROOKLYN,2027-05-01,0.000842,0,very_low,baseline
ALABAMA AVENUE,BROOKLYN,2027-06-01,0.000859,0,very_low,baseline
ALABAMA AVENUE,BROOKLYN,2027-07-01,0.000831,0,very_low,baseline
ALABAMA AVENUE,BROOKLYN,2027-08-01,0.000893,0,very_low,baseline
ALABAMA AVENUE,BROOKLYN,2027-09-01,0.000927,0,very_low,baseline
ALABAMA AVENUE,BROOKLYN,2027-10-01,0.000799,0,very_low,baseline
ALABAMA AVENUE,BROOKLYN,2027-11-01,0.000668,0,very_low,baseline
ALABAMA AVENUE,BROOKLYN,2027-12-01,0.000642,0,very_low,baseline
ALABAMA AVENUE,BROOKLYN,2028-01-01,0.000813,0,very_low,baseline
ALABAMA AVENUE,BROOKLYN,2028-02-01,0.000862,0,very_low,baseline
ALABAMA AVENUE,BROOKLYN,2028-03-01,0.000861,0,very_low,baseline
ALABAMA AVENUE,BROOKLYN,2028-04-01,0.000829,0,very_low,baseline
ALABAMA AVENUE,BROOKLYN,2028-05-01,0.000852,0,very_low,baseline
ALABAMA AVENUE,BROOKLYN,2028-06-01,0.000859,0,very_low,baseline
ALABAMA AVENUE,BROOKLYN,2028-07-01,0.000831,0,very_low,baseline
ALABAMA AVENUE,BROOKLYN,2028-08-01,0.000893,0,very_low,baseline
ALABAMA AVENUE,BROOKLYN,2028-09-01,0.000927,0,very_low,baseline
ALABAMA AVENUE,BROOKLYN,2028-10-01,0.000799,0,very_low,baseline
ALABAMA AVENUE,BROOKLYN,2028-11-01,0.000668,0,very_low,baseline
ALABAMA AVENUE,BROOKLYN,2028-12-01,0.000642,0,very_low,baseline
ALABAMA AVENUE,BROOKLYN,2029-01-01,0.000813,0,very_low,baseline
ALABAMA AVENUE,BROOKLYN,2029-02-01,0.000862,0,very_low,baseline
ALABAMA AVENUE,BROOKLYN,2029-03-01,0.000861,0,very_low,baseline
ALABAMA AVENUE,BROOKLYN,2029-04-01,0.000829,0,very_low,baseline
ALABAMA AVENUE,BROOKLYN,2029-05-01,0.000852,0,very_low,baseline
ALABAMA AVENUE,BROOKLYN,2029-06-01,0.000859,0,very_low,baseline
ALABAMA AVENUE,BROOKLYN,2029-07-01,0.000831,0,very_low,baseline
ALABAMA AVENUE,BROOKLYN,2029-08-01,0.000893,0,very_low,baseline
ALABAMA AVENUE,BROOKLYN,2029-09-01,0.000927,0,very_low,baseline
ALABAMA AVENUE,BROOKLYN,2029-10-01,0.000799,0,very_low,baseline
ALABAMA AVENUE,BROOKLYN,2029-11-01,0.000668,0,very_low,baseline
ALABAMA AVENUE,BROOKLYN,2029-12-01,0.000642,0,very_low,baseline
ALLERTON AVENUE,BRONX,2027-01-01,0.000358,0,very_low,baseline
ALLERTON AVENUE,BRONX,2027-02-01,0.000313,0,very_low,baseline
ALLERTON AVENUE,BRONX,2027-03-01,0.00018,0,very_low,baseline
ALLERTON AVENUE,BRONX,2027-04-01,0.000155,0,very_low,baseline
ALLERTON AVENUE,BRONX,2027-05-01,0.000191,0,very_low,baseline
ALLERTON AVENUE,BRONX,2027-06-01,0.000166,0,very_low,baseline
ALLERTON AVENUE,BRONX,2027-07-01,0.000158,0,very_low,baseline
ALLERTON AVENUE,BRONX,2027-08-01,0.000161,0,very_low,baseline
ALLERTON AVENUE,BRONX,2027-09-01,0.000166,0,very_low,baseline
ALLERTON AVENUE,BRONX,2027-10-01,0.000136,0,very_low,baseline
ALLERTON AVENUE,BRONX,2027-11-01,0.000129,0,very_low,baseline
ALLERTON AVENUE,BRONX,2027-12-01,0.000123,0,very_low,baseline
ALLERTON AVENUE,BRONX,2028-01-01,0.000147,0,very_low,baseline
ALLERTON AVENUE,BRONX,2028-02-01,0.000157,0,very_low,baseline
ALLERTON AVENUE,BRONX,2028-03-01,0.000155,0,very_low,baseline
ALLERTON AVENUE,BRONX,2028-04-01,0.000161,0,very_low,baseline
ALLERTON AVENUE,BRONX,2028-05-01,0.000165,0,very_low,baseline
ALLERTON AVENUE,BRONX,2028-06-01,0.000166,0,very_low,baseline
ALLERTON AVENUE,BRONX,2028-07-01,0.000158,0,very_low,baseline
ALLERTON AVENUE,BRONX,2028-08-01,0.000161,0,very_low,baseline
ALLERTON AVENUE,BRONX,2028-09-01,0.000166,0,very_low,baseline
ALLERTON AVENUE,BRONX,2028-10-01,0.000136,0,very_low,baseline
ALLERTON AVENUE,BRONX,2028-11-01,0.000129,0,very_low,baseline
ALLERTON AVENUE,BRONX,2028-12-01,0.000123,0,very_low,baseline
ALLERTON AVENUE,BRONX,2029-01-01,0.000147,0,very_low,baseline
ALLERTON AVENUE,BRONX,2029-02-01,0.000157,0,very_low,baseline
ALLERTON AVENUE,BRONX,2029-03-01,0.000155,0,very_low,baseline
ALLERTON AVENUE,BRONX,2029-04-01,0.000161,0,very_low,baseline
ALLERTON AVENUE,BRONX,2029-05-01,0.000165,0,very_low,baseline
ALLERTON AVENUE,BRONX,2029-06-01,0.000166,0,very_low,baseline
ALLERTON AVENUE,BRONX,2029-07-01,0.000158,0,very_low,baseline
ALLERTON AVENUE,BRONX,2029-08-01,0.000161,0,very_low,baseline
ALLERTON AVENUE,BRONX,2029-09-01,0.000166,0,very_low,baseline
ALLERTON AVENUE,BRONX,2029-10-01,0.000136,0,very_low,baseline
ALLERTON AVENUE,BRONX,2029-11-01,0.000129,0,very_low,baseline
ALLERTON AVENUE,BRONX,2029-12-01,0.000123,0,very_low,baseline
AQUEDUCT-NORTH CONDUIT AVE.,QUEENS,2027-01-01,0.000163,0,very_low,baseline
AQUEDUCT-NORTH CONDUIT AVE.,QUEENS,2027-02-01,0.000132,0,very_low,baseline
AQUEDUCT-NORTH CONDUIT AVE.,QUEENS,2027-03-01,0.000122,0,very_low,baseline
AQUEDUCT-NORTH CONDUIT AVE.,QUEENS,2027-04-01,0.000129,0,very_low,baseline
AQUEDUCT-NORTH CONDUIT AVE.,QUEENS,2027-05-01,0.000145,0,very_low,baseline
AQUEDUCT-NORTH CONDUIT AVE.,QUEENS,2027-06-01,0.000142,0,very_low,baseline
AQUEDUCT-NORTH CONDUIT AVE.,QUEENS,2027-07-01,0.000135,0,very_low,baseline
AQUEDUCT-NORTH CONDUIT AVE.,QUEENS,2027-08-01,0.000136,0,very_low,baseline
AQUEDUCT-NORTH CONDUIT AVE.,QUEENS,2027-09-01,0.000138,0,very_low,baseline
AQUEDUCT-NORTH CONDUIT AVE.,QUEENS,2027-10-01,0.000117,0,very_low,baseline
AQUEDUCT-NORTH CONDUIT AVE.,QUEENS,2027-11-01,0.000108,0,very_low,baseline
AQUEDUCT-NORTH CONDUIT AVE.,QUEENS,2027-12-01,0.000103,0,very_low,baseline
AQUEDUCT-NORTH CONDUIT AVE.,QUEENS,2028-01-01,0.000128,0,very_low,baseline
AQUEDUCT-NORTH CONDUIT AVE.,QUEENS,2028-02-01,0.000137,0,very_low,baseline
AQUEDUCT-NORTH CONDUIT AVE.,QUEENS,2028-03-01,0.000136,0,very_low,baseline
AQUEDUCT-NORTH CONDUIT AVE.,QUEENS,2028-04-01,0.000141,0,very_low,baseline
AQUEDUCT-NORTH CONDUIT AVE.,QUEENS,2028-05-01,0.000145,0,very_low,baseline
AQUEDUCT-NORTH CONDUIT AVE.,QUEENS,2028-06-01,0.000142,0,very_low,baseline
AQUEDUCT-NORTH CONDUIT AVE.,QUEENS,2028-07-01,0.000135,0,very_low,baseline
AQUEDUCT-NORTH CONDUIT AVE.,QUEENS,2028-08-01,0.000136,0,very_low,baseline
AQUEDUCT-NORTH CONDUIT AVE.,QUEENS,2028-09-01,0.000138,0,very_low,baseline
AQUEDUCT-NORTH CONDUIT AVE.,QUEENS,2028-10-01,0.000117,0,very_low,baseline
AQUEDUCT-NORTH CONDUIT AVE.,QUEENS,2028-11-01,0.000108,0,very_low,baseline
AQUEDUCT-NORTH CONDUIT AVE.,QUEENS,2028-12-01,0.000103,0,very_low,baseline
AQUEDUCT-NORTH CONDUIT AVE.,QUEENS,2029-01-01,0.000128,0,very_low,baseline
AQUEDUCT-NORTH CONDUIT AVE.,QUEENS,2029-02-01,0.000137,0,very_low,baseline
AQUEDUCT-NORTH CONDUIT AVE.,QUEENS,2029-03-01,0.000136,0,very_low,baseline
AQUEDUCT-NORTH CONDUIT AVE.,QUEENS,2029-04-01,0.000141,0,very_low,baseline
AQUEDUCT-NORTH CONDUIT AVE.,QUEENS,2029-05-01,0.000145,0,very_low,baseline
AQUEDUCT-NORTH CONDUIT AVE.,QUEENS,2029-06-01,0.000142,0,very_low,baseline
AQUEDUCT-NORTH CONDUIT AVE.,QUEENS,2029-07-01,0.000135,0,very_low,baseline
AQUEDUCT-NORTH CONDUIT AVE.,QUEENS,2029-08-01,0.000136,0,very_low,baseline
AQUEDUCT-NORTH CONDUIT AVE.,QUEENS,2029-09-01,0.000138,0,very_low,baseline
AQUEDUCT-NORTH CONDUIT AVE.,QUEENS,2029-10-01,0.000117,0,very_low,baseline
AQUEDUCT-NORTH CONDUIT AVE.,QUEENS,2029-11-01,0.000108,0,very_low,baseline
AQUEDUCT-NORTH CONDUIT AVE.,QUEENS,2029-12-01,0.000103,0,very_low,baseline
AQUEDUCT-RACETRACK,QUEENS,2027-01-01,0.000114,0,very_low,baseline
AQUEDUCT-RACETRACK,QUEENS,2027-02-01,0.00013,0,very_low,baseline
AQUEDUCT-RACETRACK,QUEENS,2027-03-01,0.000158,0,very_low,baseline
AQUEDUCT-RACETRACK,QUEENS,2027-04-01,0.000151,0,very_low,baseline
AQUEDUCT-RACETRACK,QUEENS,2027-05-01,0.00016,0,very_low,baseline
AQUEDUCT-RACETRACK,QUEENS,2027-06-01,0.000158,0,very_low,baseline
AQUEDUCT-RACETRACK,QUEENS,2027-07-01,0.00015,0,very_low,baseline
AQUEDUCT-RACETRACK,QUEENS,2027-08-01,0.000152,0,very_low,baseline
AQUEDUCT-RACETRACK,QUEENS,2027-09-01,0.000153,0,very_low,baseline
AQUEDUCT-RACETRACK,QUEENS,2027-10-01,0.000131,0,very_low,baseline
AQUEDUCT-RACETRACK,QUEENS,2027-11-01,0.00012,0,very_low,baseline
AQUEDUCT-RACETRACK,QUEENS,2027-12-01,0.000114,0,very_low,baseline
AQUEDUCT-RACETRACK,QUEENS,2028-01-01,0.000143,0,very_low,baseline
AQUEDUCT-RACETRACK,QUEENS,2028-02-01,0.000153,0,very_low,baseline
AQUEDUCT-RACETRACK,QUEENS,2028-03-01,0.000151,0,very_low,baseline
AQUEDUCT-RACETRACK,QUEENS,2028-04-01,0.000157,0,very_low,baseline
AQUEDUCT-RACETRACK,QUEENS,2028-05-01,0.000161,0,very_low,baseline
AQUEDUCT-RACETRACK,QUEENS,2028-06-01,0.000158,0,very_low,baseline
AQUEDUCT-RACETRACK,QUEENS,2028-07-01,0.00015,0,very_low,baseline
AQUEDUCT-RACETRACK,QUEENS,2028-08-01,0.000152,0,very_low,baseline
AQUEDUCT-RACETRACK,QUEENS,2028-09-01,0.000153,0,very_low,baseline
AQUEDUCT-RACETRACK,QUEENS,2028-10-01,0.000131,0,very_low,baseline
AQUEDUCT-RACETRACK,QUEENS,2028-11-01,0.00012,0,very_low,baseline
AQUEDUCT-RACETRACK,QUEENS,2028-12-01,0.000114,0,very_low,baseline
AQUEDUCT-RACETRACK,QUEENS,2029-01-01,0.000143,0,very_low,baseline
AQUEDUCT-RACETRACK,QUEENS,2029-02-01,0.000153,0,very_low,baseline
AQUEDUCT-RACETRACK,QUEENS,2029-03-01,0.000151,0,very_low,baseline
AQUEDUCT-RACETRACK,QUEENS,2029-04-01,0.000157,0,very_low,baseline
AQUEDUCT-RACETRACK,QUEENS,2029-05-01,0.000161,0,very_low,baseline
AQUEDUCT-RACETRACK,QUEENS,2029-06-01,0.000158,0,very_low,baseline
AQUEDUCT-RACETRACK,QUEENS,2029-07-01,0.00015,0,very_low,baseline
AQUEDUCT-RACETRACK,QUEENS,2029-08-01,0.000152,0,very_low,baseline
AQUEDUCT-RACETRACK,QUEENS,2029-09-01,0.000153,0,very_low,baseline
AQUEDUCT-RACETRACK,QUEENS,2029-10-01,0.000131,0,very_low,baseline
AQUEDUCT-RACETRACK,QUEENS,2029-11-01,0.00012,0,very_low,baseline
AQUEDUCT-RACETRACK,QUEENS,2029-12-01,0.000114,0,very_low,baseline
ASTOR PLACE,MANHATTAN,2027-01-01,0.00022,0,very_low,baseline
ASTOR PLACE,MANHATTAN,2027-02-01,0.000312,0,very_low,baseline
ASTOR PLACE,MANHATTAN,2027-03-01,0.0003,0,very_low,baseline
ASTOR PLACE,MANHATTAN,2027-04-01,0.000329,0,very_low,baseline
ASTOR PLACE,MANHATTAN,2027-05-01,0.000303,0,very_low,baseline
ASTOR PLACE,MANHATTAN,2027-06-01,0.000306,0,very_low,baseline
ASTOR PLACE,MANHATTAN,2027-07-01,0.000298,0,very_low,baseline
ASTOR PLACE,MANHATTAN,2027-08-01,0.000305,0,very_low,baseline
ASTOR PLACE,MANHATTAN,2027-09-01,0.000312,0,very_low,baseline
ASTOR PLACE,MANHATTAN,2027-10-01,0.000274,0,very_low,baseline
ASTOR PLACE,MANHATTAN,2027-11-01,0.000213,0,very_low,baseline
ASTOR PLACE,MANHATTAN,2027-12-01,0.000203,0,very_low,baseline
ASTOR PLACE,MANHATTAN,2028-01-01,0.000293,0,very_low,baseline
ASTOR PLACE,MANHATTAN,2028-02-01,0.000319,0,very_low,baseline
ASTOR PLACE,MANHATTAN,2028-03-01,0.000298,0,very_low,baseline
ASTOR PLACE,MANHATTAN,2028-04-01,0.000295,0,very_low,baseline
ASTOR PLACE,MANHATTAN,2028-05-01,0.000303,0,very_low,baseline
ASTOR PLACE,MANHATTAN,2028-06-01,0.000306,0,very_low,baseline
ASTOR PLACE,MANHATTAN,2028-07-01,0.000298,0,very_low,baseline
ASTOR PLACE,MANHATTAN,2028-08-01,0.000305,0,very_low,baseline
ASTOR PLACE,MANHATTAN,2028-09-01,0.000312,0,very_low,baseline
ASTOR PLACE,MANHATTAN,2028-10-01,0.000274,0,very_low,baseline
ASTOR PLACE,MANHATTAN,2028-11-01,0.000213,0,very_low,baseline
ASTOR PLACE,MANHATTAN,2028-12-01,0.000203,0,very_low,baseline
ASTOR PLACE,MANHATTAN,2029-01-01,0.000293,0,very_low,baseline
ASTOR PLACE,MANHATTAN,2029-02-01,0.000319,0,very_low,baseline
ASTOR PLACE,MANHATTAN,2029-03-01,0.000298,0,very_low,baseline
ASTOR PLACE,MANHATTAN,2029-04-01,0.000295,0,very_low,baseline
ASTOR PLACE,MANHATTAN,2029-05-01,0.000303,0,very_low,baseline
ASTOR PLACE,MANHATTAN,2029-06-01,0.000306,0,very_low,baseline
ASTOR PLACE,MANHATTAN,2029-07-01,0.000298,0,very_low,baseline
ASTOR PLACE,MANHATTAN,2029-08-01,0.000305,0,very_low,baseline
ASTOR PLACE,MANHATTAN,2029-09-01,0.000312,0,very_low,baseline
ASTOR PLACE,MANHATTAN,2029-10-01,0.000274,0,very_low,baseline
ASTOR PLACE,MANHATTAN,2029-11-01,0.000213,0,very_low,baseline
ASTOR PLACE,MANHATTAN,2029-12-01,0.000203,0,very_low,baseline
ASTORIA BLVD.,QUEENS,2027-01-01,0.022333,0,very_low,baseline
ASTORIA BLVD.,QUEENS,2027-02-01,0.067392,1,very_low,baseline
ASTORIA BLVD.,QUEENS,2027-03-01,0.025903,0,very_low,baseline
ASTORIA BLVD.,QUEENS,2027-04-01,0.019815,0,very_low,baseline
ASTORIA BLVD.,QUEENS,2027-05-01,0.020591,0,very_low,baseline
ASTORIA BLVD.,QUEENS,2027-06-01,0.024299,0,very_low,baseline
ASTORIA BLVD.,QUEENS,2027-07-01,0.024124,0,very_low,baseline
ASTORIA BLVD.,QUEENS,2027-08-01,0.025717,0,very_low,baseline
ASTORIA BLVD.,QUEENS,2027-09-01,0.023692,0,very_low,baseline
ASTORIA BLVD.,QUEENS,2027-10-01,0.018806,0,very_low,baseline
ASTORIA BLVD.,QUEENS,2027-11-01,0.018501,0,very_low,baseline
ASTORIA BLVD.,QUEENS,2027-12-01,0.0178,0,very_low,baseline
ASTORIA BLVD.,QUEENS,2028-01-01,0.023091,0,very_low,baseline
ASTORIA BLVD.,QUEENS,2028-02-01,0.024053,0,very_low,baseline
ASTORIA BLVD.,QUEENS,2028-03-01,0.027117,0,very_low,baseline
ASTORIA BLVD.,QUEENS,2028-04-01,0.026459,0,very_low,baseline
ASTORIA BLVD.,QUEENS,2028-05-01,0.027636,0,very_low,baseline
ASTORIA BLVD.,QUEENS,2028-06-01,0.027855,0,very_low,baseline
ASTORIA BLVD.,QUEENS,2028-07-01,0.027655,0,very_low,baseline
ASTORIA BLVD.,QUEENS,2028-08-01,0.029505,0,very_low,baseline
ASTORIA BLVD.,QUEENS,2028-09-01,0.028744,0,very_low,baseline
ASTORIA BLVD.,QUEENS,2028-10-01,0.022263,0,very_low,baseline
ASTORIA BLVD.,QUEENS,2028-11-01,0.017349,0,very_low,baseline
ASTORIA BLVD.,QUEENS,2028-12-01,0.016691,0,very_low,baseline
ASTORIA BLVD.,QUEENS,2029-01-01,0.02571,0,very_low,baseline
ASTORIA BLVD.,QUEENS,2029-02-01,0.02752,0,very_low,baseline
ASTORIA BLVD.,QUEENS,2029-03-01,0.027117,0,very_low,baseline
ASTORIA BLVD.,QUEENS,2029-04-01,0.026459,0,very_low,baseline
ASTORIA BLVD.,QUEENS,2029-05-01,0.027636,0,very_low,baseline
ASTORIA BLVD.,QUEENS,2029-06-01,0.027855,0,very_low,baseline
ASTORIA BLVD.,QUEENS,2029-07-01,0.027655,0,very_low,baseline
ASTORIA BLVD.,QUEENS,2029-08-01,0.029505,0,very_low,baseline
ASTORIA BLVD.,QUEENS,2029-09-01,0.028744,0,very_low,baseline
ASTORIA BLVD.,QUEENS,2029-10-01,0.022263,0,very_low,baseline
ASTORIA BLVD.,QUEENS,2029-11-01,0.017349,0,very_low,baseline
ASTORIA BLVD.,QUEENS,2029-12-01,0.016691,0,very_low,baseline
ATLANTIC AVENUE,BROOKLYN,2027-01-01,0.964161,1,very_high,baseline
ATLANTIC AVENUE,BROOKLYN,2027-02-01,0.967913,1,very_high,baseline
ATLANTIC AVENUE,BROOKLYN,2027-03-01,0.962381,1,very_high,baseline
ATLANTIC AVENUE,BROOKLYN,2027-04-01,0.964594,1,very_high,baseline
ATLANTIC AVENUE,BROOKLYN,2027-05-01,0.974564,1,very_high,baseline
ATLANTIC AVENUE,BROOKLYN,2027-06-01,0.96715,1,very_high,baseline
ATLANTIC AVENUE,BROOKLYN,2027-07-01,0.96763,1,very_high,baseline
ATLANTIC AVENUE,BROOKLYN,2027-08-01,0.967707,1,very_high,baseline
ATLANTIC AVENUE,BROOKLYN,2027-09-01,0.96788,1,very_high,baseline
ATLANTIC AVENUE,BROOKLYN,2027-10-01,0.967786,1,very_high,baseline
ATLANTIC AVENUE,BROOKLYN,2027-11-01,0.968068,1,very_high,baseline
ATLANTIC AVENUE,BROOKLYN,2027-12-01,0.96732,1,very_high,baseline
ATLANTIC AVENUE,BROOKLYN,2028-01-01,0.96315,1,very_high,baseline
ATLANTIC AVENUE,BROOKLYN,2028-02-01,0.963512,1,very_high,baseline
ATLANTIC AVENUE,BROOKLYN,2028-03-01,0.962842,1,very_high,baseline
ATLANTIC AVENUE,BROOKLYN,2028-04-01,0.965467,1,very_high,baseline
ATLANTIC AVENUE,BROOKLYN,2028-05-01,0.965854,1,very_high,baseline
ATLANTIC AVENUE,BROOKLYN,2028-06-01,0.96715,1,very_high,baseline
ATLANTIC AVENUE,BROOKLYN,2028-07-01,0.96763,1,very_high,baseline
ATLANTIC AVENUE,BROOKLYN,2028-08-01,0.967707,1,very_high,baseline
ATLANTIC AVENUE,BROOKLYN,2028-09-01,0.96788,1,very_high,baseline
ATLANTIC AVENUE,BROOKLYN,2028-10-01,0.967786,1,very_high,baseline
ATLANTIC AVENUE,BROOKLYN,2028-11-01,0.968068,1,very_high,baseline
ATLANTIC AVENUE,BROOKLYN,2028-12-01,0.96732,1,very_high,baseline
ATLANTIC AVENUE,BROOKLYN,2029-01-01,0.96315,1,very_high,baseline
ATLANTIC AVENUE,BROOKLYN,2029-02-01,0.963512,1,very_high,baseline
ATLANTIC AVENUE,BROOKLYN,2029-03-01,0.962842,1,very_high,baseline
ATLANTIC AVENUE,BROOKLYN,2029-04-01,0.965467,1,very_high,baseline
ATLANTIC AVENUE,BROOKLYN,2029-05-01,0.965854,1,very_high,baseline
ATLANTIC AVENUE,BROOKLYN,2029-06-01,0.96715,1,very_high,baseline
ATLANTIC AVENUE,BROOKLYN,2029-07-01,0.96763,1,very_high,baseline
ATLANTIC AVENUE,BROOKLYN,2029-08-01,0.967707,1,very_high,baseline
ATLANTIC AVENUE,BROOKLYN,2029-09-01,0.96788,1,very_high,baseline
ATLANTIC AVENUE,BROOKLYN,2029-10-01,0.967786,1,very_high,baseline
ATLANTIC AVENUE,BROOKLYN,2029-11-01,0.968068,1,very_high,baseline
ATLANTIC AVENUE,BROOKLYN,2029-12-01,0.96732,1,very_high,baseline
"AVENUE ""H""",BROOKLYN,2027-01-01,0.00017,0,very_low,baseline
"AVENUE ""H""",BROOKLYN,2027-02-01,0.000162,0,very_low,baseline
"AVENUE ""H""",BROOKLYN,2027-03-01,0.000131,0,very_low,baseline
"AVENUE ""H""",BROOKLYN,2027-04-01,0.000118,0,very_low,baseline
"AVENUE ""H""",BROOKLYN,2027-05-01,0.000132,0,very_low,baseline
"AVENUE ""H""",BROOKLYN,2027-06-01,0.000163,0,very_low,baseline
"AVENUE ""H""",BROOKLYN,2027-07-01,0.000167,0,very_low,baseline
"AVENUE ""H""",BROOKLYN,2027-08-01,0.000171,0,very_low,baseline
"AVENUE ""H""",BROOKLYN,2027-09-01,0.000179,0,very_low,baseline
"AVENUE ""H""",BROOKLYN,2027-10-01,0.000157,0,very_low,baseline
"AVENUE ""H""",BROOKLYN,2027-11-01,0.000145,0,very_low,baseline
"AVENUE ""H""",BROOKLYN,2027-12-01,0.000138,0,very_low,baseline
"AVENUE ""H""",BROOKLYN,2028-01-01,0.000159,0,very_low,baseline
"AVENUE ""H""",BROOKLYN,2028-02-01,0.000166,0,very_low,baseline
"AVENUE ""H""",BROOKLYN,2028-03-01,0.000164,0,very_low,baseline
"AVENUE ""H""",BROOKLYN,2028-04-01,0.000162,0,very_low,baseline
"AVENUE ""H""",BROOKLYN,2028-05-01,0.000167,0,very_low,baseline
"AVENUE ""H""",BROOKLYN,2028-06-01,0.000163,0,very_low,baseline
"AVENUE ""H""",BROOKLYN,2028-07-01,0.000167,0,very_low,baseline
"AVENUE ""H""",BROOKLYN,2028-08-01,0.000171,0,very_low,baseline
"AVENUE ""H""",BROOKLYN,2028-09-01,0.000179,0,very_low,baseline
"AVENUE ""H""",BROOKLYN,2028-10-01,0.000157,0,very_low,baseline
"AVENUE ""H""",BROOKLYN,2028-11-01,0.000145,0,very_low,baseline
"AVENUE ""H""",BROOKLYN,2028-12-01,0.000138,0,very_low,baseline
"AVENUE ""H""",BROOKLYN,2029-01-01,0.000159,0,very_low,baseline
"AVENUE ""H""",BROOKLYN,2029-02-01,0.000166,0,very_low,baseline
"AVENUE ""H""",BROOKLYN,2029-03-01,0.000164,0,very_low,baseline
"AVENUE ""H""",BROOKLYN,2029-04-01,0.000162,0,very_low,baseline
"AVENUE ""H""",BROOKLYN,2029-05-01,0.000167,0,very_low,baseline
"AVENUE ""H""",BROOKLYN,2029-06-01,0.000163,0,very_low,baseline
"AVENUE ""H""",BROOKLYN,2029-07-01,0.000167,0,very_low,baseline
"AVENUE ""H""",BROOKLYN,2029-08-01,0.000171,0,very_low,baseline
"AVENUE ""H""",BROOKLYN,2029-09-01,0.000179,0,very_low,baseline
"AVENUE ""H""",BROOKLYN,2029-10-01,0.000157,0,very_low,baseline
"AVENUE ""H""",BROOKLYN,2029-11-01,0.000145,0,very_low,baseline
"AVENUE ""H""",BROOKLYN,2029-12-01,0.000138,0,very_low,baseline
"AVENUE ""I""",BROOKLYN,2027-01-01,0.000151,0,very_low,baseline
"AVENUE ""I""",BROOKLYN,2027-02-01,0.000133,0,very_low,baseline
"AVENUE ""I""",BROOKLYN,2027-03-01,0.000144,0,very_low,baseline
"AVENUE ""I""",BROOKLYN,2027-04-01,0.000158,0,very_low,baseline
"AVENUE ""I""",BROOKLYN,2027-05-01,0.000165,0,very_low,baseline
"AVENUE ""I""",BROOKLYN,2027-06-01,0.000163,0,very_low,baseline
"AVENUE ""I""",BROOKLYN,2027-07-01,0.000155,0,very_low,baseline
"AVENUE ""I""",BROOKLYN,2027-08-01,0.000159,0,very_low,baseline
"AVENUE ""I""",BROOKLYN,2027-09-01,0.000165,0,very_low,baseline
"AVENUE ""I""",BROOKLYN,2027-10-01,0.000141,0,very_low,baseline
"AVENUE ""I""",BROOKLYN,2027-11-01,0.000129,0,very_low,baseline
"AVENUE ""I""",BROOKLYN,2027-12-01,0.000123,0,very_low,baseline
"AVENUE ""I""",BROOKLYN,2028-01-01,0.000148,0,very_low,baseline
"AVENUE ""I""",BROOKLYN,2028-02-01,0.000158,0,very_low,baseline
"AVENUE ""I""",BROOKLYN,2028-03-01,0.000157,0,very_low,baseline
"AVENUE ""I""",BROOKLYN,2028-04-01,0.000162,0,very_low,baseline
"AVENUE ""I""",BROOKLYN,2028-05-01,0.000167,0,very_low,baseline
"AVENUE ""I""",BROOKLYN,2028-06-01,0.000163,0,very_low,baseline
"AVENUE ""I""",BROOKLYN,2028-07-01,0.000155,0,very_low,baseline
"AVENUE ""I""",BROOKLYN,2028-08-01,0.000159,0,very_low,baseline
"AVENUE ""I""",BROOKLYN,2028-09-01,0.000165,0,very_low,baseline
"AVENUE ""I""",BROOKLYN,2028-10-01,0.000141,0,very_low,baseline
"AVENUE ""I""",BROOKLYN,2028-11-01,0.000129,0,very_low,baseline
"AVENUE ""I""",BROOKLYN,2028-12-01,0.000123,0,very_low,baseline
"AVENUE ""I""",BROOKLYN,2029-01-01,0.000148,0,very_low,baseline
"AVENUE ""I""",BROOKLYN,2029-02-01,0.000158,0,very_low,baseline
"AVENUE ""I""",BROOKLYN,2029-03-01,0.000157,0,very_low,baseline
"AVENUE ""I""",BROOKLYN,2029-04-01,0.000162,0,very_low,baseline
"AVENUE ""I""",BROOKLYN,2029-05-01,0.000167,0,very_low,baseline
"AVENUE ""I""",BROOKLYN,2029-06-01,0.000163,0,very_low,baseline
"AVENUE ""I""",BROOKLYN,2029-07-01,0.000155,0,very_low,baseline
"AVENUE ""I""",BROOKLYN,2029-08-01,0.000159,0,very_low,baseline
"AVENUE ""I""",BROOKLYN,2029-09-01,0.000165,0,very_low,baseline
"AVENUE ""I""",BROOKLYN,2029-10-01,0.000141,0,very_low,baseline
"AVENUE ""I""",BROOKLYN,2029-11-01,0.000129,0,very_low,baseline
"AVENUE ""I""",BROOKLYN,2029-12-01,0.000123,0,very_low,baseline
"AVENUE ""J""",BROOKLYN,2027-01-01,0.000157,0,very_low,baseline
"AVENUE ""J""",BROOKLYN,2027-02-01,0.000143,0,very_low,baseline
"AVENUE ""J""",BROOKLYN,2027-03-01,0.000135,0,very_low,baseline
"AVENUE ""J""",BROOKLYN,2027-04-01,0.000138,0,very_low,baseline
"AVENUE ""J""",BROOKLYN,2027-05-01,0.00013,0,very_low,baseline
"AVENUE ""J""",BROOKLYN,2027-06-01,0.000143,0,very_low,baseline
"AVENUE ""J""",BROOKLYN,2027-07-01,0.000136,0,very_low,baseline
"AVENUE ""J""",BROOKLYN,2027-08-01,0.000139,0,very_low,baseline
"AVENUE ""J""",BROOKLYN,2027-09-01,0.000144,0,very_low,baseline
"AVENUE ""J""",BROOKLYN,2027-10-01,0.000123,0,very_low,baseline
"AVENUE ""J""",BROOKLYN,2027-11-01,0.000113,0,very_low,baseline
"AVENUE ""J""",BROOKLYN,2027-12-01,0.000108,0,very_low,baseline
"AVENUE ""J""",BROOKLYN,2028-01-01,0.00013,0,very_low,baseline
"AVENUE ""J""",BROOKLYN,2028-02-01,0.000138,0,very_low,baseline
"AVENUE ""J""",BROOKLYN,2028-03-01,0.000137,0,very_low,baseline
"AVENUE ""J""",BROOKLYN,2028-04-01,0.000142,0,very_low,baseline
"AVENUE ""J""",BROOKLYN,2028-05-01,0.000146,0,very_low,baseline
"AVENUE ""J""",BROOKLYN,2028-06-01,0.000143,0,very_low,baseline
"AVENUE ""J""",BROOKLYN,2028-07-01,0.000136,0,very_low,baseline
"AVENUE ""J""",BROOKLYN,2028-08-01,0.000139,0,very_low,baseline
"AVENUE ""J""",BROOKLYN,2028-09-01,0.000144,0,very_low,baseline
"AVENUE ""J""",BROOKLYN,2028-10-01,0.000123,0,very_low,baseline
"AVENUE ""J""",BROOKLYN,2028-11-01,0.000113,0,very_low,baseline
"AVENUE ""J""",BROOKLYN,2028-12-01,0.000108,0,very_low,baseline
"AVENUE ""J""",BROOKLYN,2029-01-01,0.00013,0,very_low,baseline
"AVENUE ""J""",BROOKLYN,2029-02-01,0.000138,0,very_low,baseline
"AVENUE ""J""",BROOKLYN,2029-03-01,0.000137,0,very_low,baseline
"AVENUE ""J""",BROOKLYN,2029-04-01,0.000142,0,very_low,baseline
"AVENUE ""J""",BROOKLYN,2029-05-01,0.000146,0,very_low,baseline
"AVENUE ""J""",BROOKLYN,2029-06-01,0.000143,0,very_low,baseline
"AVENUE ""J""",BROOKLYN,2029-07-01,0.000136,0,very_low,baseline
"AVENUE ""J""",BROOKLYN,2029-08-01,0.000139,0,very_low,baseline
"AVENUE ""J""",BROOKLYN,2029-09-01,0.000144,0,very_low,baseline
"AVENUE ""J""",BROOKLYN,2029-10-01,0.000123,0,very_low,baseline
"AVENUE ""J""",BROOKLYN,2029-11-01,0.000113,0,very_low,baseline
"AVENUE ""J""",BROOKLYN,2029-12-01,0.000108,0,very_low,baseline
"AVENUE ""M""",BROOKLYN,2027-01-01,0.00017,0,very_low,baseline
"AVENUE ""M""",BROOKLYN,2027-02-01,0.000132,0,very_low,baseline
"AVENUE ""M""",BROOKLYN,2027-03-01,0.000124,0,very_low,baseline
"AVENUE ""M""",BROOKLYN,2027-04-01,0.000116,0,very_low,baseline
"AVENUE ""M""",BROOKLYN,2027-05-01,0.00015,0,very_low,baseline
"AVENUE ""M""",BROOKLYN,2027-06-01,0.000147,0,very_low,baseline
"AVENUE ""M""",BROOKLYN,2027-07-01,0.00015,0,very_low,baseline
"AVENUE ""M""",BROOKLYN,2027-08-01,0.000153,0,very_low,baseline
"AVENUE ""M""",BROOKLYN,2027-09-01,0.00016,0,very_low,baseline
"AVENUE ""M""",BROOKLYN,2027-10-01,0.000141,0,very_low,baseline
"AVENUE ""M""",BROOKLYN,2027-11-01,0.00013,0,very_low,baseline
"AVENUE ""M""",BROOKLYN,2027-12-01,0.000124,0,very_low,baseline
"AVENUE ""M""",BROOKLYN,2028-01-01,0.000143,0,very_low,baseline
"AVENUE ""M""",BROOKLYN,2028-02-01,0.000149,0,very_low,baseline
"AVENUE ""M""",BROOKLYN,2028-03-01,0.000147,0,very_low,baseline
"AVENUE ""M""",BROOKLYN,2028-04-01,0.000146,0,very_low,baseline
"AVENUE ""M""",BROOKLYN,2028-05-01,0.00015,0,very_low,baseline
"AVENUE ""M""",BROOKLYN,2028-06-01,0.000147,0,very_low,baseline
"AVENUE ""M""",BROOKLYN,2028-07-01,0.00015,0,very_low,baseline
"AVENUE ""M""",BROOKLYN,2028-08-01,0.000153,0,very_low,baseline
"AVENUE ""M""",BROOKLYN,2028-09-01,0.00016,0,very_low,baseline
"AVENUE ""M""",BROOKLYN,2028-10-01,0.000141,0,very_low,baseline
"AVENUE ""M""",BROOKLYN,2028-11-01,0.00013,0,very_low,baseline
"AVENUE ""M""",BROOKLYN,2028-12-01,0.000124,0,very_low,baseline
"AVENUE ""M""",BROOKLYN,2029-01-01,0.000143,0,very_low,baseline
"AVENUE ""M""",BROOKLYN,2029-02-01,0.000149,0,very_low,baseline
"AVENUE ""M""",BROOKLYN,2029-03-01,0.000147,0,very_low,baseline
"AVENUE ""M""",BROOKLYN,2029-04-01,0.000146,0,very_low,baseline
"AVENUE ""M""",BROOKLYN,2029-05-01,0.00015,0,very_low,baseline
"AVENUE ""M""",BROOKLYN,2029-06-01,0.000147,0,very_low,baseline
"AVENUE ""M""",BROOKLYN,2029-07-01,0.00015,0,very_low,baseline
"AVENUE ""M""",BROOKLYN,2029-08-01,0.000153,0,very_low,baseline
"AVENUE ""M""",BROOKLYN,2029-09-01,0.00016,0,very_low,baseline
"AVENUE ""M""",BROOKLYN,2029-10-01,0.000141,0,very_low,baseline
"AVENUE ""M""",BROOKLYN,2029-11-01,0.00013,0,very_low,baseline
"AVENUE ""M""",BROOKLYN,2029-12-01,0.000124,0,very_low,baseline
"AVENUE ""N""",BROOKLYN,2027-01-01,0.000201,0,very_low,baseline
"AVENUE ""N""",BROOKLYN,2027-02-01,0.000199,0,very_low,baseline
"AVENUE ""N""",BROOKLYN,2027-03-01,0.000153,0,very_low,baseline
"AVENUE ""N""",BROOKLYN,2027-04-01,0.000146,0,very_low,baseline
"AVENUE ""N""",BROOKLYN,2027-05-01,0.000158,0,very_low,baseline
"AVENUE ""N""",BROOKLYN,2027-06-01,0.000174,0,very_low,baseline
"AVENUE ""N""",BROOKLYN,2027-07-01,0.00017,0,very_low,baseline
"AVENUE ""N""",BROOKLYN,2027-08-01,0.000174,0,very_low,baseline
"AVENUE ""N""",BROOKLYN,2027-09-01,0.000182,0,very_low,baseline
"AVENUE ""N""",BROOKLYN,2027-10-01,0.000164,0,very_low,baseline
"AVENUE ""N""",BROOKLYN,2027-11-01,0.000151,0,very_low,baseline
"AVENUE ""N""",BROOKLYN,2027-12-01,0.000144,0,very_low,baseline
"AVENUE ""N""",BROOKLYN,2028-01-01,0.00017,0,very_low,baseline
"AVENUE ""N""",BROOKLYN,2028-02-01,0.000177,0,very_low,baseline
"AVENUE ""N""",BROOKLYN,2028-03-01,0.000175,0,very_low,baseline
"AVENUE ""N""",BROOKLYN,2028-04-01,0.000173,0,very_low,baseline
"AVENUE ""N""",BROOKLYN,2028-05-01,0.000178,0,very_low,baseline
"AVENUE ""N""",BROOKLYN,2028-06-01,0.000174,0,very_low,baseline
"AVENUE ""N""",BROOKLYN,2028-07-01,0.00017,0,very_low,baseline
"AVENUE ""N""",BROOKLYN,2028-08-01,0.000174,0,very_low,baseline
"AVENUE ""N""",BROOKLYN,2028-09-01,0.000182,0,very_low,baseline
"AVENUE ""N""",BROOKLYN,2028-10-01,0.000164,0,very_low,baseline
"AVENUE ""N""",BROOKLYN,2028-11-01,0.000151,0,very_low,baseline
"AVENUE ""N""",BROOKLYN,2028-12-01,0.000144,0,very_low,baseline
"AVENUE ""N""",BROOKLYN,2029-01-01,0.00017,0,very_low,baseline
"AVENUE ""N""",BROOKLYN,2029-02-01,0.000177,0,very_low,baseline
"AVENUE ""N""",BROOKLYN,2029-03-01,0.000175,0,very_low,baseline
"AVENUE ""N""",BROOKLYN,2029-04-01,0.000173,0,very_low,baseline
"AVENUE ""N""",BROOKLYN,2029-05-01,0.000178,0,very_low,baseline
"AVENUE ""N""",BROOKLYN,2029-06-01,0.000174,0,very_low,baseline
"AVENUE ""N""",BROOKLYN,2029-07-01,0.00017,0,very_low,baseline
"AVENUE ""N""",BROOKLYN,2029-08-01,0.000174,0,very_low,baseline
"AVENUE ""N""",BROOKLYN,2029-09-01,0.000182,0,very_low,baseline
"AVENUE ""N""",BROOKLYN,2029-10-01,0.000164,0,very_low,baseline
"AVENUE ""N""",BROOKLYN,2029-11-01,0.000151,0,very_low,baseline
"AVENUE ""N""",BROOKLYN,2029-12-01,0.000144,0,very_low,baseline
"AVENUE ""P""",BROOKLYN,2027-01-01,0.000174,0,very_low,baseline
"AVENUE ""P""",BROOKLYN,2027-02-01,0.000152,0,very_low,baseline
"AVENUE ""P""",BROOKLYN,2027-03-01,0.000135,0,very_low,baseline
"AVENUE ""P""",BROOKLYN,2027-04-01,0.00014,0,very_low,baseline
"AVENUE ""P""",BROOKLYN,2027-05-01,0.000152,0,very_low,baseline
"AVENUE ""P""",BROOKLYN,2027-06-01,0.000159,0,very_low,baseline
"AVENUE ""P""",BROOKLYN,2027-07-01,0.000152,0,very_low,baseline
"AVENUE ""P""",BROOKLYN,2027-08-01,0.000155,0,very_low,baseline
"AVENUE ""P""",BROOKLYN,2027-09-01,0.000161,0,very_low,baseline
"AVENUE ""P""",BROOKLYN,2027-10-01,0.000137,0,very_low,baseline
"AVENUE ""P""",BROOKLYN,2027-11-01,0.000126,0,very_low,baseline
"AVENUE ""P""",BROOKLYN,2027-12-01,0.00012,0,very_low,baseline
"AVENUE ""P""",BROOKLYN,2028-01-01,0.000144,0,very_low,baseline
"AVENUE ""P""",BROOKLYN,2028-02-01,0.000154,0,very_low,baseline
"AVENUE ""P""",BROOKLYN,2028-03-01,0.000153,0,very_low,baseline
"AVENUE ""P""",BROOKLYN,2028-04-01,0.000158,0,very_low,baseline
"AVENUE ""P""",BROOKLYN,2028-05-01,0.000163,0,very_low,baseline
"AVENUE ""P""",BROOKLYN,2028-06-01,0.000159,0,very_low,baseline
"AVENUE ""P""",BROOKLYN,2028-07-01,0.000152,0,very_low,baseline
"AVENUE ""P""",BROOKLYN,2028-08-01,0.000155,0,very_low,baseline
"AVENUE ""P""",BROOKLYN,2028-09-01,0.000161,0,very_low,baseline
"AVENUE ""P""",BROOKLYN,2028-10-01,0.000137,0,very_low,baseline
"AVENUE ""P""",BROOKLYN,2028-11-01,0.000126,0,very_low,baseline
"AVENUE ""P""",BROOKLYN,2028-12-01,0.00012,0,very_low,baseline
"AVENUE ""P""",BROOKLYN,2029-01-01,0.000144,0,very_low,baseline
"AVENUE ""P""",BROOKLYN,2029-02-01,0.000154,0,very_low,baseline
"AVENUE ""P""",BROOKLYN,2029-03-01,0.000153,0,very_low,baseline
"AVENUE ""P""",BROOKLYN,2029-04-01,0.000158,0,very_low,baseline
"AVENUE ""P""",BROOKLYN,2029-05-01,0.000163,0,very_low,baseline
"AVENUE ""P""",BROOKLYN,2029-06-01,0.000159,0,very_low,baseline
"AVENUE ""P""",BROOKLYN,2029-07-01,0.000152,0,very_low,baseline
"AVENUE ""P""",BROOKLYN,2029-08-01,0.000155,0,very_low,baseline
"AVENUE ""P""",BROOKLYN,2029-09-01,0.000161,0,very_low,baseline
"AVENUE ""P""",BROOKLYN,2029-10-01,0.000137,0,very_low,baseline
"AVENUE ""P""",BROOKLYN,2029-11-01,0.000126,0,very_low,baseline
"AVENUE ""P""",BROOKLYN,2029-12-01,0.00012,0,very_low,baseline
"AVENUE ""U""",BROOKLYN,2027-01-01,0.000148,0,very_low,baseline
"AVENUE ""U""",BROOKLYN,2027-02-01,0.000255,0,very_low,baseline
"AVENUE ""U""",BROOKLYN,2027-03-01,0.000274,0,very_low,baseline
"AVENUE ""U""",BROOKLYN,2027-04-01,0.000334,0,very_low,baseline
"AVENUE ""U""",BROOKLYN,2027-05-01,0.000349,0,very_low,baseline
"AVENUE ""U""",BROOKLYN,2027-06-01,0.000324,0,very_low,baseline
"AVENUE ""U""",BROOKLYN,2027-07-01,0.000335,0,very_low,baseline
"AVENUE ""U""",BROOKLYN,2027-08-01,0.000351,0,very_low,baseline
"AVENUE ""U""",BROOKLYN,2027-09-01,0.000359,0,very_low,baseline
"AVENUE ""U""",BROOKLYN,2027-10-01,0.000311,0,very_low,baseline
"AVENUE ""U""",BROOKLYN,2027-11-01,0.000242,0,very_low,baseline
"AVENUE ""U""",BROOKLYN,2027-12-01,0.000231,0,very_low,baseline
"AVENUE ""U""",BROOKLYN,2028-01-01,0.000281,0,very_low,baseline
"AVENUE ""U""",BROOKLYN,2028-02-01,0.0003,0,very_low,baseline
"AVENUE ""U""",BROOKLYN,2028-03-01,0.000299,0,very_low,baseline
"AVENUE ""U""",BROOKLYN,2028-04-01,0.000304,0,very_low,baseline
"AVENUE ""U""",BROOKLYN,2028-05-01,0.000312,0,very_low,baseline
"AVENUE ""U""",BROOKLYN,2028-06-01,0.000324,0,very_low,baseline
"AVENUE ""U""",BROOKLYN,2028-07-01,0.000335,0,very_low,baseline
"AVENUE ""U""",BROOKLYN,2028-08-01,0.000351,0,very_low,baseline
"AVENUE ""U""",BROOKLYN,2028-09-01,0.000359,0,very_low,baseline
"AVENUE ""U""",BROOKLYN,2028-10-01,0.000311,0,very_low,baseline
"AVENUE ""U""",BROOKLYN,2028-11-01,0.000242,0,very_low,baseline
"AVENUE ""U""",BROOKLYN,2028-12-01,0.000231,0,very_low,baseline
"AVENUE ""U""",BROOKLYN,2029-01-01,0.000281,0,very_low,baseline
"AVENUE ""U""",BROOKLYN,2029-02-01,0.0003,0,very_low,baseline
"AVENUE ""U""",BROOKLYN,2029-03-01,0.000299,0,very_low,baseline
"AVENUE ""U""",BROOKLYN,2029-04-01,0.000304,0,very_low,baseline
"AVENUE ""U""",BROOKLYN,2029-05-01,0.000312,0,very_low,baseline
"AVENUE ""U""",BROOKLYN,2029-06-01,0.000324,0,very_low,baseline
"AVENUE ""U""",BROOKLYN,2029-07-01,0.000335,0,very_low,baseline
"AVENUE ""U""",BROOKLYN,2029-08-01,0.000351,0,very_low,baseline
"AVENUE ""U""",BROOKLYN,2029-09-01,0.000359,0,very_low,baseline
"AVENUE ""U""",BROOKLYN,2029-10-01,0.000311,0,very_low,baseline
"AVENUE ""U""",BROOKLYN,2029-11-01,0.000242,0,very_low,baseline
"AVENUE ""U""",BROOKLYN,2029-12-01,0.000231,0,very_low,baseline
"AVENUE ""X""",BROOKLYN,2027-01-01,0.000136,0,very_low,baseline
"AVENUE ""X""",BROOKLYN,2027-02-01,0.00013,0,very_low,baseline
"AVENUE ""X""",BROOKLYN,2027-03-01,0.00012,0,very_low,baseline
"AVENUE ""X""",BROOKLYN,2027-04-01,0.000131,0,very_low,baseline
"AVENUE ""X""",BROOKLYN,2027-05-01,0.000125,0,very_low,baseline
"AVENUE ""X""",BROOKLYN,2027-06-01,0.000163,0,very_low,baseline
"AVENUE ""X""",BROOKLYN,2027-07-01,0.000167,0,very_low,baseline
"AVENUE ""X""",BROOKLYN,2027-08-01,0.000171,0,very_low,baseline
"AVENUE ""X""",BROOKLYN,2027-09-01,0.000179,0,very_low,baseline
"AVENUE ""X""",BROOKLYN,2027-10-01,0.000157,0,very_low,baseline
"AVENUE ""X""",BROOKLYN,2027-11-01,0.000145,0,very_low,baseline
"AVENUE ""X""",BROOKLYN,2027-12-01,0.000138,0,very_low,baseline
"AVENUE ""X""",BROOKLYN,2028-01-01,0.000159,0,very_low,baseline
"AVENUE ""X""",BROOKLYN,2028-02-01,0.000166,0,very_low,baseline
"AVENUE ""X""",BROOKLYN,2028-03-01,0.000164,0,very_low,baseline
"AVENUE ""X""",BROOKLYN,2028-04-01,0.000162,0,very_low,baseline
"AVENUE ""X""",BROOKLYN,2028-05-01,0.000167,0,very_low,baseline
"AVENUE ""X""",BROOKLYN,2028-06-01,0.000163,0,very_low,baseline
"AVENUE ""X""",BROOKLYN,2028-07-01,0.000167,0,very_low,baseline
"AVENUE ""X""",BROOKLYN,2028-08-01,0.000171,0,very_low,baseline
"AVENUE ""X""",BROOKLYN,2028-09-01,0.000179,0,very_low,baseline
"AVENUE ""X""",BROOKLYN,2028-10-01,0.000157,0,very_low,baseline
"AVENUE ""X""",BROOKLYN,2028-11-01,0.000145,0,very_low,baseline
"AVENUE ""X""",BROOKLYN,2028-12-01,0.000138,0,very_low,baseline
"AVENUE ""X""",BROOKLYN,2029-01-01,0.000159,0,very_low,baseline
"AVENUE ""X""",BROOKLYN,2029-02-01,0.000166,0,very_low,baseline
"AVENUE ""X""",BROOKLYN,2029-03-01,0.000164,0,very_low,baseline
"AVENUE ""X""",BROOKLYN,2029-04-01,0.000162,0,very_low,baseline
"AVENUE ""X""",BROOKLYN,2029-05-01,0.000167,0,very_low,baseline
"AVENUE ""X""",BROOKLYN,2029-06-01,0.000163,0,very_low,baseline
"AVENUE ""X""",BROOKLYN,2029-07-01,0.000167,0,very_low,baseline
"AVENUE ""X""",BROOKLYN,2029-08-01,0.000171,0,very_low,baseline
"AVENUE ""X""",BROOKLYN,2029-09-01,0.000179,0,very_low,baseline
"AVENUE ""X""",BROOKLYN,2029-10-01,0.000157,0,very_low,baseline
"AVENUE ""X""",BROOKLYN,2029-11-01,0.000145,0,very_low,baseline
"AVENUE ""X""",BROOKLYN,2029-12-01,0.000138,0,very_low,baseline
BAY 50 STREET,BROOKLYN,2027-01-01,0.000151,0,very_low,baseline
BAY 50 STREET,BROOKLYN,2027-02-01,0.000112,0,very_low,baseline
BAY 50 STREET,BROOKLYN,2027-03-01,0.00012,0,very_low,baseline
BAY 50 STREET,BROOKLYN,2027-04-01,0.00012,0,very_low,baseline
BAY 50 STREET,BROOKLYN,2027-05-01,0.00015,0,very_low,baseline
BAY 50 STREET,BROOKLYN,2027-06-01,0.000147,0,very_low,baseline
BAY 50 STREET,BROOKLYN,2027-07-01,0.00015,0,very_low,baseline
BAY 50 STREET,BROOKLYN,2027-08-01,0.000153,0,very_low,baseline
BAY 50 STREET,BROOKLYN,2027-09-01,0.000161,0,very_low,baseline
BAY 50 STREET,BROOKLYN,2027-10-01,0.000141,0,very_low,baseline
BAY 50 STREET,BROOKLYN,2027-11-01,0.00013,0,very_low,baseline
BAY 50 STREET,BROOKLYN,2027-12-01,0.000124,0,very_low,baseline
BAY 50 STREET,BROOKLYN,2028-01-01,0.000143,0,very_low,baseline
BAY 50 STREET,BROOKLYN,2028-02-01,0.000149,0,very_low,baseline
BAY 50 STREET,BROOKLYN,2028-03-01,0.000148,0,very_low,baseline
BAY 50 STREET,BROOKLYN,2028-04-01,0.000146,0,very_low,baseline
BAY 50 STREET,BROOKLYN,2028-05-01,0.00015,0,very_low,baseline
BAY 50 STREET,BROOKLYN,2028-06-01,0.000147,0,very_low,baseline
BAY 50 STREET,BROOKLYN,2028-07-01,0.00015,0,very_low,baseline
BAY 50 STREET,BROOKLYN,2028-08-01,0.000153,0,very_low,baseline
BAY 50 STREET,BROOKLYN,2028-09-01,0.000161,0,very_low,baseline
BAY 50 STREET,BROOKLYN,2028-10-01,0.000141,0,very_low,baseline
BAY 50 STREET,BROOKLYN,2028-11-01,0.00013,0,very_low,baseline
BAY 50 STREET,BROOKLYN,2028-12-01,0.000124,0,very_low,baseline
BAY 50 STREET,BROOKLYN,2029-01-01,0.000143,0,very_low,baseline
BAY 50 STREET,BROOKLYN,2029-02-01,0.000149,0,very_low,baseline
BAY 50 STREET,BROOKLYN,2029-03-01,0.000148,0,very_low,baseline
BAY 50 STREET,BROOKLYN,2029-04-01,0.000146,0,very_low,baseline
BAY 50 STREET,BROOKLYN,2029-05-01,0.00015,0,very_low,baseline
BAY 50 STREET,BROOKLYN,2029-06-01,0.000147,0,very_low,baseline
BAY 50 STREET,BROOKLYN,2029-07-01,0.00015,0,very_low,baseline
BAY 50 STREET,BROOKLYN,2029-08-01,0.000153,0,very_low,baseline
BAY 50 STREET,BROOKLYN,2029-09-01,0.000161,0,very_low,baseline
BAY 50 STREET,BROOKLYN,2029-10-01,0.000141,0,very_low,baseline
BAY 50 STREET,BROOKLYN,2029-11-01,0.00013,0,very_low,baseline
BAY 50 STREET,BROOKLYN,2029-12-01,0.000124,0,very_low,baseline
BAY PARKWAY,BROOKLYN,2027-01-01,0.000366,0,very_low,baseline
BAY PARKWAY,BROOKLYN,2027-02-01,0.000455,0,very_low,baseline
BAY PARKWAY,BROOKLYN,2027-03-01,0.000519,0,very_low,baseline
BAY PARKWAY,BROOKLYN,2027-04-01,0.000564,0,very_low,baseline
BAY PARKWAY,BROOKLYN,2027-05-01,0.000541,0,very_low,baseline
BAY PARKWAY,BROOKLYN,2027-06-01,0.000519,0,very_low,baseline
BAY PARKWAY,BROOKLYN,2027-07-01,0.000512,0,very_low,baseline
BAY PARKWAY,BROOKLYN,2027-08-01,0.000587,0,very_low,baseline
BAY PARKWAY,BROOKLYN,2027-09-01,0.000646,0,very_low,baseline
BAY PARKWAY,BROOKLYN,2027-10-01,0.000579,0,very_low,baseline
BAY PARKWAY,BROOKLYN,2027-11-01,0.000483,0,very_low,baseline
BAY PARKWAY,BROOKLYN,2027-12-01,0.00048,0,very_low,baseline
BAY PARKWAY,BROOKLYN,2028-01-01,0.0005,0,very_low,baseline
BAY PARKWAY,BROOKLYN,2028-02-01,0.000477,0,very_low,baseline
BAY PARKWAY,BROOKLYN,2028-03-01,0.000499,0,very_low,baseline
BAY PARKWAY,BROOKLYN,2028-04-01,0.000499,0,very_low,baseline
BAY PARKWAY,BROOKLYN,2028-05-01,0.000519,0,very_low,baseline
BAY PARKWAY,BROOKLYN,2028-06-01,0.000519,0,very_low,baseline
BAY PARKWAY,BROOKLYN,2028-07-01,0.000512,0,very_low,baseline
BAY PARKWAY,BROOKLYN,2028-08-01,0.000587,0,very_low,baseline
BAY PARKWAY,BROOKLYN,2028-09-01,0.000646,0,very_low,baseline
BAY PARKWAY,BROOKLYN,2028-10-01,0.000579,0,very_low,baseline
BAY PARKWAY,BROOKLYN,2028-11-01,0.000483,0,very_low,baseline
BAY PARKWAY,BROOKLYN,2028-12-01,0.00048,0,very_low,baseline
BAY PARKWAY,BROOKLYN,2029-01-01,0.0005,0,very_low,baseline
BAY PARKWAY,BROOKLYN,2029-02-01,0.000477,0,very_low,baseline
BAY PARKWAY,BROOKLYN,2029-03-01,0.000499,0,very_low,baseline
BAY PARKWAY,BROOKLYN,2029-04-01,0.000499,0,very_low,baseline
BAY PARKWAY,BROOKLYN,2029-05-01,0.000519,0,very_low,baseline
BAY PARKWAY,BROOKLYN,2029-06-01,0.000519,0,very_low,baseline
BAY PARKWAY,BROOKLYN,2029-07-01,0.000512,0,very_low,baseline
BAY PARKWAY,BROOKLYN,2029-08-01,0.000587,0,very_low,baseline
BAY PARKWAY,BROOKLYN,2029-09-01,0.000646,0,very_low,baseline
BAY PARKWAY,BROOKLYN,2029-10-01,0.000579,0,very_low,baseline
BAY PARKWAY,BROOKLYN,2029-11-01,0.000483,0,very_low,baseline
BAY PARKWAY,BROOKLYN,2029-12-01,0.00048,0,very_low,baseline
BAY RIDGE AVENUE,BROOKLYN,2027-01-01,0.000131,0,very_low,baseline
BAY RIDGE AVENUE,BROOKLYN,2027-02-01,0.000155,0,very_low,baseline
BAY RIDGE AVENUE,BROOKLYN,2027-03-01,0.000154,0,very_low,baseline
BAY RIDGE AVENUE,BROOKLYN,2027-04-01,0.000138,0,very_low,baseline
BAY RIDGE AVENUE,BROOKLYN,2027-05-01,0.000155,0,very_low,baseline
BAY RIDGE AVENUE,BROOKLYN,2027-06-01,0.000163,0,very_low,baseline
BAY RIDGE AVENUE,BROOKLYN,2027-07-01,0.000167,0,very_low,baseline
BAY RIDGE AVENUE,BROOKLYN,2027-08-01,0.000171,0,very_low,baseline
BAY RIDGE AVENUE,BROOKLYN,2027-09-01,0.000179,0,very_low,baseline
BAY RIDGE AVENUE,BROOKLYN,2027-10-01,0.000157,0,very_low,baseline
BAY RIDGE AVENUE,BROOKLYN,2027-11-01,0.000145,0,very_low,baseline
BAY RIDGE AVENUE,BROOKLYN,2027-12-01,0.000138,0,very_low,baseline
BAY RIDGE AVENUE,BROOKLYN,2028-01-01,0.000159,0,very_low,baseline
BAY RIDGE AVENUE,BROOKLYN,2028-02-01,0.000166,0,very_low,baseline
BAY RIDGE AVENUE,BROOKLYN,2028-03-01,0.000164,0,very_low,baseline
BAY RIDGE AVENUE,BROOKLYN,2028-04-01,0.000162,0,very_low,baseline
BAY RIDGE AVENUE,BROOKLYN,2028-05-01,0.000167,0,very_low,baseline
BAY RIDGE AVENUE,BROOKLYN,2028-06-01,0.000163,0,very_low,baseline
BAY RIDGE AVENUE,BROOKLYN,2028-07-01,0.000167,0,very_low,baseline
BAY RIDGE AVENUE,BROOKLYN,2028-08-01,0.000171,0,very_low,baseline
BAY RIDGE AVENUE,BROOKLYN,2028-09-01,0.000179,0,very_low,baseline
BAY RIDGE AVENUE,BROOKLYN,2028-10-01,0.000157,0,very_low,baseline
BAY RIDGE AVENUE,BROOKLYN,2028-11-01,0.000145,0,very_low,baseline
BAY RIDGE AVENUE,BROOKLYN,2028-12-01,0.000138,0,very_low,baseline
BAY RIDGE AVENUE,BROOKLYN,2029-01-01,0.000159,0,very_low,baseline
BAY RIDGE AVENUE,BROOKLYN,2029-02-01,0.000166,0,very_low,baseline
BAY RIDGE AVENUE,BROOKLYN,2029-03-01,0.000164,0,very_low,baseline
BAY RIDGE AVENUE,BROOKLYN,2029-04-01,0.000162,0,very_low,baseline
BAY RIDGE AVENUE,BROOKLYN,2029-05-01,0.000167,0,very_low,baseline
BAY RIDGE AVENUE,BROOKLYN,2029-06-01,0.000163,0,very_low,baseline
BAY RIDGE AVENUE,BROOKLYN,2029-07-01,0.000167,0,very_low,baseline
BAY RIDGE AVENUE,BROOKLYN,2029-08-01,0.000171,0,very_low,baseline
BAY RIDGE AVENUE,BROOKLYN,2029-09-01,0.000179,0,very_low,baseline
BAY RIDGE AVENUE,BROOKLYN,2029-10-01,0.000157,0,very_low,baseline
BAY RIDGE AVENUE,BROOKLYN,2029-11-01,0.000145,0,very_low,baseline
BAY RIDGE AVENUE,BROOKLYN,2029-12-01,0.000138,0,very_low,baseline
BAYCHESTER AVENUE,BRONX,2027-01-01,0.000214,0,very_low,baseline
BAYCHESTER AVENUE,BRONX,2027-02-01,0.000292,0,very_low,baseline
BAYCHESTER AVENUE,BRONX,2027-03-01,0.000317,0,very_low,baseline
BAYCHESTER AVENUE,BRONX,2027-04-01,0.000381,0,very_low,baseline
BAYCHESTER AVENUE,BRONX,2027-05-01,0.000328,0,very_low,baseline
BAYCHESTER AVENUE,BRONX,2027-06-01,0.000307,0,very_low,baseline
BAYCHESTER AVENUE,BRONX,2027-07-01,0.000317,0,very_low,baseline
BAYCHESTER AVENUE,BRONX,2027-08-01,0.000325,0,very_low,baseline
BAYCHESTER AVENUE,BRONX,2027-09-01,0.000332,0,very_low,baseline
BAYCHESTER AVENUE,BRONX,2027-10-01,0.000288,0,very_low,baseline
BAYCHESTER AVENUE,BRONX,2027-11-01,0.000224,0,very_low,baseline
BAYCHESTER AVENUE,BRONX,2027-12-01,0.000213,0,very_low,baseline
BAYCHESTER AVENUE,BRONX,2028-01-01,0.000284,0,very_low,baseline
BAYCHESTER AVENUE,BRONX,2028-02-01,0.000309,0,very_low,baseline
BAYCHESTER AVENUE,BRONX,2028-03-01,0.000289,0,very_low,baseline
BAYCHESTER AVENUE,BRONX,2028-04-01,0.000294,0,very_low,baseline
BAYCHESTER AVENUE,BRONX,2028-05-01,0.000296,0,very_low,baseline
BAYCHESTER AVENUE,BRONX,2028-06-01,0.000307,0,very_low,baseline
BAYCHESTER AVENUE,BRONX,2028-07-01,0.000317,0,very_low,baseline
BAYCHESTER AVENUE,BRONX,2028-08-01,0.000325,0,very_low,baseline
BAYCHESTER AVENUE,BRONX,2028-09-01,0.000332,0,very_low,baseline
BAYCHESTER AVENUE,BRONX,2028-10-01,0.000288,0,very_low,baseline
BAYCHESTER AVENUE,BRONX,2028-11-01,0.000224,0,very_low,baseline
BAYCHESTER AVENUE,BRONX,2028-12-01,0.000213,0,very_low,baseline
BAYCHESTER AVENUE,BRONX,2029-01-01,0.000284,0,very_low,baseline
BAYCHESTER AVENUE,BRONX,2029-02-01,0.000309,0,very_low,baseline
BAYCHESTER AVENUE,BRONX,2029-03-01,0.000289,0,very_low,baseline
BAYCHESTER AVENUE,BRONX,2029-04-01,0.000294,0,very_low,baseline
BAYCHESTER AVENUE,BRONX,2029-05-01,0.000296,0,very_low,baseline
BAYCHESTER AVENUE,BRONX,2029-06-01,0.000307,0,very_low,baseline
BAYCHESTER AVENUE,BRONX,2029-07-01,0.000317,0,very_low,baseline
BAYCHESTER AVENUE,BRONX,2029-08-01,0.000325,0,very_low,baseline
BAYCHESTER AVENUE,BRONX,2029-09-01,0.000332,0,very_low,baseline
BAYCHESTER AVENUE,BRONX,2029-10-01,0.000288,0,very_low,baseline
BAYCHESTER AVENUE,BRONX,2029-11-01,0.000224,0,very_low,baseline
BAYCHESTER AVENUE,BRONX,2029-12-01,0.000213,0,very_low,baseline
BEACH 105 STREET,QUEENS,2027-01-01,0.000143,0,very_low,baseline
BEACH 105 STREET,QUEENS,2027-02-01,0.000132,0,very_low,baseline
BEACH 105 STREET,QUEENS,2027-03-01,0.00015,0,very_low,baseline
BEACH 105 STREET,QUEENS,2027-04-01,0.000156,0,very_low,baseline
BEACH 105 STREET,QUEENS,2027-05-01,0.000161,0,very_low,baseline
BEACH 105 STREET,QUEENS,2027-06-01,0.000158,0,very_low,baseline
BEACH 105 STREET,QUEENS,2027-07-01,0.00015,0,very_low,baseline
BEACH 105 STREET,QUEENS,2027-08-01,0.000152,0,very_low,baseline
BEACH 105 STREET,QUEENS,2027-09-01,0.000153,0,very_low,baseline
BEACH 105 STREET,QUEENS,2027-10-01,0.000131,0,very_low,baseline
BEACH 105 STREET,QUEENS,2027-11-01,0.00012,0,very_low,baseline
BEACH 105 STREET,QUEENS,2027-12-01,0.000114,0,very_low,baseline
BEACH 105 STREET,QUEENS,2028-01-01,0.000143,0,very_low,baseline
BEACH 105 STREET,QUEENS,2028-02-01,0.000153,0,very_low,baseline
BEACH 105 STREET,QUEENS,2028-03-01,0.000151,0,very_low,baseline
BEACH 105 STREET,QUEENS,2028-04-01,0.000157,0,very_low,baseline
BEACH 105 STREET,QUEENS,2028-05-01,0.000161,0,very_low,baseline
BEACH 105 STREET,QUEENS,2028-06-01,0.000158,0,very_low,baseline
BEACH 105 STREET,QUEENS,2028-07-01,0.00015,0,very_low,baseline
BEACH 105 STREET,QUEENS,2028-08-01,0.000152,0,very_low,baseline
BEACH 105 STREET,QUEENS,2028-09-01,0.000153,0,very_low,baseline
BEACH 105 STREET,QUEENS,2028-10-01,0.000131,0,very_low,baseline
BEACH 105 STREET,QUEENS,2028-11-01,0.00012,0,very_low,baseline
BEACH 105 STREET,QUEENS,2028-12-01,0.000114,0,very_low,baseline
BEACH 105 STREET,QUEENS,2029-01-01,0.000143,0,very_low,baseline
BEACH 105 STREET,QUEENS,2029-02-01,0.000153,0,very_low,baseline
BEACH 105 STREET,QUEENS,2029-03-01,0.000151,0,very_low,baseline
BEACH 105 STREET,QUEENS,2029-04-01,0.000157,0,very_low,baseline
BEACH 105 STREET,QUEENS,2029-05-01,0.000161,0,very_low,baseline
BEACH 105 STREET,QUEENS,2029-06-01,0.000158,0,very_low,baseline
BEACH 105 STREET,QUEENS,2029-07-01,0.00015,0,very_low,baseline
BEACH 105 STREET,QUEENS,2029-08-01,0.000152,0,very_low,baseline
BEACH 105 STREET,QUEENS,2029-09-01,0.000153,0,very_low,baseline
BEACH 105 STREET,QUEENS,2029-10-01,0.000131,0,very_low,baseline
BEACH 105 STREET,QUEENS,2029-11-01,0.00012,0,very_low,baseline
BEACH 105 STREET,QUEENS,2029-12-01,0.000114,0,very_low,baseline
BEACH 25 STREET,QUEENS,2027-01-01,0.000249,0,very_low,baseline
BEACH 25 STREET,QUEENS,2027-02-01,0.000388,0,very_low,baseline
BEACH 25 STREET,QUEENS,2027-03-01,0.000385,0,very_low,baseline
BEACH 25 STREET,QUEENS,2027-04-01,0.000405,0,very_low,baseline
BEACH 25 STREET,QUEENS,2027-05-01,0.000336,0,very_low,baseline
BEACH 25 STREET,QUEENS,2027-06-01,0.000367,0,very_low,baseline
BEACH 25 STREET,QUEENS,2027-07-01,0.000357,0,very_low,baseline
BEACH 25 STREET,QUEENS,2027-08-01,0.000385,0,very_low,baseline
BEACH 25 STREET,QUEENS,2027-09-01,0.000393,0,very_low,baseline
BEACH 25 STREET,QUEENS,2027-10-01,0.000329,0,very_low,baseline
BEACH 25 STREET,QUEENS,2027-11-01,0.000291,0,very_low,baseline
BEACH 25 STREET,QUEENS,2027-12-01,0.00029,0,very_low,baseline
BEACH 25 STREET,QUEENS,2028-01-01,0.000346,0,very_low,baseline
BEACH 25 STREET,QUEENS,2028-02-01,0.000377,0,very_low,baseline
BEACH 25 STREET,QUEENS,2028-03-01,0.000363,0,very_low,baseline
BEACH 25 STREET,QUEENS,2028-04-01,0.000354,0,very_low,baseline
BEACH 25 STREET,QUEENS,2028-05-01,0.000364,0,very_low,baseline
BEACH 25 STREET,QUEENS,2028-06-01,0.000367,0,very_low,baseline
BEACH 25 STREET,QUEENS,2028-07-01,0.000357,0,very_low,baseline
BEACH 25 STREET,QUEENS,2028-08-01,0.000385,0,very_low,baseline
BEACH 25 STREET,QUEENS,2028-09-01,0.000393,0,very_low,baseline
BEACH 25 STREET,QUEENS,2028-10-01,0.000329,0,very_low,baseline
BEACH 25 STREET,QUEENS,2028-11-01,0.000291,0,very_low,baseline
BEACH 25 STREET,QUEENS,2028-12-01,0.00029,0,very_low,baseline
BEACH 25 STREET,QUEENS,2029-01-01,0.000346,0,very_low,baseline
BEACH 25 STREET,QUEENS,2029-02-01,0.000377,0,very_low,baseline
BEACH 25 STREET,QUEENS,2029-03-01,0.000363,0,very_low,baseline
BEACH 25 STREET,QUEENS,2029-04-01,0.000354,0,very_low,baseline
BEACH 25 STREET,QUEENS,2029-05-01,0.000364,0,very_low,baseline
BEACH 25 STREET,QUEENS,2029-06-01,0.000367,0,very_low,baseline
BEACH 25 STREET,QUEENS,2029-07-01,0.000357,0,very_low,baseline
BEACH 25 STREET,QUEENS,2029-08-01,0.000385,0,very_low,baseline
BEACH 25 STREET,QUEENS,2029-09-01,0.000393,0,very_low,baseline
BEACH 25 STREET,QUEENS,2029-10-01,0.000329,0,very_low,baseline
BEACH 25 STREET,QUEENS,2029-11-01,0.000291,0,very_low,baseline
BEACH 25 STREET,QUEENS,2029-12-01,0.00029,0,very_low,baseline
BEACH 36 STREET,QUEENS,2027-01-01,0.000357,0,very_low,baseline
BEACH 36 STREET,QUEENS,2027-02-01,0.000358,0,very_low,baseline
BEACH 36 STREET,QUEENS,2027-03-01,0.000337,0,very_low,baseline
BEACH 36 STREET,QUEENS,2027-04-01,0.000321,0,very_low,baseline
BEACH 36 STREET,QUEENS,2027-05-01,0.000359,0,very_low,baseline
BEACH 36 STREET,QUEENS,2027-06-01,0.000362,0,very_low,baseline
BEACH 36 STREET,QUEENS,2027-07-01,0.000352,0,very_low,baseline
BEACH 36 STREET,QUEENS,2027-08-01,0.00036,0,very_low,baseline
BEACH 36 STREET,QUEENS,2027-09-01,0.00036,0,very_low,baseline
BEACH 36 STREET,QUEENS,2027-10-01,0.000304,0,very_low,baseline
BEACH 36 STREET,QUEENS,2027-11-01,0.000236,0,very_low,baseline
BEACH 36 STREET,QUEENS,2027-12-01,0.000225,0,very_low,baseline
BEACH 36 STREET,QUEENS,2028-01-01,0.000346,0,very_low,baseline
BEACH 36 STREET,QUEENS,2028-02-01,0.000377,0,very_low,baseline
BEACH 36 STREET,QUEENS,2028-03-01,0.000352,0,very_low,baseline
BEACH 36 STREET,QUEENS,2028-04-01,0.000349,0,very_low,baseline
BEACH 36 STREET,QUEENS,2028-05-01,0.000359,0,very_low,baseline
BEACH 36 STREET,QUEENS,2028-06-01,0.000362,0,very_low,baseline
BEACH 36 STREET,QUEENS,2028-07-01,0.000352,0,very_low,baseline
BEACH 36 STREET,QUEENS,2028-08-01,0.00036,0,very_low,baseline
BEACH 36 STREET,QUEENS,2028-09-01,0.00036,0,very_low,baseline
BEACH 36 STREET,QUEENS,2028-10-01,0.000304,0,very_low,baseline
BEACH 36 STREET,QUEENS,2028-11-01,0.000236,0,very_low,baseline
BEACH 36 STREET,QUEENS,2028-12-01,0.000225,0,very_low,baseline
BEACH 36 STREET,QUEENS,2029-01-01,0.000346,0,very_low,baseline
BEACH 36 STREET,QUEENS,2029-02-01,0.000377,0,very_low,baseline
BEACH 36 STREET,QUEENS,2029-03-01,0.000352,0,very_low,baseline
BEACH 36 STREET,QUEENS,2029-04-01,0.000349,0,very_low,baseline
BEACH 36 STREET,QUEENS,2029-05-01,0.000359,0,very_low,baseline
BEACH 36 STREET,QUEENS,2029-06-01,0.000362,0,very_low,baseline
BEACH 36 STREET,QUEENS,2029-07-01,0.000352,0,very_low,baseline
BEACH 36 STREET,QUEENS,2029-08-01,0.00036,0,very_low,baseline
BEACH 36 STREET,QUEENS,2029-09-01,0.00036,0,very_low,baseline
BEACH 36 STREET,QUEENS,2029-10-01,0.000304,0,very_low,baseline
BEACH 36 STREET,QUEENS,2029-11-01,0.000236,0,very_low,baseline
BEACH 36 STREET,QUEENS,2029-12-01,0.000225,0,very_low,baseline
BEACH 44 STREET,QUEENS,2027-01-01,0.000163,0,very_low,baseline
BEACH 44 STREET,QUEENS,2027-02-01,0.000129,0,very_low,baseline
BEACH 44 STREET,QUEENS,2027-03-01,0.00011,0,very_low,baseline
BEACH 44 STREET,QUEENS,2027-04-01,0.000128,0,very_low,baseline
BEACH 44 STREET,QUEENS,2027-05-01,0.000127,0,very_low,baseline
BEACH 44 STREET,QUEENS,2027-06-01,0.000162,0,very_low,baseline
BEACH 44 STREET,QUEENS,2027-07-01,0.000165,0,very_low,baseline
BEACH 44 STREET,QUEENS,2027-08-01,0.000167,0,very_low,baseline
BEACH 44 STREET,QUEENS,2027-09-01,0.00017,0,very_low,baseline
BEACH 44 STREET,QUEENS,2027-10-01,0.000149,0,very_low,baseline
BEACH 44 STREET,QUEENS,2027-11-01,0.000138,0,very_low,baseline
BEACH 44 STREET,QUEENS,2027-12-01,0.000131,0,very_low,baseline
BEACH 44 STREET,QUEENS,2028-01-01,0.000158,0,very_low,baseline
BEACH 44 STREET,QUEENS,2028-02-01,0.000164,0,very_low,baseline
BEACH 44 STREET,QUEENS,2028-03-01,0.000163,0,very_low,baseline
BEACH 44 STREET,QUEENS,2028-04-01,0.000161,0,very_low,baseline
BEACH 44 STREET,QUEENS,2028-05-01,0.000165,0,very_low,baseline
BEACH 44 STREET,QUEENS,2028-06-01,0.000162,0,very_low,baseline
BEACH 44 STREET,QUEENS,2028-07-01,0.000165,0,very_low,baseline
BEACH 44 STREET,QUEENS,2028-08-01,0.000167,0,very_low,baseline
BEACH 44 STREET,QUEENS,2028-09-01,0.00017,0,very_low,baseline
BEACH 44 STREET,QUEENS,2028-10-01,0.000149,0,very_low,baseline
BEACH 44 STREET,QUEENS,2028-11-01,0.000138,0,very_low,baseline
BEACH 44 STREET,QUEENS,2028-12-01,0.000131,0,very_low,baseline
BEACH 44 STREET,QUEENS,2029-01-01,0.000158,0,very_low,baseline
BEACH 44 STREET,QUEENS,2029-02-01,0.000164,0,very_low,baseline
BEACH 44 STREET,QUEENS,2029-03-01,0.000163,0,very_low,baseline
BEACH 44 STREET,QUEENS,2029-04-01,0.000161,0,very_low,baseline
BEACH 44 STREET,QUEENS,2029-05-01,0.000165,0,very_low,baseline
BEACH 44 STREET,QUEENS,2029-06-01,0.000162,0,very_low,baseline
BEACH 44 STREET,QUEENS,2029-07-01,0.000165,0,very_low,baseline
BEACH 44 STREET,QUEENS,2029-08-01,0.000167,0,very_low,baseline
BEACH 44 STREET,QUEENS,2029-09-01,0.00017,0,very_low,baseline
BEACH 44 STREET,QUEENS,2029-10-01,0.000149,0,very_low,baseline
BEACH 44 STREET,QUEENS,2029-11-01,0.000138,0,very_low,baseline
BEACH 44 STREET,QUEENS,2029-12-01,0.000131,0,very_low,baseline
BEACH 60 STREET,QUEENS,2027-01-01,0.000493,0,very_low,baseline
BEACH 60 STREET,QUEENS,2027-02-01,0.000243,0,very_low,baseline
BEACH 60 STREET,QUEENS,2027-03-01,0.000357,0,very_low,baseline
BEACH 60 STREET,QUEENS,2027-04-01,0.000333,0,very_low,baseline
BEACH 60 STREET,QUEENS,2027-05-01,0.000449,0,very_low,baseline
BEACH 60 STREET,QUEENS,2027-06-01,0.000365,0,very_low,baseline
BEACH 60 STREET,QUEENS,2027-07-01,0.000343,0,very_low,baseline
BEACH 60 STREET,QUEENS,2027-08-01,0.000379,0,very_low,baseline
BEACH 60 STREET,QUEENS,2027-09-01,0.000389,0,very_low,baseline
BEACH 60 STREET,QUEENS,2027-10-01,0.000318,0,very_low,baseline
BEACH 60 STREET,QUEENS,2027-11-01,0.000281,0,very_low,baseline
BEACH 60 STREET,QUEENS,2027-12-01,0.00027,0,very_low,baseline
BEACH 60 STREET,QUEENS,2028-01-01,0.000334,0,very_low,baseline
BEACH 60 STREET,QUEENS,2028-02-01,0.000347,0,very_low,baseline
BEACH 60 STREET,QUEENS,2028-03-01,0.000362,0,very_low,baseline
BEACH 60 STREET,QUEENS,2028-04-01,0.000353,0,very_low,baseline
BEACH 60 STREET,QUEENS,2028-05-01,0.000362,0,very_low,baseline
BEACH 60 STREET,QUEENS,2028-06-01,0.000365,0,very_low,baseline
BEACH 60 STREET,QUEENS,2028-07-01,0.000343,0,very_low,baseline
BEACH 60 STREET,QUEENS,2028-08-01,0.000379,0,very_low,baseline
BEACH 60 STREET,QUEENS,2028-09-01,0.000389,0,very_low,baseline
BEACH 60 STREET,QUEENS,2028-10-01,0.000318,0,very_low,baseline
BEACH 60 STREET,QUEENS,2028-11-01,0.000281,0,very_low,baseline
BEACH 60 STREET,QUEENS,2028-12-01,0.00027,0,very_low,baseline
BEACH 60 STREET,QUEENS,2029-01-01,0.000334,0,very_low,baseline
BEACH 60 STREET,QUEENS,2029-02-01,0.000347,0,very_low,baseline
BEACH 60 STREET,QUEENS,2029-03-01,0.000362,0,very_low,baseline
BEACH 60 STREET,QUEENS,2029-04-01,0.000353,0,very_low,baseline
BEACH 60 STREET,QUEENS,2029-05-01,0.000362,0,very_low,baseline
BEACH 60 STREET,QUEENS,2029-06-01,0.000365,0,very_low,baseline
BEACH 60 STREET,QUEENS,2029-07-01,0.000343,0,very_low,baseline
BEACH 60 STREET,QUEENS,2029-08-01,0.000379,0,very_low,baseline
BEACH 60 STREET,QUEENS,2029-09-01,0.000389,0,very_low,baseline
BEACH 60 STREET,QUEENS,2029-10-01,0.000318,0,very_low,baseline
BEACH 60 STREET,QUEENS,2029-11-01,0.000281,0,very_low,baseline
BEACH 60 STREET,QUEENS,2029-12-01,0.00027,0,very_low,baseline
BEACH 67 STREET,QUEENS,2027-01-01,0.005456,0,very_low,baseline
BEACH 67 STREET,QUEENS,2027-02-01,0.015913,0,very_low,baseline
BEACH 67 STREET,QUEENS,2027-03-01,0.01962,0,very_low,baseline
BEACH 67 STREET,QUEENS,2027-04-01,0.027306,0,very_low,baseline
BEACH 67 STREET,QUEENS,2027-05-01,0.034825,0,very_low,baseline
BEACH 67 STREET,QUEENS,2027-06-01,0.026785,0,very_low,baseline
BEACH 67 STREET,QUEENS,2027-07-01,0.026592,0,very_low,baseline
BEACH 67 STREET,QUEENS,2027-08-01,0.028439,0,very_low,baseline
BEACH 67 STREET,QUEENS,2027-09-01,0.028182,0,very_low,baseline
BEACH 67 STREET,QUEENS,2027-10-01,0.022803,0,very_low,baseline
BEACH 67 STREET,QUEENS,2027-11-01,0.018411,0,very_low,baseline
BEACH 67 STREET,QUEENS,2027-12-01,0.017925,0,very_low,baseline
BEACH 67 STREET,QUEENS,2028-01-01,0.025649,0,very_low,baseline
BEACH 67 STREET,QUEENS,2028-02-01,0.028171,0,very_low,baseline
BEACH 67 STREET,QUEENS,2028-03-01,0.026074,0,very_low,baseline
BEACH 67 STREET,QUEENS,2028-04-01,0.025441,0,very_low,baseline
BEACH 67 STREET,QUEENS,2028-05-01,0.026573,0,very_low,baseline
BEACH 67 STREET,QUEENS,2028-06-01,0.026785,0,very_low,baseline
BEACH 67 STREET,QUEENS,2028-07-01,0.026592,0,very_low,baseline
BEACH 67 STREET,QUEENS,2028-08-01,0.028439,0,very_low,baseline
BEACH 67 STREET,QUEENS,2028-09-01,0.028182,0,very_low,baseline
BEACH 67 STREET,QUEENS,2028-10-01,0.022803,0,very_low,baseline
BEACH 67 STREET,QUEENS,2028-11-01,0.018411,0,very_low,baseline
BEACH 67 STREET,QUEENS,2028-12-01,0.017925,0,very_low,baseline
BEACH 67 STREET,QUEENS,2029-01-01,0.025649,0,very_low,baseline
BEACH 67 STREET,QUEENS,2029-02-01,0.028171,0,very_low,baseline
BEACH 67 STREET,QUEENS,2029-03-01,0.026074,0,very_low,baseline
BEACH 67 STREET,QUEENS,2029-04-01,0.025441,0,very_low,baseline
BEACH 67 STREET,QUEENS,2029-05-01,0.026573,0,very_low,baseline
BEACH 67 STREET,QUEENS,2029-06-01,0.026785,0,very_low,baseline
BEACH 67 STREET,QUEENS,2029-07-01,0.026592,0,very_low,baseline
BEACH 67 STREET,QUEENS,2029-08-01,0.028439,0,very_low,baseline
BEACH 67 STREET,QUEENS,2029-09-01,0.028182,0,very_low,baseline
BEACH 67 STREET,QUEENS,2029-10-01,0.022803,0,very_low,baseline
BEACH 67 STREET,QUEENS,2029-11-01,0.018411,0,very_low,baseline
BEACH 67 STREET,QUEENS,2029-12-01,0.017925,0,very_low,baseline
BEACH 90 STREET,QUEENS,2027-01-01,0.000156,0,very_low,baseline
BEACH 90 STREET,QUEENS,2027-02-01,0.000149,0,very_low,baseline
BEACH 90 STREET,QUEENS,2027-03-01,0.00015,0,very_low,baseline
BEACH 90 STREET,QUEENS,2027-04-01,0.000153,0,very_low,baseline
BEACH 90 STREET,QUEENS,2027-05-01,0.00016,0,very_low,baseline
BEACH 90 STREET,QUEENS,2027-06-01,0.000158,0,very_low,baseline
BEACH 90 STREET,QUEENS,2027-07-01,0.00015,0,very_low,baseline
BEACH 90 STREET,QUEENS,2027-08-01,0.000152,0,very_low,baseline
BEACH 90 STREET,QUEENS,2027-09-01,0.000153,0,very_low,baseline
BEACH 90 STREET,QUEENS,2027-10-01,0.000131,0,very_low,baseline
BEACH 90 STREET,QUEENS,2027-11-01,0.00012,0,very_low,baseline
BEACH 90 STREET,QUEENS,2027-12-01,0.000114,0,very_low,baseline
BEACH 90 STREET,QUEENS,2028-01-01,0.000143,0,very_low,baseline
BEACH 90 STREET,QUEENS,2028-02-01,0.000153,0,very_low,baseline
BEACH 90 STREET,QUEENS,2028-03-01,0.000151,0,very_low,baseline
BEACH 90 STREET,QUEENS,2028-04-01,0.000157,0,very_low,baseline
BEACH 90 STREET,QUEENS,2028-05-01,0.000161,0,very_low,baseline
BEACH 90 STREET,QUEENS,2028-06-01,0.000158,0,very_low,baseline
BEACH 90 STREET,QUEENS,2028-07-01,0.00015,0,very_low,baseline
BEACH 90 STREET,QUEENS,2028-08-01,0.000152,0,very_low,baseline
BEACH 90 STREET,QUEENS,2028-09-01,0.000153,0,very_low,baseline
BEACH 90 STREET,QUEENS,2028-10-01,0.000131,0,very_low,baseline
BEACH 90 STREET,QUEENS,2028-11-01,0.00012,0,very_low,baseline
BEACH 90 STREET,QUEENS,2028-12-01,0.000114,0,very_low,baseline
BEACH 90 STREET,QUEENS,2029-01-01,0.000143,0,very_low,baseline
BEACH 90 STREET,QUEENS,2029-02-01,0.000153,0,very_low,baseline
BEACH 90 STREET,QUEENS,2029-03-01,0.000151,0,very_low,baseline
BEACH 90 STREET,QUEENS,2029-04-01,0.000157,0,very_low,baseline
BEACH 90 STREET,QUEENS,2029-05-01,0.000161,0,very_low,baseline
BEACH 90 STREET,QUEENS,2029-06-01,0.000158,0,very_low,baseline
BEACH 90 STREET,QUEENS,2029-07-01,0.00015,0,very_low,baseline
BEACH 90 STREET,QUEENS,2029-08-01,0.000152,0,very_low,baseline
BEACH 90 STREET,QUEENS,2029-09-01,0.000153,0,very_low,baseline
BEACH 90 STREET,QUEENS,2029-10-01,0.000131,0,very_low,baseline
BEACH 90 STREET,QUEENS,2029-11-01,0.00012,0,very_low,baseline
BEACH 90 STREET,QUEENS,2029-12-01,0.000114,0,very_low,baseline
BEACH 98 STREET,QUEENS,2027-01-01,0.000141,0,very_low,baseline
BEACH 98 STREET,QUEENS,2027-02-01,0.00015,0,very_low,baseline
BEACH 98 STREET,QUEENS,2027-03-01,0.000163,0,very_low,baseline
BEACH 98 STREET,QUEENS,2027-04-01,0.000161,0,very_low,baseline
BEACH 98 STREET,QUEENS,2027-05-01,0.000158,0,very_low,baseline
BEACH 98 STREET,QUEENS,2027-06-01,0.000162,0,very_low,baseline
BEACH 98 STREET,QUEENS,2027-07-01,0.000165,0,very_low,baseline
BEACH 98 STREET,QUEENS,2027-08-01,0.000167,0,very_low,baseline
BEACH 98 STREET,QUEENS,2027-09-01,0.00017,0,very_low,baseline
BEACH 98 STREET,QUEENS,2027-10-01,0.000149,0,very_low,baseline
BEACH 98 STREET,QUEENS,2027-11-01,0.000138,0,very_low,baseline
BEACH 98 STREET,QUEENS,2027-12-01,0.000131,0,very_low,baseline
BEACH 98 STREET,QUEENS,2028-01-01,0.000158,0,very_low,baseline
BEACH 98 STREET,QUEENS,2028-02-01,0.000164,0,very_low,baseline
BEACH 98 STREET,QUEENS,2028-03-01,0.000163,0,very_low,baseline
BEACH 98 STREET,QUEENS,2028-04-01,0.000161,0,very_low,baseline
BEACH 98 STREET,QUEENS,2028-05-01,0.000165,0,very_low,baseline
BEACH 98 STREET,QUEENS,2028-06-01,0.000162,0,very_low,baseline
BEACH 98 STREET,QUEENS,2028-07-01,0.000165,0,very_low,baseline
BEACH 98 STREET,QUEENS,2028-08-01,0.000167,0,very_low,baseline
BEACH 98 STREET,QUEENS,2028-09-01,0.00017,0,very_low,baseline
BEACH 98 STREET,QUEENS,2028-10-01,0.000149,0,very_low,baseline
BEACH 98 STREET,QUEENS,2028-11-01,0.000138,0,very_low,baseline
BEACH 98 STREET,QUEENS,2028-12-01,0.000131,0,very_low,baseline
BEACH 98 STREET,QUEENS,2029-01-01,0.000158,0,very_low,baseline
BEACH 98 STREET,QUEENS,2029-02-01,0.000164,0,very_low,baseline
BEACH 98 STREET,QUEENS,2029-03-01,0.000163,0,very_low,baseline
BEACH 98 STREET,QUEENS,2029-04-01,0.000161,0,very_low,baseline
BEACH 98 STREET,QUEENS,2029-05-01,0.000165,0,very_low,baseline
BEACH 98 STREET,QUEENS,2029-06-01,0.000162,0,very_low,baseline
BEACH 98 STREET,QUEENS,2029-07-01,0.000165,0,very_low,baseline
BEACH 98 STREET,QUEENS,2029-08-01,0.000167,0,very_low,baseline
BEACH 98 STREET,QUEENS,2029-09-01,0.00017,0,very_low,baseline
BEACH 98 STREET,QUEENS,2029-10-01,0.000149,0,very_low,baseline
BEACH 98 STREET,QUEENS,2029-11-01,0.000138,0,very_low,baseline
BEACH 98 STREET,QUEENS,2029-12-01,0.000131,0,very_low,baseline
BEDFORD AVENUE,BROOKLYN,2027-01-01,0.000485,0,very_low,baseline
BEDFORD AVENUE,BROOKLYN,2027-02-01,0.00056,0,very_low,baseline
BEDFORD AVENUE,BROOKLYN,2027-03-01,0.000293,0,very_low,baseline
BEDFORD AVENUE,BROOKLYN,2027-04-01,0.000299,0,very_low,baseline
BEDFORD AVENUE,BROOKLYN,2027-05-01,0.000319,0,very_low,baseline
BEDFORD AVENUE,BROOKLYN,2027-06-01,0.000375,0,very_low,baseline
BEDFORD AVENUE,BROOKLYN,2027-07-01,0.000375,0,very_low,baseline
BEDFORD AVENUE,BROOKLYN,2027-08-01,0.000413,0,very_low,baseline
BEDFORD AVENUE,BROOKLYN,2027-09-01,0.00044,0,very_low,baseline
BEDFORD AVENUE,BROOKLYN,2027-10-01,0.000378,0,very_low,baseline
BEDFORD AVENUE,BROOKLYN,2027-11-01,0.000324,0,very_low,baseline
BEDFORD AVENUE,BROOKLYN,2027-12-01,0.000323,0,very_low,baseline
BEDFORD AVENUE,BROOKLYN,2028-01-01,0.000395,0,very_low,baseline
BEDFORD AVENUE,BROOKLYN,2028-02-01,0.000377,0,very_low,baseline
BEDFORD AVENUE,BROOKLYN,2028-03-01,0.000368,0,very_low,baseline
BEDFORD AVENUE,BROOKLYN,2028-04-01,0.000364,0,very_low,baseline
BEDFORD AVENUE,BROOKLYN,2028-05-01,0.000375,0,very_low,baseline
BEDFORD AVENUE,BROOKLYN,2028-06-01,0.000375,0,very_low,baseline
BEDFORD AVENUE,BROOKLYN,2028-07-01,0.000375,0,very_low,baseline
BEDFORD AVENUE,BROOKLYN,2028-08-01,0.000413,0,very_low,baseline
BEDFORD AVENUE,BROOKLYN,2028-09-01,0.00044,0,very_low,baseline
BEDFORD AVENUE,BROOKLYN,2028-10-01,0.000378,0,very_low,baseline
BEDFORD AVENUE,BROOKLYN,2028-11-01,0.000324,0,very_low,baseline
BEDFORD AVENUE,BROOKLYN,2028-12-01,0.000323,0,very_low,baseline
BEDFORD AVENUE,BROOKLYN,2029-01-01,0.000395,0,very_low,baseline
BEDFORD AVENUE,BROOKLYN,2029-02-01,0.000377,0,very_low,baseline
BEDFORD AVENUE,BROOKLYN,2029-03-01,0.000368,0,very_low,baseline
BEDFORD AVENUE,BROOKLYN,2029-04-01,0.000364,0,very_low,baseline
BEDFORD AVENUE,BROOKLYN,2029-05-01,0.000375,0,very_low,baseline
BEDFORD AVENUE,BROOKLYN,2029-06-01,0.000375,0,very_low,baseline
BEDFORD AVENUE,BROOKLYN,2029-07-01,0.000375,0,very_low,baseline
BEDFORD AVENUE,BROOKLYN,2029-08-01,0.000413,0,very_low,baseline
BEDFORD AVENUE,BROOKLYN,2029-09-01,0.00044,0,very_low,baseline
BEDFORD AVENUE,BROOKLYN,2029-10-01,0.000378,0,very_low,baseline
BEDFORD AVENUE,BROOKLYN,2029-11-01,0.000324,0,very_low,baseline
BEDFORD AVENUE,BROOKLYN,2029-12-01,0.000323,0,very_low,baseline
BEDFORD PK. BLVD.,BRONX,2027-01-01,0.000328,0,very_low,baseline
BEDFORD PK. BLVD.,BRONX,2027-02-01,0.000631,0,very_low,baseline
BEDFORD PK. BLVD.,BRONX,2027-03-01,0.000255,0,very_low,baseline
BEDFORD PK. BLVD.,BRONX,2027-04-01,0.000274,0,very_low,baseline
BEDFORD PK. BLVD.,BRONX,2027-05-01,0.000231,0,very_low,baseline
BEDFORD PK. BLVD.,BRONX,2027-06-01,0.000282,0,very_low,baseline
BEDFORD PK. BLVD.,BRONX,2027-07-01,0.000272,0,very_low,baseline
BEDFORD PK. BLVD.,BRONX,2027-08-01,0.000311,0,very_low,baseline
BEDFORD PK. BLVD.,BRONX,2027-09-01,0.000331,0,very_low,baseline
BEDFORD PK. BLVD.,BRONX,2027-10-01,0.00028,0,very_low,baseline
BEDFORD PK. BLVD.,BRONX,2027-11-01,0.000241,0,very_low,baseline
BEDFORD PK. BLVD.,BRONX,2027-12-01,0.000232,0,very_low,baseline
BEDFORD PK. BLVD.,BRONX,2028-01-01,0.000277,0,very_low,baseline
BEDFORD PK. BLVD.,BRONX,2028-02-01,0.00027,0,very_low,baseline
BEDFORD PK. BLVD.,BRONX,2028-03-01,0.000273,0,very_low,baseline
BEDFORD PK. BLVD.,BRONX,2028-04-01,0.000273,0,very_low,baseline
BEDFORD PK. BLVD.,BRONX,2028-05-01,0.000281,0,very_low,baseline
BEDFORD PK. BLVD.,BRONX,2028-06-01,0.000282,0,very_low,baseline
BEDFORD PK. BLVD.,BRONX,2028-07-01,0.000272,0,very_low,baseline
BEDFORD PK. BLVD.,BRONX,2028-08-01,0.000311,0,very_low,baseline
BEDFORD PK. BLVD.,BRONX,2028-09-01,0.000331,0,very_low,baseline
BEDFORD PK. BLVD.,BRONX,2028-10-01,0.00028,0,very_low,baseline
BEDFORD PK. BLVD.,BRONX,2028-11-01,0.000241,0,very_low,baseline
BEDFORD PK. BLVD.,BRONX,2028-12-01,0.000232,0,very_low,baseline
BEDFORD PK. BLVD.,BRONX,2029-01-01,0.000277,0,very_low,baseline
BEDFORD PK. BLVD.,BRONX,2029-02-01,0.00027,0,very_low,baseline
BEDFORD PK. BLVD.,BRONX,2029-03-01,0.000273,0,very_low,baseline
BEDFORD PK. BLVD.,BRONX,2029-04-01,0.000273,0,very_low,baseline
BEDFORD PK. BLVD.,BRONX,2029-05-01,0.000281,0,very_low,baseline
BEDFORD PK. BLVD.,BRONX,2029-06-01,0.000282,0,very_low,baseline
BEDFORD PK. BLVD.,BRONX,2029-07-01,0.000272,0,very_low,baseline
BEDFORD PK. BLVD.,BRONX,2029-08-01,0.000311,0,very_low,baseline
BEDFORD PK. BLVD.,BRONX,2029-09-01,0.000331,0,very_low,baseline
BEDFORD PK. BLVD.,BRONX,2029-10-01,0.00028,0,very_low,baseline
BEDFORD PK. BLVD.,BRONX,2029-11-01,0.000241,0,very_low,baseline
BEDFORD PK. BLVD.,BRONX,2029-12-01,0.000232,0,very_low,baseline
BEDFORD PK. BLVD.-LEHMAN COLLE,BRONX,2027-01-01,0.000198,0,very_low,baseline
BEDFORD PK. BLVD.-LEHMAN COLLE,BRONX,2027-02-01,0.000166,0,very_low,baseline
BEDFORD PK. BLVD.-LEHMAN COLLE,BRONX,2027-03-01,0.000132,0,very_low,baseline
BEDFORD PK. BLVD.-LEHMAN COLLE,BRONX,2027-04-01,0.000166,0,very_low,baseline
BEDFORD PK. BLVD.-LEHMAN COLLE,BRONX,2027-05-01,0.000149,0,very_low,baseline
BEDFORD PK. BLVD.-LEHMAN COLLE,BRONX,2027-06-01,0.000162,0,very_low,baseline
BEDFORD PK. BLVD.-LEHMAN COLLE,BRONX,2027-07-01,0.000154,0,very_low,baseline
BEDFORD PK. BLVD.-LEHMAN COLLE,BRONX,2027-08-01,0.000157,0,very_low,baseline
BEDFORD PK. BLVD.-LEHMAN COLLE,BRONX,2027-09-01,0.000163,0,very_low,baseline
BEDFORD PK. BLVD.-LEHMAN COLLE,BRONX,2027-10-01,0.000134,0,very_low,baseline
BEDFORD PK. BLVD.-LEHMAN COLLE,BRONX,2027-11-01,0.000123,0,very_low,baseline
BEDFORD PK. BLVD.-LEHMAN COLLE,BRONX,2027-12-01,0.000117,0,very_low,baseline
BEDFORD PK. BLVD.-LEHMAN COLLE,BRONX,2028-01-01,0.000146,0,very_low,baseline
BEDFORD PK. BLVD.-LEHMAN COLLE,BRONX,2028-02-01,0.000156,0,very_low,baseline
BEDFORD PK. BLVD.-LEHMAN COLLE,BRONX,2028-03-01,0.000155,0,very_low,baseline
BEDFORD PK. BLVD.-LEHMAN COLLE,BRONX,2028-04-01,0.000161,0,very_low,baseline
BEDFORD PK. BLVD.-LEHMAN COLLE,BRONX,2028-05-01,0.000165,0,very_low,baseline
BEDFORD PK. BLVD.-LEHMAN COLLE,BRONX,2028-06-01,0.000162,0,very_low,baseline
BEDFORD PK. BLVD.-LEHMAN COLLE,BRONX,2028-07-01,0.000154,0,very_low,baseline
BEDFORD PK. BLVD.-LEHMAN COLLE,BRONX,2028-08-01,0.000157,0,very_low,baseline
BEDFORD PK. BLVD.-LEHMAN COLLE,BRONX,2028-09-01,0.000163,0,very_low,baseline
BEDFORD PK. BLVD.-LEHMAN COLLE,BRONX,2028-10-01,0.000134,0,very_low,baseline
BEDFORD PK. BLVD.-LEHMAN COLLE,BRONX,2028-11-01,0.000123,0,very_low,baseline
BEDFORD PK. BLVD.-LEHMAN COLLE,BRONX,2028-12-01,0.000117,0,very_low,baseline
BEDFORD PK. BLVD.-LEHMAN COLLE,BRONX,2029-01-01,0.000146,0,very_low,baseline
BEDFORD PK. BLVD.-LEHMAN COLLE,BRONX,2029-02-01,0.000156,0,very_low,baseline
BEDFORD PK. BLVD.-LEHMAN COLLE,BRONX,2029-03-01,0.000155,0,very_low,baseline
BEDFORD PK. BLVD.-LEHMAN COLLE,BRONX,2029-04-01,0.000161,0,very_low,baseline
BEDFORD PK. BLVD.-LEHMAN COLLE,BRONX,2029-05-01,0.000165,0,very_low,baseline
BEDFORD PK. BLVD.-LEHMAN COLLE,BRONX,2029-06-01,0.000162,0,very_low,baseline
BEDFORD PK. BLVD.-LEHMAN COLLE,BRONX,2029-07-01,0.000154,0,very_low,baseline
BEDFORD PK. BLVD.-LEHMAN COLLE,BRONX,2029-08-01,0.000157,0,very_low,baseline
BEDFORD PK. BLVD.-LEHMAN COLLE,BRONX,2029-09-01,0.000163,0,very_low,baseline
BEDFORD PK. BLVD.-LEHMAN COLLE,BRONX,2029-10-01,0.000134,0,very_low,baseline
BEDFORD PK. BLVD.-LEHMAN COLLE,BRONX,2029-11-01,0.000123,0,very_low,baseline
BEDFORD PK. BLVD.-LEHMAN COLLE,BRONX,2029-12-01,0.000117,0,very_low,baseline
BEDFORD-NOSTRAND AVENUES,BROOKLYN,2027-01-01,0.003604,0,very_low,baseline
BEDFORD-NOSTRAND AVENUES,BROOKLYN,2027-02-01,0.002126,0,very_low,baseline
BEDFORD-NOSTRAND AVENUES,BROOKLYN,2027-03-01,0.00148,0,very_low,baseline
BEDFORD-NOSTRAND AVENUES,BROOKLYN,2027-04-01,0.001221,0,very_low,baseline
BEDFORD-NOSTRAND AVENUES,BROOKLYN,2027-05-01,0.00144,0,very_low,baseline
BEDFORD-NOSTRAND AVENUES,BROOKLYN,2027-06-01,0.002627,0,very_low,baseline
BEDFORD-NOSTRAND AVENUES,BROOKLYN,2027-07-01,0.002771,0,very_low,baseline
BEDFORD-NOSTRAND AVENUES,BROOKLYN,2027-08-01,0.002907,0,very_low,baseline
BEDFORD-NOSTRAND AVENUES,BROOKLYN,2027-09-01,0.003019,0,very_low,baseline
BEDFORD-NOSTRAND AVENUES,BROOKLYN,2027-10-01,0.002617,0,very_low,baseline
BEDFORD-NOSTRAND AVENUES,BROOKLYN,2027-11-01,0.002359,0,very_low,baseline
BEDFORD-NOSTRAND AVENUES,BROOKLYN,2027-12-01,0.002245,0,very_low,baseline
BEDFORD-NOSTRAND AVENUES,BROOKLYN,2028-01-01,0.002656,0,very_low,baseline
BEDFORD-NOSTRAND AVENUES,BROOKLYN,2028-02-01,0.002672,0,very_low,baseline
BEDFORD-NOSTRAND AVENUES,BROOKLYN,2028-03-01,0.002637,0,very_low,baseline
BEDFORD-NOSTRAND AVENUES,BROOKLYN,2028-04-01,0.002604,0,very_low,baseline
BEDFORD-NOSTRAND AVENUES,BROOKLYN,2028-05-01,0.002723,0,very_low,baseline
BEDFORD-NOSTRAND AVENUES,BROOKLYN,2028-06-01,0.002627,0,very_low,baseline
BEDFORD-NOSTRAND AVENUES,BROOKLYN,2028-07-01,0.002771,0,very_low,baseline
BEDFORD-NOSTRAND AVENUES,BROOKLYN,2028-08-01,0.002907,0,very_low,baseline
BEDFORD-NOSTRAND AVENUES,BROOKLYN,2028-09-01,0.003019,0,very_low,baseline
BEDFORD-NOSTRAND AVENUES,BROOKLYN,2028-10-01,0.002617,0,very_low,baseline
BEDFORD-NOSTRAND AVENUES,BROOKLYN,2028-11-01,0.002359,0,very_low,baseline
BEDFORD-NOSTRAND AVENUES,BROOKLYN,2028-12-01,0.002245,0,very_low,baseline
BEDFORD-NOSTRAND AVENUES,BROOKLYN,2029-01-01,0.002656,0,very_low,baseline
BEDFORD-NOSTRAND AVENUES,BROOKLYN,2029-02-01,0.002672,0,very_low,baseline
BEDFORD-NOSTRAND AVENUES,BROOKLYN,2029-03-01,0.002637,0,very_low,baseline
BEDFORD-NOSTRAND AVENUES,BROOKLYN,2029-04-01,0.002604,0,very_low,baseline
BEDFORD-NOSTRAND AVENUES,BROOKLYN,2029-05-01,0.002723,0,very_low,baseline
BEDFORD-NOSTRAND AVENUES,BROOKLYN,2029-06-01,0.002627,0,very_low,baseline
BEDFORD-NOSTRAND AVENUES,BROOKLYN,2029-07-01,0.002771,0,very_low,baseline
BEDFORD-NOSTRAND AVENUES,BROOKLYN,2029-08-01,0.002907,0,very_low,baseline
BEDFORD-NOSTRAND AVENUES,BROOKLYN,2029-09-01,0.003019,0,very_low,baseline
BEDFORD-NOSTRAND AVENUES,BROOKLYN,2029-10-01,0.002617,0,very_low,baseline
BEDFORD-NOSTRAND AVENUES,BROOKLYN,2029-11-01,0.002359,0,very_low,baseline
BEDFORD-NOSTRAND AVENUES,BROOKLYN,2029-12-01,0.002245,0,very_low,baseline
BERGEN STREET,BROOKLYN,2027-01-01,0.000352,0,very_low,baseline
BERGEN STREET,BROOKLYN,2027-02-01,0.000287,0,very_low,baseline
BERGEN STREET,BROOKLYN,2027-03-01,0.000191,0,very_low,baseline
BERGEN STREET,BROOKLYN,2027-04-01,0.000256,0,very_low,baseline
BERGEN STREET,BROOKLYN,2027-05-01,0.00026,0,very_low,baseline
BERGEN STREET,BROOKLYN,2027-06-01,0.000275,0,very_low,baseline
BERGEN STREET,BROOKLYN,2027-07-01,0.000266,0,very_low,baseline
BERGEN STREET,BROOKLYN,2027-08-01,0.000294,0,very_low,baseline
BERGEN STREET,BROOKLYN,2027-09-01,0.000313,0,very_low,baseline
BERGEN STREET,BROOKLYN,2027-10-01,0.000272,0,very_low,baseline
BERGEN STREET,BROOKLYN,2027-11-01,0.000242,0,very_low,baseline
BERGEN STREET,BROOKLYN,2027-12-01,0.000233,0,very_low,baseline
BERGEN STREET,BROOKLYN,2028-01-01,0.000281,0,very_low,baseline
BERGEN STREET,BROOKLYN,2028-02-01,0.000274,0,very_low,baseline
BERGEN STREET,BROOKLYN,2028-03-01,0.000267,0,very_low,baseline
BERGEN STREET,BROOKLYN,2028-04-01,0.000267,0,very_low,baseline
BERGEN STREET,BROOKLYN,2028-05-01,0.000275,0,very_low,baseline
BERGEN STREET,BROOKLYN,2028-06-01,0.000275,0,very_low,baseline
BERGEN STREET,BROOKLYN,2028-07-01,0.000266,0,very_low,baseline
BERGEN STREET,BROOKLYN,2028-08-01,0.000294,0,very_low,baseline
BERGEN STREET,BROOKLYN,2028-09-01,0.000313,0,very_low,baseline
BERGEN STREET,BROOKLYN,2028-10-01,0.000272,0,very_low,baseline
BERGEN STREET,BROOKLYN,2028-11-01,0.000242,0,very_low,baseline
BERGEN STREET,BROOKLYN,2028-12-01,0.000233,0,very_low,baseline
BERGEN STREET,BROOKLYN,2029-01-01,0.000281,0,very_low,baseline
BERGEN STREET,BROOKLYN,2029-02-01,0.000274,0,very_low,baseline
BERGEN STREET,BROOKLYN,2029-03-01,0.000267,0,very_low,baseline
BERGEN STREET,BROOKLYN,2029-04-01,0.000267,0,very_low,baseline
BERGEN STREET,BROOKLYN,2029-05-01,0.000275,0,very_low,baseline
BERGEN STREET,BROOKLYN,2029-06-01,0.000275,0,very_low,baseline
BERGEN STREET,BROOKLYN,2029-07-01,0.000266,0,very_low,baseline
BERGEN STREET,BROOKLYN,2029-08-01,0.000294,0,very_low,baseline
BERGEN STREET,BROOKLYN,2029-09-01,0.000313,0,very_low,baseline
BERGEN STREET,BROOKLYN,2029-10-01,0.000272,0,very_low,baseline
BERGEN STREET,BROOKLYN,2029-11-01,0.000242,0,very_low,baseline
BERGEN STREET,BROOKLYN,2029-12-01,0.000233,0,very_low,baseline
BEVERLEY ROAD,BROOKLYN,2027-01-01,0.000166,0,very_low,baseline
BEVERLEY ROAD,BROOKLYN,2027-02-01,0.000178,0,very_low,baseline
BEVERLEY ROAD,BROOKLYN,2027-03-01,0.000306,0,very_low,baseline
BEVERLEY ROAD,BROOKLYN,2027-04-01,0.000332,0,very_low,baseline
BEVERLEY ROAD,BROOKLYN,2027-05-01,0.000266,0,very_low,baseline
BEVERLEY ROAD,BROOKLYN,2027-06-01,0.000292,0,very_low,baseline
BEVERLEY ROAD,BROOKLYN,2027-07-01,0.000301,0,very_low,baseline
BEVERLEY ROAD,BROOKLYN,2027-08-01,0.000308,0,very_low,baseline
BEVERLEY ROAD,BROOKLYN,2027-09-01,0.000315,0,very_low,baseline
BEVERLEY ROAD,BROOKLYN,2027-10-01,0.000273,0,very_low,baseline
BEVERLEY ROAD,BROOKLYN,2027-11-01,0.000213,0,very_low,baseline
BEVERLEY ROAD,BROOKLYN,2027-12-01,0.000202,0,very_low,baseline
BEVERLEY ROAD,BROOKLYN,2028-01-01,0.000264,0,very_low,baseline
BEVERLEY ROAD,BROOKLYN,2028-02-01,0.000288,0,very_low,baseline
BEVERLEY ROAD,BROOKLYN,2028-03-01,0.000269,0,very_low,baseline
BEVERLEY ROAD,BROOKLYN,2028-04-01,0.000273,0,very_low,baseline
BEVERLEY ROAD,BROOKLYN,2028-05-01,0.000281,0,very_low,baseline
BEVERLEY ROAD,BROOKLYN,2028-06-01,0.000292,0,very_low,baseline
BEVERLEY ROAD,BROOKLYN,2028-07-01,0.000301,0,very_low,baseline
BEVERLEY ROAD,BROOKLYN,2028-08-01,0.000308,0,very_low,baseline
BEVERLEY ROAD,BROOKLYN,2028-09-01,0.000315,0,very_low,baseline
BEVERLEY ROAD,BROOKLYN,2028-10-01,0.000273,0,very_low,baseline
BEVERLEY ROAD,BROOKLYN,2028-11-01,0.000213,0,very_low,baseline
BEVERLEY ROAD,BROOKLYN,2028-12-01,0.000202,0,very_low,baseline
BEVERLEY ROAD,BROOKLYN,2029-01-01,0.000264,0,very_low,baseline
BEVERLEY ROAD,BROOKLYN,2029-02-01,0.000288,0,very_low,baseline
BEVERLEY ROAD,BROOKLYN,2029-03-01,0.000269,0,very_low,baseline
BEVERLEY ROAD,BROOKLYN,2029-04-01,0.000273,0,very_low,baseline
BEVERLEY ROAD,BROOKLYN,2029-05-01,0.000281,0,very_low,baseline
BEVERLEY ROAD,BROOKLYN,2029-06-01,0.000292,0,very_low,baseline
BEVERLEY ROAD,BROOKLYN,2029-07-01,0.000301,0,very_low,baseline
BEVERLEY ROAD,BROOKLYN,2029-08-01,0.000308,0,very_low,baseline
BEVERLEY ROAD,BROOKLYN,2029-09-01,0.000315,0,very_low,baseline
BEVERLEY ROAD,BROOKLYN,2029-10-01,0.000273,0,very_low,baseline
BEVERLEY ROAD,BROOKLYN,2029-11-01,0.000213,0,very_low,baseline
BEVERLEY ROAD,BROOKLYN,2029-12-01,0.000202,0,very_low,baseline
BEVERLY ROAD,BROOKLYN,2027-01-01,0.000299,0,very_low,baseline
BEVERLY ROAD,BROOKLYN,2027-02-01,0.000329,0,very_low,baseline
BEVERLY ROAD,BROOKLYN,2027-03-01,0.000368,0,very_low,baseline
BEVERLY ROAD,BROOKLYN,2027-04-01,0.000309,0,very_low,baseline
BEVERLY ROAD,BROOKLYN,2027-05-01,0.000304,0,very_low,baseline
BEVERLY ROAD,BROOKLYN,2027-06-01,0.000303,0,very_low,baseline
BEVERLY ROAD,BROOKLYN,2027-07-01,0.000285,0,very_low,baseline
BEVERLY ROAD,BROOKLYN,2027-08-01,0.000314,0,very_low,baseline
BEVERLY ROAD,BROOKLYN,2027-09-01,0.000323,0,very_low,baseline
BEVERLY ROAD,BROOKLYN,2027-10-01,0.00028,0,very_low,baseline
BEVERLY ROAD,BROOKLYN,2027-11-01,0.000248,0,very_low,baseline
BEVERLY ROAD,BROOKLYN,2027-12-01,0.000238,0,very_low,baseline
BEVERLY ROAD,BROOKLYN,2028-01-01,0.000277,0,very_low,baseline
BEVERLY ROAD,BROOKLYN,2028-02-01,0.000288,0,very_low,baseline
BEVERLY ROAD,BROOKLYN,2028-03-01,0.0003,0,very_low,baseline
BEVERLY ROAD,BROOKLYN,2028-04-01,0.000293,0,very_low,baseline
BEVERLY ROAD,BROOKLYN,2028-05-01,0.000301,0,very_low,baseline
BEVERLY ROAD,BROOKLYN,2028-06-01,0.000303,0,very_low,baseline
BEVERLY ROAD,BROOKLYN,2028-07-01,0.000285,0,very_low,baseline
BEVERLY ROAD,BROOKLYN,2028-08-01,0.000314,0,very_low,baseline
BEVERLY ROAD,BROOKLYN,2028-09-01,0.000323,0,very_low,baseline
BEVERLY ROAD,BROOKLYN,2028-10-01,0.00028,0,very_low,baseline
BEVERLY ROAD,BROOKLYN,2028-11-01,0.000248,0,very_low,baseline
BEVERLY ROAD,BROOKLYN,2028-12-01,0.000238,0,very_low,baseline
BEVERLY ROAD,BROOKLYN,2029-01-01,0.000277,0,very_low,baseline
BEVERLY ROAD,BROOKLYN,2029-02-01,0.000288,0,very_low,baseline
BEVERLY ROAD,BROOKLYN,2029-03-01,0.0003,0,very_low,baseline
BEVERLY ROAD,BROOKLYN,2029-04-01,0.000293,0,very_low,baseline
BEVERLY ROAD,BROOKLYN,2029-05-01,0.000301,0,very_low,baseline
BEVERLY ROAD,BROOKLYN,2029-06-01,0.000303,0,very_low,baseline
BEVERLY ROAD,BROOKLYN,2029-07-01,0.000285,0,very_low,baseline
BEVERLY ROAD,BROOKLYN,2029-08-01,0.000314,0,very_low,baseline
BEVERLY ROAD,BROOKLYN,2029-09-01,0.000323,0,very_low,baseline
BEVERLY ROAD,BROOKLYN,2029-10-01,0.00028,0,very_low,baseline
BEVERLY ROAD,BROOKLYN,2029-11-01,0.000248,0,very_low,baseline
BEVERLY ROAD,BROOKLYN,2029-12-01,0.000238,0,very_low,baseline
BLEECKER STREET,MANHATTAN,2027-01-01,0.000377,0,very_low,baseline
BLEECKER STREET,MANHATTAN,2027-02-01,0.000444,0,very_low,baseline
BLEECKER STREET,MANHATTAN,2027-03-01,0.000462,0,very_low,baseline
BLEECKER STREET,MANHATTAN,2027-04-01,0.000445,0,very_low,baseline
BLEECKER STREET,MANHATTAN,2027-05-01,0.000456,0,very_low,baseline
BLEECKER STREET,MANHATTAN,2027-06-01,0.000467,0,very_low,baseline
BLEECKER STREET,MANHATTAN,2027-07-01,0.000439,0,very_low,baseline
BLEECKER STREET,MANHATTAN,2027-08-01,0.000472,0,very_low,baseline
BLEECKER STREET,MANHATTAN,2027-09-01,0.00049,0,very_low,baseline
BLEECKER STREET,MANHATTAN,2027-10-01,0.000411,0,very_low,baseline
BLEECKER STREET,MANHATTAN,2027-11-01,0.000358,0,very_low,baseline
BLEECKER STREET,MANHATTAN,2027-12-01,0.000344,0,very_low,baseline
BLEECKER STREET,MANHATTAN,2028-01-01,0.000427,0,very_low,baseline
BLEECKER STREET,MANHATTAN,2028-02-01,0.000444,0,very_low,baseline
BLEECKER STREET,MANHATTAN,2028-03-01,0.000463,0,very_low,baseline
BLEECKER STREET,MANHATTAN,2028-04-01,0.000451,0,very_low,baseline
BLEECKER STREET,MANHATTAN,2028-05-01,0.000464,0,very_low,baseline
BLEECKER STREET,MANHATTAN,2028-06-01,0.000467,0,very_low,baseline
BLEECKER STREET,MANHATTAN,2028-07-01,0.000439,0,very_low,baseline
BLEECKER STREET,MANHATTAN,2028-08-01,0.000472,0,very_low,baseline
BLEECKER STREET,MANHATTAN,2028-09-01,0.00049,0,very_low,baseline
BLEECKER STREET,MANHATTAN,2028-10-01,0.000411,0,very_low,baseline
BLEECKER STREET,MANHATTAN,2028-11-01,0.000358,0,very_low,baseline
BLEECKER STREET,MANHATTAN,2028-12-01,0.000344,0,very_low,baseline
BLEECKER STREET,MANHATTAN,2029-01-01,0.000427,0,very_low,baseline
BLEECKER STREET,MANHATTAN,2029-02-01,0.000444,0,very_low,baseline
BLEECKER STREET,MANHATTAN,2029-03-01,0.000463,0,very_low,baseline
BLEECKER STREET,MANHATTAN,2029-04-01,0.000451,0,very_low,baseline
BLEECKER STREET,MANHATTAN,2029-05-01,0.000464,0,very_low,baseline
BLEECKER STREET,MANHATTAN,2029-06-01,0.000467,0,very_low,baseline
BLEECKER STREET,MANHATTAN,2029-07-01,0.000439,0,very_low,baseline
BLEECKER STREET,MANHATTAN,2029-08-01,0.000472,0,very_low,baseline
BLEECKER STREET,MANHATTAN,2029-09-01,0.00049,0,very_low,baseline
BLEECKER STREET,MANHATTAN,2029-10-01,0.000411,0,very_low,baseline
BLEECKER STREET,MANHATTAN,2029-11-01,0.000358,0,very_low,baseline
BLEECKER STREET,MANHATTAN,2029-12-01,0.000344,0,very_low,baseline
BOROUGH HALL,BROOKLYN,2027-01-01,0.000429,0,very_low,baseline
BOROUGH HALL,BROOKLYN,2027-02-01,0.000313,0,very_low,baseline
BOROUGH HALL,BROOKLYN,2027-03-01,0.000266,0,very_low,baseline
BOROUGH HALL,BROOKLYN,2027-04-01,0.000276,0,very_low,baseline
BOROUGH HALL,BROOKLYN,2027-05-01,0.000308,0,very_low,baseline
BOROUGH HALL,BROOKLYN,2027-06-01,0.000272,0,very_low,baseline
BOROUGH HALL,BROOKLYN,2027-07-01,0.000272,0,very_low,baseline
BOROUGH HALL,BROOKLYN,2027-08-01,0.00031,0,very_low,baseline
BOROUGH HALL,BROOKLYN,2027-09-01,0.00033,0,very_low,baseline
BOROUGH HALL,BROOKLYN,2027-10-01,0.000286,0,very_low,baseline
BOROUGH HALL,BROOKLYN,2027-11-01,0.000238,0,very_low,baseline
BOROUGH HALL,BROOKLYN,2027-12-01,0.000244,0,very_low,baseline
BOROUGH HALL,BROOKLYN,2028-01-01,0.000297,0,very_low,baseline
BOROUGH HALL,BROOKLYN,2028-02-01,0.000283,0,very_low,baseline
BOROUGH HALL,BROOKLYN,2028-03-01,0.000264,0,very_low,baseline
BOROUGH HALL,BROOKLYN,2028-04-01,0.000264,0,very_low,baseline
BOROUGH HALL,BROOKLYN,2028-05-01,0.000272,0,very_low,baseline
BOROUGH HALL,BROOKLYN,2028-06-01,0.000272,0,very_low,baseline
BOROUGH HALL,BROOKLYN,2028-07-01,0.000272,0,very_low,baseline
BOROUGH HALL,BROOKLYN,2028-08-01,0.00031,0,very_low,baseline
BOROUGH HALL,BROOKLYN,2028-09-01,0.00033,0,very_low,baseline
BOROUGH HALL,BROOKLYN,2028-10-01,0.000286,0,very_low,baseline
BOROUGH HALL,BROOKLYN,2028-11-01,0.000238,0,very_low,baseline
BOROUGH HALL,BROOKLYN,2028-12-01,0.000244,0,very_low,baseline
BOROUGH HALL,BROOKLYN,2029-01-01,0.000297,0,very_low,baseline
BOROUGH HALL,BROOKLYN,2029-02-01,0.000283,0,very_low,baseline
BOROUGH HALL,BROOKLYN,2029-03-01,0.000264,0,very_low,baseline
BOROUGH HALL,BROOKLYN,2029-04-01,0.000264,0,very_low,baseline
BOROUGH HALL,BROOKLYN,2029-05-01,0.000272,0,very_low,baseline
BOROUGH HALL,BROOKLYN,2029-06-01,0.000272,0,very_low,baseline
BOROUGH HALL,BROOKLYN,2029-07-01,0.000272,0,very_low,baseline
BOROUGH HALL,BROOKLYN,2029-08-01,0.00031,0,very_low,baseline
BOROUGH HALL,BROOKLYN,2029-09-01,0.00033,0,very_low,baseline
BOROUGH HALL,BROOKLYN,2029-10-01,0.000286,0,very_low,baseline
BOROUGH HALL,BROOKLYN,2029-11-01,0.000238,0,very_low,baseline
BOROUGH HALL,BROOKLYN,2029-12-01,0.000244,0,very_low,baseline
BOTANIC GARDEN,BROOKLYN,2027-01-01,0.000283,0,very_low,baseline
BOTANIC GARDEN,BROOKLYN,2027-02-01,0.000294,0,very_low,baseline
BOTANIC GARDEN,BROOKLYN,2027-03-01,0.000393,0,very_low,baseline
BOTANIC GARDEN,BROOKLYN,2027-04-01,0.000265,0,very_low,baseline
BOTANIC GARDEN,BROOKLYN,2027-05-01,0.00026,0,very_low,baseline
BOTANIC GARDEN,BROOKLYN,2027-06-01,0.000272,0,very_low,baseline
BOTANIC GARDEN,BROOKLYN,2027-07-01,0.000255,0,very_low,baseline
BOTANIC GARDEN,BROOKLYN,2027-08-01,0.000282,0,very_low,baseline
BOTANIC GARDEN,BROOKLYN,2027-09-01,0.000289,0,very_low,baseline
BOTANIC GARDEN,BROOKLYN,2027-10-01,0.000251,0,very_low,baseline
BOTANIC GARDEN,BROOKLYN,2027-11-01,0.000222,0,very_low,baseline
BOTANIC GARDEN,BROOKLYN,2027-12-01,0.000214,0,very_low,baseline
BOTANIC GARDEN,BROOKLYN,2028-01-01,0.000248,0,very_low,baseline
BOTANIC GARDEN,BROOKLYN,2028-02-01,0.000258,0,very_low,baseline
BOTANIC GARDEN,BROOKLYN,2028-03-01,0.000269,0,very_low,baseline
BOTANIC GARDEN,BROOKLYN,2028-04-01,0.000262,0,very_low,baseline
BOTANIC GARDEN,BROOKLYN,2028-05-01,0.000269,0,very_low,baseline
BOTANIC GARDEN,BROOKLYN,2028-06-01,0.000272,0,very_low,baseline
BOTANIC GARDEN,BROOKLYN,2028-07-01,0.000255,0,very_low,baseline
BOTANIC GARDEN,BROOKLYN,2028-08-01,0.000282,0,very_low,baseline
BOTANIC GARDEN,BROOKLYN,2028-09-01,0.000289,0,very_low,baseline
BOTANIC GARDEN,BROOKLYN,2028-10-01,0.000251,0,very_low,baseline
BOTANIC GARDEN,BROOKLYN,2028-11-01,0.000222,0,very_low,baseline
BOTANIC GARDEN,BROOKLYN,2028-12-01,0.000214,0,very_low,baseline
BOTANIC GARDEN,BROOKLYN,2029-01-01,0.000248,0,very_low,baseline
BOTANIC GARDEN,BROOKLYN,2029-02-01,0.000258,0,very_low,baseline
BOTANIC GARDEN,BROOKLYN,2029-03-01,0.000269,0,very_low,baseline
BOTANIC GARDEN,BROOKLYN,2029-04-01,0.000262,0,very_low,baseline
BOTANIC GARDEN,BROOKLYN,2029-05-01,0.000269,0,very_low,baseline
BOTANIC GARDEN,BROOKLYN,2029-06-01,0.000272,0,very_low,baseline
BOTANIC GARDEN,BROOKLYN,2029-07-01,0.000255,0,very_low,baseline
BOTANIC GARDEN,BROOKLYN,2029-08-01,0.000282,0,very_low,baseline
BOTANIC GARDEN,BROOKLYN,2029-09-01,0.000289,0,very_low,baseline
BOTANIC GARDEN,BROOKLYN,2029-10-01,0.000251,0,very_low,baseline
BOTANIC GARDEN,BROOKLYN,2029-11-01,0.000222,0,very_low,baseline
BOTANIC GARDEN,BROOKLYN,2029-12-01,0.000214,0,very_low,baseline
BOWERY,MANHATTAN,2027-01-01,0.000338,0,very_low,baseline
BOWERY,MANHATTAN,2027-02-01,0.000523,0,very_low,baseline
BOWERY,MANHATTAN,2027-03-01,0.00054,0,very_low,baseline
BOWERY,MANHATTAN,2027-04-01,0.000387,0,very_low,baseline
BOWERY,MANHATTAN,2027-05-01,0.00039,0,very_low,baseline
BOWERY,MANHATTAN,2027-06-01,0.000394,0,very_low,baseline
BOWERY,MANHATTAN,2027-07-01,0.000395,0,very_low,baseline
BOWERY,MANHATTAN,2027-08-01,0.000436,0,very_low,baseline
BOWERY,MANHATTAN,2027-09-01,0.000456,0,very_low,baseline
BOWERY,MANHATTAN,2027-10-01,0.000396,0,very_low,baseline
BOWERY,MANHATTAN,2027-11-01,0.000337,0,very_low,baseline
BOWERY,MANHATTAN,2027-12-01,0.000345,0,very_low,baseline
BOWERY,MANHATTAN,2028-01-01,0.000381,0,very_low,baseline
BOWERY,MANHATTAN,2028-02-01,0.000415,0,very_low,baseline
BOWERY,MANHATTAN,2028-03-01,0.00039,0,very_low,baseline
BOWERY,MANHATTAN,2028-04-01,0.00038,0,very_low,baseline
BOWERY,MANHATTAN,2028-05-01,0.000391,0,very_low,baseline
BOWERY,MANHATTAN,2028-06-01,0.000394,0,very_low,baseline
BOWERY,MANHATTAN,2028-07-01,0.000395,0,very_low,baseline
BOWERY,MANHATTAN,2028-08-01,0.000436,0,very_low,baseline
BOWERY,MANHATTAN,2028-09-01,0.000456,0,very_low,baseline
BOWERY,MANHATTAN,2028-10-01,0.000396,0,very_low,baseline
BOWERY,MANHATTAN,2028-11-01,0.000337,0,very_low,baseline
BOWERY,MANHATTAN,2028-12-01,0.000345,0,very_low,baseline
BOWERY,MANHATTAN,2029-01-01,0.000381,0,very_low,baseline
BOWERY,MANHATTAN,2029-02-01,0.000415,0,very_low,baseline
BOWERY,MANHATTAN,2029-03-01,0.00039,0,very_low,baseline
BOWERY,MANHATTAN,2029-04-01,0.00038,0,very_low,baseline
BOWERY,MANHATTAN,2029-05-01,0.000391,0,very_low,baseline
BOWERY,MANHATTAN,2029-06-01,0.000394,0,very_low,baseline
BOWERY,MANHATTAN,2029-07-01,0.000395,0,very_low,baseline
BOWERY,MANHATTAN,2029-08-01,0.000436,0,very_low,baseline
BOWERY,MANHATTAN,2029-09-01,0.000456,0,very_low,baseline
BOWERY,MANHATTAN,2029-10-01,0.000396,0,very_low,baseline
BOWERY,MANHATTAN,2029-11-01,0.000337,0,very_low,baseline
BOWERY,MANHATTAN,2029-12-01,0.000345,0,very_low,baseline
BOWLING GREEN,MANHATTAN,2027-01-01,0.000514,0,very_low,baseline
BOWLING GREEN,MANHATTAN,2027-02-01,0.000267,0,very_low,baseline
BOWLING GREEN,MANHATTAN,2027-03-01,0.000264,0,very_low,baseline
BOWLING GREEN,MANHATTAN,2027-04-01,0.000261,0,very_low,baseline
BOWLING GREEN,MANHATTAN,2027-05-01,0.000272,0,very_low,baseline
BOWLING GREEN,MANHATTAN,2027-06-01,0.000305,0,very_low,baseline
BOWLING GREEN,MANHATTAN,2027-07-01,0.000297,0,very_low,baseline
BOWLING GREEN,MANHATTAN,2027-08-01,0.000318,0,very_low,baseline
BOWLING GREEN,MANHATTAN,2027-09-01,0.000332,0,very_low,baseline
BOWLING GREEN,MANHATTAN,2027-10-01,0.000289,0,very_low,baseline
BOWLING GREEN,MANHATTAN,2027-11-01,0.000264,0,very_low,baseline
BOWLING GREEN,MANHATTAN,2027-12-01,0.000263,0,very_low,baseline
BOWLING GREEN,MANHATTAN,2028-01-01,0.000288,0,very_low,baseline
BOWLING GREEN,MANHATTAN,2028-02-01,0.000313,0,very_low,baseline
BOWLING GREEN,MANHATTAN,2028-03-01,0.000302,0,very_low,baseline
BOWLING GREEN,MANHATTAN,2028-04-01,0.000295,0,very_low,baseline
BOWLING GREEN,MANHATTAN,2028-05-01,0.000303,0,very_low,baseline
BOWLING GREEN,MANHATTAN,2028-06-01,0.000305,0,very_low,baseline
BOWLING GREEN,MANHATTAN,2028-07-01,0.000297,0,very_low,baseline
BOWLING GREEN,MANHATTAN,2028-08-01,0.000318,0,very_low,baseline
BOWLING GREEN,MANHATTAN,2028-09-01,0.000332,0,very_low,baseline
BOWLING GREEN,MANHATTAN,2028-10-01,0.000289,0,very_low,baseline
BOWLING GREEN,MANHATTAN,2028-11-01,0.000264,0,very_low,baseline
BOWLING GREEN,MANHATTAN,2028-12-01,0.000263,0,very_low,baseline
BOWLING GREEN,MANHATTAN,2029-01-01,0.000288,0,very_low,baseline
BOWLING GREEN,MANHATTAN,2029-02-01,0.000313,0,very_low,baseline
BOWLING GREEN,MANHATTAN,2029-03-01,0.000302,0,very_low,baseline
BOWLING GREEN,MANHATTAN,2029-04-01,0.000295,0,very_low,baseline
BOWLING GREEN,MANHATTAN,2029-05-01,0.000303,0,very_low,baseline
BOWLING GREEN,MANHATTAN,2029-06-01,0.000305,0,very_low,baseline
BOWLING GREEN,MANHATTAN,2029-07-01,0.000297,0,very_low,baseline
BOWLING GREEN,MANHATTAN,2029-08-01,0.000318,0,very_low,baseline
BOWLING GREEN,MANHATTAN,2029-09-01,0.000332,0,very_low,baseline
BOWLING GREEN,MANHATTAN,2029-10-01,0.000289,0,very_low,baseline
BOWLING GREEN,MANHATTAN,2029-11-01,0.000264,0,very_low,baseline
BOWLING GREEN,MANHATTAN,2029-12-01,0.000263,0,very_low,baseline
BRIGHTON BEACH,BROOKLYN,2027-01-01,0.000328,0,very_low,baseline
BRIGHTON BEACH,BROOKLYN,2027-02-01,0.00031,0,very_low,baseline
BRIGHTON BEACH,BROOKLYN,2027-03-01,0.000309,0,very_low,baseline
BRIGHTON BEACH,BROOKLYN,2027-04-01,0.000315,0,very_low,baseline
BRIGHTON BEACH,BROOKLYN,2027-05-01,0.000316,0,very_low,baseline
BRIGHTON BEACH,BROOKLYN,2027-06-01,0.000344,0,very_low,baseline
BRIGHTON BEACH,BROOKLYN,2027-07-01,0.000335,0,very_low,baseline
BRIGHTON BEACH,BROOKLYN,2027-08-01,0.000351,0,very_low,baseline
BRIGHTON BEACH,BROOKLYN,2027-09-01,0.000359,0,very_low,baseline
BRIGHTON BEACH,BROOKLYN,2027-10-01,0.000315,0,very_low,baseline
BRIGHTON BEACH,BROOKLYN,2027-11-01,0.000246,0,very_low,baseline
BRIGHTON BEACH,BROOKLYN,2027-12-01,0.000234,0,very_low,baseline
BRIGHTON BEACH,BROOKLYN,2028-01-01,0.000329,0,very_low,baseline
BRIGHTON BEACH,BROOKLYN,2028-02-01,0.000358,0,very_low,baseline
BRIGHTON BEACH,BROOKLYN,2028-03-01,0.000335,0,very_low,baseline
BRIGHTON BEACH,BROOKLYN,2028-04-01,0.000332,0,very_low,baseline
BRIGHTON BEACH,BROOKLYN,2028-05-01,0.000341,0,very_low,baseline
BRIGHTON BEACH,BROOKLYN,2028-06-01,0.000344,0,very_low,baseline
BRIGHTON BEACH,BROOKLYN,2028-07-01,0.000335,0,very_low,baseline
BRIGHTON BEACH,BROOKLYN,2028-08-01,0.000351,0,very_low,baseline
BRIGHTON BEACH,BROOKLYN,2028-09-01,0.000359,0,very_low,baseline
BRIGHTON BEACH,BROOKLYN,2028-10-01,0.000315,0,very_low,baseline
BRIGHTON BEACH,BROOKLYN,2028-11-01,0.000246,0,very_low,baseline
BRIGHTON BEACH,BROOKLYN,2028-12-01,0.000234,0,very_low,baseline
BRIGHTON BEACH,BROOKLYN,2029-01-01,0.000329,0,very_low,baseline
BRIGHTON BEACH,BROOKLYN,2029-02-01,0.000358,0,very_low,baseline
BRIGHTON BEACH,BROOKLYN,2029-03-01,0.000335,0,very_low,baseline
BRIGHTON BEACH,BROOKLYN,2029-04-01,0.000332,0,very_low,baseline
BRIGHTON BEACH,BROOKLYN,2029-05-01,0.000341,0,very_low,baseline
BRIGHTON BEACH,BROOKLYN,2029-06-01,0.000344,0,very_low,baseline
BRIGHTON BEACH,BROOKLYN,2029-07-01,0.000335,0,very_low,baseline
BRIGHTON BEACH,BROOKLYN,2029-08-01,0.000351,0,very_low,baseline
BRIGHTON BEACH,BROOKLYN,2029-09-01,0.000359,0,very_low,baseline
BRIGHTON BEACH,BROOKLYN,2029-10-01,0.000315,0,very_low,baseline
BRIGHTON BEACH,BROOKLYN,2029-11-01,0.000246,0,very_low,baseline
BRIGHTON BEACH,BROOKLYN,2029-12-01,0.000234,0,very_low,baseline
BROAD CHANNEL,QUEENS,2027-01-01,0.027018,0,very_low,baseline
BROAD CHANNEL,QUEENS,2027-02-01,0.026527,0,very_low,baseline
BROAD CHANNEL,QUEENS,2027-03-01,0.025459,0,very_low,baseline
BROAD CHANNEL,QUEENS,2027-04-01,0.03094,0,very_low,baseline
BROAD CHANNEL,QUEENS,2027-05-01,0.028609,0,very_low,baseline
BROAD CHANNEL,QUEENS,2027-06-01,0.03139,0,very_low,baseline
BROAD CHANNEL,QUEENS,2027-07-01,0.031166,0,very_low,baseline
BROAD CHANNEL,QUEENS,2027-08-01,0.03169,0,very_low,baseline
BROAD CHANNEL,QUEENS,2027-09-01,0.031405,0,very_low,baseline
BROAD CHANNEL,QUEENS,2027-10-01,0.025426,0,very_low,baseline
BROAD CHANNEL,QUEENS,2027-11-01,0.018699,0,very_low,baseline
BROAD CHANNEL,QUEENS,2027-12-01,0.017806,0,very_low,baseline
BROAD CHANNEL,QUEENS,2028-01-01,0.029991,0,very_low,baseline
BROAD CHANNEL,QUEENS,2028-02-01,0.032926,0,very_low,baseline
BROAD CHANNEL,QUEENS,2028-03-01,0.030058,0,very_low,baseline
BROAD CHANNEL,QUEENS,2028-04-01,0.029822,0,very_low,baseline
BROAD CHANNEL,QUEENS,2028-05-01,0.031144,0,very_low,baseline
BROAD CHANNEL,QUEENS,2028-06-01,0.03139,0,very_low,baseline
BROAD CHANNEL,QUEENS,2028-07-01,0.031166,0,very_low,baseline
BROAD CHANNEL,QUEENS,2028-08-01,0.03169,0,very_low,baseline
BROAD CHANNEL,QUEENS,2028-09-01,0.031405,0,very_low,baseline
BROAD CHANNEL,QUEENS,2028-10-01,0.025426,0,very_low,baseline
BROAD CHANNEL,QUEENS,2028-11-01,0.018699,0,very_low,baseline
BROAD CHANNEL,QUEENS,2028-12-01,0.017806,0,very_low,baseline
BROAD CHANNEL,QUEENS,2029-01-01,0.029991,0,very_low,baseline
BROAD CHANNEL,QUEENS,2029-02-01,0.032926,0,very_low,baseline
BROAD CHANNEL,QUEENS,2029-03-01,0.030058,0,very_low,baseline
BROAD CHANNEL,QUEENS,2029-04-01,0.029822,0,very_low,baseline
BROAD CHANNEL,QUEENS,2029-05-01,0.031144,0,very_low,baseline
BROAD CHANNEL,QUEENS,2029-06-01,0.03139,0,very_low,baseline
BROAD CHANNEL,QUEENS,2029-07-01,0.031166,0,very_low,baseline
BROAD CHANNEL,QUEENS,2029-08-01,0.03169,0,very_low,baseline
BROAD CHANNEL,QUEENS,2029-09-01,0.031405,0,very_low,baseline
BROAD CHANNEL,QUEENS,2029-10-01,0.025426,0,very_low,baseline
BROAD CHANNEL,QUEENS,2029-11-01,0.018699,0,very_low,baseline
BROAD CHANNEL,QUEENS,2029-12-01,0.017806,0,very_low,baseline
BROAD STREET,MANHATTAN,2027-01-01,0.000395,0,very_low,baseline
BROAD STREET,MANHATTAN,2027-02-01,0.000357,0,very_low,baseline
BROAD STREET,MANHATTAN,2027-03-01,0.000327,0,very_low,baseline
BROAD STREET,MANHATTAN,2027-04-01,0.000332,0,very_low,baseline
BROAD STREET,MANHATTAN,2027-05-01,0.000336,0,very_low,baseline
BROAD STREET,MANHATTAN,2027-06-01,0.000342,0,very_low,baseline
BROAD STREET,MANHATTAN,2027-07-01,0.000333,0,very_low,baseline
BROAD STREET,MANHATTAN,2027-08-01,0.000356,0,very_low,baseline
BROAD STREET,MANHATTAN,2027-09-01,0.000364,0,very_low,baseline
BROAD STREET,MANHATTAN,2027-10-01,0.000314,0,very_low,baseline
BROAD STREET,MANHATTAN,2027-11-01,0.000287,0,very_low,baseline
BROAD STREET,MANHATTAN,2027-12-01,0.000276,0,very_low,baseline
BROAD STREET,MANHATTAN,2028-01-01,0.000331,0,very_low,baseline
BROAD STREET,MANHATTAN,2028-02-01,0.000351,0,very_low,baseline
BROAD STREET,MANHATTAN,2028-03-01,0.000338,0,very_low,baseline
BROAD STREET,MANHATTAN,2028-04-01,0.00033,0,very_low,baseline
BROAD STREET,MANHATTAN,2028-05-01,0.000339,0,very_low,baseline
BROAD STREET,MANHATTAN,2028-06-01,0.000342,0,very_low,baseline
BROAD STREET,MANHATTAN,2028-07-01,0.000333,0,very_low,baseline
BROAD STREET,MANHATTAN,2028-08-01,0.000356,0,very_low,baseline
BROAD STREET,MANHATTAN,2028-09-01,0.000364,0,very_low,baseline
BROAD STREET,MANHATTAN,2028-10-01,0.000314,0,very_low,baseline
BROAD STREET,MANHATTAN,2028-11-01,0.000287,0,very_low,baseline
BROAD STREET,MANHATTAN,2028-12-01,0.000276,0,very_low,baseline
BROAD STREET,MANHATTAN,2029-01-01,0.000331,0,very_low,baseline
BROAD STREET,MANHATTAN,2029-02-01,0.000351,0,very_low,baseline
BROAD STREET,MANHATTAN,2029-03-01,0.000338,0,very_low,baseline
BROAD STREET,MANHATTAN,2029-04-01,0.00033,0,very_low,baseline
BROAD STREET,MANHATTAN,2029-05-01,0.000339,0,very_low,baseline
BROAD STREET,MANHATTAN,2029-06-01,0.000342,0,very_low,baseline
BROAD STREET,MANHATTAN,2029-07-01,0.000333,0,very_low,baseline
BROAD STREET,MANHATTAN,2029-08-01,0.000356,0,very_low,baseline
BROAD STREET,MANHATTAN,2029-09-01,0.000364,0,very_low,baseline
BROAD STREET,MANHATTAN,2029-10-01,0.000314,0,very_low,baseline
BROAD STREET,MANHATTAN,2029-11-01,0.000287,0,very_low,baseline
BROAD STREET,MANHATTAN,2029-12-01,0.000276,0,very_low,baseline
BROADWAY,BROOKLYN,2027-01-01,0.000231,0,very_low,baseline
BROADWAY,BROOKLYN,2027-02-01,0.000146,0,very_low,baseline
BROADWAY,BROOKLYN,2027-03-01,0.000126,0,very_low,baseline
BROADWAY,BROOKLYN,2027-04-01,0.00012,0,very_low,baseline
BROADWAY,BROOKLYN,2027-05-01,0.000135,0,very_low,baseline
BROADWAY,BROOKLYN,2027-06-01,0.000145,0,very_low,baseline
BROADWAY,BROOKLYN,2027-07-01,0.000138,0,very_low,baseline
BROADWAY,BROOKLYN,2027-08-01,0.000141,0,very_low,baseline
BROADWAY,BROOKLYN,2027-09-01,0.000146,0,very_low,baseline
BROADWAY,BROOKLYN,2027-10-01,0.000125,0,very_low,baseline
BROADWAY,BROOKLYN,2027-11-01,0.000114,0,very_low,baseline
BROADWAY,BROOKLYN,2027-12-01,0.000109,0,very_low,baseline
BROADWAY,BROOKLYN,2028-01-01,0.000131,0,very_low,baseline
BROADWAY,BROOKLYN,2028-02-01,0.00014,0,very_low,baseline
BROADWAY,BROOKLYN,2028-03-01,0.000139,0,very_low,baseline
BROADWAY,BROOKLYN,2028-04-01,0.000144,0,very_low,baseline
BROADWAY,BROOKLYN,2028-05-01,0.000148,0,very_low,baseline
BROADWAY,BROOKLYN,2028-06-01,0.000145,0,very_low,baseline
BROADWAY,BROOKLYN,2028-07-01,0.000138,0,very_low,baseline
BROADWAY,BROOKLYN,2028-08-01,0.000141,0,very_low,baseline
BROADWAY,BROOKLYN,2028-09-01,0.000146,0,very_low,baseline
BROADWAY,BROOKLYN,2028-10-01,0.000125,0,very_low,baseline
BROADWAY,BROOKLYN,2028-11-01,0.000114,0,very_low,baseline
BROADWAY,BROOKLYN,2028-12-01,0.000109,0,very_low,baseline
BROADWAY,BROOKLYN,2029-01-01,0.000131,0,very_low,baseline
BROADWAY,BROOKLYN,2029-02-01,0.00014,0,very_low,baseline
BROADWAY,BROOKLYN,2029-03-01,0.000139,0,very_low,baseline
BROADWAY,BROOKLYN,2029-04-01,0.000144,0,very_low,baseline
BROADWAY,BROOKLYN,2029-05-01,0.000148,0,very_low,baseline
BROADWAY,BROOKLYN,2029-06-01,0.000145,0,very_low,baseline
BROADWAY,BROOKLYN,2029-07-01,0.000138,0,very_low,baseline
BROADWAY,BROOKLYN,2029-08-01,0.000141,0,very_low,baseline
BROADWAY,BROOKLYN,2029-09-01,0.000146,0,very_low,baseline
BROADWAY,BROOKLYN,2029-10-01,0.000125,0,very_low,baseline
BROADWAY,BROOKLYN,2029-11-01,0.000114,0,very_low,baseline
BROADWAY,BROOKLYN,2029-12-01,0.000109,0,very_low,baseline
BROADWAY-EAST NEW YORK,BROOKLYN,2027-01-01,0.973061,1,very_high,baseline
BROADWAY-EAST NEW YORK,BROOKLYN,2027-02-01,0.969219,1,very_high,baseline
BROADWAY-EAST NEW YORK,BROOKLYN,2027-03-01,0.979079,1,very_high,baseline
BROADWAY-EAST NEW YORK,BROOKLYN,2027-04-01,0.980779,1,very_high,baseline
BROADWAY-EAST NEW YORK,BROOKLYN,2027-05-01,0.983093,1,very_high,baseline
BROADWAY-EAST NEW YORK,BROOKLYN,2027-06-01,0.983164,1,very_high,baseline
BROADWAY-EAST NEW YORK,BROOKLYN,2027-07-01,0.984701,1,very_high,baseline
BROADWAY-EAST NEW YORK,BROOKLYN,2027-08-01,0.984584,1,very_high,baseline
BROADWAY-EAST NEW YORK,BROOKLYN,2027-09-01,0.984668,1,very_high,baseline
BROADWAY-EAST NEW YORK,BROOKLYN,2027-10-01,0.984537,1,very_high,baseline
BROADWAY-EAST NEW YORK,BROOKLYN,2027-11-01,0.984675,1,very_high,baseline
BROADWAY-EAST NEW YORK,BROOKLYN,2027-12-01,0.98431,1,very_high,baseline
BROADWAY-EAST NEW YORK,BROOKLYN,2028-01-01,0.981894,1,very_high,baseline
BROADWAY-EAST NEW YORK,BROOKLYN,2028-02-01,0.982075,1,very_high,baseline
BROADWAY-EAST NEW YORK,BROOKLYN,2028-03-01,0.98174,1,very_high,baseline
BROADWAY-EAST NEW YORK,BROOKLYN,2028-04-01,0.983678,1,very_high,baseline
BROADWAY-EAST NEW YORK,BROOKLYN,2028-05-01,0.98392,1,very_high,baseline
BROADWAY-EAST NEW YORK,BROOKLYN,2028-06-01,0.98447,1,very_high,baseline
BROADWAY-EAST NEW YORK,BROOKLYN,2028-07-01,0.984701,1,very_high,baseline
BROADWAY-EAST NEW YORK,BROOKLYN,2028-08-01,0.984584,1,very_high,baseline
BROADWAY-EAST NEW YORK,BROOKLYN,2028-09-01,0.984668,1,very_high,baseline
BROADWAY-EAST NEW YORK,BROOKLYN,2028-10-01,0.984537,1,very_high,baseline
BROADWAY-EAST NEW YORK,BROOKLYN,2028-11-01,0.984675,1,very_high,baseline
BROADWAY-EAST NEW YORK,BROOKLYN,2028-12-01,0.98431,1,very_high,baseline
BROADWAY-EAST NEW YORK,BROOKLYN,2029-01-01,0.981894,1,very_high,baseline
BROADWAY-EAST NEW YORK,BROOKLYN,2029-02-01,0.982075,1,very_high,baseline
BROADWAY-EAST NEW YORK,BROOKLYN,2029-03-01,0.98174,1,very_high,baseline
BROADWAY-EAST NEW YORK,BROOKLYN,2029-04-01,0.983678,1,very_high,baseline
BROADWAY-EAST NEW YORK,BROOKLYN,2029-05-01,0.98392,1,very_high,baseline
BROADWAY-EAST NEW YORK,BROOKLYN,2029-06-01,0.98447,1,very_high,baseline
BROADWAY-EAST NEW YORK,BROOKLYN,2029-07-01,0.984701,1,very_high,baseline
BROADWAY-EAST NEW YORK,BROOKLYN,2029-08-01,0.984584,1,very_high,baseline
BROADWAY-EAST NEW YORK,BROOKLYN,2029-09-01,0.984668,1,very_high,baseline
BROADWAY-EAST NEW YORK,BROOKLYN,2029-10-01,0.984537,1,very_high,baseline
BROADWAY-EAST NEW YORK,BROOKLYN,2029-11-01,0.984675,1,very_high,baseline
BROADWAY-EAST NEW YORK,BROOKLYN,2029-12-01,0.98431,1,very_high,baseline
BROADWAY-EASTERN PKWY,BROOKLYN,2027-01-01,0.92395,1,very_high,baseline
BROADWAY-EASTERN PKWY,BROOKLYN,2027-02-01,0.962959,1,very_high,baseline
BROADWAY-EASTERN PKWY,BROOKLYN,2027-03-01,0.957183,1,very_high,baseline
BROADWAY-EASTERN PKWY,BROOKLYN,2027-04-01,0.959739,1,very_high,baseline
BROADWAY-EASTERN PKWY,BROOKLYN,2027-05-01,0.963223,1,very_high,baseline
BROADWAY-EASTERN PKWY,BROOKLYN,2027-06-01,0.967118,1,very_high,baseline
BROADWAY-EASTERN PKWY,BROOKLYN,2027-07-01,0.968068,1,very_high,baseline
BROADWAY-EASTERN PKWY,BROOKLYN,2027-08-01,0.968145,1,very_high,baseline
BROADWAY-EASTERN PKWY,BROOKLYN,2027-09-01,0.969501,1,very_high,baseline
BROADWAY-EASTERN PKWY,BROOKLYN,2027-10-01,0.974355,1,very_high,baseline
BROADWAY-EASTERN PKWY,BROOKLYN,2027-11-01,0.974581,1,very_high,baseline
BROADWAY-EASTERN PKWY,BROOKLYN,2027-12-01,0.973982,1,very_high,baseline
BROADWAY-EASTERN PKWY,BROOKLYN,2028-01-01,0.969344,1,very_high,baseline
BROADWAY-EASTERN PKWY,BROOKLYN,2028-02-01,0.971187,1,very_high,baseline
BROADWAY-EASTERN PKWY,BROOKLYN,2028-03-01,0.971266,1,very_high,baseline
BROADWAY-EASTERN PKWY,BROOKLYN,2028-04-01,0.973312,1,very_high,baseline
BROADWAY-EASTERN PKWY,BROOKLYN,2028-05-01,0.973614,1,very_high,baseline
BROADWAY-EASTERN PKWY,BROOKLYN,2028-06-01,0.974933,1,very_high,baseline
BROADWAY-EASTERN PKWY,BROOKLYN,2028-07-01,0.974994,1,very_high,baseline
BROADWAY-EASTERN PKWY,BROOKLYN,2028-08-01,0.975054,1,very_high,baseline
BROADWAY-EASTERN PKWY,BROOKLYN,2028-09-01,0.975189,1,very_high,baseline
BROADWAY-EASTERN PKWY,BROOKLYN,2028-10-01,0.974355,1,very_high,baseline
BROADWAY-EASTERN PKWY,BROOKLYN,2028-11-01,0.974581,1,very_high,baseline
BROADWAY-EASTERN PKWY,BROOKLYN,2028-12-01,0.973982,1,very_high,baseline
BROADWAY-EASTERN PKWY,BROOKLYN,2029-01-01,0.969344,1,very_high,baseline
BROADWAY-EASTERN PKWY,BROOKLYN,2029-02-01,0.971187,1,very_high,baseline
BROADWAY-EASTERN PKWY,BROOKLYN,2029-03-01,0.971266,1,very_high,baseline
BROADWAY-EASTERN PKWY,BROOKLYN,2029-04-01,0.973312,1,very_high,baseline
BROADWAY-EASTERN PKWY,BROOKLYN,2029-05-01,0.973614,1,very_high,baseline
BROADWAY-EASTERN PKWY,BROOKLYN,2029-06-01,0.974933,1,very_high,baseline
BROADWAY-EASTERN PKWY,BROOKLYN,2029-07-01,0.974994,1,very_high,baseline
BROADWAY-EASTERN PKWY,BROOKLYN,2029-08-01,0.975054,1,very_high,baseline
BROADWAY-EASTERN PKWY,BROOKLYN,2029-09-01,0.975189,1,very_high,baseline
BROADWAY-EASTERN PKWY,BROOKLYN,2029-10-01,0.974355,1,very_high,baseline
BROADWAY-EASTERN PKWY,BROOKLYN,2029-11-01,0.974581,1,very_high,baseline
BROADWAY-EASTERN PKWY,BROOKLYN,2029-12-01,0.973982,1,very_high,baseline
BROADWAY/LAFAYETTE,MANHATTAN,2027-01-01,0.00051,0,very_low,baseline
BROADWAY/LAFAYETTE,MANHATTAN,2027-02-01,0.000302,0,very_low,baseline
BROADWAY/LAFAYETTE,MANHATTAN,2027-03-01,0.00034,0,very_low,baseline
BROADWAY/LAFAYETTE,MANHATTAN,2027-04-01,0.000328,0,very_low,baseline
BROADWAY/LAFAYETTE,MANHATTAN,2027-05-01,0.000333,0,very_low,baseline
BROADWAY/LAFAYETTE,MANHATTAN,2027-06-01,0.000305,0,very_low,baseline
BROADWAY/LAFAYETTE,MANHATTAN,2027-07-01,0.000293,0,very_low,baseline
BROADWAY/LAFAYETTE,MANHATTAN,2027-08-01,0.000334,0,very_low,baseline
BROADWAY/LAFAYETTE,MANHATTAN,2027-09-01,0.000355,0,very_low,baseline
BROADWAY/LAFAYETTE,MANHATTAN,2027-10-01,0.000305,0,very_low,baseline
BROADWAY/LAFAYETTE,MANHATTAN,2027-11-01,0.000253,0,very_low,baseline
BROADWAY/LAFAYETTE,MANHATTAN,2027-12-01,0.000246,0,very_low,baseline
BROADWAY/LAFAYETTE,MANHATTAN,2028-01-01,0.000288,0,very_low,baseline
BROADWAY/LAFAYETTE,MANHATTAN,2028-02-01,0.000281,0,very_low,baseline
BROADWAY/LAFAYETTE,MANHATTAN,2028-03-01,0.000296,0,very_low,baseline
BROADWAY/LAFAYETTE,MANHATTAN,2028-04-01,0.000296,0,very_low,baseline
BROADWAY/LAFAYETTE,MANHATTAN,2028-05-01,0.000305,0,very_low,baseline
BROADWAY/LAFAYETTE,MANHATTAN,2028-06-01,0.000305,0,very_low,baseline
BROADWAY/LAFAYETTE,MANHATTAN,2028-07-01,0.000293,0,very_low,baseline
BROADWAY/LAFAYETTE,MANHATTAN,2028-08-01,0.000334,0,very_low,baseline
BROADWAY/LAFAYETTE,MANHATTAN,2028-09-01,0.000355,0,very_low,baseline
BROADWAY/LAFAYETTE,MANHATTAN,2028-10-01,0.000305,0,very_low,baseline
BROADWAY/LAFAYETTE,MANHATTAN,2028-11-01,0.000253,0,very_low,baseline
BROADWAY/LAFAYETTE,MANHATTAN,2028-12-01,0.000246,0,very_low,baseline
BROADWAY/LAFAYETTE,MANHATTAN,2029-01-01,0.000288,0,very_low,baseline
BROADWAY/LAFAYETTE,MANHATTAN,2029-02-01,0.000281,0,very_low,baseline
BROADWAY/LAFAYETTE,MANHATTAN,2029-03-01,0.000296,0,very_low,baseline
BROADWAY/LAFAYETTE,MANHATTAN,2029-04-01,0.000296,0,very_low,baseline
BROADWAY/LAFAYETTE,MANHATTAN,2029-05-01,0.000305,0,very_low,baseline
BROADWAY/LAFAYETTE,MANHATTAN,2029-06-01,0.000305,0,very_low,baseline
BROADWAY/LAFAYETTE,MANHATTAN,2029-07-01,0.000293,0,very_low,baseline
BROADWAY/LAFAYETTE,MANHATTAN,2029-08-01,0.000334,0,very_low,baseline
BROADWAY/LAFAYETTE,MANHATTAN,2029-09-01,0.000355,0,very_low,baseline
BROADWAY/LAFAYETTE,MANHATTAN,2029-10-01,0.000305,0,very_low,baseline
BROADWAY/LAFAYETTE,MANHATTAN,2029-11-01,0.000253,0,very_low,baseline
BROADWAY/LAFAYETTE,MANHATTAN,2029-12-01,0.000246,0,very_low,baseline
BROADWAY/NASSAU,MANHATTAN,2027-01-01,0.000508,0,very_low,baseline
BROADWAY/NASSAU,MANHATTAN,2027-02-01,0.00033,0,very_low,baseline
BROADWAY/NASSAU,MANHATTAN,2027-03-01,0.000418,0,very_low,baseline
BROADWAY/NASSAU,MANHATTAN,2027-04-01,0.000387,0,very_low,baseline
BROADWAY/NASSAU,MANHATTAN,2027-05-01,0.000421,0,very_low,baseline
BROADWAY/NASSAU,MANHATTAN,2027-06-01,0.000409,0,very_low,baseline
BROADWAY/NASSAU,MANHATTAN,2027-07-01,0.000404,0,very_low,baseline
BROADWAY/NASSAU,MANHATTAN,2027-08-01,0.000462,0,very_low,baseline
BROADWAY/NASSAU,MANHATTAN,2027-09-01,0.000509,0,very_low,baseline
BROADWAY/NASSAU,MANHATTAN,2027-10-01,0.00043,0,very_low,baseline
BROADWAY/NASSAU,MANHATTAN,2027-11-01,0.00034,0,very_low,baseline
BROADWAY/NASSAU,MANHATTAN,2027-12-01,0.00033,0,very_low,baseline
BROADWAY/NASSAU,MANHATTAN,2028-01-01,0.000388,0,very_low,baseline
BROADWAY/NASSAU,MANHATTAN,2028-02-01,0.00037,0,very_low,baseline
BROADWAY/NASSAU,MANHATTAN,2028-03-01,0.000394,0,very_low,baseline
BROADWAY/NASSAU,MANHATTAN,2028-04-01,0.000394,0,very_low,baseline
BROADWAY/NASSAU,MANHATTAN,2028-05-01,0.000409,0,very_low,baseline
BROADWAY/NASSAU,MANHATTAN,2028-06-01,0.000409,0,very_low,baseline
BROADWAY/NASSAU,MANHATTAN,2028-07-01,0.000404,0,very_low,baseline
BROADWAY/NASSAU,MANHATTAN,2028-08-01,0.000462,0,very_low,baseline
BROADWAY/NASSAU,MANHATTAN,2028-09-01,0.000509,0,very_low,baseline
BROADWAY/NASSAU,MANHATTAN,2028-10-01,0.00043,0,very_low,baseline
BROADWAY/NASSAU,MANHATTAN,2028-11-01,0.00034,0,very_low,baseline
BROADWAY/NASSAU,MANHATTAN,2028-12-01,0.00033,0,very_low,baseline
BROADWAY/NASSAU,MANHATTAN,2029-01-01,0.000388,0,very_low,baseline
BROADWAY/NASSAU,MANHATTAN,2029-02-01,0.00037,0,very_low,baseline
BROADWAY/NASSAU,MANHATTAN,2029-03-01,0.000394,0,very_low,baseline
BROADWAY/NASSAU,MANHATTAN,2029-04-01,0.000394,0,very_low,baseline
BROADWAY/NASSAU,MANHATTAN,2029-05-01,0.000409,0,very_low,baseline
BROADWAY/NASSAU,MANHATTAN,2029-06-01,0.000409,0,very_low,baseline
BROADWAY/NASSAU,MANHATTAN,2029-07-01,0.000404,0,very_low,baseline
BROADWAY/NASSAU,MANHATTAN,2029-08-01,0.000462,0,very_low,baseline
BROADWAY/NASSAU,MANHATTAN,2029-09-01,0.000509,0,very_low,baseline
BROADWAY/NASSAU,MANHATTAN,2029-10-01,0.00043,0,very_low,baseline
BROADWAY/NASSAU,MANHATTAN,2029-11-01,0.00034,0,very_low,baseline
BROADWAY/NASSAU,MANHATTAN,2029-12-01,0.00033,0,very_low,baseline
BRONX PARK EAST,BRONX,2027-01-01,0.000451,0,very_low,baseline
BRONX PARK EAST,BRONX,2027-02-01,0.000442,0,very_low,baseline
BRONX PARK EAST,BRONX,2027-03-01,0.000435,0,very_low,baseline
BRONX PARK EAST,BRONX,2027-04-01,0.000428,0,very_low,baseline
BRONX PARK EAST,BRONX,2027-05-01,0.000397,0,very_low,baseline
BRONX PARK EAST,BRONX,2027-06-01,0.000423,0,very_low,baseline
BRONX PARK EAST,BRONX,2027-07-01,0.000413,0,very_low,baseline
BRONX PARK EAST,BRONX,2027-08-01,0.000441,0,very_low,baseline
BRONX PARK EAST,BRONX,2027-09-01,0.000464,0,very_low,baseline
BRONX PARK EAST,BRONX,2027-10-01,0.000414,0,very_low,baseline
BRONX PARK EAST,BRONX,2027-11-01,0.000379,0,very_low,baseline
BRONX PARK EAST,BRONX,2027-12-01,0.000378,0,very_low,baseline
BRONX PARK EAST,BRONX,2028-01-01,0.000436,0,very_low,baseline
BRONX PARK EAST,BRONX,2028-02-01,0.000475,0,very_low,baseline
BRONX PARK EAST,BRONX,2028-03-01,0.000438,0,very_low,baseline
BRONX PARK EAST,BRONX,2028-04-01,0.000427,0,very_low,baseline
BRONX PARK EAST,BRONX,2028-05-01,0.00042,0,very_low,baseline
BRONX PARK EAST,BRONX,2028-06-01,0.000423,0,very_low,baseline
BRONX PARK EAST,BRONX,2028-07-01,0.000413,0,very_low,baseline
BRONX PARK EAST,BRONX,2028-08-01,0.000441,0,very_low,baseline
BRONX PARK EAST,BRONX,2028-09-01,0.000464,0,very_low,baseline
BRONX PARK EAST,BRONX,2028-10-01,0.000414,0,very_low,baseline
BRONX PARK EAST,BRONX,2028-11-01,0.000379,0,very_low,baseline
BRONX PARK EAST,BRONX,2028-12-01,0.000378,0,very_low,baseline
BRONX PARK EAST,BRONX,2029-01-01,0.000436,0,very_low,baseline
BRONX PARK EAST,BRONX,2029-02-01,0.000475,0,very_low,baseline
BRONX PARK EAST,BRONX,2029-03-01,0.000438,0,very_low,baseline
BRONX PARK EAST,BRONX,2029-04-01,0.000427,0,very_low,baseline
BRONX PARK EAST,BRONX,2029-05-01,0.00042,0,very_low,baseline
BRONX PARK EAST,BRONX,2029-06-01,0.000423,0,very_low,baseline
BRONX PARK EAST,BRONX,2029-07-01,0.000413,0,very_low,baseline
BRONX PARK EAST,BRONX,2029-08-01,0.000441,0,very_low,baseline
BRONX PARK EAST,BRONX,2029-09-01,0.000464,0,very_low,baseline
BRONX PARK EAST,BRONX,2029-10-01,0.000414,0,very_low,baseline
BRONX PARK EAST,BRONX,2029-11-01,0.000379,0,very_low,baseline
BRONX PARK EAST,BRONX,2029-12-01,0.000378,0,very_low,baseline
BROOK AVENUE,BRONX,2027-01-01,0.448953,1,medium,baseline
BROOK AVENUE,BRONX,2027-02-01,0.080569,1,very_low,baseline
BROOK AVENUE,BRONX,2027-03-01,0.14769,1,very_low,baseline
BROOK AVENUE,BRONX,2027-04-01,0.126324,1,very_low,baseline
BROOK AVENUE,BRONX,2027-05-01,0.158532,1,very_low,baseline
BROOK AVENUE,BRONX,2027-06-01,0.158001,1,very_low,baseline
BROOK AVENUE,BRONX,2027-07-01,0.173193,1,very_low,baseline
BROOK AVENUE,BRONX,2027-08-01,0.202656,1,low,baseline
BROOK AVENUE,BRONX,2027-09-01,0.219853,1,low,baseline
BROOK AVENUE,BRONX,2027-10-01,0.217677,1,low,baseline
BROOK AVENUE,BRONX,2027-11-01,0.203919,1,low,baseline
BROOK AVENUE,BRONX,2027-12-01,0.197993,1,very_low,baseline
BROOK AVENUE,BRONX,2028-01-01,0.185993,1,very_low,baseline
BROOK AVENUE,BRONX,2028-02-01,0.18755,1,very_low,baseline
BROOK AVENUE,BRONX,2028-03-01,0.200828,1,low,baseline
BROOK AVENUE,BRONX,2028-04-01,0.203304,1,low,baseline
BROOK AVENUE,BRONX,2028-05-01,0.209227,1,low,baseline
BROOK AVENUE,BRONX,2028-06-01,0.212377,1,low,baseline
BROOK AVENUE,BRONX,2028-07-01,0.215418,1,low,baseline
BROOK AVENUE,BRONX,2028-08-01,0.222876,1,low,baseline
BROOK AVENUE,BRONX,2028-09-01,0.22838,1,low,baseline
BROOK AVENUE,BRONX,2028-10-01,0.216189,1,low,baseline
BROOK AVENUE,BRONX,2028-11-01,0.202501,1,low,baseline
BROOK AVENUE,BRONX,2028-12-01,0.197993,1,very_low,baseline
BROOK AVENUE,BRONX,2029-01-01,0.185993,1,very_low,baseline
BROOK AVENUE,BRONX,2029-02-01,0.18755,1,very_low,baseline
BROOK AVENUE,BRONX,2029-03-01,0.200828,1,low,baseline
BROOK AVENUE,BRONX,2029-04-01,0.203304,1,low,baseline
BROOK AVENUE,BRONX,2029-05-01,0.209227,1,low,baseline
BROOK AVENUE,BRONX,2029-06-01,0.212377,1,low,baseline
BROOK AVENUE,BRONX,2029-07-01,0.215418,1,low,baseline
BROOK AVENUE,BRONX,2029-08-01,0.222876,1,low,baseline
BROOK AVENUE,BRONX,2029-09-01,0.22838,1,low,baseline
BROOK AVENUE,BRONX,2029-10-01,0.216189,1,low,baseline
BROOK AVENUE,BRONX,2029-11-01,0.202501,1,low,baseline
BROOK AVENUE,BRONX,2029-12-01,0.197993,1,very_low,baseline
BROOKLYN BRIDGE-CITY HALL,MANHATTAN,2027-01-01,0.000415,0,very_low,baseline
BROOKLYN BRIDGE-CITY HALL,MANHATTAN,2027-02-01,0.000325,0,very_low,baseline
BROOKLYN BRIDGE-CITY HALL,MANHATTAN,2027-03-01,0.000404,0,very_low,baseline
BROOKLYN BRIDGE-CITY HALL,MANHATTAN,2027-04-01,0.000467,0,very_low,baseline
BROOKLYN BRIDGE-CITY HALL,MANHATTAN,2027-05-01,0.000534,0,very_low,baseline
BROOKLYN BRIDGE-CITY HALL,MANHATTAN,2027-06-01,0.000656,0,very_low,baseline
BROOKLYN BRIDGE-CITY HALL,MANHATTAN,2027-07-01,0.00063,0,very_low,baseline
BROOKLYN BRIDGE-CITY HALL,MANHATTAN,2027-08-01,0.0007,0,very_low,baseline
BROOKLYN BRIDGE-CITY HALL,MANHATTAN,2027-09-01,0.000716,0,very_low,baseline
BROOKLYN BRIDGE-CITY HALL,MANHATTAN,2027-10-01,0.00061,0,very_low,baseline
BROOKLYN BRIDGE-CITY HALL,MANHATTAN,2027-11-01,0.000495,0,very_low,baseline
BROOKLYN BRIDGE-CITY HALL,MANHATTAN,2027-12-01,0.000476,0,very_low,baseline
BROOKLYN BRIDGE-CITY HALL,MANHATTAN,2028-01-01,0.000634,0,very_low,baseline
BROOKLYN BRIDGE-CITY HALL,MANHATTAN,2028-02-01,0.000629,0,very_low,baseline
BROOKLYN BRIDGE-CITY HALL,MANHATTAN,2028-03-01,0.000645,0,very_low,baseline
BROOKLYN BRIDGE-CITY HALL,MANHATTAN,2028-04-01,0.000637,0,very_low,baseline
BROOKLYN BRIDGE-CITY HALL,MANHATTAN,2028-05-01,0.000654,0,very_low,baseline
BROOKLYN BRIDGE-CITY HALL,MANHATTAN,2028-06-01,0.000656,0,very_low,baseline
BROOKLYN BRIDGE-CITY HALL,MANHATTAN,2028-07-01,0.00063,0,very_low,baseline
BROOKLYN BRIDGE-CITY HALL,MANHATTAN,2028-08-01,0.0007,0,very_low,baseline
BROOKLYN BRIDGE-CITY HALL,MANHATTAN,2028-09-01,0.000716,0,very_low,baseline
BROOKLYN BRIDGE-CITY HALL,MANHATTAN,2028-10-01,0.00061,0,very_low,baseline
BROOKLYN BRIDGE-CITY HALL,MANHATTAN,2028-11-01,0.000495,0,very_low,baseline
BROOKLYN BRIDGE-CITY HALL,MANHATTAN,2028-12-01,0.000476,0,very_low,baseline
BROOKLYN BRIDGE-CITY HALL,MANHATTAN,2029-01-01,0.000634,0,very_low,baseline
BROOKLYN BRIDGE-CITY HALL,MANHATTAN,2029-02-01,0.000629,0,very_low,baseline
BROOKLYN BRIDGE-CITY HALL,MANHATTAN,2029-03-01,0.000645,0,very_low,baseline
BROOKLYN BRIDGE-CITY HALL,MANHATTAN,2029-04-01,0.000637,0,very_low,baseline
BROOKLYN BRIDGE-CITY HALL,MANHATTAN,2029-05-01,0.000654,0,very_low,baseline
BROOKLYN BRIDGE-CITY HALL,MANHATTAN,2029-06-01,0.000656,0,very_low,baseline
BROOKLYN BRIDGE-CITY HALL,MANHATTAN,2029-07-01,0.00063,0,very_low,baseline
BROOKLYN BRIDGE-CITY HALL,MANHATTAN,2029-08-01,0.0007,0,very_low,baseline
BROOKLYN BRIDGE-CITY HALL,MANHATTAN,2029-09-01,0.000716,0,very_low,baseline
BROOKLYN BRIDGE-CITY HALL,MANHATTAN,2029-10-01,0.00061,0,very_low,baseline
BROOKLYN BRIDGE-CITY HALL,MANHATTAN,2029-11-01,0.000495,0,very_low,baseline
BROOKLYN BRIDGE-CITY HALL,MANHATTAN,2029-12-01,0.000476,0,very_low,baseline
BUHRE AVENUE,BRONX,2027-01-01,0.00017,0,very_low,baseline
BUHRE AVENUE,BRONX,2027-02-01,0.000154,0,very_low,baseline
BUHRE AVENUE,BRONX,2027-03-01,0.000174,0,very_low,baseline
BUHRE AVENUE,BRONX,2027-04-01,0.000185,0,very_low,baseline
BUHRE AVENUE,BRONX,2027-05-01,0.00019,0,very_low,baseline
BUHRE AVENUE,BRONX,2027-06-01,0.000186,0,very_low,baseline
BUHRE AVENUE,BRONX,2027-07-01,0.000191,0,very_low,baseline
BUHRE AVENUE,BRONX,2027-08-01,0.000195,0,very_low,baseline
BUHRE AVENUE,BRONX,2027-09-01,0.000204,0,very_low,baseline
BUHRE AVENUE,BRONX,2027-10-01,0.000172,0,very_low,baseline
BUHRE AVENUE,BRONX,2027-11-01,0.000159,0,very_low,baseline
BUHRE AVENUE,BRONX,2027-12-01,0.000151,0,very_low,baseline
BUHRE AVENUE,BRONX,2028-01-01,0.000182,0,very_low,baseline
BUHRE AVENUE,BRONX,2028-02-01,0.000189,0,very_low,baseline
BUHRE AVENUE,BRONX,2028-03-01,0.000187,0,very_low,baseline
BUHRE AVENUE,BRONX,2028-04-01,0.000185,0,very_low,baseline
BUHRE AVENUE,BRONX,2028-05-01,0.00019,0,very_low,baseline
BUHRE AVENUE,BRONX,2028-06-01,0.000186,0,very_low,baseline
BUHRE AVENUE,BRONX,2028-07-01,0.000191,0,very_low,baseline
BUHRE AVENUE,BRONX,2028-08-01,0.000195,0,very_low,baseline
BUHRE AVENUE,BRONX,2028-09-01,0.000204,0,very_low,baseline
BUHRE AVENUE,BRONX,2028-10-01,0.000172,0,very_low,baseline
BUHRE AVENUE,BRONX,2028-11-01,0.000159,0,very_low,baseline
BUHRE AVENUE,BRONX,2028-12-01,0.000151,0,very_low,baseline
BUHRE AVENUE,BRONX,2029-01-01,0.000182,0,very_low,baseline
BUHRE AVENUE,BRONX,2029-02-01,0.000189,0,very_low,baseline
BUHRE AVENUE,BRONX,2029-03-01,0.000187,0,very_low,baseline
BUHRE AVENUE,BRONX,2029-04-01,0.000185,0,very_low,baseline
BUHRE AVENUE,BRONX,2029-05-01,0.00019,0,very_low,baseline
BUHRE AVENUE,BRONX,2029-06-01,0.000186,0,very_low,baseline
BUHRE AVENUE,BRONX,2029-07-01,0.000191,0,very_low,baseline
BUHRE AVENUE,BRONX,2029-08-01,0.000195,0,very_low,baseline
BUHRE AVENUE,BRONX,2029-09-01,0.000204,0,very_low,baseline
BUHRE AVENUE,BRONX,2029-10-01,0.000172,0,very_low,baseline
BUHRE AVENUE,BRONX,2029-11-01,0.000159,0,very_low,baseline
BUHRE AVENUE,BRONX,2029-12-01,0.000151,0,very_low,baseline
BURKE AVENUE,BRONX,2027-01-01,0.000152,0,very_low,baseline
BURKE AVENUE,BRONX,2027-02-01,0.000223,0,very_low,baseline
BURKE AVENUE,BRONX,2027-03-01,0.000175,0,very_low,baseline
BURKE AVENUE,BRONX,2027-04-01,0.000216,0,very_low,baseline
BURKE AVENUE,BRONX,2027-05-01,0.000189,0,very_low,baseline
BURKE AVENUE,BRONX,2027-06-01,0.000216,0,very_low,baseline
BURKE AVENUE,BRONX,2027-07-01,0.000211,0,very_low,baseline
BURKE AVENUE,BRONX,2027-08-01,0.000216,0,very_low,baseline
BURKE AVENUE,BRONX,2027-09-01,0.000226,0,very_low,baseline
BURKE AVENUE,BRONX,2027-10-01,0.000195,0,very_low,baseline
BURKE AVENUE,BRONX,2027-11-01,0.00018,0,very_low,baseline
BURKE AVENUE,BRONX,2027-12-01,0.000172,0,very_low,baseline
BURKE AVENUE,BRONX,2028-01-01,0.000211,0,very_low,baseline
BURKE AVENUE,BRONX,2028-02-01,0.000219,0,very_low,baseline
BURKE AVENUE,BRONX,2028-03-01,0.000218,0,very_low,baseline
BURKE AVENUE,BRONX,2028-04-01,0.000215,0,very_low,baseline
BURKE AVENUE,BRONX,2028-05-01,0.000221,0,very_low,baseline
BURKE AVENUE,BRONX,2028-06-01,0.000216,0,very_low,baseline
BURKE AVENUE,BRONX,2028-07-01,0.000211,0,very_low,baseline
BURKE AVENUE,BRONX,2028-08-01,0.000216,0,very_low,baseline
BURKE AVENUE,BRONX,2028-09-01,0.000226,0,very_low,baseline
BURKE AVENUE,BRONX,2028-10-01,0.000195,0,very_low,baseline
BURKE AVENUE,BRONX,2028-11-01,0.00018,0,very_low,baseline
BURKE AVENUE,BRONX,2028-12-01,0.000172,0,very_low,baseline
BURKE AVENUE,BRONX,2029-01-01,0.000211,0,very_low,baseline
BURKE AVENUE,BRONX,2029-02-01,0.000219,0,very_low,baseline
BURKE AVENUE,BRONX,2029-03-01,0.000218,0,very_low,baseline
BURKE AVENUE,BRONX,2029-04-01,0.000215,0,very_low,baseline
BURKE AVENUE,BRONX,2029-05-01,0.000221,0,very_low,baseline
BURKE AVENUE,BRONX,2029-06-01,0.000216,0,very_low,baseline
BURKE AVENUE,BRONX,2029-07-01,0.000211,0,very_low,baseline
BURKE AVENUE,BRONX,2029-08-01,0.000216,0,very_low,baseline
BURKE AVENUE,BRONX,2029-09-01,0.000226,0,very_low,baseline
BURKE AVENUE,BRONX,2029-10-01,0.000195,0,very_low,baseline
BURKE AVENUE,BRONX,2029-11-01,0.00018,0,very_low,baseline
BURKE AVENUE,BRONX,2029-12-01,0.000172,0,very_low,baseline
BURNSIDE AVENUE,BRONX,2027-01-01,0.049741,0,very_low,baseline
BURNSIDE AVENUE,BRONX,2027-02-01,0.035777,0,very_low,baseline
BURNSIDE AVENUE,BRONX,2027-03-01,0.062123,1,very_low,baseline
BURNSIDE AVENUE,BRONX,2027-04-01,0.080828,1,very_low,baseline
BURNSIDE AVENUE,BRONX,2027-05-01,0.194406,1,very_low,baseline
BURNSIDE AVENUE,BRONX,2027-06-01,0.230068,1,low,baseline
BURNSIDE AVENUE,BRONX,2027-07-01,0.226955,1,low,baseline
BURNSIDE AVENUE,BRONX,2027-08-01,0.240846,1,low,baseline
BURNSIDE AVENUE,BRONX,2027-09-01,0.249392,1,low,baseline
BURNSIDE AVENUE,BRONX,2027-10-01,0.224214,1,low,baseline
BURNSIDE AVENUE,BRONX,2027-11-01,0.210524,1,low,baseline
BURNSIDE AVENUE,BRONX,2027-12-01,0.204058,1,low,baseline
BURNSIDE AVENUE,BRONX,2028-01-01,0.21296,1,low,baseline
BURNSIDE AVENUE,BRONX,2028-02-01,0.227603,1,low,baseline
BURNSIDE AVENUE,BRONX,2028-03-01,0.243748,1,low,baseline
BURNSIDE AVENUE,BRONX,2028-04-01,0.24346,1,low,baseline
BURNSIDE AVENUE,BRONX,2028-05-01,0.246856,1,low,baseline
BURNSIDE AVENUE,BRONX,2028-06-01,0.248917,1,low,baseline
BURNSIDE AVENUE,BRONX,2028-07-01,0.251799,1,low,baseline
BURNSIDE AVENUE,BRONX,2028-08-01,0.254688,1,low,baseline
BURNSIDE AVENUE,BRONX,2028-09-01,0.252139,1,low,baseline
BURNSIDE AVENUE,BRONX,2028-10-01,0.226768,1,low,baseline
BURNSIDE AVENUE,BRONX,2028-11-01,0.214121,1,low,baseline
BURNSIDE AVENUE,BRONX,2028-12-01,0.207573,1,low,baseline
BURNSIDE AVENUE,BRONX,2029-01-01,0.220215,1,low,baseline
BURNSIDE AVENUE,BRONX,2029-02-01,0.227603,1,low,baseline
BURNSIDE AVENUE,BRONX,2029-03-01,0.243748,1,low,baseline
BURNSIDE AVENUE,BRONX,2029-04-01,0.24346,1,low,baseline
BURNSIDE AVENUE,BRONX,2029-05-01,0.246856,1,low,baseline
BURNSIDE AVENUE,BRONX,2029-06-01,0.248917,1,low,baseline
BURNSIDE AVENUE,BRONX,2029-07-01,0.251799,1,low,baseline
BURNSIDE AVENUE,BRONX,2029-08-01,0.254688,1,low,baseline
BURNSIDE AVENUE,BRONX,2029-09-01,0.252139,1,low,baseline
BURNSIDE AVENUE,BRONX,2029-10-01,0.226768,1,low,baseline
BURNSIDE AVENUE,BRONX,2029-11-01,0.214121,1,low,baseline
BURNSIDE AVENUE,BRONX,2029-12-01,0.207573,1,low,baseline
BUSHWICK AVE.-ABERDEEN ST.,BROOKLYN,2027-01-01,0.000201,0,very_low,baseline
BUSHWICK AVE.-ABERDEEN ST.,BROOKLYN,2027-02-01,0.000279,0,very_low,baseline
BUSHWICK AVE.-ABERDEEN ST.,BROOKLYN,2027-03-01,0.000359,0,very_low,baseline
BUSHWICK AVE.-ABERDEEN ST.,BROOKLYN,2027-04-01,0.000291,0,very_low,baseline
BUSHWICK AVE.-ABERDEEN ST.,BROOKLYN,2027-05-01,0.000373,0,very_low,baseline
BUSHWICK AVE.-ABERDEEN ST.,BROOKLYN,2027-06-01,0.000332,0,very_low,baseline
BUSHWICK AVE.-ABERDEEN ST.,BROOKLYN,2027-07-01,0.000323,0,very_low,baseline
BUSHWICK AVE.-ABERDEEN ST.,BROOKLYN,2027-08-01,0.000328,0,very_low,baseline
BUSHWICK AVE.-ABERDEEN ST.,BROOKLYN,2027-09-01,0.000335,0,very_low,baseline
BUSHWICK AVE.-ABERDEEN ST.,BROOKLYN,2027-10-01,0.000294,0,very_low,baseline
BUSHWICK AVE.-ABERDEEN ST.,BROOKLYN,2027-11-01,0.000237,0,very_low,baseline
BUSHWICK AVE.-ABERDEEN ST.,BROOKLYN,2027-12-01,0.000225,0,very_low,baseline
BUSHWICK AVE.-ABERDEEN ST.,BROOKLYN,2028-01-01,0.000325,0,very_low,baseline
BUSHWICK AVE.-ABERDEEN ST.,BROOKLYN,2028-02-01,0.000353,0,very_low,baseline
BUSHWICK AVE.-ABERDEEN ST.,BROOKLYN,2028-03-01,0.00033,0,very_low,baseline
BUSHWICK AVE.-ABERDEEN ST.,BROOKLYN,2028-04-01,0.00032,0,very_low,baseline
BUSHWICK AVE.-ABERDEEN ST.,BROOKLYN,2028-05-01,0.000329,0,very_low,baseline
BUSHWICK AVE.-ABERDEEN ST.,BROOKLYN,2028-06-01,0.000332,0,very_low,baseline
BUSHWICK AVE.-ABERDEEN ST.,BROOKLYN,2028-07-01,0.000323,0,very_low,baseline
BUSHWICK AVE.-ABERDEEN ST.,BROOKLYN,2028-08-01,0.000328,0,very_low,baseline
BUSHWICK AVE.-ABERDEEN ST.,BROOKLYN,2028-09-01,0.000335,0,very_low,baseline
BUSHWICK AVE.-ABERDEEN ST.,BROOKLYN,2028-10-01,0.000294,0,very_low,baseline
BUSHWICK AVE.-ABERDEEN ST.,BROOKLYN,2028-11-01,0.000237,0,very_low,baseline
BUSHWICK AVE.-ABERDEEN ST.,BROOKLYN,2028-12-01,0.000225,0,very_low,baseline
BUSHWICK AVE.-ABERDEEN ST.,BROOKLYN,2029-01-01,0.000325,0,very_low,baseline
BUSHWICK AVE.-ABERDEEN ST.,BROOKLYN,2029-02-01,0.000353,0,very_low,baseline
BUSHWICK AVE.-ABERDEEN ST.,BROOKLYN,2029-03-01,0.00033,0,very_low,baseline
BUSHWICK AVE.-ABERDEEN ST.,BROOKLYN,2029-04-01,0.00032,0,very_low,baseline
BUSHWICK AVE.-ABERDEEN ST.,BROOKLYN,2029-05-01,0.000329,0,very_low,baseline
BUSHWICK AVE.-ABERDEEN ST.,BROOKLYN,2029-06-01,0.000332,0,very_low,baseline
BUSHWICK AVE.-ABERDEEN ST.,BROOKLYN,2029-07-01,0.000323,0,very_low,baseline
BUSHWICK AVE.-ABERDEEN ST.,BROOKLYN,2029-08-01,0.000328,0,very_low,baseline
BUSHWICK AVE.-ABERDEEN ST.,BROOKLYN,2029-09-01,0.000335,0,very_low,baseline
BUSHWICK AVE.-ABERDEEN ST.,BROOKLYN,2029-10-01,0.000294,0,very_low,baseline
BUSHWICK AVE.-ABERDEEN ST.,BROOKLYN,2029-11-01,0.000237,0,very_low,baseline
BUSHWICK AVE.-ABERDEEN ST.,BROOKLYN,2029-12-01,0.000225,0,very_low,baseline
CANAL STREET,MANHATTAN,2027-01-01,0.00158,0,very_low,baseline
CANAL STREET,MANHATTAN,2027-02-01,0.00099,0,very_low,baseline
CANAL STREET,MANHATTAN,2027-03-01,0.000811,0,very_low,baseline
CANAL STREET,MANHATTAN,2027-04-01,0.000731,0,very_low,baseline
CANAL STREET,MANHATTAN,2027-05-01,0.000798,0,very_low,baseline
CANAL STREET,MANHATTAN,2027-06-01,0.001182,0,very_low,baseline
CANAL STREET,MANHATTAN,2027-07-01,0.001158,0,very_low,baseline
CANAL STREET,MANHATTAN,2027-08-01,0.001327,0,very_low,baseline
CANAL STREET,MANHATTAN,2027-09-01,0.001363,0,very_low,baseline
CANAL STREET,MANHATTAN,2027-10-01,0.001306,0,very_low,baseline
CANAL STREET,MANHATTAN,2027-11-01,0.001033,0,very_low,baseline
CANAL STREET,MANHATTAN,2027-12-01,0.001028,0,very_low,baseline
CANAL STREET,MANHATTAN,2028-01-01,0.001003,0,very_low,baseline
CANAL STREET,MANHATTAN,2028-02-01,0.001014,0,very_low,baseline
CANAL STREET,MANHATTAN,2028-03-01,0.001216,0,very_low,baseline
CANAL STREET,MANHATTAN,2028-04-01,0.001201,0,very_low,baseline
CANAL STREET,MANHATTAN,2028-05-01,0.001217,0,very_low,baseline
CANAL STREET,MANHATTAN,2028-06-01,0.001182,0,very_low,baseline
CANAL STREET,MANHATTAN,2028-07-01,0.001158,0,very_low,baseline
CANAL STREET,MANHATTAN,2028-08-01,0.001327,0,very_low,baseline
CANAL STREET,MANHATTAN,2028-09-01,0.001363,0,very_low,baseline
CANAL STREET,MANHATTAN,2028-10-01,0.001306,0,very_low,baseline
CANAL STREET,MANHATTAN,2028-11-01,0.001033,0,very_low,baseline
CANAL STREET,MANHATTAN,2028-12-01,0.001028,0,very_low,baseline
CANAL STREET,MANHATTAN,2029-01-01,0.001003,0,very_low,baseline
CANAL STREET,MANHATTAN,2029-02-01,0.001014,0,very_low,baseline
CANAL STREET,MANHATTAN,2029-03-01,0.001216,0,very_low,baseline
CANAL STREET,MANHATTAN,2029-04-01,0.001201,0,very_low,baseline
CANAL STREET,MANHATTAN,2029-05-01,0.001217,0,very_low,baseline
CANAL STREET,MANHATTAN,2029-06-01,0.001182,0,very_low,baseline
CANAL STREET,MANHATTAN,2029-07-01,0.001158,0,very_low,baseline
CANAL STREET,MANHATTAN,2029-08-01,0.001327,0,very_low,baseline
CANAL STREET,MANHATTAN,2029-09-01,0.001363,0,very_low,baseline
CANAL STREET,MANHATTAN,2029-10-01,0.001306,0,very_low,baseline
CANAL STREET,MANHATTAN,2029-11-01,0.001033,0,very_low,baseline
CANAL STREET,MANHATTAN,2029-12-01,0.001028,0,very_low,baseline
CARROLL STREET,BROOKLYN,2027-01-01,0.00034,0,very_low,baseline
CARROLL STREET,BROOKLYN,2027-02-01,0.000269,0,very_low,baseline
CARROLL STREET,BROOKLYN,2027-03-01,0.000302,0,very_low,baseline
CARROLL STREET,BROOKLYN,2027-04-01,0.000296,0,very_low,baseline
CARROLL STREET,BROOKLYN,2027-05-01,0.000334,0,very_low,baseline
CARROLL STREET,BROOKLYN,2027-06-01,0.000273,0,very_low,baseline
CARROLL STREET,BROOKLYN,2027-07-01,0.000264,0,very_low,baseline
CARROLL STREET,BROOKLYN,2027-08-01,0.000301,0,very_low,baseline
CARROLL STREET,BROOKLYN,2027-09-01,0.00032,0,very_low,baseline
CARROLL STREET,BROOKLYN,2027-10-01,0.000278,0,very_low,baseline
CARROLL STREET,BROOKLYN,2027-11-01,0.00024,0,very_low,baseline
CARROLL STREET,BROOKLYN,2027-12-01,0.00023,0,very_low,baseline
CARROLL STREET,BROOKLYN,2028-01-01,0.000262,0,very_low,baseline
CARROLL STREET,BROOKLYN,2028-02-01,0.000256,0,very_low,baseline
CARROLL STREET,BROOKLYN,2028-03-01,0.000258,0,very_low,baseline
CARROLL STREET,BROOKLYN,2028-04-01,0.000258,0,very_low,baseline
CARROLL STREET,BROOKLYN,2028-05-01,0.000272,0,very_low,baseline
CARROLL STREET,BROOKLYN,2028-06-01,0.000273,0,very_low,baseline
CARROLL STREET,BROOKLYN,2028-07-01,0.000264,0,very_low,baseline
CARROLL STREET,BROOKLYN,2028-08-01,0.000301,0,very_low,baseline
CARROLL STREET,BROOKLYN,2028-09-01,0.00032,0,very_low,baseline
CARROLL STREET,BROOKLYN,2028-10-01,0.000278,0,very_low,baseline
CARROLL STREET,BROOKLYN,2028-11-01,0.00024,0,very_low,baseline
CARROLL STREET,BROOKLYN,2028-12-01,0.00023,0,very_low,baseline
CARROLL STREET,BROOKLYN,2029-01-01,0.000262,0,very_low,baseline
CARROLL STREET,BROOKLYN,2029-02-01,0.000256,0,very_low,baseline
CARROLL STREET,BROOKLYN,2029-03-01,0.000258,0,very_low,baseline
CARROLL STREET,BROOKLYN,2029-04-01,0.000258,0,very_low,baseline
CARROLL STREET,BROOKLYN,2029-05-01,0.000272,0,very_low,baseline
CARROLL STREET,BROOKLYN,2029-06-01,0.000273,0,very_low,baseline
CARROLL STREET,BROOKLYN,2029-07-01,0.000264,0,very_low,baseline
CARROLL STREET,BROOKLYN,2029-08-01,0.000301,0,very_low,baseline
CARROLL STREET,BROOKLYN,2029-09-01,0.00032,0,very_low,baseline
CARROLL STREET,BROOKLYN,2029-10-01,0.000278,0,very_low,baseline
CARROLL STREET,BROOKLYN,2029-11-01,0.00024,0,very_low,baseline
CARROLL STREET,BROOKLYN,2029-12-01,0.00023,0,very_low,baseline
CASTLE HILL AVENUE,BRONX,2027-01-01,0.000261,0,very_low,baseline
CASTLE HILL AVENUE,BRONX,2027-02-01,0.000247,0,very_low,baseline
CASTLE HILL AVENUE,BRONX,2027-03-01,0.000279,0,very_low,baseline
CASTLE HILL AVENUE,BRONX,2027-04-01,0.0003,0,very_low,baseline
CASTLE HILL AVENUE,BRONX,2027-05-01,0.000349,0,very_low,baseline
CASTLE HILL AVENUE,BRONX,2027-06-01,0.000273,0,very_low,baseline
CASTLE HILL AVENUE,BRONX,2027-07-01,0.000266,0,very_low,baseline
CASTLE HILL AVENUE,BRONX,2027-08-01,0.000294,0,very_low,baseline
CASTLE HILL AVENUE,BRONX,2027-09-01,0.000307,0,very_low,baseline
CASTLE HILL AVENUE,BRONX,2027-10-01,0.000267,0,very_low,baseline
CASTLE HILL AVENUE,BRONX,2027-11-01,0.000236,0,very_low,baseline
CASTLE HILL AVENUE,BRONX,2027-12-01,0.000236,0,very_low,baseline
CASTLE HILL AVENUE,BRONX,2028-01-01,0.000269,0,very_low,baseline
CASTLE HILL AVENUE,BRONX,2028-02-01,0.000292,0,very_low,baseline
CASTLE HILL AVENUE,BRONX,2028-03-01,0.000282,0,very_low,baseline
CASTLE HILL AVENUE,BRONX,2028-04-01,0.000275,0,very_low,baseline
CASTLE HILL AVENUE,BRONX,2028-05-01,0.000271,0,very_low,baseline
CASTLE HILL AVENUE,BRONX,2028-06-01,0.000273,0,very_low,baseline
CASTLE HILL AVENUE,BRONX,2028-07-01,0.000266,0,very_low,baseline
CASTLE HILL AVENUE,BRONX,2028-08-01,0.000294,0,very_low,baseline
CASTLE HILL AVENUE,BRONX,2028-09-01,0.000307,0,very_low,baseline
CASTLE HILL AVENUE,BRONX,2028-10-01,0.000267,0,very_low,baseline
CASTLE HILL AVENUE,BRONX,2028-11-01,0.000236,0,very_low,baseline
CASTLE HILL AVENUE,BRONX,2028-12-01,0.000236,0,very_low,baseline
CASTLE HILL AVENUE,BRONX,2029-01-01,0.000269,0,very_low,baseline
CASTLE HILL AVENUE,BRONX,2029-02-01,0.000292,0,very_low,baseline
CASTLE HILL AVENUE,BRONX,2029-03-01,0.000282,0,very_low,baseline
CASTLE HILL AVENUE,BRONX,2029-04-01,0.000275,0,very_low,baseline
CASTLE HILL AVENUE,BRONX,2029-05-01,0.000271,0,very_low,baseline
CASTLE HILL AVENUE,BRONX,2029-06-01,0.000273,0,very_low,baseline
CASTLE HILL AVENUE,BRONX,2029-07-01,0.000266,0,very_low,baseline
CASTLE HILL AVENUE,BRONX,2029-08-01,0.000294,0,very_low,baseline
CASTLE HILL AVENUE,BRONX,2029-09-01,0.000307,0,very_low,baseline
CASTLE HILL AVENUE,BRONX,2029-10-01,0.000267,0,very_low,baseline
CASTLE HILL AVENUE,BRONX,2029-11-01,0.000236,0,very_low,baseline
CASTLE HILL AVENUE,BRONX,2029-12-01,0.000236,0,very_low,baseline
CENTRAL AVENUE,BROOKLYN,2027-01-01,0.000214,0,very_low,baseline
CENTRAL AVENUE,BROOKLYN,2027-02-01,0.000158,0,very_low,baseline
CENTRAL AVENUE,BROOKLYN,2027-03-01,0.000132,0,very_low,baseline
CENTRAL AVENUE,BROOKLYN,2027-04-01,0.000132,0,very_low,baseline
CENTRAL AVENUE,BROOKLYN,2027-05-01,0.000169,0,very_low,baseline
CENTRAL AVENUE,BROOKLYN,2027-06-01,0.00017,0,very_low,baseline
CENTRAL AVENUE,BROOKLYN,2027-07-01,0.000176,0,very_low,baseline
CENTRAL AVENUE,BROOKLYN,2027-08-01,0.000174,0,very_low,baseline
CENTRAL AVENUE,BROOKLYN,2027-09-01,0.000183,0,very_low,baseline
CENTRAL AVENUE,BROOKLYN,2027-10-01,0.000161,0,very_low,baseline
CENTRAL AVENUE,BROOKLYN,2027-11-01,0.000154,0,very_low,baseline
CENTRAL AVENUE,BROOKLYN,2027-12-01,0.000146,0,very_low,baseline
CENTRAL AVENUE,BROOKLYN,2028-01-01,0.000178,0,very_low,baseline
CENTRAL AVENUE,BROOKLYN,2028-02-01,0.000186,0,very_low,baseline
CENTRAL AVENUE,BROOKLYN,2028-03-01,0.000174,0,very_low,baseline
CENTRAL AVENUE,BROOKLYN,2028-04-01,0.000164,0,very_low,baseline
CENTRAL AVENUE,BROOKLYN,2028-05-01,0.000169,0,very_low,baseline
CENTRAL AVENUE,BROOKLYN,2028-06-01,0.00017,0,very_low,baseline
CENTRAL AVENUE,BROOKLYN,2028-07-01,0.000176,0,very_low,baseline
CENTRAL AVENUE,BROOKLYN,2028-08-01,0.000174,0,very_low,baseline
CENTRAL AVENUE,BROOKLYN,2028-09-01,0.000183,0,very_low,baseline
CENTRAL AVENUE,BROOKLYN,2028-10-01,0.000161,0,very_low,baseline
CENTRAL AVENUE,BROOKLYN,2028-11-01,0.000154,0,very_low,baseline
CENTRAL AVENUE,BROOKLYN,2028-12-01,0.000146,0,very_low,baseline
CENTRAL AVENUE,BROOKLYN,2029-01-01,0.000178,0,very_low,baseline
CENTRAL AVENUE,BROOKLYN,2029-02-01,0.000186,0,very_low,baseline
CENTRAL AVENUE,BROOKLYN,2029-03-01,0.000174,0,very_low,baseline
CENTRAL AVENUE,BROOKLYN,2029-04-01,0.000164,0,very_low,baseline
CENTRAL AVENUE,BROOKLYN,2029-05-01,0.000169,0,very_low,baseline
CENTRAL AVENUE,BROOKLYN,2029-06-01,0.00017,0,very_low,baseline
CENTRAL AVENUE,BROOKLYN,2029-07-01,0.000176,0,very_low,baseline
CENTRAL AVENUE,BROOKLYN,2029-08-01,0.000174,0,very_low,baseline
CENTRAL AVENUE,BROOKLYN,2029-09-01,0.000183,0,very_low,baseline
CENTRAL AVENUE,BROOKLYN,2029-10-01,0.000161,0,very_low,baseline
CENTRAL AVENUE,BROOKLYN,2029-11-01,0.000154,0,very_low,baseline
CENTRAL AVENUE,BROOKLYN,2029-12-01,0.000146,0,very_low,baseline
CHAMBERS ST.-WORLD TRADE CENTE,MANHATTAN,2027-01-01,0.000348,0,very_low,baseline
CHAMBERS ST.-WORLD TRADE CENTE,MANHATTAN,2027-02-01,0.000398,0,very_low,baseline
CHAMBERS ST.-WORLD TRADE CENTE,MANHATTAN,2027-03-01,0.000481,0,very_low,baseline
CHAMBERS ST.-WORLD TRADE CENTE,MANHATTAN,2027-04-01,0.000479,0,very_low,baseline
CHAMBERS ST.-WORLD TRADE CENTE,MANHATTAN,2027-05-01,0.000534,0,very_low,baseline
CHAMBERS ST.-WORLD TRADE CENTE,MANHATTAN,2027-06-01,0.000508,0,very_low,baseline
CHAMBERS ST.-WORLD TRADE CENTE,MANHATTAN,2027-07-01,0.000505,0,very_low,baseline
CHAMBERS ST.-WORLD TRADE CENTE,MANHATTAN,2027-08-01,0.000557,0,very_low,baseline
CHAMBERS ST.-WORLD TRADE CENTE,MANHATTAN,2027-09-01,0.000583,0,very_low,baseline
CHAMBERS ST.-WORLD TRADE CENTE,MANHATTAN,2027-10-01,0.000507,0,very_low,baseline
CHAMBERS ST.-WORLD TRADE CENTE,MANHATTAN,2027-11-01,0.000431,0,very_low,baseline
CHAMBERS ST.-WORLD TRADE CENTE,MANHATTAN,2027-12-01,0.00043,0,very_low,baseline
CHAMBERS ST.-WORLD TRADE CENTE,MANHATTAN,2028-01-01,0.000461,0,very_low,baseline
CHAMBERS ST.-WORLD TRADE CENTE,MANHATTAN,2028-02-01,0.000502,0,very_low,baseline
CHAMBERS ST.-WORLD TRADE CENTE,MANHATTAN,2028-03-01,0.000497,0,very_low,baseline
CHAMBERS ST.-WORLD TRADE CENTE,MANHATTAN,2028-04-01,0.00049,0,very_low,baseline
CHAMBERS ST.-WORLD TRADE CENTE,MANHATTAN,2028-05-01,0.000503,0,very_low,baseline
CHAMBERS ST.-WORLD TRADE CENTE,MANHATTAN,2028-06-01,0.000508,0,very_low,baseline
CHAMBERS ST.-WORLD TRADE CENTE,MANHATTAN,2028-07-01,0.000505,0,very_low,baseline
CHAMBERS ST.-WORLD TRADE CENTE,MANHATTAN,2028-08-01,0.000557,0,very_low,baseline
CHAMBERS ST.-WORLD TRADE CENTE,MANHATTAN,2028-09-01,0.000583,0,very_low,baseline
CHAMBERS ST.-WORLD TRADE CENTE,MANHATTAN,2028-10-01,0.000507,0,very_low,baseline
CHAMBERS ST.-WORLD TRADE CENTE,MANHATTAN,2028-11-01,0.000431,0,very_low,baseline
CHAMBERS ST.-WORLD TRADE CENTE,MANHATTAN,2028-12-01,0.00043,0,very_low,baseline
CHAMBERS ST.-WORLD TRADE CENTE,MANHATTAN,2029-01-01,0.000461,0,very_low,baseline
CHAMBERS ST.-WORLD TRADE CENTE,MANHATTAN,2029-02-01,0.000502,0,very_low,baseline
CHAMBERS ST.-WORLD TRADE CENTE,MANHATTAN,2029-03-01,0.000497,0,very_low,baseline
CHAMBERS ST.-WORLD TRADE CENTE,MANHATTAN,2029-04-01,0.00049,0,very_low,baseline
CHAMBERS ST.-WORLD TRADE CENTE,MANHATTAN,2029-05-01,0.000503,0,very_low,baseline
CHAMBERS ST.-WORLD TRADE CENTE,MANHATTAN,2029-06-01,0.000508,0,very_low,baseline
CHAMBERS ST.-WORLD TRADE CENTE,MANHATTAN,2029-07-01,0.000505,0,very_low,baseline
CHAMBERS ST.-WORLD TRADE CENTE,MANHATTAN,2029-08-01,0.000557,0,very_low,baseline
CHAMBERS ST.-WORLD TRADE CENTE,MANHATTAN,2029-09-01,0.000583,0,very_low,baseline
CHAMBERS ST.-WORLD TRADE CENTE,MANHATTAN,2029-10-01,0.000507,0,very_low,baseline
CHAMBERS ST.-WORLD TRADE CENTE,MANHATTAN,2029-11-01,0.000431,0,very_low,baseline
CHAMBERS ST.-WORLD TRADE CENTE,MANHATTAN,2029-12-01,0.00043,0,very_low,baseline
CHAMBERS STREET,MANHATTAN,2027-01-01,0.000314,0,very_low,baseline
CHAMBERS STREET,MANHATTAN,2027-02-01,0.000382,0,very_low,baseline
CHAMBERS STREET,MANHATTAN,2027-03-01,0.000366,0,very_low,baseline
CHAMBERS STREET,MANHATTAN,2027-04-01,0.000347,0,very_low,baseline
CHAMBERS STREET,MANHATTAN,2027-05-01,0.000335,0,very_low,baseline
CHAMBERS STREET,MANHATTAN,2027-06-01,0.000379,0,very_low,baseline
CHAMBERS STREET,MANHATTAN,2027-07-01,0.000363,0,very_low,baseline
CHAMBERS STREET,MANHATTAN,2027-08-01,0.000414,0,very_low,baseline
CHAMBERS STREET,MANHATTAN,2027-09-01,0.00044,0,very_low,baseline
CHAMBERS STREET,MANHATTAN,2027-10-01,0.000378,0,very_low,baseline
CHAMBERS STREET,MANHATTAN,2027-11-01,0.000314,0,very_low,baseline
CHAMBERS STREET,MANHATTAN,2027-12-01,0.000302,0,very_low,baseline
CHAMBERS STREET,MANHATTAN,2028-01-01,0.000352,0,very_low,baseline
CHAMBERS STREET,MANHATTAN,2028-02-01,0.000344,0,very_low,baseline
CHAMBERS STREET,MANHATTAN,2028-03-01,0.000371,0,very_low,baseline
CHAMBERS STREET,MANHATTAN,2028-04-01,0.000367,0,very_low,baseline
CHAMBERS STREET,MANHATTAN,2028-05-01,0.000377,0,very_low,baseline
CHAMBERS STREET,MANHATTAN,2028-06-01,0.000379,0,very_low,baseline
CHAMBERS STREET,MANHATTAN,2028-07-01,0.000363,0,very_low,baseline
CHAMBERS STREET,MANHATTAN,2028-08-01,0.000414,0,very_low,baseline
CHAMBERS STREET,MANHATTAN,2028-09-01,0.00044,0,very_low,baseline
CHAMBERS STREET,MANHATTAN,2028-10-01,0.000378,0,very_low,baseline
CHAMBERS STREET,MANHATTAN,2028-11-01,0.000314,0,very_low,baseline
CHAMBERS STREET,MANHATTAN,2028-12-01,0.000302,0,very_low,baseline
CHAMBERS STREET,MANHATTAN,2029-01-01,0.000352,0,very_low,baseline
CHAMBERS STREET,MANHATTAN,2029-02-01,0.000344,0,very_low,baseline
CHAMBERS STREET,MANHATTAN,2029-03-01,0.000371,0,very_low,baseline
CHAMBERS STREET,MANHATTAN,2029-04-01,0.000367,0,very_low,baseline
CHAMBERS STREET,MANHATTAN,2029-05-01,0.000377,0,very_low,baseline
CHAMBERS STREET,MANHATTAN,2029-06-01,0.000379,0,very_low,baseline
CHAMBERS STREET,MANHATTAN,2029-07-01,0.000363,0,very_low,baseline
CHAMBERS STREET,MANHATTAN,2029-08-01,0.000414,0,very_low,baseline
CHAMBERS STREET,MANHATTAN,2029-09-01,0.00044,0,very_low,baseline
CHAMBERS STREET,MANHATTAN,2029-10-01,0.000378,0,very_low,baseline
CHAMBERS STREET,MANHATTAN,2029-11-01,0.000314,0,very_low,baseline
CHAMBERS STREET,MANHATTAN,2029-12-01,0.000302,0,very_low,baseline
CHAUNCEY STREET,BROOKLYN,2027-01-01,0.000148,0,very_low,baseline
CHAUNCEY STREET,BROOKLYN,2027-02-01,0.000225,0,very_low,baseline
CHAUNCEY STREET,BROOKLYN,2027-03-01,0.000181,0,very_low,baseline
CHAUNCEY STREET,BROOKLYN,2027-04-01,0.000166,0,very_low,baseline
CHAUNCEY STREET,BROOKLYN,2027-05-01,0.000158,0,very_low,baseline
CHAUNCEY STREET,BROOKLYN,2027-06-01,0.000173,0,very_low,baseline
CHAUNCEY STREET,BROOKLYN,2027-07-01,0.000169,0,very_low,baseline
CHAUNCEY STREET,BROOKLYN,2027-08-01,0.000178,0,very_low,baseline
CHAUNCEY STREET,BROOKLYN,2027-09-01,0.000186,0,very_low,baseline
CHAUNCEY STREET,BROOKLYN,2027-10-01,0.000167,0,very_low,baseline
CHAUNCEY STREET,BROOKLYN,2027-11-01,0.000154,0,very_low,baseline
CHAUNCEY STREET,BROOKLYN,2027-12-01,0.000147,0,very_low,baseline
CHAUNCEY STREET,BROOKLYN,2028-01-01,0.000169,0,very_low,baseline
CHAUNCEY STREET,BROOKLYN,2028-02-01,0.000176,0,very_low,baseline
CHAUNCEY STREET,BROOKLYN,2028-03-01,0.000174,0,very_low,baseline
CHAUNCEY STREET,BROOKLYN,2028-04-01,0.000172,0,very_low,baseline
CHAUNCEY STREET,BROOKLYN,2028-05-01,0.000177,0,very_low,baseline
CHAUNCEY STREET,BROOKLYN,2028-06-01,0.000173,0,very_low,baseline
CHAUNCEY STREET,BROOKLYN,2028-07-01,0.000169,0,very_low,baseline
CHAUNCEY STREET,BROOKLYN,2028-08-01,0.000178,0,very_low,baseline
CHAUNCEY STREET,BROOKLYN,2028-09-01,0.000186,0,very_low,baseline
CHAUNCEY STREET,BROOKLYN,2028-10-01,0.000167,0,very_low,baseline
CHAUNCEY STREET,BROOKLYN,2028-11-01,0.000154,0,very_low,baseline
CHAUNCEY STREET,BROOKLYN,2028-12-01,0.000147,0,very_low,baseline
CHAUNCEY STREET,BROOKLYN,2029-01-01,0.000169,0,very_low,baseline
CHAUNCEY STREET,BROOKLYN,2029-02-01,0.000176,0,very_low,baseline
CHAUNCEY STREET,BROOKLYN,2029-03-01,0.000174,0,very_low,baseline
CHAUNCEY STREET,BROOKLYN,2029-04-01,0.000172,0,very_low,baseline
CHAUNCEY STREET,BROOKLYN,2029-05-01,0.000177,0,very_low,baseline
CHAUNCEY STREET,BROOKLYN,2029-06-01,0.000173,0,very_low,baseline
CHAUNCEY STREET,BROOKLYN,2029-07-01,0.000169,0,very_low,baseline
CHAUNCEY STREET,BROOKLYN,2029-08-01,0.000178,0,very_low,baseline
CHAUNCEY STREET,BROOKLYN,2029-09-01,0.000186,0,very_low,baseline
CHAUNCEY STREET,BROOKLYN,2029-10-01,0.000167,0,very_low,baseline
CHAUNCEY STREET,BROOKLYN,2029-11-01,0.000154,0,very_low,baseline
CHAUNCEY STREET,BROOKLYN,2029-12-01,0.000147,0,very_low,baseline
CHRISTOPHER ST.-SHERIDAN SQ.,MANHATTAN,2027-01-01,0.000416,0,very_low,baseline
CHRISTOPHER ST.-SHERIDAN SQ.,MANHATTAN,2027-02-01,0.00042,0,very_low,baseline
CHRISTOPHER ST.-SHERIDAN SQ.,MANHATTAN,2027-03-01,0.0005,0,very_low,baseline
CHRISTOPHER ST.-SHERIDAN SQ.,MANHATTAN,2027-04-01,0.000532,0,very_low,baseline
CHRISTOPHER ST.-SHERIDAN SQ.,MANHATTAN,2027-05-01,0.000529,0,very_low,baseline
CHRISTOPHER ST.-SHERIDAN SQ.,MANHATTAN,2027-06-01,0.000524,0,very_low,baseline
CHRISTOPHER ST.-SHERIDAN SQ.,MANHATTAN,2027-07-01,0.000524,0,very_low,baseline
CHRISTOPHER ST.-SHERIDAN SQ.,MANHATTAN,2027-08-01,0.000586,0,very_low,baseline
CHRISTOPHER ST.-SHERIDAN SQ.,MANHATTAN,2027-09-01,0.000645,0,very_low,baseline
CHRISTOPHER ST.-SHERIDAN SQ.,MANHATTAN,2027-10-01,0.000577,0,very_low,baseline
CHRISTOPHER ST.-SHERIDAN SQ.,MANHATTAN,2027-11-01,0.000482,0,very_low,baseline
CHRISTOPHER ST.-SHERIDAN SQ.,MANHATTAN,2027-12-01,0.000479,0,very_low,baseline
CHRISTOPHER ST.-SHERIDAN SQ.,MANHATTAN,2028-01-01,0.000506,0,very_low,baseline
CHRISTOPHER ST.-SHERIDAN SQ.,MANHATTAN,2028-02-01,0.000482,0,very_low,baseline
CHRISTOPHER ST.-SHERIDAN SQ.,MANHATTAN,2028-03-01,0.000505,0,very_low,baseline
CHRISTOPHER ST.-SHERIDAN SQ.,MANHATTAN,2028-04-01,0.000505,0,very_low,baseline
CHRISTOPHER ST.-SHERIDAN SQ.,MANHATTAN,2028-05-01,0.000524,0,very_low,baseline
CHRISTOPHER ST.-SHERIDAN SQ.,MANHATTAN,2028-06-01,0.000524,0,very_low,baseline
CHRISTOPHER ST.-SHERIDAN SQ.,MANHATTAN,2028-07-01,0.000524,0,very_low,baseline
CHRISTOPHER ST.-SHERIDAN SQ.,MANHATTAN,2028-08-01,0.000586,0,very_low,baseline
CHRISTOPHER ST.-SHERIDAN SQ.,MANHATTAN,2028-09-01,0.000645,0,very_low,baseline
CHRISTOPHER ST.-SHERIDAN SQ.,MANHATTAN,2028-10-01,0.000577,0,very_low,baseline
CHRISTOPHER ST.-SHERIDAN SQ.,MANHATTAN,2028-11-01,0.000482,0,very_low,baseline
CHRISTOPHER ST.-SHERIDAN SQ.,MANHATTAN,2028-12-01,0.000479,0,very_low,baseline
CHRISTOPHER ST.-SHERIDAN SQ.,MANHATTAN,2029-01-01,0.000506,0,very_low,baseline
CHRISTOPHER ST.-SHERIDAN SQ.,MANHATTAN,2029-02-01,0.000482,0,very_low,baseline
CHRISTOPHER ST.-SHERIDAN SQ.,MANHATTAN,2029-03-01,0.000505,0,very_low,baseline
CHRISTOPHER ST.-SHERIDAN SQ.,MANHATTAN,2029-04-01,0.000505,0,very_low,baseline
CHRISTOPHER ST.-SHERIDAN SQ.,MANHATTAN,2029-05-01,0.000524,0,very_low,baseline
CHRISTOPHER ST.-SHERIDAN SQ.,MANHATTAN,2029-06-01,0.000524,0,very_low,baseline
CHRISTOPHER ST.-SHERIDAN SQ.,MANHATTAN,2029-07-01,0.000524,0,very_low,baseline
CHRISTOPHER ST.-SHERIDAN SQ.,MANHATTAN,2029-08-01,0.000586,0,very_low,baseline
CHRISTOPHER ST.-SHERIDAN SQ.,MANHATTAN,2029-09-01,0.000645,0,very_low,baseline
CHRISTOPHER ST.-SHERIDAN SQ.,MANHATTAN,2029-10-01,0.000577,0,very_low,baseline
CHRISTOPHER ST.-SHERIDAN SQ.,MANHATTAN,2029-11-01,0.000482,0,very_low,baseline
CHRISTOPHER ST.-SHERIDAN SQ.,MANHATTAN,2029-12-01,0.000479,0,very_low,baseline
CHURCH AVENUE,BROOKLYN,2027-01-01,0.100999,1,very_low,baseline
CHURCH AVENUE,BROOKLYN,2027-02-01,0.339305,1,low,baseline
CHURCH AVENUE,BROOKLYN,2027-03-01,0.149429,1,very_low,baseline
CHURCH AVENUE,BROOKLYN,2027-04-01,0.135194,1,very_low,baseline
CHURCH AVENUE,BROOKLYN,2027-05-01,0.256,1,low,baseline
CHURCH AVENUE,BROOKLYN,2027-06-01,0.327587,1,low,baseline
CHURCH AVENUE,BROOKLYN,2027-07-01,0.338809,1,low,baseline
CHURCH AVENUE,BROOKLYN,2027-08-01,0.371115,1,low,baseline
CHURCH AVENUE,BROOKLYN,2027-09-01,0.385149,1,low,baseline
CHURCH AVENUE,BROOKLYN,2027-10-01,0.380278,1,low,baseline
CHURCH AVENUE,BROOKLYN,2027-11-01,0.356098,1,low,baseline
CHURCH AVENUE,BROOKLYN,2027-12-01,0.359363,1,low,baseline
CHURCH AVENUE,BROOKLYN,2028-01-01,0.40978,1,medium,baseline
CHURCH AVENUE,BROOKLYN,2028-02-01,0.398472,1,low,baseline
CHURCH AVENUE,BROOKLYN,2028-03-01,0.392087,1,low,baseline
CHURCH AVENUE,BROOKLYN,2028-04-01,0.389195,1,low,baseline
CHURCH AVENUE,BROOKLYN,2028-05-01,0.39212,1,low,baseline
CHURCH AVENUE,BROOKLYN,2028-06-01,0.384843,1,low,baseline
CHURCH AVENUE,BROOKLYN,2028-07-01,0.385441,1,low,baseline
CHURCH AVENUE,BROOKLYN,2028-08-01,0.38401,1,low,baseline
CHURCH AVENUE,BROOKLYN,2028-09-01,0.391855,1,low,baseline
CHURCH AVENUE,BROOKLYN,2028-10-01,0.386952,1,low,baseline
CHURCH AVENUE,BROOKLYN,2028-11-01,0.367521,1,low,baseline
CHURCH AVENUE,BROOKLYN,2028-12-01,0.359363,1,low,baseline
CHURCH AVENUE,BROOKLYN,2029-01-01,0.40978,1,medium,baseline
CHURCH AVENUE,BROOKLYN,2029-02-01,0.398472,1,low,baseline
CHURCH AVENUE,BROOKLYN,2029-03-01,0.392087,1,low,baseline
CHURCH AVENUE,BROOKLYN,2029-04-01,0.389195,1,low,baseline
CHURCH AVENUE,BROOKLYN,2029-05-01,0.39212,1,low,baseline
CHURCH AVENUE,BROOKLYN,2029-06-01,0.384843,1,low,baseline
CHURCH AVENUE,BROOKLYN,2029-07-01,0.385441,1,low,baseline
CHURCH AVENUE,BROOKLYN,2029-08-01,0.38401,1,low,baseline
CHURCH AVENUE,BROOKLYN,2029-09-01,0.391855,1,low,baseline
CHURCH AVENUE,BROOKLYN,2029-10-01,0.386952,1,low,baseline
CHURCH AVENUE,BROOKLYN,2029-11-01,0.367521,1,low,baseline
CHURCH AVENUE,BROOKLYN,2029-12-01,0.359363,1,low,baseline
CITY HALL,MANHATTAN,2027-01-01,0.000313,0,very_low,baseline
CITY HALL,MANHATTAN,2027-02-01,0.000437,0,very_low,baseline
CITY HALL,MANHATTAN,2027-03-01,0.000348,0,very_low,baseline
CITY HALL,MANHATTAN,2027-04-01,0.00036,0,very_low,baseline
CITY HALL,MANHATTAN,2027-05-01,0.000322,0,very_low,baseline
CITY HALL,MANHATTAN,2027-06-01,0.000324,0,very_low,baseline
CITY HALL,MANHATTAN,2027-07-01,0.000335,0,very_low,baseline
CITY HALL,MANHATTAN,2027-08-01,0.00034,0,very_low,baseline
CITY HALL,MANHATTAN,2027-09-01,0.000347,0,very_low,baseline
CITY HALL,MANHATTAN,2027-10-01,0.000301,0,very_low,baseline
CITY HALL,MANHATTAN,2027-11-01,0.000242,0,very_low,baseline
CITY HALL,MANHATTAN,2027-12-01,0.000231,0,very_low,baseline
CITY HALL,MANHATTAN,2028-01-01,0.0003,0,very_low,baseline
CITY HALL,MANHATTAN,2028-02-01,0.000327,0,very_low,baseline
CITY HALL,MANHATTAN,2028-03-01,0.000305,0,very_low,baseline
CITY HALL,MANHATTAN,2028-04-01,0.000304,0,very_low,baseline
CITY HALL,MANHATTAN,2028-05-01,0.000312,0,very_low,baseline
CITY HALL,MANHATTAN,2028-06-01,0.000324,0,very_low,baseline
CITY HALL,MANHATTAN,2028-07-01,0.000335,0,very_low,baseline
CITY HALL,MANHATTAN,2028-08-01,0.00034,0,very_low,baseline
CITY HALL,MANHATTAN,2028-09-01,0.000347,0,very_low,baseline
CITY HALL,MANHATTAN,2028-10-01,0.000301,0,very_low,baseline
CITY HALL,MANHATTAN,2028-11-01,0.000242,0,very_low,baseline
CITY HALL,MANHATTAN,2028-12-01,0.000231,0,very_low,baseline
CITY HALL,MANHATTAN,2029-01-01,0.0003,0,very_low,baseline
CITY HALL,MANHATTAN,2029-02-01,0.000327,0,very_low,baseline
CITY HALL,MANHATTAN,2029-03-01,0.000305,0,very_low,baseline
CITY HALL,MANHATTAN,2029-04-01,0.000304,0,very_low,baseline
CITY HALL,MANHATTAN,2029-05-01,0.000312,0,very_low,baseline
CITY HALL,MANHATTAN,2029-06-01,0.000324,0,very_low,baseline
CITY HALL,MANHATTAN,2029-07-01,0.000335,0,very_low,baseline
CITY HALL,MANHATTAN,2029-08-01,0.00034,0,very_low,baseline
CITY HALL,MANHATTAN,2029-09-01,0.000347,0,very_low,baseline
CITY HALL,MANHATTAN,2029-10-01,0.000301,0,very_low,baseline
CITY HALL,MANHATTAN,2029-11-01,0.000242,0,very_low,baseline
CITY HALL,MANHATTAN,2029-12-01,0.000231,0,very_low,baseline
CLARK STREET,BROOKLYN,2027-01-01,0.000173,0,very_low,baseline
CLARK STREET,BROOKLYN,2027-02-01,0.000192,0,very_low,baseline
CLARK STREET,BROOKLYN,2027-03-01,0.000343,0,very_low,baseline
CLARK STREET,BROOKLYN,2027-04-01,0.000285,0,very_low,baseline
CLARK STREET,BROOKLYN,2027-05-01,0.000253,0,very_low,baseline
CLARK STREET,BROOKLYN,2027-06-01,0.000285,0,very_low,baseline
CLARK STREET,BROOKLYN,2027-07-01,0.000294,0,very_low,baseline
CLARK STREET,BROOKLYN,2027-08-01,0.000301,0,very_low,baseline
CLARK STREET,BROOKLYN,2027-09-01,0.000308,0,very_low,baseline
CLARK STREET,BROOKLYN,2027-10-01,0.000267,0,very_low,baseline
CLARK STREET,BROOKLYN,2027-11-01,0.000208,0,very_low,baseline
CLARK STREET,BROOKLYN,2027-12-01,0.000198,0,very_low,baseline
CLARK STREET,BROOKLYN,2028-01-01,0.000247,0,very_low,baseline
CLARK STREET,BROOKLYN,2028-02-01,0.000263,0,very_low,baseline
CLARK STREET,BROOKLYN,2028-03-01,0.000263,0,very_low,baseline
CLARK STREET,BROOKLYN,2028-04-01,0.000267,0,very_low,baseline
CLARK STREET,BROOKLYN,2028-05-01,0.000274,0,very_low,baseline
CLARK STREET,BROOKLYN,2028-06-01,0.000285,0,very_low,baseline
CLARK STREET,BROOKLYN,2028-07-01,0.000294,0,very_low,baseline
CLARK STREET,BROOKLYN,2028-08-01,0.000301,0,very_low,baseline
CLARK STREET,BROOKLYN,2028-09-01,0.000308,0,very_low,baseline
CLARK STREET,BROOKLYN,2028-10-01,0.000267,0,very_low,baseline
CLARK STREET,BROOKLYN,2028-11-01,0.000208,0,very_low,baseline
CLARK STREET,BROOKLYN,2028-12-01,0.000198,0,very_low,baseline
CLARK STREET,BROOKLYN,2029-01-01,0.000247,0,very_low,baseline
CLARK STREET,BROOKLYN,2029-02-01,0.000263,0,very_low,baseline
CLARK STREET,BROOKLYN,2029-03-01,0.000263,0,very_low,baseline
CLARK STREET,BROOKLYN,2029-04-01,0.000267,0,very_low,baseline
CLARK STREET,BROOKLYN,2029-05-01,0.000274,0,very_low,baseline
CLARK STREET,BROOKLYN,2029-06-01,0.000285,0,very_low,baseline
CLARK STREET,BROOKLYN,2029-07-01,0.000294,0,very_low,baseline
CLARK STREET,BROOKLYN,2029-08-01,0.000301,0,very_low,baseline
CLARK STREET,BROOKLYN,2029-09-01,0.000308,0,very_low,baseline
CLARK STREET,BROOKLYN,2029-10-01,0.000267,0,very_low,baseline
CLARK STREET,BROOKLYN,2029-11-01,0.000208,0,very_low,baseline
CLARK STREET,BROOKLYN,2029-12-01,0.000198,0,very_low,baseline
CLASSON AVENUE,BROOKLYN,2027-01-01,0.000234,0,very_low,baseline
CLASSON AVENUE,BROOKLYN,2027-02-01,0.000309,0,very_low,baseline
CLASSON AVENUE,BROOKLYN,2027-03-01,0.000294,0,very_low,baseline
CLASSON AVENUE,BROOKLYN,2027-04-01,0.000313,0,very_low,baseline
CLASSON AVENUE,BROOKLYN,2027-05-01,0.000263,0,very_low,baseline
CLASSON AVENUE,BROOKLYN,2027-06-01,0.000274,0,very_low,baseline
CLASSON AVENUE,BROOKLYN,2027-07-01,0.000257,0,very_low,baseline
CLASSON AVENUE,BROOKLYN,2027-08-01,0.000284,0,very_low,baseline
CLASSON AVENUE,BROOKLYN,2027-09-01,0.000292,0,very_low,baseline
CLASSON AVENUE,BROOKLYN,2027-10-01,0.000252,0,very_low,baseline
CLASSON AVENUE,BROOKLYN,2027-11-01,0.000223,0,very_low,baseline
CLASSON AVENUE,BROOKLYN,2027-12-01,0.000214,0,very_low,baseline
CLASSON AVENUE,BROOKLYN,2028-01-01,0.00025,0,very_low,baseline
CLASSON AVENUE,BROOKLYN,2028-02-01,0.00026,0,very_low,baseline
CLASSON AVENUE,BROOKLYN,2028-03-01,0.000271,0,very_low,baseline
CLASSON AVENUE,BROOKLYN,2028-04-01,0.000265,0,very_low,baseline
CLASSON AVENUE,BROOKLYN,2028-05-01,0.000272,0,very_low,baseline
CLASSON AVENUE,BROOKLYN,2028-06-01,0.000274,0,very_low,baseline
CLASSON AVENUE,BROOKLYN,2028-07-01,0.000257,0,very_low,baseline
CLASSON AVENUE,BROOKLYN,2028-08-01,0.000284,0,very_low,baseline
CLASSON AVENUE,BROOKLYN,2028-09-01,0.000292,0,very_low,baseline
CLASSON AVENUE,BROOKLYN,2028-10-01,0.000252,0,very_low,baseline
CLASSON AVENUE,BROOKLYN,2028-11-01,0.000223,0,very_low,baseline
CLASSON AVENUE,BROOKLYN,2028-12-01,0.000214,0,very_low,baseline
CLASSON AVENUE,BROOKLYN,2029-01-01,0.00025,0,very_low,baseline
CLASSON AVENUE,BROOKLYN,2029-02-01,0.00026,0,very_low,baseline
CLASSON AVENUE,BROOKLYN,2029-03-01,0.000271,0,very_low,baseline
CLASSON AVENUE,BROOKLYN,2029-04-01,0.000265,0,very_low,baseline
CLASSON AVENUE,BROOKLYN,2029-05-01,0.000272,0,very_low,baseline
CLASSON AVENUE,BROOKLYN,2029-06-01,0.000274,0,very_low,baseline
CLASSON AVENUE,BROOKLYN,2029-07-01,0.000257,0,very_low,baseline
CLASSON AVENUE,BROOKLYN,2029-08-01,0.000284,0,very_low,baseline
CLASSON AVENUE,BROOKLYN,2029-09-01,0.000292,0,very_low,baseline
CLASSON AVENUE,BROOKLYN,2029-10-01,0.000252,0,very_low,baseline
CLASSON AVENUE,BROOKLYN,2029-11-01,0.000223,0,very_low,baseline
CLASSON AVENUE,BROOKLYN,2029-12-01,0.000214,0,very_low,baseline
CLEVELAND STREET,BROOKLYN,2027-01-01,0.000257,0,very_low,baseline
CLEVELAND STREET,BROOKLYN,2027-02-01,0.000191,0,very_low,baseline
CLEVELAND STREET,BROOKLYN,2027-03-01,0.000332,0,very_low,baseline
CLEVELAND STREET,BROOKLYN,2027-04-01,0.000264,0,very_low,baseline
CLEVELAND STREET,BROOKLYN,2027-05-01,0.000323,0,very_low,baseline
CLEVELAND STREET,BROOKLYN,2027-06-01,0.000292,0,very_low,baseline
CLEVELAND STREET,BROOKLYN,2027-07-01,0.000301,0,very_low,baseline
CLEVELAND STREET,BROOKLYN,2027-08-01,0.000308,0,very_low,baseline
CLEVELAND STREET,BROOKLYN,2027-09-01,0.000315,0,very_low,baseline
CLEVELAND STREET,BROOKLYN,2027-10-01,0.000273,0,very_low,baseline
CLEVELAND STREET,BROOKLYN,2027-11-01,0.000213,0,very_low,baseline
CLEVELAND STREET,BROOKLYN,2027-12-01,0.000202,0,very_low,baseline
CLEVELAND STREET,BROOKLYN,2028-01-01,0.000264,0,very_low,baseline
CLEVELAND STREET,BROOKLYN,2028-02-01,0.000288,0,very_low,baseline
CLEVELAND STREET,BROOKLYN,2028-03-01,0.000269,0,very_low,baseline
CLEVELAND STREET,BROOKLYN,2028-04-01,0.000273,0,very_low,baseline
CLEVELAND STREET,BROOKLYN,2028-05-01,0.000281,0,very_low,baseline
CLEVELAND STREET,BROOKLYN,2028-06-01,0.000292,0,very_low,baseline
CLEVELAND STREET,BROOKLYN,2028-07-01,0.000301,0,very_low,baseline
CLEVELAND STREET,BROOKLYN,2028-08-01,0.000308,0,very_low,baseline
CLEVELAND STREET,BROOKLYN,2028-09-01,0.000315,0,very_low,baseline
CLEVELAND STREET,BROOKLYN,2028-10-01,0.000273,0,very_low,baseline
CLEVELAND STREET,BROOKLYN,2028-11-01,0.000213,0,very_low,baseline
CLEVELAND STREET,BROOKLYN,2028-12-01,0.000202,0,very_low,baseline
CLEVELAND STREET,BROOKLYN,2029-01-01,0.000264,0,very_low,baseline
CLEVELAND STREET,BROOKLYN,2029-02-01,0.000288,0,very_low,baseline
CLEVELAND STREET,BROOKLYN,2029-03-01,0.000269,0,very_low,baseline
CLEVELAND STREET,BROOKLYN,2029-04-01,0.000273,0,very_low,baseline
CLEVELAND STREET,BROOKLYN,2029-05-01,0.000281,0,very_low,baseline
CLEVELAND STREET,BROOKLYN,2029-06-01,0.000292,0,very_low,baseline
CLEVELAND STREET,BROOKLYN,2029-07-01,0.000301,0,very_low,baseline
CLEVELAND STREET,BROOKLYN,2029-08-01,0.000308,0,very_low,baseline
CLEVELAND STREET,BROOKLYN,2029-09-01,0.000315,0,very_low,baseline
CLEVELAND STREET,BROOKLYN,2029-10-01,0.000273,0,very_low,baseline
CLEVELAND STREET,BROOKLYN,2029-11-01,0.000213,0,very_low,baseline
CLEVELAND STREET,BROOKLYN,2029-12-01,0.000202,0,very_low,baseline
CLINTON-WASHINGTON AVENUES,BROOKLYN,2027-01-01,0.000269,0,very_low,baseline
CLINTON-WASHINGTON AVENUES,BROOKLYN,2027-02-01,0.000244,0,very_low,baseline
CLINTON-WASHINGTON AVENUES,BROOKLYN,2027-03-01,0.000313,0,very_low,baseline
CLINTON-WASHINGTON AVENUES,BROOKLYN,2027-04-01,0.000318,0,very_low,baseline
CLINTON-WASHINGTON AVENUES,BROOKLYN,2027-05-01,0.000354,0,very_low,baseline
CLINTON-WASHINGTON AVENUES,BROOKLYN,2027-06-01,0.000301,0,very_low,baseline
CLINTON-WASHINGTON AVENUES,BROOKLYN,2027-07-01,0.000293,0,very_low,baseline
CLINTON-WASHINGTON AVENUES,BROOKLYN,2027-08-01,0.000314,0,very_low,baseline
CLINTON-WASHINGTON AVENUES,BROOKLYN,2027-09-01,0.000321,0,very_low,baseline
CLINTON-WASHINGTON AVENUES,BROOKLYN,2027-10-01,0.000277,0,very_low,baseline
CLINTON-WASHINGTON AVENUES,BROOKLYN,2027-11-01,0.000254,0,very_low,baseline
CLINTON-WASHINGTON AVENUES,BROOKLYN,2027-12-01,0.000251,0,very_low,baseline
CLINTON-WASHINGTON AVENUES,BROOKLYN,2028-01-01,0.000292,0,very_low,baseline
CLINTON-WASHINGTON AVENUES,BROOKLYN,2028-02-01,0.000309,0,very_low,baseline
CLINTON-WASHINGTON AVENUES,BROOKLYN,2028-03-01,0.000298,0,very_low,baseline
CLINTON-WASHINGTON AVENUES,BROOKLYN,2028-04-01,0.000291,0,very_low,baseline
CLINTON-WASHINGTON AVENUES,BROOKLYN,2028-05-01,0.000299,0,very_low,baseline
CLINTON-WASHINGTON AVENUES,BROOKLYN,2028-06-01,0.000301,0,very_low,baseline
CLINTON-WASHINGTON AVENUES,BROOKLYN,2028-07-01,0.000293,0,very_low,baseline
CLINTON-WASHINGTON AVENUES,BROOKLYN,2028-08-01,0.000314,0,very_low,baseline
CLINTON-WASHINGTON AVENUES,BROOKLYN,2028-09-01,0.000321,0,very_low,baseline
CLINTON-WASHINGTON AVENUES,BROOKLYN,2028-10-01,0.000277,0,very_low,baseline
CLINTON-WASHINGTON AVENUES,BROOKLYN,2028-11-01,0.000254,0,very_low,baseline
CLINTON-WASHINGTON AVENUES,BROOKLYN,2028-12-01,0.000251,0,very_low,baseline
CLINTON-WASHINGTON AVENUES,BROOKLYN,2029-01-01,0.000292,0,very_low,baseline
CLINTON-WASHINGTON AVENUES,BROOKLYN,2029-02-01,0.000309,0,very_low,baseline
CLINTON-WASHINGTON AVENUES,BROOKLYN,2029-03-01,0.000298,0,very_low,baseline
CLINTON-WASHINGTON AVENUES,BROOKLYN,2029-04-01,0.000291,0,very_low,baseline
CLINTON-WASHINGTON AVENUES,BROOKLYN,2029-05-01,0.000299,0,very_low,baseline
CLINTON-WASHINGTON AVENUES,BROOKLYN,2029-06-01,0.000301,0,very_low,baseline
CLINTON-WASHINGTON AVENUES,BROOKLYN,2029-07-01,0.000293,0,very_low,baseline
CLINTON-WASHINGTON AVENUES,BROOKLYN,2029-08-01,0.000314,0,very_low,baseline
CLINTON-WASHINGTON AVENUES,BROOKLYN,2029-09-01,0.000321,0,very_low,baseline
CLINTON-WASHINGTON AVENUES,BROOKLYN,2029-10-01,0.000277,0,very_low,baseline
CLINTON-WASHINGTON AVENUES,BROOKLYN,2029-11-01,0.000254,0,very_low,baseline
CLINTON-WASHINGTON AVENUES,BROOKLYN,2029-12-01,0.000251,0,very_low,baseline
CORTELYOU ROAD,BROOKLYN,2027-01-01,0.000182,0,very_low,baseline
CORTELYOU ROAD,BROOKLYN,2027-02-01,0.000163,0,very_low,baseline
CORTELYOU ROAD,BROOKLYN,2027-03-01,0.000158,0,very_low,baseline
CORTELYOU ROAD,BROOKLYN,2027-04-01,0.000161,0,very_low,baseline
CORTELYOU ROAD,BROOKLYN,2027-05-01,0.000145,0,very_low,baseline
CORTELYOU ROAD,BROOKLYN,2027-06-01,0.000159,0,very_low,baseline
CORTELYOU ROAD,BROOKLYN,2027-07-01,0.000152,0,very_low,baseline
CORTELYOU ROAD,BROOKLYN,2027-08-01,0.000155,0,very_low,baseline
CORTELYOU ROAD,BROOKLYN,2027-09-01,0.000161,0,very_low,baseline
CORTELYOU ROAD,BROOKLYN,2027-10-01,0.000137,0,very_low,baseline
CORTELYOU ROAD,BROOKLYN,2027-11-01,0.000126,0,very_low,baseline
CORTELYOU ROAD,BROOKLYN,2027-12-01,0.00012,0,very_low,baseline
CORTELYOU ROAD,BROOKLYN,2028-01-01,0.000144,0,very_low,baseline
CORTELYOU ROAD,BROOKLYN,2028-02-01,0.000154,0,very_low,baseline
CORTELYOU ROAD,BROOKLYN,2028-03-01,0.000153,0,very_low,baseline
CORTELYOU ROAD,BROOKLYN,2028-04-01,0.000158,0,very_low,baseline
CORTELYOU ROAD,BROOKLYN,2028-05-01,0.000163,0,very_low,baseline
CORTELYOU ROAD,BROOKLYN,2028-06-01,0.000159,0,very_low,baseline
CORTELYOU ROAD,BROOKLYN,2028-07-01,0.000152,0,very_low,baseline
CORTELYOU ROAD,BROOKLYN,2028-08-01,0.000155,0,very_low,baseline
CORTELYOU ROAD,BROOKLYN,2028-09-01,0.000161,0,very_low,baseline
CORTELYOU ROAD,BROOKLYN,2028-10-01,0.000137,0,very_low,baseline
CORTELYOU ROAD,BROOKLYN,2028-11-01,0.000126,0,very_low,baseline
CORTELYOU ROAD,BROOKLYN,2028-12-01,0.00012,0,very_low,baseline
CORTELYOU ROAD,BROOKLYN,2029-01-01,0.000144,0,very_low,baseline
CORTELYOU ROAD,BROOKLYN,2029-02-01,0.000154,0,very_low,baseline
CORTELYOU ROAD,BROOKLYN,2029-03-01,0.000153,0,very_low,baseline
CORTELYOU ROAD,BROOKLYN,2029-04-01,0.000158,0,very_low,baseline
CORTELYOU ROAD,BROOKLYN,2029-05-01,0.000163,0,very_low,baseline
CORTELYOU ROAD,BROOKLYN,2029-06-01,0.000159,0,very_low,baseline
CORTELYOU ROAD,BROOKLYN,2029-07-01,0.000152,0,very_low,baseline
CORTELYOU ROAD,BROOKLYN,2029-08-01,0.000155,0,very_low,baseline
CORTELYOU ROAD,BROOKLYN,2029-09-01,0.000161,0,very_low,baseline
CORTELYOU ROAD,BROOKLYN,2029-10-01,0.000137,0,very_low,baseline
CORTELYOU ROAD,BROOKLYN,2029-11-01,0.000126,0,very_low,baseline
CORTELYOU ROAD,BROOKLYN,2029-12-01,0.00012,0,very_low,baseline
CORTLANDT STREET,MANHATTAN,2027-01-01,0.000301,0,very_low,baseline
CORTLANDT STREET,MANHATTAN,2027-02-01,0.000294,0,very_low,baseline
CORTLANDT STREET,MANHATTAN,2027-03-01,0.000277,0,very_low,baseline
CORTLANDT STREET,MANHATTAN,2027-04-01,0.000389,0,very_low,baseline
CORTLANDT STREET,MANHATTAN,2027-05-01,0.000303,0,very_low,baseline
CORTLANDT STREET,MANHATTAN,2027-06-01,0.000294,0,very_low,baseline
CORTLANDT STREET,MANHATTAN,2027-07-01,0.000286,0,very_low,baseline
CORTLANDT STREET,MANHATTAN,2027-08-01,0.000316,0,very_low,baseline
CORTLANDT STREET,MANHATTAN,2027-09-01,0.000323,0,very_low,baseline
CORTLANDT STREET,MANHATTAN,2027-10-01,0.000281,0,very_low,baseline
CORTLANDT STREET,MANHATTAN,2027-11-01,0.000249,0,very_low,baseline
CORTLANDT STREET,MANHATTAN,2027-12-01,0.000239,0,very_low,baseline
CORTLANDT STREET,MANHATTAN,2028-01-01,0.000285,0,very_low,baseline
CORTLANDT STREET,MANHATTAN,2028-02-01,0.000302,0,very_low,baseline
CORTLANDT STREET,MANHATTAN,2028-03-01,0.000291,0,very_low,baseline
CORTLANDT STREET,MANHATTAN,2028-04-01,0.000284,0,very_low,baseline
CORTLANDT STREET,MANHATTAN,2028-05-01,0.000291,0,very_low,baseline
CORTLANDT STREET,MANHATTAN,2028-06-01,0.000294,0,very_low,baseline
CORTLANDT STREET,MANHATTAN,2028-07-01,0.000286,0,very_low,baseline
CORTLANDT STREET,MANHATTAN,2028-08-01,0.000316,0,very_low,baseline
CORTLANDT STREET,MANHATTAN,2028-09-01,0.000323,0,very_low,baseline
CORTLANDT STREET,MANHATTAN,2028-10-01,0.000281,0,very_low,baseline
CORTLANDT STREET,MANHATTAN,2028-11-01,0.000249,0,very_low,baseline
CORTLANDT STREET,MANHATTAN,2028-12-01,0.000239,0,very_low,baseline
CORTLANDT STREET,MANHATTAN,2029-01-01,0.000285,0,very_low,baseline
CORTLANDT STREET,MANHATTAN,2029-02-01,0.000302,0,very_low,baseline
CORTLANDT STREET,MANHATTAN,2029-03-01,0.000291,0,very_low,baseline
CORTLANDT STREET,MANHATTAN,2029-04-01,0.000284,0,very_low,baseline
CORTLANDT STREET,MANHATTAN,2029-05-01,0.000291,0,very_low,baseline
CORTLANDT STREET,MANHATTAN,2029-06-01,0.000294,0,very_low,baseline
CORTLANDT STREET,MANHATTAN,2029-07-01,0.000286,0,very_low,baseline
CORTLANDT STREET,MANHATTAN,2029-08-01,0.000316,0,very_low,baseline
CORTLANDT STREET,MANHATTAN,2029-09-01,0.000323,0,very_low,baseline
CORTLANDT STREET,MANHATTAN,2029-10-01,0.000281,0,very_low,baseline
CORTLANDT STREET,MANHATTAN,2029-11-01,0.000249,0,very_low,baseline
CORTLANDT STREET,MANHATTAN,2029-12-01,0.000239,0,very_low,baseline
COURT SQUARE,QUEENS,2027-01-01,0.000271,0,very_low,baseline
COURT SQUARE,QUEENS,2027-02-01,0.000385,0,very_low,baseline
COURT SQUARE,QUEENS,2027-03-01,0.00036,0,very_low,baseline
COURT SQUARE,QUEENS,2027-04-01,0.000366,0,very_low,baseline
COURT SQUARE,QUEENS,2027-05-01,0.000367,0,very_low,baseline
COURT SQUARE,QUEENS,2027-06-01,0.000422,0,very_low,baseline
COURT SQUARE,QUEENS,2027-07-01,0.000411,0,very_low,baseline
COURT SQUARE,QUEENS,2027-08-01,0.000442,0,very_low,baseline
COURT SQUARE,QUEENS,2027-09-01,0.000442,0,very_low,baseline
COURT SQUARE,QUEENS,2027-10-01,0.000373,0,very_low,baseline
COURT SQUARE,QUEENS,2027-11-01,0.000319,0,very_low,baseline
COURT SQUARE,QUEENS,2027-12-01,0.000311,0,very_low,baseline
COURT SQUARE,QUEENS,2028-01-01,0.000411,0,very_low,baseline
COURT SQUARE,QUEENS,2028-02-01,0.000447,0,very_low,baseline
COURT SQUARE,QUEENS,2028-03-01,0.000418,0,very_low,baseline
COURT SQUARE,QUEENS,2028-04-01,0.000407,0,very_low,baseline
COURT SQUARE,QUEENS,2028-05-01,0.000418,0,very_low,baseline
COURT SQUARE,QUEENS,2028-06-01,0.000422,0,very_low,baseline
COURT SQUARE,QUEENS,2028-07-01,0.000411,0,very_low,baseline
COURT SQUARE,QUEENS,2028-08-01,0.000442,0,very_low,baseline
COURT SQUARE,QUEENS,2028-09-01,0.000442,0,very_low,baseline
COURT SQUARE,QUEENS,2028-10-01,0.000373,0,very_low,baseline
COURT SQUARE,QUEENS,2028-11-01,0.000319,0,very_low,baseline
COURT SQUARE,QUEENS,2028-12-01,0.000311,0,very_low,baseline
COURT SQUARE,QUEENS,2029-01-01,0.000411,0,very_low,baseline
COURT SQUARE,QUEENS,2029-02-01,0.000447,0,very_low,baseline
COURT SQUARE,QUEENS,2029-03-01,0.000418,0,very_low,baseline
COURT SQUARE,QUEENS,2029-04-01,0.000407,0,very_low,baseline
COURT SQUARE,QUEENS,2029-05-01,0.000418,0,very_low,baseline
COURT SQUARE,QUEENS,2029-06-01,0.000422,0,very_low,baseline
COURT SQUARE,QUEENS,2029-07-01,0.000411,0,very_low,baseline
COURT SQUARE,QUEENS,2029-08-01,0.000442,0,very_low,baseline
COURT SQUARE,QUEENS,2029-09-01,0.000442,0,very_low,baseline
COURT SQUARE,QUEENS,2029-10-01,0.000373,0,very_low,baseline
COURT SQUARE,QUEENS,2029-11-01,0.000319,0,very_low,baseline
COURT SQUARE,QUEENS,2029-12-01,0.000311,0,very_low,baseline
COURT STREET,BROOKLYN,2027-01-01,0.000171,0,very_low,baseline
COURT STREET,BROOKLYN,2027-02-01,0.000149,0,very_low,baseline
COURT STREET,BROOKLYN,2027-03-01,0.000164,0,very_low,baseline
COURT STREET,BROOKLYN,2027-04-01,0.000162,0,very_low,baseline
COURT STREET,BROOKLYN,2027-05-01,0.000155,0,very_low,baseline
COURT STREET,BROOKLYN,2027-06-01,0.000163,0,very_low,baseline
COURT STREET,BROOKLYN,2027-07-01,0.000167,0,very_low,baseline
COURT STREET,BROOKLYN,2027-08-01,0.000171,0,very_low,baseline
COURT STREET,BROOKLYN,2027-09-01,0.000179,0,very_low,baseline
COURT STREET,BROOKLYN,2027-10-01,0.000157,0,very_low,baseline
COURT STREET,BROOKLYN,2027-11-01,0.000145,0,very_low,baseline
COURT STREET,BROOKLYN,2027-12-01,0.000138,0,very_low,baseline
COURT STREET,BROOKLYN,2028-01-01,0.000159,0,very_low,baseline
COURT STREET,BROOKLYN,2028-02-01,0.000166,0,very_low,baseline
COURT STREET,BROOKLYN,2028-03-01,0.000164,0,very_low,baseline
COURT STREET,BROOKLYN,2028-04-01,0.000162,0,very_low,baseline
COURT STREET,BROOKLYN,2028-05-01,0.000167,0,very_low,baseline
COURT STREET,BROOKLYN,2028-06-01,0.000163,0,very_low,baseline
COURT STREET,BROOKLYN,2028-07-01,0.000167,0,very_low,baseline
COURT STREET,BROOKLYN,2028-08-01,0.000171,0,very_low,baseline
COURT STREET,BROOKLYN,2028-09-01,0.000179,0,very_low,baseline
COURT STREET,BROOKLYN,2028-10-01,0.000157,0,very_low,baseline
COURT STREET,BROOKLYN,2028-11-01,0.000145,0,very_low,baseline
COURT STREET,BROOKLYN,2028-12-01,0.000138,0,very_low,baseline
COURT STREET,BROOKLYN,2029-01-01,0.000159,0,very_low,baseline
COURT STREET,BROOKLYN,2029-02-01,0.000166,0,very_low,baseline
COURT STREET,BROOKLYN,2029-03-01,0.000164,0,very_low,baseline
COURT STREET,BROOKLYN,2029-04-01,0.000162,0,very_low,baseline
COURT STREET,BROOKLYN,2029-05-01,0.000167,0,very_low,baseline
COURT STREET,BROOKLYN,2029-06-01,0.000163,0,very_low,baseline
COURT STREET,BROOKLYN,2029-07-01,0.000167,0,very_low,baseline
COURT STREET,BROOKLYN,2029-08-01,0.000171,0,very_low,baseline
COURT STREET,BROOKLYN,2029-09-01,0.000179,0,very_low,baseline
COURT STREET,BROOKLYN,2029-10-01,0.000157,0,very_low,baseline
COURT STREET,BROOKLYN,2029-11-01,0.000145,0,very_low,baseline
COURT STREET,BROOKLYN,2029-12-01,0.000138,0,very_low,baseline
CRESCENT STREET,BROOKLYN,2027-01-01,0.000232,0,very_low,baseline
CRESCENT STREET,BROOKLYN,2027-02-01,0.000132,0,very_low,baseline
CRESCENT STREET,BROOKLYN,2027-03-01,0.000158,0,very_low,baseline
CRESCENT STREET,BROOKLYN,2027-04-01,0.000125,0,very_low,baseline
CRESCENT STREET,BROOKLYN,2027-05-01,0.000148,0,very_low,baseline
CRESCENT STREET,BROOKLYN,2027-06-01,0.00016,0,very_low,baseline
CRESCENT STREET,BROOKLYN,2027-07-01,0.000166,0,very_low,baseline
CRESCENT STREET,BROOKLYN,2027-08-01,0.000164,0,very_low,baseline
CRESCENT STREET,BROOKLYN,2027-09-01,0.000172,0,very_low,baseline
CRESCENT STREET,BROOKLYN,2027-10-01,0.000151,0,very_low,baseline
CRESCENT STREET,BROOKLYN,2027-11-01,0.000144,0,very_low,baseline
CRESCENT STREET,BROOKLYN,2027-12-01,0.000137,0,very_low,baseline
CRESCENT STREET,BROOKLYN,2028-01-01,0.000154,0,very_low,baseline
CRESCENT STREET,BROOKLYN,2028-02-01,0.00016,0,very_low,baseline
CRESCENT STREET,BROOKLYN,2028-03-01,0.000157,0,very_low,baseline
CRESCENT STREET,BROOKLYN,2028-04-01,0.000155,0,very_low,baseline
CRESCENT STREET,BROOKLYN,2028-05-01,0.000159,0,very_low,baseline
CRESCENT STREET,BROOKLYN,2028-06-01,0.00016,0,very_low,baseline
CRESCENT STREET,BROOKLYN,2028-07-01,0.000166,0,very_low,baseline
CRESCENT STREET,BROOKLYN,2028-08-01,0.000164,0,very_low,baseline
CRESCENT STREET,BROOKLYN,2028-09-01,0.000172,0,very_low,baseline
CRESCENT STREET,BROOKLYN,2028-10-01,0.000151,0,very_low,baseline
CRESCENT STREET,BROOKLYN,2028-11-01,0.000144,0,very_low,baseline
CRESCENT STREET,BROOKLYN,2028-12-01,0.000137,0,very_low,baseline
CRESCENT STREET,BROOKLYN,2029-01-01,0.000154,0,very_low,baseline
CRESCENT STREET,BROOKLYN,2029-02-01,0.00016,0,very_low,baseline
CRESCENT STREET,BROOKLYN,2029-03-01,0.000157,0,very_low,baseline
CRESCENT STREET,BROOKLYN,2029-04-01,0.000155,0,very_low,baseline
CRESCENT STREET,BROOKLYN,2029-05-01,0.000159,0,very_low,baseline
CRESCENT STREET,BROOKLYN,2029-06-01,0.00016,0,very_low,baseline
CRESCENT STREET,BROOKLYN,2029-07-01,0.000166,0,very_low,baseline
CRESCENT STREET,BROOKLYN,2029-08-01,0.000164,0,very_low,baseline
CRESCENT STREET,BROOKLYN,2029-09-01,0.000172,0,very_low,baseline
CRESCENT STREET,BROOKLYN,2029-10-01,0.000151,0,very_low,baseline
CRESCENT STREET,BROOKLYN,2029-11-01,0.000144,0,very_low,baseline
CRESCENT STREET,BROOKLYN,2029-12-01,0.000137,0,very_low,baseline
CYPRESS AVENUE,BRONX,2027-01-01,0.000289,0,very_low,baseline
CYPRESS AVENUE,BRONX,2027-02-01,0.000487,0,very_low,baseline
CYPRESS AVENUE,BRONX,2027-03-01,0.00061,0,very_low,baseline
CYPRESS AVENUE,BRONX,2027-04-01,0.000637,0,very_low,baseline
CYPRESS AVENUE,BRONX,2027-05-01,0.000594,0,very_low,baseline
CYPRESS AVENUE,BRONX,2027-06-01,0.000486,0,very_low,baseline
CYPRESS AVENUE,BRONX,2027-07-01,0.00047,0,very_low,baseline
CYPRESS AVENUE,BRONX,2027-08-01,0.000518,0,very_low,baseline
CYPRESS AVENUE,BRONX,2027-09-01,0.000552,0,very_low,baseline
CYPRESS AVENUE,BRONX,2027-10-01,0.000479,0,very_low,baseline
CYPRESS AVENUE,BRONX,2027-11-01,0.000427,0,very_low,baseline
CYPRESS AVENUE,BRONX,2027-12-01,0.000436,0,very_low,baseline
CYPRESS AVENUE,BRONX,2028-01-01,0.000435,0,very_low,baseline
CYPRESS AVENUE,BRONX,2028-02-01,0.000425,0,very_low,baseline
CYPRESS AVENUE,BRONX,2028-03-01,0.000461,0,very_low,baseline
CYPRESS AVENUE,BRONX,2028-04-01,0.000461,0,very_low,baseline
CYPRESS AVENUE,BRONX,2028-05-01,0.000485,0,very_low,baseline
CYPRESS AVENUE,BRONX,2028-06-01,0.000486,0,very_low,baseline
CYPRESS AVENUE,BRONX,2028-07-01,0.00047,0,very_low,baseline
CYPRESS AVENUE,BRONX,2028-08-01,0.000518,0,very_low,baseline
CYPRESS AVENUE,BRONX,2028-09-01,0.000552,0,very_low,baseline
CYPRESS AVENUE,BRONX,2028-10-01,0.000479,0,very_low,baseline
CYPRESS AVENUE,BRONX,2028-11-01,0.000427,0,very_low,baseline
CYPRESS AVENUE,BRONX,2028-12-01,0.000436,0,very_low,baseline
CYPRESS AVENUE,BRONX,2029-01-01,0.000435,0,very_low,baseline
CYPRESS AVENUE,BRONX,2029-02-01,0.000425,0,very_low,baseline
CYPRESS AVENUE,BRONX,2029-03-01,0.000461,0,very_low,baseline
CYPRESS AVENUE,BRONX,2029-04-01,0.000461,0,very_low,baseline
CYPRESS AVENUE,BRONX,2029-05-01,0.000485,0,very_low,baseline
CYPRESS AVENUE,BRONX,2029-06-01,0.000486,0,very_low,baseline
CYPRESS AVENUE,BRONX,2029-07-01,0.00047,0,very_low,baseline
CYPRESS AVENUE,BRONX,2029-08-01,0.000518,0,very_low,baseline
CYPRESS AVENUE,BRONX,2029-09-01,0.000552,0,very_low,baseline
CYPRESS AVENUE,BRONX,2029-10-01,0.000479,0,very_low,baseline
CYPRESS AVENUE,BRONX,2029-11-01,0.000427,0,very_low,baseline
CYPRESS AVENUE,BRONX,2029-12-01,0.000436,0,very_low,baseline
CYPRESS HILLS,BROOKLYN,2027-01-01,0.00014,0,very_low,baseline
CYPRESS HILLS,BROOKLYN,2027-02-01,0.00015,0,very_low,baseline
CYPRESS HILLS,BROOKLYN,2027-03-01,0.000156,0,very_low,baseline
CYPRESS HILLS,BROOKLYN,2027-04-01,0.000158,0,very_low,baseline
CYPRESS HILLS,BROOKLYN,2027-05-01,0.000163,0,very_low,baseline
CYPRESS HILLS,BROOKLYN,2027-06-01,0.000159,0,very_low,baseline
CYPRESS HILLS,BROOKLYN,2027-07-01,0.000152,0,very_low,baseline
CYPRESS HILLS,BROOKLYN,2027-08-01,0.000155,0,very_low,baseline
CYPRESS HILLS,BROOKLYN,2027-09-01,0.000161,0,very_low,baseline
CYPRESS HILLS,BROOKLYN,2027-10-01,0.000137,0,very_low,baseline
CYPRESS HILLS,BROOKLYN,2027-11-01,0.000126,0,very_low,baseline
CYPRESS HILLS,BROOKLYN,2027-12-01,0.00012,0,very_low,baseline
CYPRESS HILLS,BROOKLYN,2028-01-01,0.000144,0,very_low,baseline
CYPRESS HILLS,BROOKLYN,2028-02-01,0.000154,0,very_low,baseline
CYPRESS HILLS,BROOKLYN,2028-03-01,0.000153,0,very_low,baseline
CYPRESS HILLS,BROOKLYN,2028-04-01,0.000158,0,very_low,baseline
CYPRESS HILLS,BROOKLYN,2028-05-01,0.000163,0,very_low,baseline
CYPRESS HILLS,BROOKLYN,2028-06-01,0.000159,0,very_low,baseline
CYPRESS HILLS,BROOKLYN,2028-07-01,0.000152,0,very_low,baseline
CYPRESS HILLS,BROOKLYN,2028-08-01,0.000155,0,very_low,baseline
CYPRESS HILLS,BROOKLYN,2028-09-01,0.000161,0,very_low,baseline
CYPRESS HILLS,BROOKLYN,2028-10-01,0.000137,0,very_low,baseline
CYPRESS HILLS,BROOKLYN,2028-11-01,0.000126,0,very_low,baseline
CYPRESS HILLS,BROOKLYN,2028-12-01,0.00012,0,very_low,baseline
CYPRESS HILLS,BROOKLYN,2029-01-01,0.000144,0,very_low,baseline
CYPRESS HILLS,BROOKLYN,2029-02-01,0.000154,0,very_low,baseline
CYPRESS HILLS,BROOKLYN,2029-03-01,0.000153,0,very_low,baseline
CYPRESS HILLS,BROOKLYN,2029-04-01,0.000158,0,very_low,baseline
CYPRESS HILLS,BROOKLYN,2029-05-01,0.000163,0,very_low,baseline
CYPRESS HILLS,BROOKLYN,2029-06-01,0.000159,0,very_low,baseline
CYPRESS HILLS,BROOKLYN,2029-07-01,0.000152,0,very_low,baseline
CYPRESS HILLS,BROOKLYN,2029-08-01,0.000155,0,very_low,baseline
CYPRESS HILLS,BROOKLYN,2029-09-01,0.000161,0,very_low,baseline
CYPRESS HILLS,BROOKLYN,2029-10-01,0.000137,0,very_low,baseline
CYPRESS HILLS,BROOKLYN,2029-11-01,0.000126,0,very_low,baseline
CYPRESS HILLS,BROOKLYN,2029-12-01,0.00012,0,very_low,baseline
DEKALB AVENUE,BROOKLYN,2027-01-01,0.765064,1,high,baseline
DEKALB AVENUE,BROOKLYN,2027-02-01,0.822715,1,very_high,baseline
DEKALB AVENUE,BROOKLYN,2027-03-01,0.769802,1,high,baseline
DEKALB AVENUE,BROOKLYN,2027-04-01,0.769715,1,high,baseline
DEKALB AVENUE,BROOKLYN,2027-05-01,0.764043,1,high,baseline
DEKALB AVENUE,BROOKLYN,2027-06-01,0.76187,1,high,baseline
DEKALB AVENUE,BROOKLYN,2027-07-01,0.77923,1,high,baseline
DEKALB AVENUE,BROOKLYN,2027-08-01,0.810647,1,very_high,baseline
DEKALB AVENUE,BROOKLYN,2027-09-01,0.815032,1,very_high,baseline
DEKALB AVENUE,BROOKLYN,2027-10-01,0.820301,1,very_high,baseline
DEKALB AVENUE,BROOKLYN,2027-11-01,0.818362,1,very_high,baseline
DEKALB AVENUE,BROOKLYN,2027-12-01,0.810558,1,very_high,baseline
DEKALB AVENUE,BROOKLYN,2028-01-01,0.796475,1,high,baseline
DEKALB AVENUE,BROOKLYN,2028-02-01,0.798131,1,high,baseline
DEKALB AVENUE,BROOKLYN,2028-03-01,0.807285,1,very_high,baseline
DEKALB AVENUE,BROOKLYN,2028-04-01,0.817634,1,very_high,baseline
DEKALB AVENUE,BROOKLYN,2028-05-01,0.820122,1,very_high,baseline
DEKALB AVENUE,BROOKLYN,2028-06-01,0.813336,1,very_high,baseline
DEKALB AVENUE,BROOKLYN,2028-07-01,0.814663,1,very_high,baseline
DEKALB AVENUE,BROOKLYN,2028-08-01,0.820162,1,very_high,baseline
DEKALB AVENUE,BROOKLYN,2028-09-01,0.820979,1,very_high,baseline
DEKALB AVENUE,BROOKLYN,2028-10-01,0.816176,1,very_high,baseline
DEKALB AVENUE,BROOKLYN,2028-11-01,0.814203,1,very_high,baseline
DEKALB AVENUE,BROOKLYN,2028-12-01,0.810558,1,very_high,baseline
DEKALB AVENUE,BROOKLYN,2029-01-01,0.796475,1,high,baseline
DEKALB AVENUE,BROOKLYN,2029-02-01,0.798131,1,high,baseline
DEKALB AVENUE,BROOKLYN,2029-03-01,0.807285,1,very_high,baseline
DEKALB AVENUE,BROOKLYN,2029-04-01,0.817634,1,very_high,baseline
DEKALB AVENUE,BROOKLYN,2029-05-01,0.820122,1,very_high,baseline
DEKALB AVENUE,BROOKLYN,2029-06-01,0.813336,1,very_high,baseline
DEKALB AVENUE,BROOKLYN,2029-07-01,0.814663,1,very_high,baseline
DEKALB AVENUE,BROOKLYN,2029-08-01,0.820162,1,very_high,baseline
DEKALB AVENUE,BROOKLYN,2029-09-01,0.820979,1,very_high,baseline
DEKALB AVENUE,BROOKLYN,2029-10-01,0.816176,1,very_high,baseline
DEKALB AVENUE,BROOKLYN,2029-11-01,0.814203,1,very_high,baseline
DEKALB AVENUE,BROOKLYN,2029-12-01,0.810558,1,very_high,baseline
DELANCEY STREET,MANHATTAN,2027-01-01,0.000413,0,very_low,baseline
DELANCEY STREET,MANHATTAN,2027-02-01,0.000525,0,very_low,baseline
DELANCEY STREET,MANHATTAN,2027-03-01,0.000476,0,very_low,baseline
DELANCEY STREET,MANHATTAN,2027-04-01,0.000537,0,very_low,baseline
DELANCEY STREET,MANHATTAN,2027-05-01,0.000565,0,very_low,baseline
DELANCEY STREET,MANHATTAN,2027-06-01,0.000612,0,very_low,baseline
DELANCEY STREET,MANHATTAN,2027-07-01,0.000587,0,very_low,baseline
DELANCEY STREET,MANHATTAN,2027-08-01,0.000652,0,very_low,baseline
DELANCEY STREET,MANHATTAN,2027-09-01,0.00067,0,very_low,baseline
DELANCEY STREET,MANHATTAN,2027-10-01,0.000555,0,very_low,baseline
DELANCEY STREET,MANHATTAN,2027-11-01,0.00045,0,very_low,baseline
DELANCEY STREET,MANHATTAN,2027-12-01,0.000433,0,very_low,baseline
DELANCEY STREET,MANHATTAN,2028-01-01,0.000567,0,very_low,baseline
DELANCEY STREET,MANHATTAN,2028-02-01,0.000584,0,very_low,baseline
DELANCEY STREET,MANHATTAN,2028-03-01,0.0006,0,very_low,baseline
DELANCEY STREET,MANHATTAN,2028-04-01,0.000592,0,very_low,baseline
DELANCEY STREET,MANHATTAN,2028-05-01,0.00061,0,very_low,baseline
DELANCEY STREET,MANHATTAN,2028-06-01,0.000612,0,very_low,baseline
DELANCEY STREET,MANHATTAN,2028-07-01,0.000587,0,very_low,baseline
DELANCEY STREET,MANHATTAN,2028-08-01,0.000652,0,very_low,baseline
DELANCEY STREET,MANHATTAN,2028-09-01,0.00067,0,very_low,baseline
DELANCEY STREET,MANHATTAN,2028-10-01,0.000555,0,very_low,baseline
DELANCEY STREET,MANHATTAN,2028-11-01,0.00045,0,very_low,baseline
DELANCEY STREET,MANHATTAN,2028-12-01,0.000433,0,very_low,baseline
DELANCEY STREET,MANHATTAN,2029-01-01,0.000567,0,very_low,baseline
DELANCEY STREET,MANHATTAN,2029-02-01,0.000584,0,very_low,baseline
DELANCEY STREET,MANHATTAN,2029-03-01,0.0006,0,very_low,baseline
DELANCEY STREET,MANHATTAN,2029-04-01,0.000592,0,very_low,baseline
DELANCEY STREET,MANHATTAN,2029-05-01,0.00061,0,very_low,baseline
DELANCEY STREET,MANHATTAN,2029-06-01,0.000612,0,very_low,baseline
DELANCEY STREET,MANHATTAN,2029-07-01,0.000587,0,very_low,baseline
DELANCEY STREET,MANHATTAN,2029-08-01,0.000652,0,very_low,baseline
DELANCEY STREET,MANHATTAN,2029-09-01,0.00067,0,very_low,baseline
DELANCEY STREET,MANHATTAN,2029-10-01,0.000555,0,very_low,baseline
DELANCEY STREET,MANHATTAN,2029-11-01,0.00045,0,very_low,baseline
DELANCEY STREET,MANHATTAN,2029-12-01,0.000433,0,very_low,baseline
DISTRICT 1 OFFICE,MANHATTAN,2027-01-01,0.000264,0,very_low,baseline
DISTRICT 1 OFFICE,MANHATTAN,2027-02-01,0.000171,0,very_low,baseline
DISTRICT 1 OFFICE,MANHATTAN,2027-03-01,0.000138,0,very_low,baseline
DISTRICT 1 OFFICE,MANHATTAN,2027-04-01,0.000134,0,very_low,baseline
DISTRICT 1 OFFICE,MANHATTAN,2027-05-01,0.000142,0,very_low,baseline
DISTRICT 1 OFFICE,MANHATTAN,2027-06-01,0.000154,0,very_low,baseline
DISTRICT 1 OFFICE,MANHATTAN,2027-07-01,0.000147,0,very_low,baseline
DISTRICT 1 OFFICE,MANHATTAN,2027-08-01,0.00015,0,very_low,baseline
DISTRICT 1 OFFICE,MANHATTAN,2027-09-01,0.000155,0,very_low,baseline
DISTRICT 1 OFFICE,MANHATTAN,2027-10-01,0.000133,0,very_low,baseline
DISTRICT 1 OFFICE,MANHATTAN,2027-11-01,0.000122,0,very_low,baseline
DISTRICT 1 OFFICE,MANHATTAN,2027-12-01,0.000116,0,very_low,baseline
DISTRICT 1 OFFICE,MANHATTAN,2028-01-01,0.000139,0,very_low,baseline
DISTRICT 1 OFFICE,MANHATTAN,2028-02-01,0.000149,0,very_low,baseline
DISTRICT 1 OFFICE,MANHATTAN,2028-03-01,0.000148,0,very_low,baseline
DISTRICT 1 OFFICE,MANHATTAN,2028-04-01,0.000153,0,very_low,baseline
DISTRICT 1 OFFICE,MANHATTAN,2028-05-01,0.000157,0,very_low,baseline
DISTRICT 1 OFFICE,MANHATTAN,2028-06-01,0.000154,0,very_low,baseline
DISTRICT 1 OFFICE,MANHATTAN,2028-07-01,0.000147,0,very_low,baseline
DISTRICT 1 OFFICE,MANHATTAN,2028-08-01,0.00015,0,very_low,baseline
DISTRICT 1 OFFICE,MANHATTAN,2028-09-01,0.000155,0,very_low,baseline
DISTRICT 1 OFFICE,MANHATTAN,2028-10-01,0.000133,0,very_low,baseline
DISTRICT 1 OFFICE,MANHATTAN,2028-11-01,0.000122,0,very_low,baseline
DISTRICT 1 OFFICE,MANHATTAN,2028-12-01,0.000116,0,very_low,baseline
DISTRICT 1 OFFICE,MANHATTAN,2029-01-01,0.000139,0,very_low,baseline
DISTRICT 1 OFFICE,MANHATTAN,2029-02-01,0.000149,0,very_low,baseline
DISTRICT 1 OFFICE,MANHATTAN,2029-03-01,0.000148,0,very_low,baseline
DISTRICT 1 OFFICE,MANHATTAN,2029-04-01,0.000153,0,very_low,baseline
DISTRICT 1 OFFICE,MANHATTAN,2029-05-01,0.000157,0,very_low,baseline
DISTRICT 1 OFFICE,MANHATTAN,2029-06-01,0.000154,0,very_low,baseline
DISTRICT 1 OFFICE,MANHATTAN,2029-07-01,0.000147,0,very_low,baseline
DISTRICT 1 OFFICE,MANHATTAN,2029-08-01,0.00015,0,very_low,baseline
DISTRICT 1 OFFICE,MANHATTAN,2029-09-01,0.000155,0,very_low,baseline
DISTRICT 1 OFFICE,MANHATTAN,2029-10-01,0.000133,0,very_low,baseline
DISTRICT 1 OFFICE,MANHATTAN,2029-11-01,0.000122,0,very_low,baseline
DISTRICT 1 OFFICE,MANHATTAN,2029-12-01,0.000116,0,very_low,baseline
DISTRICT 11 OFFICE,BRONX,2027-01-01,0.00013,0,very_low,baseline
DISTRICT 11 OFFICE,BRONX,2027-02-01,0.00016,0,very_low,baseline
DISTRICT 11 OFFICE,BRONX,2027-03-01,0.000139,0,very_low,baseline
DISTRICT 11 OFFICE,BRONX,2027-04-01,0.000185,0,very_low,baseline
DISTRICT 11 OFFICE,BRONX,2027-05-01,0.000179,0,very_low,baseline
DISTRICT 11 OFFICE,BRONX,2027-06-01,0.000186,0,very_low,baseline
DISTRICT 11 OFFICE,BRONX,2027-07-01,0.000191,0,very_low,baseline
DISTRICT 11 OFFICE,BRONX,2027-08-01,0.000195,0,very_low,baseline
DISTRICT 11 OFFICE,BRONX,2027-09-01,0.000204,0,very_low,baseline
DISTRICT 11 OFFICE,BRONX,2027-10-01,0.000172,0,very_low,baseline
DISTRICT 11 OFFICE,BRONX,2027-11-01,0.000159,0,very_low,baseline
DISTRICT 11 OFFICE,BRONX,2027-12-01,0.000151,0,very_low,baseline
DISTRICT 11 OFFICE,BRONX,2028-01-01,0.000182,0,very_low,baseline
DISTRICT 11 OFFICE,BRONX,2028-02-01,0.000189,0,very_low,baseline
DISTRICT 11 OFFICE,BRONX,2028-03-01,0.000187,0,very_low,baseline
DISTRICT 11 OFFICE,BRONX,2028-04-01,0.000185,0,very_low,baseline
DISTRICT 11 OFFICE,BRONX,2028-05-01,0.00019,0,very_low,baseline
DISTRICT 11 OFFICE,BRONX,2028-06-01,0.000186,0,very_low,baseline
DISTRICT 11 OFFICE,BRONX,2028-07-01,0.000191,0,very_low,baseline
DISTRICT 11 OFFICE,BRONX,2028-08-01,0.000195,0,very_low,baseline
DISTRICT 11 OFFICE,BRONX,2028-09-01,0.000204,0,very_low,baseline
DISTRICT 11 OFFICE,BRONX,2028-10-01,0.000172,0,very_low,baseline
DISTRICT 11 OFFICE,BRONX,2028-11-01,0.000159,0,very_low,baseline
DISTRICT 11 OFFICE,BRONX,2028-12-01,0.000151,0,very_low,baseline
DISTRICT 11 OFFICE,BRONX,2029-01-01,0.000182,0,very_low,baseline
DISTRICT 11 OFFICE,BRONX,2029-02-01,0.000189,0,very_low,baseline
DISTRICT 11 OFFICE,BRONX,2029-03-01,0.000187,0,very_low,baseline
DISTRICT 11 OFFICE,BRONX,2029-04-01,0.000185,0,very_low,baseline
DISTRICT 11 OFFICE,BRONX,2029-05-01,0.00019,0,very_low,baseline
DISTRICT 11 OFFICE,BRONX,2029-06-01,0.000186,0,very_low,baseline
DISTRICT 11 OFFICE,BRONX,2029-07-01,0.000191,0,very_low,baseline
DISTRICT 11 OFFICE,BRONX,2029-08-01,0.000195,0,very_low,baseline
DISTRICT 11 OFFICE,BRONX,2029-09-01,0.000204,0,very_low,baseline
DISTRICT 11 OFFICE,BRONX,2029-10-01,0.000172,0,very_low,baseline
DISTRICT 11 OFFICE,BRONX,2029-11-01,0.000159,0,very_low,baseline
DISTRICT 11 OFFICE,BRONX,2029-12-01,0.000151,0,very_low,baseline
DISTRICT 12 OFFICE,BRONX,2027-01-01,0.00017,0,very_low,baseline
DISTRICT 12 OFFICE,BRONX,2027-02-01,0.000187,0,very_low,baseline
DISTRICT 12 OFFICE,BRONX,2027-03-01,0.000187,0,very_low,baseline
DISTRICT 12 OFFICE,BRONX,2027-04-01,0.000185,0,very_low,baseline
DISTRICT 12 OFFICE,BRONX,2027-05-01,0.000179,0,very_low,baseline
DISTRICT 12 OFFICE,BRONX,2027-06-01,0.000186,0,very_low,baseline
DISTRICT 12 OFFICE,BRONX,2027-07-01,0.000191,0,very_low,baseline
DISTRICT 12 OFFICE,BRONX,2027-08-01,0.000195,0,very_low,baseline
DISTRICT 12 OFFICE,BRONX,2027-09-01,0.000204,0,very_low,baseline
DISTRICT 12 OFFICE,BRONX,2027-10-01,0.000172,0,very_low,baseline
DISTRICT 12 OFFICE,BRONX,2027-11-01,0.000159,0,very_low,baseline
DISTRICT 12 OFFICE,BRONX,2027-12-01,0.000151,0,very_low,baseline
DISTRICT 12 OFFICE,BRONX,2028-01-01,0.000182,0,very_low,baseline
DISTRICT 12 OFFICE,BRONX,2028-02-01,0.000189,0,very_low,baseline
DISTRICT 12 OFFICE,BRONX,2028-03-01,0.000187,0,very_low,baseline
DISTRICT 12 OFFICE,BRONX,2028-04-01,0.000185,0,very_low,baseline
DISTRICT 12 OFFICE,BRONX,2028-05-01,0.00019,0,very_low,baseline
DISTRICT 12 OFFICE,BRONX,2028-06-01,0.000186,0,very_low,baseline
DISTRICT 12 OFFICE,BRONX,2028-07-01,0.000191,0,very_low,baseline
DISTRICT 12 OFFICE,BRONX,2028-08-01,0.000195,0,very_low,baseline
DISTRICT 12 OFFICE,BRONX,2028-09-01,0.000204,0,very_low,baseline
DISTRICT 12 OFFICE,BRONX,2028-10-01,0.000172,0,very_low,baseline
DISTRICT 12 OFFICE,BRONX,2028-11-01,0.000159,0,very_low,baseline
DISTRICT 12 OFFICE,BRONX,2028-12-01,0.000151,0,very_low,baseline
DISTRICT 12 OFFICE,BRONX,2029-01-01,0.000182,0,very_low,baseline
DISTRICT 12 OFFICE,BRONX,2029-02-01,0.000189,0,very_low,baseline
DISTRICT 12 OFFICE,BRONX,2029-03-01,0.000187,0,very_low,baseline
DISTRICT 12 OFFICE,BRONX,2029-04-01,0.000185,0,very_low,baseline
DISTRICT 12 OFFICE,BRONX,2029-05-01,0.00019,0,very_low,baseline
DISTRICT 12 OFFICE,BRONX,2029-06-01,0.000186,0,very_low,baseline
DISTRICT 12 OFFICE,BRONX,2029-07-01,0.000191,0,very_low,baseline
DISTRICT 12 OFFICE,BRONX,2029-08-01,0.000195,0,very_low,baseline
DISTRICT 12 OFFICE,BRONX,2029-09-01,0.000204,0,very_low,baseline
DISTRICT 12 OFFICE,BRONX,2029-10-01,0.000172,0,very_low,baseline
DISTRICT 12 OFFICE,BRONX,2029-11-01,0.000159,0,very_low,baseline
DISTRICT 12 OFFICE,BRONX,2029-12-01,0.000151,0,very_low,baseline
DISTRICT 2 OFFICE,MANHATTAN,2027-01-01,0.00021,0,very_low,baseline
DISTRICT 2 OFFICE,MANHATTAN,2027-02-01,0.000185,0,very_low,baseline
DISTRICT 2 OFFICE,MANHATTAN,2027-03-01,0.000276,0,very_low,baseline
DISTRICT 2 OFFICE,MANHATTAN,2027-04-01,0.000223,0,very_low,baseline
DISTRICT 2 OFFICE,MANHATTAN,2027-05-01,0.000301,0,very_low,baseline
DISTRICT 2 OFFICE,MANHATTAN,2027-06-01,0.000296,0,very_low,baseline
DISTRICT 2 OFFICE,MANHATTAN,2027-07-01,0.000295,0,very_low,baseline
DISTRICT 2 OFFICE,MANHATTAN,2027-08-01,0.000302,0,very_low,baseline
DISTRICT 2 OFFICE,MANHATTAN,2027-09-01,0.000312,0,very_low,baseline
DISTRICT 2 OFFICE,MANHATTAN,2027-10-01,0.000281,0,very_low,baseline
DISTRICT 2 OFFICE,MANHATTAN,2027-11-01,0.000224,0,very_low,baseline
DISTRICT 2 OFFICE,MANHATTAN,2027-12-01,0.000213,0,very_low,baseline
DISTRICT 2 OFFICE,MANHATTAN,2028-01-01,0.000271,0,very_low,baseline
DISTRICT 2 OFFICE,MANHATTAN,2028-02-01,0.000282,0,very_low,baseline
DISTRICT 2 OFFICE,MANHATTAN,2028-03-01,0.000281,0,very_low,baseline
DISTRICT 2 OFFICE,MANHATTAN,2028-04-01,0.000273,0,very_low,baseline
DISTRICT 2 OFFICE,MANHATTAN,2028-05-01,0.000285,0,very_low,baseline
DISTRICT 2 OFFICE,MANHATTAN,2028-06-01,0.000296,0,very_low,baseline
DISTRICT 2 OFFICE,MANHATTAN,2028-07-01,0.000295,0,very_low,baseline
DISTRICT 2 OFFICE,MANHATTAN,2028-08-01,0.000302,0,very_low,baseline
DISTRICT 2 OFFICE,MANHATTAN,2028-09-01,0.000312,0,very_low,baseline
DISTRICT 2 OFFICE,MANHATTAN,2028-10-01,0.000281,0,very_low,baseline
DISTRICT 2 OFFICE,MANHATTAN,2028-11-01,0.000224,0,very_low,baseline
DISTRICT 2 OFFICE,MANHATTAN,2028-12-01,0.000213,0,very_low,baseline
DISTRICT 2 OFFICE,MANHATTAN,2029-01-01,0.000271,0,very_low,baseline
DISTRICT 2 OFFICE,MANHATTAN,2029-02-01,0.000282,0,very_low,baseline
DISTRICT 2 OFFICE,MANHATTAN,2029-03-01,0.000281,0,very_low,baseline
DISTRICT 2 OFFICE,MANHATTAN,2029-04-01,0.000273,0,very_low,baseline
DISTRICT 2 OFFICE,MANHATTAN,2029-05-01,0.000285,0,very_low,baseline
DISTRICT 2 OFFICE,MANHATTAN,2029-06-01,0.000296,0,very_low,baseline
DISTRICT 2 OFFICE,MANHATTAN,2029-07-01,0.000295,0,very_low,baseline
DISTRICT 2 OFFICE,MANHATTAN,2029-08-01,0.000302,0,very_low,baseline
DISTRICT 2 OFFICE,MANHATTAN,2029-09-01,0.000312,0,very_low,baseline
DISTRICT 2 OFFICE,MANHATTAN,2029-10-01,0.000281,0,very_low,baseline
DISTRICT 2 OFFICE,MANHATTAN,2029-11-01,0.000224,0,very_low,baseline
DISTRICT 2 OFFICE,MANHATTAN,2029-12-01,0.000213,0,very_low,baseline
DISTRICT 20 OFFICE,QUEENS,2027-01-01,0.000168,0,very_low,baseline
DISTRICT 20 OFFICE,QUEENS,2027-02-01,0.00019,0,very_low,baseline
DISTRICT 20 OFFICE,QUEENS,2027-03-01,0.000332,0,very_low,baseline
DISTRICT 20 OFFICE,QUEENS,2027-04-01,0.000287,0,very_low,baseline
DISTRICT 20 OFFICE,QUEENS,2027-05-01,0.000323,0,very_low,baseline
DISTRICT 20 OFFICE,QUEENS,2027-06-01,0.000306,0,very_low,baseline
DISTRICT 20 OFFICE,QUEENS,2027-07-01,0.000316,0,very_low,baseline
DISTRICT 20 OFFICE,QUEENS,2027-08-01,0.000324,0,very_low,baseline
DISTRICT 20 OFFICE,QUEENS,2027-09-01,0.000323,0,very_low,baseline
DISTRICT 20 OFFICE,QUEENS,2027-10-01,0.00027,0,very_low,baseline
DISTRICT 20 OFFICE,QUEENS,2027-11-01,0.00021,0,very_low,baseline
DISTRICT 20 OFFICE,QUEENS,2027-12-01,0.0002,0,very_low,baseline
DISTRICT 20 OFFICE,QUEENS,2028-01-01,0.000278,0,very_low,baseline
DISTRICT 20 OFFICE,QUEENS,2028-02-01,0.000302,0,very_low,baseline
DISTRICT 20 OFFICE,QUEENS,2028-03-01,0.000282,0,very_low,baseline
DISTRICT 20 OFFICE,QUEENS,2028-04-01,0.000287,0,very_low,baseline
DISTRICT 20 OFFICE,QUEENS,2028-05-01,0.000295,0,very_low,baseline
DISTRICT 20 OFFICE,QUEENS,2028-06-01,0.000306,0,very_low,baseline
DISTRICT 20 OFFICE,QUEENS,2028-07-01,0.000316,0,very_low,baseline
DISTRICT 20 OFFICE,QUEENS,2028-08-01,0.000324,0,very_low,baseline
DISTRICT 20 OFFICE,QUEENS,2028-09-01,0.000323,0,very_low,baseline
DISTRICT 20 OFFICE,QUEENS,2028-10-01,0.00027,0,very_low,baseline
DISTRICT 20 OFFICE,QUEENS,2028-11-01,0.00021,0,very_low,baseline
DISTRICT 20 OFFICE,QUEENS,2028-12-01,0.0002,0,very_low,baseline
DISTRICT 20 OFFICE,QUEENS,2029-01-01,0.000278,0,very_low,baseline
DISTRICT 20 OFFICE,QUEENS,2029-02-01,0.000302,0,very_low,baseline
DISTRICT 20 OFFICE,QUEENS,2029-03-01,0.000282,0,very_low,baseline
DISTRICT 20 OFFICE,QUEENS,2029-04-01,0.000287,0,very_low,baseline
DISTRICT 20 OFFICE,QUEENS,2029-05-01,0.000295,0,very_low,baseline
DISTRICT 20 OFFICE,QUEENS,2029-06-01,0.000306,0,very_low,baseline
DISTRICT 20 OFFICE,QUEENS,2029-07-01,0.000316,0,very_low,baseline
DISTRICT 20 OFFICE,QUEENS,2029-08-01,0.000324,0,very_low,baseline
DISTRICT 20 OFFICE,QUEENS,2029-09-01,0.000323,0,very_low,baseline
DISTRICT 20 OFFICE,QUEENS,2029-10-01,0.00027,0,very_low,baseline
DISTRICT 20 OFFICE,QUEENS,2029-11-01,0.00021,0,very_low,baseline
DISTRICT 20 OFFICE,QUEENS,2029-12-01,0.0002,0,very_low,baseline
DISTRICT 3 OFFICE,MANHATTAN,2027-01-01,0.000146,0,very_low,baseline
DISTRICT 3 OFFICE,MANHATTAN,2027-02-01,0.00016,0,very_low,baseline
DISTRICT 3 OFFICE,MANHATTAN,2027-03-01,0.000159,0,very_low,baseline
DISTRICT 3 OFFICE,MANHATTAN,2027-04-01,0.00015,0,very_low,baseline
DISTRICT 3 OFFICE,MANHATTAN,2027-05-01,0.000161,0,very_low,baseline
DISTRICT 3 OFFICE,MANHATTAN,2027-06-01,0.000158,0,very_low,baseline
DISTRICT 3 OFFICE,MANHATTAN,2027-07-01,0.000161,0,very_low,baseline
DISTRICT 3 OFFICE,MANHATTAN,2027-08-01,0.000165,0,very_low,baseline
DISTRICT 3 OFFICE,MANHATTAN,2027-09-01,0.000173,0,very_low,baseline
DISTRICT 3 OFFICE,MANHATTAN,2027-10-01,0.000151,0,very_low,baseline
DISTRICT 3 OFFICE,MANHATTAN,2027-11-01,0.00014,0,very_low,baseline
DISTRICT 3 OFFICE,MANHATTAN,2027-12-01,0.000133,0,very_low,baseline
DISTRICT 3 OFFICE,MANHATTAN,2028-01-01,0.000154,0,very_low,baseline
DISTRICT 3 OFFICE,MANHATTAN,2028-02-01,0.00016,0,very_low,baseline
DISTRICT 3 OFFICE,MANHATTAN,2028-03-01,0.000159,0,very_low,baseline
DISTRICT 3 OFFICE,MANHATTAN,2028-04-01,0.000157,0,very_low,baseline
DISTRICT 3 OFFICE,MANHATTAN,2028-05-01,0.000161,0,very_low,baseline
DISTRICT 3 OFFICE,MANHATTAN,2028-06-01,0.000158,0,very_low,baseline
DISTRICT 3 OFFICE,MANHATTAN,2028-07-01,0.000161,0,very_low,baseline
DISTRICT 3 OFFICE,MANHATTAN,2028-08-01,0.000165,0,very_low,baseline
DISTRICT 3 OFFICE,MANHATTAN,2028-09-01,0.000173,0,very_low,baseline
DISTRICT 3 OFFICE,MANHATTAN,2028-10-01,0.000151,0,very_low,baseline
DISTRICT 3 OFFICE,MANHATTAN,2028-11-01,0.00014,0,very_low,baseline
DISTRICT 3 OFFICE,MANHATTAN,2028-12-01,0.000133,0,very_low,baseline
DISTRICT 3 OFFICE,MANHATTAN,2029-01-01,0.000154,0,very_low,baseline
DISTRICT 3 OFFICE,MANHATTAN,2029-02-01,0.00016,0,very_low,baseline
DISTRICT 3 OFFICE,MANHATTAN,2029-03-01,0.000159,0,very_low,baseline
DISTRICT 3 OFFICE,MANHATTAN,2029-04-01,0.000157,0,very_low,baseline
DISTRICT 3 OFFICE,MANHATTAN,2029-05-01,0.000161,0,very_low,baseline
DISTRICT 3 OFFICE,MANHATTAN,2029-06-01,0.000158,0,very_low,baseline
DISTRICT 3 OFFICE,MANHATTAN,2029-07-01,0.000161,0,very_low,baseline
DISTRICT 3 OFFICE,MANHATTAN,2029-08-01,0.000165,0,very_low,baseline
DISTRICT 3 OFFICE,MANHATTAN,2029-09-01,0.000173,0,very_low,baseline
DISTRICT 3 OFFICE,MANHATTAN,2029-10-01,0.000151,0,very_low,baseline
DISTRICT 3 OFFICE,MANHATTAN,2029-11-01,0.00014,0,very_low,baseline
DISTRICT 3 OFFICE,MANHATTAN,2029-12-01,0.000133,0,very_low,baseline
DISTRICT 30 OFFICE,BROOKLYN,2027-01-01,0.000136,0,very_low,baseline
DISTRICT 30 OFFICE,BROOKLYN,2027-02-01,0.000158,0,very_low,baseline
DISTRICT 30 OFFICE,BROOKLYN,2027-03-01,0.000151,0,very_low,baseline
DISTRICT 30 OFFICE,BROOKLYN,2027-04-01,0.000149,0,very_low,baseline
DISTRICT 30 OFFICE,BROOKLYN,2027-05-01,0.000153,0,very_low,baseline
DISTRICT 30 OFFICE,BROOKLYN,2027-06-01,0.00015,0,very_low,baseline
DISTRICT 30 OFFICE,BROOKLYN,2027-07-01,0.000153,0,very_low,baseline
DISTRICT 30 OFFICE,BROOKLYN,2027-08-01,0.000157,0,very_low,baseline
DISTRICT 30 OFFICE,BROOKLYN,2027-09-01,0.000164,0,very_low,baseline
DISTRICT 30 OFFICE,BROOKLYN,2027-10-01,0.000144,0,very_low,baseline
DISTRICT 30 OFFICE,BROOKLYN,2027-11-01,0.000133,0,very_low,baseline
DISTRICT 30 OFFICE,BROOKLYN,2027-12-01,0.000126,0,very_low,baseline
DISTRICT 30 OFFICE,BROOKLYN,2028-01-01,0.000146,0,very_low,baseline
DISTRICT 30 OFFICE,BROOKLYN,2028-02-01,0.000152,0,very_low,baseline
DISTRICT 30 OFFICE,BROOKLYN,2028-03-01,0.000151,0,very_low,baseline
DISTRICT 30 OFFICE,BROOKLYN,2028-04-01,0.000149,0,very_low,baseline
DISTRICT 30 OFFICE,BROOKLYN,2028-05-01,0.000153,0,very_low,baseline
DISTRICT 30 OFFICE,BROOKLYN,2028-06-01,0.00015,0,very_low,baseline
DISTRICT 30 OFFICE,BROOKLYN,2028-07-01,0.000153,0,very_low,baseline
DISTRICT 30 OFFICE,BROOKLYN,2028-08-01,0.000157,0,very_low,baseline
DISTRICT 30 OFFICE,BROOKLYN,2028-09-01,0.000164,0,very_low,baseline
DISTRICT 30 OFFICE,BROOKLYN,2028-10-01,0.000144,0,very_low,baseline
DISTRICT 30 OFFICE,BROOKLYN,2028-11-01,0.000133,0,very_low,baseline
DISTRICT 30 OFFICE,BROOKLYN,2028-12-01,0.000126,0,very_low,baseline
DISTRICT 30 OFFICE,BROOKLYN,2029-01-01,0.000146,0,very_low,baseline
DISTRICT 30 OFFICE,BROOKLYN,2029-02-01,0.000152,0,very_low,baseline
DISTRICT 30 OFFICE,BROOKLYN,2029-03-01,0.000151,0,very_low,baseline
DISTRICT 30 OFFICE,BROOKLYN,2029-04-01,0.000149,0,very_low,baseline
DISTRICT 30 OFFICE,BROOKLYN,2029-05-01,0.000153,0,very_low,baseline
DISTRICT 30 OFFICE,BROOKLYN,2029-06-01,0.00015,0,very_low,baseline
DISTRICT 30 OFFICE,BROOKLYN,2029-07-01,0.000153,0,very_low,baseline
DISTRICT 30 OFFICE,BROOKLYN,2029-08-01,0.000157,0,very_low,baseline
DISTRICT 30 OFFICE,BROOKLYN,2029-09-01,0.000164,0,very_low,baseline
DISTRICT 30 OFFICE,BROOKLYN,2029-10-01,0.000144,0,very_low,baseline
DISTRICT 30 OFFICE,BROOKLYN,2029-11-01,0.000133,0,very_low,baseline
DISTRICT 30 OFFICE,BROOKLYN,2029-12-01,0.000126,0,very_low,baseline
DISTRICT 32 OFFICE,BROOKLYN,2027-01-01,0.000196,0,very_low,baseline
DISTRICT 32 OFFICE,BROOKLYN,2027-02-01,0.000227,0,very_low,baseline
DISTRICT 32 OFFICE,BROOKLYN,2027-03-01,0.000243,0,very_low,baseline
DISTRICT 32 OFFICE,BROOKLYN,2027-04-01,0.0003,0,very_low,baseline
DISTRICT 32 OFFICE,BROOKLYN,2027-05-01,0.000339,0,very_low,baseline
DISTRICT 32 OFFICE,BROOKLYN,2027-06-01,0.000307,0,very_low,baseline
DISTRICT 32 OFFICE,BROOKLYN,2027-07-01,0.000299,0,very_low,baseline
DISTRICT 32 OFFICE,BROOKLYN,2027-08-01,0.000306,0,very_low,baseline
DISTRICT 32 OFFICE,BROOKLYN,2027-09-01,0.000313,0,very_low,baseline
DISTRICT 32 OFFICE,BROOKLYN,2027-10-01,0.000275,0,very_low,baseline
DISTRICT 32 OFFICE,BROOKLYN,2027-11-01,0.000214,0,very_low,baseline
DISTRICT 32 OFFICE,BROOKLYN,2027-12-01,0.000204,0,very_low,baseline
DISTRICT 32 OFFICE,BROOKLYN,2028-01-01,0.000294,0,very_low,baseline
DISTRICT 32 OFFICE,BROOKLYN,2028-02-01,0.00032,0,very_low,baseline
DISTRICT 32 OFFICE,BROOKLYN,2028-03-01,0.000299,0,very_low,baseline
DISTRICT 32 OFFICE,BROOKLYN,2028-04-01,0.000297,0,very_low,baseline
DISTRICT 32 OFFICE,BROOKLYN,2028-05-01,0.000305,0,very_low,baseline
DISTRICT 32 OFFICE,BROOKLYN,2028-06-01,0.000307,0,very_low,baseline
DISTRICT 32 OFFICE,BROOKLYN,2028-07-01,0.000299,0,very_low,baseline
DISTRICT 32 OFFICE,BROOKLYN,2028-08-01,0.000306,0,very_low,baseline
DISTRICT 32 OFFICE,BROOKLYN,2028-09-01,0.000313,0,very_low,baseline
DISTRICT 32 OFFICE,BROOKLYN,2028-10-01,0.000275,0,very_low,baseline
DISTRICT 32 OFFICE,BROOKLYN,2028-11-01,0.000214,0,very_low,baseline
DISTRICT 32 OFFICE,BROOKLYN,2028-12-01,0.000204,0,very_low,baseline
DISTRICT 32 OFFICE,BROOKLYN,2029-01-01,0.000294,0,very_low,baseline
DISTRICT 32 OFFICE,BROOKLYN,2029-02-01,0.00032,0,very_low,baseline
DISTRICT 32 OFFICE,BROOKLYN,2029-03-01,0.000299,0,very_low,baseline
DISTRICT 32 OFFICE,BROOKLYN,2029-04-01,0.000297,0,very_low,baseline
DISTRICT 32 OFFICE,BROOKLYN,2029-05-01,0.000305,0,very_low,baseline
DISTRICT 32 OFFICE,BROOKLYN,2029-06-01,0.000307,0,very_low,baseline
DISTRICT 32 OFFICE,BROOKLYN,2029-07-01,0.000299,0,very_low,baseline
DISTRICT 32 OFFICE,BROOKLYN,2029-08-01,0.000306,0,very_low,baseline
DISTRICT 32 OFFICE,BROOKLYN,2029-09-01,0.000313,0,very_low,baseline
DISTRICT 32 OFFICE,BROOKLYN,2029-10-01,0.000275,0,very_low,baseline
DISTRICT 32 OFFICE,BROOKLYN,2029-11-01,0.000214,0,very_low,baseline
DISTRICT 32 OFFICE,BROOKLYN,2029-12-01,0.000204,0,very_low,baseline
DISTRICT 33 OFFICE,BROOKLYN,2027-01-01,0.000133,0,very_low,baseline
DISTRICT 33 OFFICE,BROOKLYN,2027-02-01,0.000151,0,very_low,baseline
DISTRICT 33 OFFICE,BROOKLYN,2027-03-01,0.000147,0,very_low,baseline
DISTRICT 33 OFFICE,BROOKLYN,2027-04-01,0.000135,0,very_low,baseline
DISTRICT 33 OFFICE,BROOKLYN,2027-05-01,0.00015,0,very_low,baseline
DISTRICT 33 OFFICE,BROOKLYN,2027-06-01,0.000147,0,very_low,baseline
DISTRICT 33 OFFICE,BROOKLYN,2027-07-01,0.00015,0,very_low,baseline
DISTRICT 33 OFFICE,BROOKLYN,2027-08-01,0.000153,0,very_low,baseline
DISTRICT 33 OFFICE,BROOKLYN,2027-09-01,0.00016,0,very_low,baseline
DISTRICT 33 OFFICE,BROOKLYN,2027-10-01,0.000141,0,very_low,baseline
DISTRICT 33 OFFICE,BROOKLYN,2027-11-01,0.00013,0,very_low,baseline
DISTRICT 33 OFFICE,BROOKLYN,2027-12-01,0.000124,0,very_low,baseline
DISTRICT 33 OFFICE,BROOKLYN,2028-01-01,0.000143,0,very_low,baseline
DISTRICT 33 OFFICE,BROOKLYN,2028-02-01,0.000149,0,very_low,baseline
DISTRICT 33 OFFICE,BROOKLYN,2028-03-01,0.000147,0,very_low,baseline
DISTRICT 33 OFFICE,BROOKLYN,2028-04-01,0.000146,0,very_low,baseline
DISTRICT 33 OFFICE,BROOKLYN,2028-05-01,0.00015,0,very_low,baseline
DISTRICT 33 OFFICE,BROOKLYN,2028-06-01,0.000147,0,very_low,baseline
DISTRICT 33 OFFICE,BROOKLYN,2028-07-01,0.00015,0,very_low,baseline
DISTRICT 33 OFFICE,BROOKLYN,2028-08-01,0.000153,0,very_low,baseline
DISTRICT 33 OFFICE,BROOKLYN,2028-09-01,0.00016,0,very_low,baseline
DISTRICT 33 OFFICE,BROOKLYN,2028-10-01,0.000141,0,very_low,baseline
DISTRICT 33 OFFICE,BROOKLYN,2028-11-01,0.00013,0,very_low,baseline
DISTRICT 33 OFFICE,BROOKLYN,2028-12-01,0.000124,0,very_low,baseline
DISTRICT 33 OFFICE,BROOKLYN,2029-01-01,0.000143,0,very_low,baseline
DISTRICT 33 OFFICE,BROOKLYN,2029-02-01,0.000149,0,very_low,baseline
DISTRICT 33 OFFICE,BROOKLYN,2029-03-01,0.000147,0,very_low,baseline
DISTRICT 33 OFFICE,BROOKLYN,2029-04-01,0.000146,0,very_low,baseline
DISTRICT 33 OFFICE,BROOKLYN,2029-05-01,0.00015,0,very_low,baseline
DISTRICT 33 OFFICE,BROOKLYN,2029-06-01,0.000147,0,very_low,baseline
DISTRICT 33 OFFICE,BROOKLYN,2029-07-01,0.00015,0,very_low,baseline
DISTRICT 33 OFFICE,BROOKLYN,2029-08-01,0.000153,0,very_low,baseline
DISTRICT 33 OFFICE,BROOKLYN,2029-09-01,0.00016,0,very_low,baseline
DISTRICT 33 OFFICE,BROOKLYN,2029-10-01,0.000141,0,very_low,baseline
DISTRICT 33 OFFICE,BROOKLYN,2029-11-01,0.00013,0,very_low,baseline
DISTRICT 33 OFFICE,BROOKLYN,2029-12-01,0.000124,0,very_low,baseline
DISTRICT 34 OFFICE,BROOKLYN,2027-01-01,0.000134,0,very_low,baseline
DISTRICT 34 OFFICE,BROOKLYN,2027-02-01,0.00015,0,very_low,baseline
DISTRICT 34 OFFICE,BROOKLYN,2027-03-01,0.000127,0,very_low,baseline
DISTRICT 34 OFFICE,BROOKLYN,2027-04-01,0.000142,0,very_low,baseline
DISTRICT 34 OFFICE,BROOKLYN,2027-05-01,0.000132,0,very_low,baseline
DISTRICT 34 OFFICE,BROOKLYN,2027-06-01,0.000163,0,very_low,baseline
DISTRICT 34 OFFICE,BROOKLYN,2027-07-01,0.000167,0,very_low,baseline
DISTRICT 34 OFFICE,BROOKLYN,2027-08-01,0.000171,0,very_low,baseline
DISTRICT 34 OFFICE,BROOKLYN,2027-09-01,0.000179,0,very_low,baseline
DISTRICT 34 OFFICE,BROOKLYN,2027-10-01,0.000157,0,very_low,baseline
DISTRICT 34 OFFICE,BROOKLYN,2027-11-01,0.000145,0,very_low,baseline
DISTRICT 34 OFFICE,BROOKLYN,2027-12-01,0.000138,0,very_low,baseline
DISTRICT 34 OFFICE,BROOKLYN,2028-01-01,0.000159,0,very_low,baseline
DISTRICT 34 OFFICE,BROOKLYN,2028-02-01,0.000166,0,very_low,baseline
DISTRICT 34 OFFICE,BROOKLYN,2028-03-01,0.000164,0,very_low,baseline
DISTRICT 34 OFFICE,BROOKLYN,2028-04-01,0.000162,0,very_low,baseline
DISTRICT 34 OFFICE,BROOKLYN,2028-05-01,0.000167,0,very_low,baseline
DISTRICT 34 OFFICE,BROOKLYN,2028-06-01,0.000163,0,very_low,baseline
DISTRICT 34 OFFICE,BROOKLYN,2028-07-01,0.000167,0,very_low,baseline
DISTRICT 34 OFFICE,BROOKLYN,2028-08-01,0.000171,0,very_low,baseline
DISTRICT 34 OFFICE,BROOKLYN,2028-09-01,0.000179,0,very_low,baseline
DISTRICT 34 OFFICE,BROOKLYN,2028-10-01,0.000157,0,very_low,baseline
DISTRICT 34 OFFICE,BROOKLYN,2028-11-01,0.000145,0,very_low,baseline
DISTRICT 34 OFFICE,BROOKLYN,2028-12-01,0.000138,0,very_low,baseline
DISTRICT 34 OFFICE,BROOKLYN,2029-01-01,0.000159,0,very_low,baseline
DISTRICT 34 OFFICE,BROOKLYN,2029-02-01,0.000166,0,very_low,baseline
DISTRICT 34 OFFICE,BROOKLYN,2029-03-01,0.000164,0,very_low,baseline
DISTRICT 34 OFFICE,BROOKLYN,2029-04-01,0.000162,0,very_low,baseline
DISTRICT 34 OFFICE,BROOKLYN,2029-05-01,0.000167,0,very_low,baseline
DISTRICT 34 OFFICE,BROOKLYN,2029-06-01,0.000163,0,very_low,baseline
DISTRICT 34 OFFICE,BROOKLYN,2029-07-01,0.000167,0,very_low,baseline
DISTRICT 34 OFFICE,BROOKLYN,2029-08-01,0.000171,0,very_low,baseline
DISTRICT 34 OFFICE,BROOKLYN,2029-09-01,0.000179,0,very_low,baseline
DISTRICT 34 OFFICE,BROOKLYN,2029-10-01,0.000157,0,very_low,baseline
DISTRICT 34 OFFICE,BROOKLYN,2029-11-01,0.000145,0,very_low,baseline
DISTRICT 34 OFFICE,BROOKLYN,2029-12-01,0.000138,0,very_low,baseline
DISTRICT 4 OFFICE,MANHATTAN,2027-01-01,0.000158,0,very_low,baseline
DISTRICT 4 OFFICE,MANHATTAN,2027-02-01,0.000133,0,very_low,baseline
DISTRICT 4 OFFICE,MANHATTAN,2027-03-01,0.000146,0,very_low,baseline
DISTRICT 4 OFFICE,MANHATTAN,2027-04-01,0.00014,0,very_low,baseline
DISTRICT 4 OFFICE,MANHATTAN,2027-05-01,0.000156,0,very_low,baseline
DISTRICT 4 OFFICE,MANHATTAN,2027-06-01,0.000154,0,very_low,baseline
DISTRICT 4 OFFICE,MANHATTAN,2027-07-01,0.000147,0,very_low,baseline
DISTRICT 4 OFFICE,MANHATTAN,2027-08-01,0.00015,0,very_low,baseline
DISTRICT 4 OFFICE,MANHATTAN,2027-09-01,0.000155,0,very_low,baseline
DISTRICT 4 OFFICE,MANHATTAN,2027-10-01,0.000133,0,very_low,baseline
DISTRICT 4 OFFICE,MANHATTAN,2027-11-01,0.000122,0,very_low,baseline
DISTRICT 4 OFFICE,MANHATTAN,2027-12-01,0.000116,0,very_low,baseline
DISTRICT 4 OFFICE,MANHATTAN,2028-01-01,0.000139,0,very_low,baseline
DISTRICT 4 OFFICE,MANHATTAN,2028-02-01,0.000149,0,very_low,baseline
DISTRICT 4 OFFICE,MANHATTAN,2028-03-01,0.000148,0,very_low,baseline
DISTRICT 4 OFFICE,MANHATTAN,2028-04-01,0.000153,0,very_low,baseline
DISTRICT 4 OFFICE,MANHATTAN,2028-05-01,0.000157,0,very_low,baseline
DISTRICT 4 OFFICE,MANHATTAN,2028-06-01,0.000154,0,very_low,baseline
DISTRICT 4 OFFICE,MANHATTAN,2028-07-01,0.000147,0,very_low,baseline
DISTRICT 4 OFFICE,MANHATTAN,2028-08-01,0.00015,0,very_low,baseline
DISTRICT 4 OFFICE,MANHATTAN,2028-09-01,0.000155,0,very_low,baseline
DISTRICT 4 OFFICE,MANHATTAN,2028-10-01,0.000133,0,very_low,baseline
DISTRICT 4 OFFICE,MANHATTAN,2028-11-01,0.000122,0,very_low,baseline
DISTRICT 4 OFFICE,MANHATTAN,2028-12-01,0.000116,0,very_low,baseline
DISTRICT 4 OFFICE,MANHATTAN,2029-01-01,0.000139,0,very_low,baseline
DISTRICT 4 OFFICE,MANHATTAN,2029-02-01,0.000149,0,very_low,baseline
DISTRICT 4 OFFICE,MANHATTAN,2029-03-01,0.000148,0,very_low,baseline
DISTRICT 4 OFFICE,MANHATTAN,2029-04-01,0.000153,0,very_low,baseline
DISTRICT 4 OFFICE,MANHATTAN,2029-05-01,0.000157,0,very_low,baseline
DISTRICT 4 OFFICE,MANHATTAN,2029-06-01,0.000154,0,very_low,baseline
DISTRICT 4 OFFICE,MANHATTAN,2029-07-01,0.000147,0,very_low,baseline
DISTRICT 4 OFFICE,MANHATTAN,2029-08-01,0.00015,0,very_low,baseline
DISTRICT 4 OFFICE,MANHATTAN,2029-09-01,0.000155,0,very_low,baseline
DISTRICT 4 OFFICE,MANHATTAN,2029-10-01,0.000133,0,very_low,baseline
DISTRICT 4 OFFICE,MANHATTAN,2029-11-01,0.000122,0,very_low,baseline
DISTRICT 4 OFFICE,MANHATTAN,2029-12-01,0.000116,0,very_low,baseline
DITMARS BLVD.-ASTORIA,QUEENS,2027-01-01,0.02291,0,very_low,baseline
DITMARS BLVD.-ASTORIA,QUEENS,2027-02-01,0.008119,0,very_low,baseline
DITMARS BLVD.-ASTORIA,QUEENS,2027-03-01,0.001898,0,very_low,baseline
DITMARS BLVD.-ASTORIA,QUEENS,2027-04-01,0.0019,0,very_low,baseline
DITMARS BLVD.-ASTORIA,QUEENS,2027-05-01,0.001774,0,very_low,baseline
DITMARS BLVD.-ASTORIA,QUEENS,2027-06-01,0.002932,0,very_low,baseline
DITMARS BLVD.-ASTORIA,QUEENS,2027-07-01,0.003159,0,very_low,baseline
DITMARS BLVD.-ASTORIA,QUEENS,2027-08-01,0.002954,0,very_low,baseline
DITMARS BLVD.-ASTORIA,QUEENS,2027-09-01,0.002911,0,very_low,baseline
DITMARS BLVD.-ASTORIA,QUEENS,2027-10-01,0.002501,0,very_low,baseline
DITMARS BLVD.-ASTORIA,QUEENS,2027-11-01,0.002209,0,very_low,baseline
DITMARS BLVD.-ASTORIA,QUEENS,2027-12-01,0.002102,0,very_low,baseline
DITMARS BLVD.-ASTORIA,QUEENS,2028-01-01,0.00301,0,very_low,baseline
DITMARS BLVD.-ASTORIA,QUEENS,2028-02-01,0.003028,0,very_low,baseline
DITMARS BLVD.-ASTORIA,QUEENS,2028-03-01,0.002959,0,very_low,baseline
DITMARS BLVD.-ASTORIA,QUEENS,2028-04-01,0.002922,0,very_low,baseline
DITMARS BLVD.-ASTORIA,QUEENS,2028-05-01,0.003055,0,very_low,baseline
DITMARS BLVD.-ASTORIA,QUEENS,2028-06-01,0.002932,0,very_low,baseline
DITMARS BLVD.-ASTORIA,QUEENS,2028-07-01,0.003159,0,very_low,baseline
DITMARS BLVD.-ASTORIA,QUEENS,2028-08-01,0.002954,0,very_low,baseline
DITMARS BLVD.-ASTORIA,QUEENS,2028-09-01,0.002911,0,very_low,baseline
DITMARS BLVD.-ASTORIA,QUEENS,2028-10-01,0.002501,0,very_low,baseline
DITMARS BLVD.-ASTORIA,QUEENS,2028-11-01,0.002209,0,very_low,baseline
DITMARS BLVD.-ASTORIA,QUEENS,2028-12-01,0.002102,0,very_low,baseline
DITMARS BLVD.-ASTORIA,QUEENS,2029-01-01,0.00301,0,very_low,baseline
DITMARS BLVD.-ASTORIA,QUEENS,2029-02-01,0.003028,0,very_low,baseline
DITMARS BLVD.-ASTORIA,QUEENS,2029-03-01,0.002959,0,very_low,baseline
DITMARS BLVD.-ASTORIA,QUEENS,2029-04-01,0.002922,0,very_low,baseline
DITMARS BLVD.-ASTORIA,QUEENS,2029-05-01,0.003055,0,very_low,baseline
DITMARS BLVD.-ASTORIA,QUEENS,2029-06-01,0.002932,0,very_low,baseline
DITMARS BLVD.-ASTORIA,QUEENS,2029-07-01,0.003159,0,very_low,baseline
DITMARS BLVD.-ASTORIA,QUEENS,2029-08-01,0.002954,0,very_low,baseline
DITMARS BLVD.-ASTORIA,QUEENS,2029-09-01,0.002911,0,very_low,baseline
DITMARS BLVD.-ASTORIA,QUEENS,2029-10-01,0.002501,0,very_low,baseline
DITMARS BLVD.-ASTORIA,QUEENS,2029-11-01,0.002209,0,very_low,baseline
DITMARS BLVD.-ASTORIA,QUEENS,2029-12-01,0.002102,0,very_low,baseline
DITMAS AVENUE,BROOKLYN,2027-01-01,0.000261,0,very_low,baseline
DITMAS AVENUE,BROOKLYN,2027-02-01,0.000294,0,very_low,baseline
DITMAS AVENUE,BROOKLYN,2027-03-01,0.000252,0,very_low,baseline
DITMAS AVENUE,BROOKLYN,2027-04-01,0.000279,0,very_low,baseline
DITMAS AVENUE,BROOKLYN,2027-05-01,0.000368,0,very_low,baseline
DITMAS AVENUE,BROOKLYN,2027-06-01,0.000298,0,very_low,baseline
DITMAS AVENUE,BROOKLYN,2027-07-01,0.00029,0,very_low,baseline
DITMAS AVENUE,BROOKLYN,2027-08-01,0.000312,0,very_low,baseline
DITMAS AVENUE,BROOKLYN,2027-09-01,0.000327,0,very_low,baseline
DITMAS AVENUE,BROOKLYN,2027-10-01,0.000284,0,very_low,baseline
DITMAS AVENUE,BROOKLYN,2027-11-01,0.000251,0,very_low,baseline
DITMAS AVENUE,BROOKLYN,2027-12-01,0.00025,0,very_low,baseline
DITMAS AVENUE,BROOKLYN,2028-01-01,0.000281,0,very_low,baseline
DITMAS AVENUE,BROOKLYN,2028-02-01,0.000306,0,very_low,baseline
DITMAS AVENUE,BROOKLYN,2028-03-01,0.000295,0,very_low,baseline
DITMAS AVENUE,BROOKLYN,2028-04-01,0.000287,0,very_low,baseline
DITMAS AVENUE,BROOKLYN,2028-05-01,0.000295,0,very_low,baseline
DITMAS AVENUE,BROOKLYN,2028-06-01,0.000298,0,very_low,baseline
DITMAS AVENUE,BROOKLYN,2028-07-01,0.00029,0,very_low,baseline
DITMAS AVENUE,BROOKLYN,2028-08-01,0.000312,0,very_low,baseline
DITMAS AVENUE,BROOKLYN,2028-09-01,0.000327,0,very_low,baseline
DITMAS AVENUE,BROOKLYN,2028-10-01,0.000284,0,very_low,baseline
DITMAS AVENUE,BROOKLYN,2028-11-01,0.000251,0,very_low,baseline
DITMAS AVENUE,BROOKLYN,2028-12-01,0.00025,0,very_low,baseline
DITMAS AVENUE,BROOKLYN,2029-01-01,0.000281,0,very_low,baseline
DITMAS AVENUE,BROOKLYN,2029-02-01,0.000306,0,very_low,baseline
DITMAS AVENUE,BROOKLYN,2029-03-01,0.000295,0,very_low,baseline
DITMAS AVENUE,BROOKLYN,2029-04-01,0.000287,0,very_low,baseline
DITMAS AVENUE,BROOKLYN,2029-05-01,0.000295,0,very_low,baseline
DITMAS AVENUE,BROOKLYN,2029-06-01,0.000298,0,very_low,baseline
DITMAS AVENUE,BROOKLYN,2029-07-01,0.00029,0,very_low,baseline
DITMAS AVENUE,BROOKLYN,2029-08-01,0.000312,0,very_low,baseline
DITMAS AVENUE,BROOKLYN,2029-09-01,0.000327,0,very_low,baseline
DITMAS AVENUE,BROOKLYN,2029-10-01,0.000284,0,very_low,baseline
DITMAS AVENUE,BROOKLYN,2029-11-01,0.000251,0,very_low,baseline
DITMAS AVENUE,BROOKLYN,2029-12-01,0.00025,0,very_low,baseline
DYRE AVE.-EASTCHESTER,BRONX,2027-01-01,0.000197,0,very_low,baseline
DYRE AVE.-EASTCHESTER,BRONX,2027-02-01,0.000186,0,very_low,baseline
DYRE AVE.-EASTCHESTER,BRONX,2027-03-01,0.000181,0,very_low,baseline
DYRE AVE.-EASTCHESTER,BRONX,2027-04-01,0.000181,0,very_low,baseline
DYRE AVE.-EASTCHESTER,BRONX,2027-05-01,0.000193,0,very_low,baseline
DYRE AVE.-EASTCHESTER,BRONX,2027-06-01,0.000187,0,very_low,baseline
DYRE AVE.-EASTCHESTER,BRONX,2027-07-01,0.000178,0,very_low,baseline
DYRE AVE.-EASTCHESTER,BRONX,2027-08-01,0.000187,0,very_low,baseline
DYRE AVE.-EASTCHESTER,BRONX,2027-09-01,0.000194,0,very_low,baseline
DYRE AVE.-EASTCHESTER,BRONX,2027-10-01,0.000159,0,very_low,baseline
DYRE AVE.-EASTCHESTER,BRONX,2027-11-01,0.000146,0,very_low,baseline
DYRE AVE.-EASTCHESTER,BRONX,2027-12-01,0.000139,0,very_low,baseline
DYRE AVE.-EASTCHESTER,BRONX,2028-01-01,0.00017,0,very_low,baseline
DYRE AVE.-EASTCHESTER,BRONX,2028-02-01,0.000181,0,very_low,baseline
DYRE AVE.-EASTCHESTER,BRONX,2028-03-01,0.00018,0,very_low,baseline
DYRE AVE.-EASTCHESTER,BRONX,2028-04-01,0.000186,0,very_low,baseline
DYRE AVE.-EASTCHESTER,BRONX,2028-05-01,0.000191,0,very_low,baseline
DYRE AVE.-EASTCHESTER,BRONX,2028-06-01,0.000187,0,very_low,baseline
DYRE AVE.-EASTCHESTER,BRONX,2028-07-01,0.000178,0,very_low,baseline
DYRE AVE.-EASTCHESTER,BRONX,2028-08-01,0.000187,0,very_low,baseline
DYRE AVE.-EASTCHESTER,BRONX,2028-09-01,0.000194,0,very_low,baseline
DYRE AVE.-EASTCHESTER,BRONX,2028-10-01,0.000159,0,very_low,baseline
DYRE AVE.-EASTCHESTER,BRONX,2028-11-01,0.000146,0,very_low,baseline
DYRE AVE.-EASTCHESTER,BRONX,2028-12-01,0.000139,0,very_low,baseline
DYRE AVE.-EASTCHESTER,BRONX,2029-01-01,0.00017,0,very_low,baseline
DYRE AVE.-EASTCHESTER,BRONX,2029-02-01,0.000181,0,very_low,baseline
DYRE AVE.-EASTCHESTER,BRONX,2029-03-01,0.00018,0,very_low,baseline
DYRE AVE.-EASTCHESTER,BRONX,2029-04-01,0.000186,0,very_low,baseline
DYRE AVE.-EASTCHESTER,BRONX,2029-05-01,0.000191,0,very_low,baseline
DYRE AVE.-EASTCHESTER,BRONX,2029-06-01,0.000187,0,very_low,baseline
DYRE AVE.-EASTCHESTER,BRONX,2029-07-01,0.000178,0,very_low,baseline
DYRE AVE.-EASTCHESTER,BRONX,2029-08-01,0.000187,0,very_low,baseline
DYRE AVE.-EASTCHESTER,BRONX,2029-09-01,0.000194,0,very_low,baseline
DYRE AVE.-EASTCHESTER,BRONX,2029-10-01,0.000159,0,very_low,baseline
DYRE AVE.-EASTCHESTER,BRONX,2029-11-01,0.000146,0,very_low,baseline
DYRE AVE.-EASTCHESTER,BRONX,2029-12-01,0.000139,0,very_low,baseline
EAST 105 STREET,BROOKLYN,2027-01-01,0.000828,0,very_low,baseline
EAST 105 STREET,BROOKLYN,2027-02-01,0.000454,0,very_low,baseline
EAST 105 STREET,BROOKLYN,2027-03-01,0.000188,0,very_low,baseline
EAST 105 STREET,BROOKLYN,2027-04-01,0.000126,0,very_low,baseline
EAST 105 STREET,BROOKLYN,2027-05-01,0.000154,0,very_low,baseline
EAST 105 STREET,BROOKLYN,2027-06-01,0.000166,0,very_low,baseline
EAST 105 STREET,BROOKLYN,2027-07-01,0.000172,0,very_low,baseline
EAST 105 STREET,BROOKLYN,2027-08-01,0.00017,0,very_low,baseline
EAST 105 STREET,BROOKLYN,2027-09-01,0.000179,0,very_low,baseline
EAST 105 STREET,BROOKLYN,2027-10-01,0.000157,0,very_low,baseline
EAST 105 STREET,BROOKLYN,2027-11-01,0.00015,0,very_low,baseline
EAST 105 STREET,BROOKLYN,2027-12-01,0.000143,0,very_low,baseline
EAST 105 STREET,BROOKLYN,2028-01-01,0.000175,0,very_low,baseline
EAST 105 STREET,BROOKLYN,2028-02-01,0.000182,0,very_low,baseline
EAST 105 STREET,BROOKLYN,2028-03-01,0.000171,0,very_low,baseline
EAST 105 STREET,BROOKLYN,2028-04-01,0.000161,0,very_low,baseline
EAST 105 STREET,BROOKLYN,2028-05-01,0.000165,0,very_low,baseline
EAST 105 STREET,BROOKLYN,2028-06-01,0.000166,0,very_low,baseline
EAST 105 STREET,BROOKLYN,2028-07-01,0.000172,0,very_low,baseline
EAST 105 STREET,BROOKLYN,2028-08-01,0.00017,0,very_low,baseline
EAST 105 STREET,BROOKLYN,2028-09-01,0.000179,0,very_low,baseline
EAST 105 STREET,BROOKLYN,2028-10-01,0.000157,0,very_low,baseline
EAST 105 STREET,BROOKLYN,2028-11-01,0.00015,0,very_low,baseline
EAST 105 STREET,BROOKLYN,2028-12-01,0.000143,0,very_low,baseline
EAST 105 STREET,BROOKLYN,2029-01-01,0.000175,0,very_low,baseline
EAST 105 STREET,BROOKLYN,2029-02-01,0.000182,0,very_low,baseline
EAST 105 STREET,BROOKLYN,2029-03-01,0.000171,0,very_low,baseline
EAST 105 STREET,BROOKLYN,2029-04-01,0.000161,0,very_low,baseline
EAST 105 STREET,BROOKLYN,2029-05-01,0.000165,0,very_low,baseline
EAST 105 STREET,BROOKLYN,2029-06-01,0.000166,0,very_low,baseline
EAST 105 STREET,BROOKLYN,2029-07-01,0.000172,0,very_low,baseline
EAST 105 STREET,BROOKLYN,2029-08-01,0.00017,0,very_low,baseline
EAST 105 STREET,BROOKLYN,2029-09-01,0.000179,0,very_low,baseline
EAST 105 STREET,BROOKLYN,2029-10-01,0.000157,0,very_low,baseline
EAST 105 STREET,BROOKLYN,2029-11-01,0.00015,0,very_low,baseline
EAST 105 STREET,BROOKLYN,2029-12-01,0.000143,0,very_low,baseline
EAST 143 ST.-ST. MARY'S STREET,BRONX,2027-01-01,0.0002,0,very_low,baseline
EAST 143 ST.-ST. MARY'S STREET,BRONX,2027-02-01,0.000214,0,very_low,baseline
EAST 143 ST.-ST. MARY'S STREET,BRONX,2027-03-01,0.000354,0,very_low,baseline
EAST 143 ST.-ST. MARY'S STREET,BRONX,2027-04-01,0.000317,0,very_low,baseline
EAST 143 ST.-ST. MARY'S STREET,BRONX,2027-05-01,0.000279,0,very_low,baseline
EAST 143 ST.-ST. MARY'S STREET,BRONX,2027-06-01,0.000307,0,very_low,baseline
EAST 143 ST.-ST. MARY'S STREET,BRONX,2027-07-01,0.000317,0,very_low,baseline
EAST 143 ST.-ST. MARY'S STREET,BRONX,2027-08-01,0.000325,0,very_low,baseline
EAST 143 ST.-ST. MARY'S STREET,BRONX,2027-09-01,0.000332,0,very_low,baseline
EAST 143 ST.-ST. MARY'S STREET,BRONX,2027-10-01,0.000288,0,very_low,baseline
EAST 143 ST.-ST. MARY'S STREET,BRONX,2027-11-01,0.000224,0,very_low,baseline
EAST 143 ST.-ST. MARY'S STREET,BRONX,2027-12-01,0.000213,0,very_low,baseline
EAST 143 ST.-ST. MARY'S STREET,BRONX,2028-01-01,0.000284,0,very_low,baseline
EAST 143 ST.-ST. MARY'S STREET,BRONX,2028-02-01,0.000309,0,very_low,baseline
EAST 143 ST.-ST. MARY'S STREET,BRONX,2028-03-01,0.000289,0,very_low,baseline
EAST 143 ST.-ST. MARY'S STREET,BRONX,2028-04-01,0.000294,0,very_low,baseline
EAST 143 ST.-ST. MARY'S STREET,BRONX,2028-05-01,0.000296,0,very_low,baseline
EAST 143 ST.-ST. MARY'S STREET,BRONX,2028-06-01,0.000307,0,very_low,baseline
EAST 143 ST.-ST. MARY'S STREET,BRONX,2028-07-01,0.000317,0,very_low,baseline
EAST 143 ST.-ST. MARY'S STREET,BRONX,2028-08-01,0.000325,0,very_low,baseline
EAST 143 ST.-ST. MARY'S STREET,BRONX,2028-09-01,0.000332,0,very_low,baseline
EAST 143 ST.-ST. MARY'S STREET,BRONX,2028-10-01,0.000288,0,very_low,baseline
EAST 143 ST.-ST. MARY'S STREET,BRONX,2028-11-01,0.000224,0,very_low,baseline
EAST 143 ST.-ST. MARY'S STREET,BRONX,2028-12-01,0.000213,0,very_low,baseline
EAST 143 ST.-ST. MARY'S STREET,BRONX,2029-01-01,0.000284,0,very_low,baseline
EAST 143 ST.-ST. MARY'S STREET,BRONX,2029-02-01,0.000309,0,very_low,baseline
EAST 143 ST.-ST. MARY'S STREET,BRONX,2029-03-01,0.000289,0,very_low,baseline
EAST 143 ST.-ST. MARY'S STREET,BRONX,2029-04-01,0.000294,0,very_low,baseline
EAST 143 ST.-ST. MARY'S STREET,BRONX,2029-05-01,0.000296,0,very_low,baseline
EAST 143 ST.-ST. MARY'S STREET,BRONX,2029-06-01,0.000307,0,very_low,baseline
EAST 143 ST.-ST. MARY'S STREET,BRONX,2029-07-01,0.000317,0,very_low,baseline
EAST 143 ST.-ST. MARY'S STREET,BRONX,2029-08-01,0.000325,0,very_low,baseline
EAST 143 ST.-ST. MARY'S STREET,BRONX,2029-09-01,0.000332,0,very_low,baseline
EAST 143 ST.-ST. MARY'S STREET,BRONX,2029-10-01,0.000288,0,very_low,baseline
EAST 143 ST.-ST. MARY'S STREET,BRONX,2029-11-01,0.000224,0,very_low,baseline
EAST 143 ST.-ST. MARY'S STREET,BRONX,2029-12-01,0.000213,0,very_low,baseline
EAST 149 STREET,BRONX,2027-01-01,0.013616,0,very_low,baseline
EAST 149 STREET,BRONX,2027-02-01,0.015097,0,very_low,baseline
EAST 149 STREET,BRONX,2027-03-01,0.011732,0,very_low,baseline
EAST 149 STREET,BRONX,2027-04-01,0.014366,0,very_low,baseline
EAST 149 STREET,BRONX,2027-05-01,0.015401,0,very_low,baseline
EAST 149 STREET,BRONX,2027-06-01,0.016137,0,very_low,baseline
EAST 149 STREET,BRONX,2027-07-01,0.015905,0,very_low,baseline
EAST 149 STREET,BRONX,2027-08-01,0.018176,0,very_low,baseline
EAST 149 STREET,BRONX,2027-09-01,0.019334,0,very_low,baseline
EAST 149 STREET,BRONX,2027-10-01,0.016513,0,very_low,baseline
EAST 149 STREET,BRONX,2027-11-01,0.013395,0,very_low,baseline
EAST 149 STREET,BRONX,2027-12-01,0.014141,0,very_low,baseline
EAST 149 STREET,BRONX,2028-01-01,0.014476,0,very_low,baseline
EAST 149 STREET,BRONX,2028-02-01,0.014133,0,very_low,baseline
EAST 149 STREET,BRONX,2028-03-01,0.015148,0,very_low,baseline
EAST 149 STREET,BRONX,2028-04-01,0.015148,0,very_low,baseline
EAST 149 STREET,BRONX,2028-05-01,0.015839,0,very_low,baseline
EAST 149 STREET,BRONX,2028-06-01,0.016137,0,very_low,baseline
EAST 149 STREET,BRONX,2028-07-01,0.015905,0,very_low,baseline
EAST 149 STREET,BRONX,2028-08-01,0.018176,0,very_low,baseline
EAST 149 STREET,BRONX,2028-09-01,0.019334,0,very_low,baseline
EAST 149 STREET,BRONX,2028-10-01,0.016513,0,very_low,baseline
EAST 149 STREET,BRONX,2028-11-01,0.013395,0,very_low,baseline
EAST 149 STREET,BRONX,2028-12-01,0.014141,0,very_low,baseline
EAST 149 STREET,BRONX,2029-01-01,0.014476,0,very_low,baseline
EAST 149 STREET,BRONX,2029-02-01,0.014133,0,very_low,baseline
EAST 149 STREET,BRONX,2029-03-01,0.015148,0,very_low,baseline
EAST 149 STREET,BRONX,2029-04-01,0.015148,0,very_low,baseline
EAST 149 STREET,BRONX,2029-05-01,0.015839,0,very_low,baseline
EAST 149 STREET,BRONX,2029-06-01,0.016137,0,very_low,baseline
EAST 149 STREET,BRONX,2029-07-01,0.015905,0,very_low,baseline
EAST 149 STREET,BRONX,2029-08-01,0.018176,0,very_low,baseline
EAST 149 STREET,BRONX,2029-09-01,0.019334,0,very_low,baseline
EAST 149 STREET,BRONX,2029-10-01,0.016513,0,very_low,baseline
EAST 149 STREET,BRONX,2029-11-01,0.013395,0,very_low,baseline
EAST 149 STREET,BRONX,2029-12-01,0.014141,0,very_low,baseline
EAST 174 STREET,BRONX,2027-01-01,0.009638,0,very_low,baseline
EAST 174 STREET,BRONX,2027-02-01,0.023348,0,very_low,baseline
EAST 174 STREET,BRONX,2027-03-01,0.013799,0,very_low,baseline
EAST 174 STREET,BRONX,2027-04-01,0.032953,0,very_low,baseline
EAST 174 STREET,BRONX,2027-05-01,0.026712,0,very_low,baseline
EAST 174 STREET,BRONX,2027-06-01,0.029874,0,very_low,baseline
EAST 174 STREET,BRONX,2027-07-01,0.029661,0,very_low,baseline
EAST 174 STREET,BRONX,2027-08-01,0.032047,0,very_low,baseline
EAST 174 STREET,BRONX,2027-09-01,0.032665,0,very_low,baseline
EAST 174 STREET,BRONX,2027-10-01,0.027905,0,very_low,baseline
EAST 174 STREET,BRONX,2027-11-01,0.024034,0,very_low,baseline
EAST 174 STREET,BRONX,2027-12-01,0.023128,0,very_low,baseline
EAST 174 STREET,BRONX,2028-01-01,0.030751,0,very_low,baseline
EAST 174 STREET,BRONX,2028-02-01,0.03386,0,very_low,baseline
EAST 174 STREET,BRONX,2028-03-01,0.030663,0,very_low,baseline
EAST 174 STREET,BRONX,2028-04-01,0.029572,0,very_low,baseline
EAST 174 STREET,BRONX,2028-05-01,0.029639,0,very_low,baseline
EAST 174 STREET,BRONX,2028-06-01,0.029874,0,very_low,baseline
EAST 174 STREET,BRONX,2028-07-01,0.029661,0,very_low,baseline
EAST 174 STREET,BRONX,2028-08-01,0.032047,0,very_low,baseline
EAST 174 STREET,BRONX,2028-09-01,0.032665,0,very_low,baseline
EAST 174 STREET,BRONX,2028-10-01,0.027905,0,very_low,baseline
EAST 174 STREET,BRONX,2028-11-01,0.024034,0,very_low,baseline
EAST 174 STREET,BRONX,2028-12-01,0.023128,0,very_low,baseline
EAST 174 STREET,BRONX,2029-01-01,0.030751,0,very_low,baseline
EAST 174 STREET,BRONX,2029-02-01,0.03386,0,very_low,baseline
EAST 174 STREET,BRONX,2029-03-01,0.030663,0,very_low,baseline
EAST 174 STREET,BRONX,2029-04-01,0.029572,0,very_low,baseline
EAST 174 STREET,BRONX,2029-05-01,0.029639,0,very_low,baseline
EAST 174 STREET,BRONX,2029-06-01,0.029874,0,very_low,baseline
EAST 174 STREET,BRONX,2029-07-01,0.029661,0,very_low,baseline
EAST 174 STREET,BRONX,2029-08-01,0.032047,0,very_low,baseline
EAST 174 STREET,BRONX,2029-09-01,0.032665,0,very_low,baseline
EAST 174 STREET,BRONX,2029-10-01,0.027905,0,very_low,baseline
EAST 174 STREET,BRONX,2029-11-01,0.024034,0,very_low,baseline
EAST 174 STREET,BRONX,2029-12-01,0.023128,0,very_low,baseline
EAST 177 ST.-PARKCHESTER,BRONX,2027-01-01,0.069585,1,very_low,baseline
EAST 177 ST.-PARKCHESTER,BRONX,2027-02-01,0.022303,0,very_low,baseline
EAST 177 ST.-PARKCHESTER,BRONX,2027-03-01,0.023304,0,very_low,baseline
EAST 177 ST.-PARKCHESTER,BRONX,2027-04-01,0.023266,0,very_low,baseline
EAST 177 ST.-PARKCHESTER,BRONX,2027-05-01,0.015597,0,very_low,baseline
EAST 177 ST.-PARKCHESTER,BRONX,2027-06-01,0.015687,0,very_low,baseline
EAST 177 ST.-PARKCHESTER,BRONX,2027-07-01,0.015806,0,very_low,baseline
EAST 177 ST.-PARKCHESTER,BRONX,2027-08-01,0.017043,0,very_low,baseline
EAST 177 ST.-PARKCHESTER,BRONX,2027-09-01,0.01792,0,very_low,baseline
EAST 177 ST.-PARKCHESTER,BRONX,2027-10-01,0.016014,0,very_low,baseline
EAST 177 ST.-PARKCHESTER,BRONX,2027-11-01,0.015035,0,very_low,baseline
EAST 177 ST.-PARKCHESTER,BRONX,2027-12-01,0.015405,0,very_low,baseline
EAST 177 ST.-PARKCHESTER,BRONX,2028-01-01,0.015088,0,very_low,baseline
EAST 177 ST.-PARKCHESTER,BRONX,2028-02-01,0.023305,0,very_low,baseline
EAST 177 ST.-PARKCHESTER,BRONX,2028-03-01,0.024963,0,very_low,baseline
EAST 177 ST.-PARKCHESTER,BRONX,2028-04-01,0.024963,0,very_low,baseline
EAST 177 ST.-PARKCHESTER,BRONX,2028-05-01,0.026089,0,very_low,baseline
EAST 177 ST.-PARKCHESTER,BRONX,2028-06-01,0.026237,0,very_low,baseline
EAST 177 ST.-PARKCHESTER,BRONX,2028-07-01,0.025865,0,very_low,baseline
EAST 177 ST.-PARKCHESTER,BRONX,2028-08-01,0.029515,0,very_low,baseline
EAST 177 ST.-PARKCHESTER,BRONX,2028-09-01,0.031373,0,very_low,baseline
EAST 177 ST.-PARKCHESTER,BRONX,2028-10-01,0.026842,0,very_low,baseline
EAST 177 ST.-PARKCHESTER,BRONX,2028-11-01,0.022411,0,very_low,baseline
EAST 177 ST.-PARKCHESTER,BRONX,2028-12-01,0.022958,0,very_low,baseline
EAST 177 ST.-PARKCHESTER,BRONX,2029-01-01,0.023866,0,very_low,baseline
EAST 177 ST.-PARKCHESTER,BRONX,2029-02-01,0.023305,0,very_low,baseline
EAST 177 ST.-PARKCHESTER,BRONX,2029-03-01,0.024963,0,very_low,baseline
EAST 177 ST.-PARKCHESTER,BRONX,2029-04-01,0.024963,0,very_low,baseline
EAST 177 ST.-PARKCHESTER,BRONX,2029-05-01,0.026089,0,very_low,baseline
EAST 177 ST.-PARKCHESTER,BRONX,2029-06-01,0.026237,0,very_low,baseline
EAST 177 ST.-PARKCHESTER,BRONX,2029-07-01,0.025865,0,very_low,baseline
EAST 177 ST.-PARKCHESTER,BRONX,2029-08-01,0.029515,0,very_low,baseline
EAST 177 ST.-PARKCHESTER,BRONX,2029-09-01,0.031373,0,very_low,baseline
EAST 177 ST.-PARKCHESTER,BRONX,2029-10-01,0.026842,0,very_low,baseline
EAST 177 ST.-PARKCHESTER,BRONX,2029-11-01,0.022411,0,very_low,baseline
EAST 177 ST.-PARKCHESTER,BRONX,2029-12-01,0.022958,0,very_low,baseline
EAST 180 STREET,BRONX,2027-01-01,0.802845,1,very_high,baseline
EAST 180 STREET,BRONX,2027-02-01,0.797246,1,high,baseline
EAST 180 STREET,BRONX,2027-03-01,0.794326,1,high,baseline
EAST 180 STREET,BRONX,2027-04-01,0.830621,1,very_high,baseline
EAST 180 STREET,BRONX,2027-05-01,0.863317,1,very_high,baseline
EAST 180 STREET,BRONX,2027-06-01,0.792032,1,high,baseline
EAST 180 STREET,BRONX,2027-07-01,0.798728,1,high,baseline
EAST 180 STREET,BRONX,2027-08-01,0.806615,1,very_high,baseline
EAST 180 STREET,BRONX,2027-09-01,0.821618,1,very_high,baseline
EAST 180 STREET,BRONX,2027-10-01,0.813945,1,very_high,baseline
EAST 180 STREET,BRONX,2027-11-01,0.811954,1,very_high,baseline
EAST 180 STREET,BRONX,2027-12-01,0.80599,1,very_high,baseline
EAST 180 STREET,BRONX,2028-01-01,0.785882,1,high,baseline
EAST 180 STREET,BRONX,2028-02-01,0.787601,1,high,baseline
EAST 180 STREET,BRONX,2028-03-01,0.796245,1,high,baseline
EAST 180 STREET,BRONX,2028-04-01,0.807045,1,very_high,baseline
EAST 180 STREET,BRONX,2028-05-01,0.809644,1,very_high,baseline
EAST 180 STREET,BRONX,2028-06-01,0.809228,1,very_high,baseline
EAST 180 STREET,BRONX,2028-07-01,0.809617,1,very_high,baseline
EAST 180 STREET,BRONX,2028-08-01,0.812633,1,very_high,baseline
EAST 180 STREET,BRONX,2028-09-01,0.817383,1,very_high,baseline
EAST 180 STREET,BRONX,2028-10-01,0.80957,1,very_high,baseline
EAST 180 STREET,BRONX,2028-11-01,0.807543,1,very_high,baseline
EAST 180 STREET,BRONX,2028-12-01,0.80599,1,very_high,baseline
EAST 180 STREET,BRONX,2029-01-01,0.785882,1,high,baseline
EAST 180 STREET,BRONX,2029-02-01,0.787601,1,high,baseline
EAST 180 STREET,BRONX,2029-03-01,0.796245,1,high,baseline
EAST 180 STREET,BRONX,2029-04-01,0.807045,1,very_high,baseline
EAST 180 STREET,BRONX,2029-05-01,0.809644,1,very_high,baseline
EAST 180 STREET,BRONX,2029-06-01,0.809228,1,very_high,baseline
EAST 180 STREET,BRONX,2029-07-01,0.809617,1,very_high,baseline
EAST 180 STREET,BRONX,2029-08-01,0.812633,1,very_high,baseline
EAST 180 STREET,BRONX,2029-09-01,0.817383,1,very_high,baseline
EAST 180 STREET,BRONX,2029-10-01,0.80957,1,very_high,baseline
EAST 180 STREET,BRONX,2029-11-01,0.807543,1,very_high,baseline
EAST 180 STREET,BRONX,2029-12-01,0.80599,1,very_high,baseline
EAST BROADWAY,MANHATTAN,2027-01-01,0.000444,0,very_low,baseline
EAST BROADWAY,MANHATTAN,2027-02-01,0.000432,0,very_low,baseline
EAST BROADWAY,MANHATTAN,2027-03-01,0.000493,0,very_low,baseline
EAST BROADWAY,MANHATTAN,2027-04-01,0.000504,0,very_low,baseline
EAST BROADWAY,MANHATTAN,2027-05-01,0.000514,0,very_low,baseline
EAST BROADWAY,MANHATTAN,2027-06-01,0.000519,0,very_low,baseline
EAST BROADWAY,MANHATTAN,2027-07-01,0.000498,0,very_low,baseline
EAST BROADWAY,MANHATTAN,2027-08-01,0.000553,0,very_low,baseline
EAST BROADWAY,MANHATTAN,2027-09-01,0.000574,0,very_low,baseline
EAST BROADWAY,MANHATTAN,2027-10-01,0.000489,0,very_low,baseline
EAST BROADWAY,MANHATTAN,2027-11-01,0.000397,0,very_low,baseline
EAST BROADWAY,MANHATTAN,2027-12-01,0.000381,0,very_low,baseline
EAST BROADWAY,MANHATTAN,2028-01-01,0.000495,0,very_low,baseline
EAST BROADWAY,MANHATTAN,2028-02-01,0.000491,0,very_low,baseline
EAST BROADWAY,MANHATTAN,2028-03-01,0.000504,0,very_low,baseline
EAST BROADWAY,MANHATTAN,2028-04-01,0.000504,0,very_low,baseline
EAST BROADWAY,MANHATTAN,2028-05-01,0.000518,0,very_low,baseline
EAST BROADWAY,MANHATTAN,2028-06-01,0.000519,0,very_low,baseline
EAST BROADWAY,MANHATTAN,2028-07-01,0.000498,0,very_low,baseline
EAST BROADWAY,MANHATTAN,2028-08-01,0.000553,0,very_low,baseline
EAST BROADWAY,MANHATTAN,2028-09-01,0.000574,0,very_low,baseline
EAST BROADWAY,MANHATTAN,2028-10-01,0.000489,0,very_low,baseline
EAST BROADWAY,MANHATTAN,2028-11-01,0.000397,0,very_low,baseline
EAST BROADWAY,MANHATTAN,2028-12-01,0.000381,0,very_low,baseline
EAST BROADWAY,MANHATTAN,2029-01-01,0.000495,0,very_low,baseline
EAST BROADWAY,MANHATTAN,2029-02-01,0.000491,0,very_low,baseline
EAST BROADWAY,MANHATTAN,2029-03-01,0.000504,0,very_low,baseline
EAST BROADWAY,MANHATTAN,2029-04-01,0.000504,0,very_low,baseline
EAST BROADWAY,MANHATTAN,2029-05-01,0.000518,0,very_low,baseline
EAST BROADWAY,MANHATTAN,2029-06-01,0.000519,0,very_low,baseline
EAST BROADWAY,MANHATTAN,2029-07-01,0.000498,0,very_low,baseline
EAST BROADWAY,MANHATTAN,2029-08-01,0.000553,0,very_low,baseline
EAST BROADWAY,MANHATTAN,2029-09-01,0.000574,0,very_low,baseline
EAST BROADWAY,MANHATTAN,2029-10-01,0.000489,0,very_low,baseline
EAST BROADWAY,MANHATTAN,2029-11-01,0.000397,0,very_low,baseline
EAST BROADWAY,MANHATTAN,2029-12-01,0.000381,0,very_low,baseline
EAST TREMONT AV.-WESTCHESTER S,BRONX,2027-01-01,0.000277,0,very_low,baseline
EAST TREMONT AV.-WESTCHESTER S,BRONX,2027-02-01,0.00036,0,very_low,baseline
EAST TREMONT AV.-WESTCHESTER S,BRONX,2027-03-01,0.000393,0,very_low,baseline
EAST TREMONT AV.-WESTCHESTER S,BRONX,2027-04-01,0.000382,0,very_low,baseline
EAST TREMONT AV.-WESTCHESTER S,BRONX,2027-05-01,0.000289,0,very_low,baseline
EAST TREMONT AV.-WESTCHESTER S,BRONX,2027-06-01,0.00029,0,very_low,baseline
EAST TREMONT AV.-WESTCHESTER S,BRONX,2027-07-01,0.000283,0,very_low,baseline
EAST TREMONT AV.-WESTCHESTER S,BRONX,2027-08-01,0.000302,0,very_low,baseline
EAST TREMONT AV.-WESTCHESTER S,BRONX,2027-09-01,0.000309,0,very_low,baseline
EAST TREMONT AV.-WESTCHESTER S,BRONX,2027-10-01,0.000269,0,very_low,baseline
EAST TREMONT AV.-WESTCHESTER S,BRONX,2027-11-01,0.000246,0,very_low,baseline
EAST TREMONT AV.-WESTCHESTER S,BRONX,2027-12-01,0.000236,0,very_low,baseline
EAST TREMONT AV.-WESTCHESTER S,BRONX,2028-01-01,0.000294,0,very_low,baseline
EAST TREMONT AV.-WESTCHESTER S,BRONX,2028-02-01,0.000311,0,very_low,baseline
EAST TREMONT AV.-WESTCHESTER S,BRONX,2028-03-01,0.0003,0,very_low,baseline
EAST TREMONT AV.-WESTCHESTER S,BRONX,2028-04-01,0.000293,0,very_low,baseline
EAST TREMONT AV.-WESTCHESTER S,BRONX,2028-05-01,0.000288,0,very_low,baseline
EAST TREMONT AV.-WESTCHESTER S,BRONX,2028-06-01,0.00029,0,very_low,baseline
EAST TREMONT AV.-WESTCHESTER S,BRONX,2028-07-01,0.000283,0,very_low,baseline
EAST TREMONT AV.-WESTCHESTER S,BRONX,2028-08-01,0.000302,0,very_low,baseline
EAST TREMONT AV.-WESTCHESTER S,BRONX,2028-09-01,0.000309,0,very_low,baseline
EAST TREMONT AV.-WESTCHESTER S,BRONX,2028-10-01,0.000269,0,very_low,baseline
EAST TREMONT AV.-WESTCHESTER S,BRONX,2028-11-01,0.000246,0,very_low,baseline
EAST TREMONT AV.-WESTCHESTER S,BRONX,2028-12-01,0.000236,0,very_low,baseline
EAST TREMONT AV.-WESTCHESTER S,BRONX,2029-01-01,0.000294,0,very_low,baseline
EAST TREMONT AV.-WESTCHESTER S,BRONX,2029-02-01,0.000311,0,very_low,baseline
EAST TREMONT AV.-WESTCHESTER S,BRONX,2029-03-01,0.0003,0,very_low,baseline
EAST TREMONT AV.-WESTCHESTER S,BRONX,2029-04-01,0.000293,0,very_low,baseline
EAST TREMONT AV.-WESTCHESTER S,BRONX,2029-05-01,0.000288,0,very_low,baseline
EAST TREMONT AV.-WESTCHESTER S,BRONX,2029-06-01,0.00029,0,very_low,baseline
EAST TREMONT AV.-WESTCHESTER S,BRONX,2029-07-01,0.000283,0,very_low,baseline
EAST TREMONT AV.-WESTCHESTER S,BRONX,2029-08-01,0.000302,0,very_low,baseline
EAST TREMONT AV.-WESTCHESTER S,BRONX,2029-09-01,0.000309,0,very_low,baseline
EAST TREMONT AV.-WESTCHESTER S,BRONX,2029-10-01,0.000269,0,very_low,baseline
EAST TREMONT AV.-WESTCHESTER S,BRONX,2029-11-01,0.000246,0,very_low,baseline
EAST TREMONT AV.-WESTCHESTER S,BRONX,2029-12-01,0.000236,0,very_low,baseline
EAST TREMONT AVE.-WEST FARMS S,BRONX,2027-01-01,0.000771,0,very_low,baseline
EAST TREMONT AVE.-WEST FARMS S,BRONX,2027-02-01,0.00062,0,very_low,baseline
EAST TREMONT AVE.-WEST FARMS S,BRONX,2027-03-01,0.000646,0,very_low,baseline
EAST TREMONT AVE.-WEST FARMS S,BRONX,2027-04-01,0.000608,0,very_low,baseline
EAST TREMONT AVE.-WEST FARMS S,BRONX,2027-05-01,0.000663,0,very_low,baseline
EAST TREMONT AVE.-WEST FARMS S,BRONX,2027-06-01,0.000571,0,very_low,baseline
EAST TREMONT AVE.-WEST FARMS S,BRONX,2027-07-01,0.000537,0,very_low,baseline
EAST TREMONT AVE.-WEST FARMS S,BRONX,2027-08-01,0.000577,0,very_low,baseline
EAST TREMONT AVE.-WEST FARMS S,BRONX,2027-09-01,0.000599,0,very_low,baseline
EAST TREMONT AVE.-WEST FARMS S,BRONX,2027-10-01,0.000516,0,very_low,baseline
EAST TREMONT AVE.-WEST FARMS S,BRONX,2027-11-01,0.000432,0,very_low,baseline
EAST TREMONT AVE.-WEST FARMS S,BRONX,2027-12-01,0.000427,0,very_low,baseline
EAST TREMONT AVE.-WEST FARMS S,BRONX,2028-01-01,0.000586,0,very_low,baseline
EAST TREMONT AVE.-WEST FARMS S,BRONX,2028-02-01,0.00061,0,very_low,baseline
EAST TREMONT AVE.-WEST FARMS S,BRONX,2028-03-01,0.000588,0,very_low,baseline
EAST TREMONT AVE.-WEST FARMS S,BRONX,2028-04-01,0.000566,0,very_low,baseline
EAST TREMONT AVE.-WEST FARMS S,BRONX,2028-05-01,0.000567,0,very_low,baseline
EAST TREMONT AVE.-WEST FARMS S,BRONX,2028-06-01,0.000571,0,very_low,baseline
EAST TREMONT AVE.-WEST FARMS S,BRONX,2028-07-01,0.000537,0,very_low,baseline
EAST TREMONT AVE.-WEST FARMS S,BRONX,2028-08-01,0.000577,0,very_low,baseline
EAST TREMONT AVE.-WEST FARMS S,BRONX,2028-09-01,0.000599,0,very_low,baseline
EAST TREMONT AVE.-WEST FARMS S,BRONX,2028-10-01,0.000516,0,very_low,baseline
EAST TREMONT AVE.-WEST FARMS S,BRONX,2028-11-01,0.000432,0,very_low,baseline
EAST TREMONT AVE.-WEST FARMS S,BRONX,2028-12-01,0.000427,0,very_low,baseline
EAST TREMONT AVE.-WEST FARMS S,BRONX,2029-01-01,0.000586,0,very_low,baseline
EAST TREMONT AVE.-WEST FARMS S,BRONX,2029-02-01,0.00061,0,very_low,baseline
EAST TREMONT AVE.-WEST FARMS S,BRONX,2029-03-01,0.000588,0,very_low,baseline
EAST TREMONT AVE.-WEST FARMS S,BRONX,2029-04-01,0.000566,0,very_low,baseline
EAST TREMONT AVE.-WEST FARMS S,BRONX,2029-05-01,0.000567,0,very_low,baseline
EAST TREMONT AVE.-WEST FARMS S,BRONX,2029-06-01,0.000571,0,very_low,baseline
EAST TREMONT AVE.-WEST FARMS S,BRONX,2029-07-01,0.000537,0,very_low,baseline
EAST TREMONT AVE.-WEST FARMS S,BRONX,2029-08-01,0.000577,0,very_low,baseline
EAST TREMONT AVE.-WEST FARMS S,BRONX,2029-09-01,0.000599,0,very_low,baseline
EAST TREMONT AVE.-WEST FARMS S,BRONX,2029-10-01,0.000516,0,very_low,baseline
EAST TREMONT AVE.-WEST FARMS S,BRONX,2029-11-01,0.000432,0,very_low,baseline
EAST TREMONT AVE.-WEST FARMS S,BRONX,2029-12-01,0.000427,0,very_low,baseline
EASTERN PKWY-BROOKLYN MUSEUM,BROOKLYN,2027-01-01,0.000164,0,very_low,baseline
EASTERN PKWY-BROOKLYN MUSEUM,BROOKLYN,2027-02-01,0.000178,0,very_low,baseline
EASTERN PKWY-BROOKLYN MUSEUM,BROOKLYN,2027-03-01,0.000123,0,very_low,baseline
EASTERN PKWY-BROOKLYN MUSEUM,BROOKLYN,2027-04-01,0.000115,0,very_low,baseline
EASTERN PKWY-BROOKLYN MUSEUM,BROOKLYN,2027-05-01,0.000116,0,very_low,baseline
EASTERN PKWY-BROOKLYN MUSEUM,BROOKLYN,2027-06-01,0.000147,0,very_low,baseline
EASTERN PKWY-BROOKLYN MUSEUM,BROOKLYN,2027-07-01,0.00015,0,very_low,baseline
EASTERN PKWY-BROOKLYN MUSEUM,BROOKLYN,2027-08-01,0.000153,0,very_low,baseline
EASTERN PKWY-BROOKLYN MUSEUM,BROOKLYN,2027-09-01,0.000161,0,very_low,baseline
EASTERN PKWY-BROOKLYN MUSEUM,BROOKLYN,2027-10-01,0.000141,0,very_low,baseline
EASTERN PKWY-BROOKLYN MUSEUM,BROOKLYN,2027-11-01,0.00013,0,very_low,baseline
EASTERN PKWY-BROOKLYN MUSEUM,BROOKLYN,2027-12-01,0.000124,0,very_low,baseline
EASTERN PKWY-BROOKLYN MUSEUM,BROOKLYN,2028-01-01,0.000143,0,very_low,baseline
EASTERN PKWY-BROOKLYN MUSEUM,BROOKLYN,2028-02-01,0.000149,0,very_low,baseline
EASTERN PKWY-BROOKLYN MUSEUM,BROOKLYN,2028-03-01,0.000148,0,very_low,baseline
EASTERN PKWY-BROOKLYN MUSEUM,BROOKLYN,2028-04-01,0.000146,0,very_low,baseline
EASTERN PKWY-BROOKLYN MUSEUM,BROOKLYN,2028-05-01,0.00015,0,very_low,baseline
EASTERN PKWY-BROOKLYN MUSEUM,BROOKLYN,2028-06-01,0.000147,0,very_low,baseline
EASTERN PKWY-BROOKLYN MUSEUM,BROOKLYN,2028-07-01,0.00015,0,very_low,baseline
EASTERN PKWY-BROOKLYN MUSEUM,BROOKLYN,2028-08-01,0.000153,0,very_low,baseline
EASTERN PKWY-BROOKLYN MUSEUM,BROOKLYN,2028-09-01,0.000161,0,very_low,baseline
EASTERN PKWY-BROOKLYN MUSEUM,BROOKLYN,2028-10-01,0.000141,0,very_low,baseline
EASTERN PKWY-BROOKLYN MUSEUM,BROOKLYN,2028-11-01,0.00013,0,very_low,baseline
EASTERN PKWY-BROOKLYN MUSEUM,BROOKLYN,2028-12-01,0.000124,0,very_low,baseline
EASTERN PKWY-BROOKLYN MUSEUM,BROOKLYN,2029-01-01,0.000143,0,very_low,baseline
EASTERN PKWY-BROOKLYN MUSEUM,BROOKLYN,2029-02-01,0.000149,0,very_low,baseline
EASTERN PKWY-BROOKLYN MUSEUM,BROOKLYN,2029-03-01,0.000148,0,very_low,baseline
EASTERN PKWY-BROOKLYN MUSEUM,BROOKLYN,2029-04-01,0.000146,0,very_low,baseline
EASTERN PKWY-BROOKLYN MUSEUM,BROOKLYN,2029-05-01,0.00015,0,very_low,baseline
EASTERN PKWY-BROOKLYN MUSEUM,BROOKLYN,2029-06-01,0.000147,0,very_low,baseline
EASTERN PKWY-BROOKLYN MUSEUM,BROOKLYN,2029-07-01,0.00015,0,very_low,baseline
EASTERN PKWY-BROOKLYN MUSEUM,BROOKLYN,2029-08-01,0.000153,0,very_low,baseline
EASTERN PKWY-BROOKLYN MUSEUM,BROOKLYN,2029-09-01,0.000161,0,very_low,baseline
EASTERN PKWY-BROOKLYN MUSEUM,BROOKLYN,2029-10-01,0.000141,0,very_low,baseline
EASTERN PKWY-BROOKLYN MUSEUM,BROOKLYN,2029-11-01,0.00013,0,very_low,baseline
EASTERN PKWY-BROOKLYN MUSEUM,BROOKLYN,2029-12-01,0.000124,0,very_low,baseline
ELDER AVENUE,BRONX,2027-01-01,0.000721,0,very_low,baseline
ELDER AVENUE,BRONX,2027-02-01,0.000517,0,very_low,baseline
ELDER AVENUE,BRONX,2027-03-01,0.000486,0,very_low,baseline
ELDER AVENUE,BRONX,2027-04-01,0.000608,0,very_low,baseline
ELDER AVENUE,BRONX,2027-05-01,0.000623,0,very_low,baseline
ELDER AVENUE,BRONX,2027-06-01,0.000568,0,very_low,baseline
ELDER AVENUE,BRONX,2027-07-01,0.000553,0,very_low,baseline
ELDER AVENUE,BRONX,2027-08-01,0.000591,0,very_low,baseline
ELDER AVENUE,BRONX,2027-09-01,0.000608,0,very_low,baseline
ELDER AVENUE,BRONX,2027-10-01,0.000534,0,very_low,baseline
ELDER AVENUE,BRONX,2027-11-01,0.000488,0,very_low,baseline
ELDER AVENUE,BRONX,2027-12-01,0.000469,0,very_low,baseline
ELDER AVENUE,BRONX,2028-01-01,0.000606,0,very_low,baseline
ELDER AVENUE,BRONX,2028-02-01,0.000654,0,very_low,baseline
ELDER AVENUE,BRONX,2028-03-01,0.000594,0,very_low,baseline
ELDER AVENUE,BRONX,2028-04-01,0.000572,0,very_low,baseline
ELDER AVENUE,BRONX,2028-05-01,0.000563,0,very_low,baseline
ELDER AVENUE,BRONX,2028-06-01,0.000568,0,very_low,baseline
ELDER AVENUE,BRONX,2028-07-01,0.000553,0,very_low,baseline
ELDER AVENUE,BRONX,2028-08-01,0.000591,0,very_low,baseline
ELDER AVENUE,BRONX,2028-09-01,0.000608,0,very_low,baseline
ELDER AVENUE,BRONX,2028-10-01,0.000534,0,very_low,baseline
ELDER AVENUE,BRONX,2028-11-01,0.000488,0,very_low,baseline
ELDER AVENUE,BRONX,2028-12-01,0.000469,0,very_low,baseline
ELDER AVENUE,BRONX,2029-01-01,0.000606,0,very_low,baseline
ELDER AVENUE,BRONX,2029-02-01,0.000654,0,very_low,baseline
ELDER AVENUE,BRONX,2029-03-01,0.000594,0,very_low,baseline
ELDER AVENUE,BRONX,2029-04-01,0.000572,0,very_low,baseline
ELDER AVENUE,BRONX,2029-05-01,0.000563,0,very_low,baseline
ELDER AVENUE,BRONX,2029-06-01,0.000568,0,very_low,baseline
ELDER AVENUE,BRONX,2029-07-01,0.000553,0,very_low,baseline
ELDER AVENUE,BRONX,2029-08-01,0.000591,0,very_low,baseline
ELDER AVENUE,BRONX,2029-09-01,0.000608,0,very_low,baseline
ELDER AVENUE,BRONX,2029-10-01,0.000534,0,very_low,baseline
ELDER AVENUE,BRONX,2029-11-01,0.000488,0,very_low,baseline
ELDER AVENUE,BRONX,2029-12-01,0.000469,0,very_low,baseline
ELMHURST AVE.,QUEENS,2027-01-01,0.000577,0,very_low,baseline
ELMHURST AVE.,QUEENS,2027-02-01,0.00073,0,very_low,baseline
ELMHURST AVE.,QUEENS,2027-03-01,0.000288,0,very_low,baseline
ELMHURST AVE.,QUEENS,2027-04-01,0.000401,0,very_low,baseline
ELMHURST AVE.,QUEENS,2027-05-01,0.000411,0,very_low,baseline
ELMHURST AVE.,QUEENS,2027-06-01,0.000463,0,very_low,baseline
ELMHURST AVE.,QUEENS,2027-07-01,0.000435,0,very_low,baseline
ELMHURST AVE.,QUEENS,2027-08-01,0.000492,0,very_low,baseline
ELMHURST AVE.,QUEENS,2027-09-01,0.000506,0,very_low,baseline
ELMHURST AVE.,QUEENS,2027-10-01,0.000415,0,very_low,baseline
ELMHURST AVE.,QUEENS,2027-11-01,0.000367,0,very_low,baseline
ELMHURST AVE.,QUEENS,2027-12-01,0.000353,0,very_low,baseline
ELMHURST AVE.,QUEENS,2028-01-01,0.000423,0,very_low,baseline
ELMHURST AVE.,QUEENS,2028-02-01,0.00044,0,very_low,baseline
ELMHURST AVE.,QUEENS,2028-03-01,0.000458,0,very_low,baseline
ELMHURST AVE.,QUEENS,2028-04-01,0.000447,0,very_low,baseline
ELMHURST AVE.,QUEENS,2028-05-01,0.000459,0,very_low,baseline
ELMHURST AVE.,QUEENS,2028-06-01,0.000463,0,very_low,baseline
ELMHURST AVE.,QUEENS,2028-07-01,0.000435,0,very_low,baseline
ELMHURST AVE.,QUEENS,2028-08-01,0.000492,0,very_low,baseline
ELMHURST AVE.,QUEENS,2028-09-01,0.000506,0,very_low,baseline
ELMHURST AVE.,QUEENS,2028-10-01,0.000415,0,very_low,baseline
ELMHURST AVE.,QUEENS,2028-11-01,0.000367,0,very_low,baseline
ELMHURST AVE.,QUEENS,2028-12-01,0.000353,0,very_low,baseline
ELMHURST AVE.,QUEENS,2029-01-01,0.000423,0,very_low,baseline
ELMHURST AVE.,QUEENS,2029-02-01,0.00044,0,very_low,baseline
ELMHURST AVE.,QUEENS,2029-03-01,0.000458,0,very_low,baseline
ELMHURST AVE.,QUEENS,2029-04-01,0.000447,0,very_low,baseline
ELMHURST AVE.,QUEENS,2029-05-01,0.000459,0,very_low,baseline
ELMHURST AVE.,QUEENS,2029-06-01,0.000463,0,very_low,baseline
ELMHURST AVE.,QUEENS,2029-07-01,0.000435,0,very_low,baseline
ELMHURST AVE.,QUEENS,2029-08-01,0.000492,0,very_low,baseline
ELMHURST AVE.,QUEENS,2029-09-01,0.000506,0,very_low,baseline
ELMHURST AVE.,QUEENS,2029-10-01,0.000415,0,very_low,baseline
ELMHURST AVE.,QUEENS,2029-11-01,0.000367,0,very_low,baseline
ELMHURST AVE.,QUEENS,2029-12-01,0.000353,0,very_low,baseline
ESSEX STREET,MANHATTAN,2027-01-01,0.000294,0,very_low,baseline
ESSEX STREET,MANHATTAN,2027-02-01,0.000286,0,very_low,baseline
ESSEX STREET,MANHATTAN,2027-03-01,0.000249,0,very_low,baseline
ESSEX STREET,MANHATTAN,2027-04-01,0.000312,0,very_low,baseline
ESSEX STREET,MANHATTAN,2027-05-01,0.000316,0,very_low,baseline
ESSEX STREET,MANHATTAN,2027-06-01,0.000312,0,very_low,baseline
ESSEX STREET,MANHATTAN,2027-07-01,0.000302,0,very_low,baseline
ESSEX STREET,MANHATTAN,2027-08-01,0.000335,0,very_low,baseline
ESSEX STREET,MANHATTAN,2027-09-01,0.000348,0,very_low,baseline
ESSEX STREET,MANHATTAN,2027-10-01,0.000292,0,very_low,baseline
ESSEX STREET,MANHATTAN,2027-11-01,0.000237,0,very_low,baseline
ESSEX STREET,MANHATTAN,2027-12-01,0.000234,0,very_low,baseline
ESSEX STREET,MANHATTAN,2028-01-01,0.000322,0,very_low,baseline
ESSEX STREET,MANHATTAN,2028-02-01,0.000319,0,very_low,baseline
ESSEX STREET,MANHATTAN,2028-03-01,0.000303,0,very_low,baseline
ESSEX STREET,MANHATTAN,2028-04-01,0.000303,0,very_low,baseline
ESSEX STREET,MANHATTAN,2028-05-01,0.000311,0,very_low,baseline
ESSEX STREET,MANHATTAN,2028-06-01,0.000312,0,very_low,baseline
ESSEX STREET,MANHATTAN,2028-07-01,0.000302,0,very_low,baseline
ESSEX STREET,MANHATTAN,2028-08-01,0.000335,0,very_low,baseline
ESSEX STREET,MANHATTAN,2028-09-01,0.000348,0,very_low,baseline
ESSEX STREET,MANHATTAN,2028-10-01,0.000292,0,very_low,baseline
ESSEX STREET,MANHATTAN,2028-11-01,0.000237,0,very_low,baseline
ESSEX STREET,MANHATTAN,2028-12-01,0.000234,0,very_low,baseline
ESSEX STREET,MANHATTAN,2029-01-01,0.000322,0,very_low,baseline
ESSEX STREET,MANHATTAN,2029-02-01,0.000319,0,very_low,baseline
ESSEX STREET,MANHATTAN,2029-03-01,0.000303,0,very_low,baseline
ESSEX STREET,MANHATTAN,2029-04-01,0.000303,0,very_low,baseline
ESSEX STREET,MANHATTAN,2029-05-01,0.000311,0,very_low,baseline
ESSEX STREET,MANHATTAN,2029-06-01,0.000312,0,very_low,baseline
ESSEX STREET,MANHATTAN,2029-07-01,0.000302,0,very_low,baseline
ESSEX STREET,MANHATTAN,2029-08-01,0.000335,0,very_low,baseline
ESSEX STREET,MANHATTAN,2029-09-01,0.000348,0,very_low,baseline
ESSEX STREET,MANHATTAN,2029-10-01,0.000292,0,very_low,baseline
ESSEX STREET,MANHATTAN,2029-11-01,0.000237,0,very_low,baseline
ESSEX STREET,MANHATTAN,2029-12-01,0.000234,0,very_low,baseline
EUCLID AVENUE,BROOKLYN,2027-01-01,0.351114,1,low,baseline
EUCLID AVENUE,BROOKLYN,2027-02-01,0.205795,1,low,baseline
EUCLID AVENUE,BROOKLYN,2027-03-01,0.231833,1,low,baseline
EUCLID AVENUE,BROOKLYN,2027-04-01,0.18957,1,very_low,baseline
EUCLID AVENUE,BROOKLYN,2027-05-01,0.250208,1,low,baseline
EUCLID AVENUE,BROOKLYN,2027-06-01,0.266276,1,low,baseline
EUCLID AVENUE,BROOKLYN,2027-07-01,0.276261,1,low,baseline
EUCLID AVENUE,BROOKLYN,2027-08-01,0.309686,1,low,baseline
EUCLID AVENUE,BROOKLYN,2027-09-01,0.328444,1,low,baseline
EUCLID AVENUE,BROOKLYN,2027-10-01,0.313147,1,low,baseline
EUCLID AVENUE,BROOKLYN,2027-11-01,0.291229,1,low,baseline
EUCLID AVENUE,BROOKLYN,2027-12-01,0.310864,1,low,baseline
EUCLID AVENUE,BROOKLYN,2028-01-01,0.343985,1,low,baseline
EUCLID AVENUE,BROOKLYN,2028-02-01,0.333466,1,low,baseline
EUCLID AVENUE,BROOKLYN,2028-03-01,0.337299,1,low,baseline
EUCLID AVENUE,BROOKLYN,2028-04-01,0.334589,1,low,baseline
EUCLID AVENUE,BROOKLYN,2028-05-01,0.337331,1,low,baseline
EUCLID AVENUE,BROOKLYN,2028-06-01,0.337984,1,low,baseline
EUCLID AVENUE,BROOKLYN,2028-07-01,0.338549,1,low,baseline
EUCLID AVENUE,BROOKLYN,2028-08-01,0.337197,1,low,baseline
EUCLID AVENUE,BROOKLYN,2028-09-01,0.344621,1,low,baseline
EUCLID AVENUE,BROOKLYN,2028-10-01,0.328939,1,low,baseline
EUCLID AVENUE,BROOKLYN,2028-11-01,0.310944,1,low,baseline
EUCLID AVENUE,BROOKLYN,2028-12-01,0.310864,1,low,baseline
EUCLID AVENUE,BROOKLYN,2029-01-01,0.343985,1,low,baseline
EUCLID AVENUE,BROOKLYN,2029-02-01,0.333466,1,low,baseline
EUCLID AVENUE,BROOKLYN,2029-03-01,0.337299,1,low,baseline
EUCLID AVENUE,BROOKLYN,2029-04-01,0.334589,1,low,baseline
EUCLID AVENUE,BROOKLYN,2029-05-01,0.337331,1,low,baseline
EUCLID AVENUE,BROOKLYN,2029-06-01,0.337984,1,low,baseline
EUCLID AVENUE,BROOKLYN,2029-07-01,0.338549,1,low,baseline
EUCLID AVENUE,BROOKLYN,2029-08-01,0.337197,1,low,baseline
EUCLID AVENUE,BROOKLYN,2029-09-01,0.344621,1,low,baseline
EUCLID AVENUE,BROOKLYN,2029-10-01,0.328939,1,low,baseline
EUCLID AVENUE,BROOKLYN,2029-11-01,0.310944,1,low,baseline
EUCLID AVENUE,BROOKLYN,2029-12-01,0.310864,1,low,baseline
FAR ROCKAWAY-MOTT AVE.,QUEENS,2027-01-01,0.394856,1,low,baseline
FAR ROCKAWAY-MOTT AVE.,QUEENS,2027-02-01,0.418699,1,medium,baseline
FAR ROCKAWAY-MOTT AVE.,QUEENS,2027-03-01,0.339223,1,low,baseline
FAR ROCKAWAY-MOTT AVE.,QUEENS,2027-04-01,0.381375,1,low,baseline
FAR ROCKAWAY-MOTT AVE.,QUEENS,2027-05-01,0.384136,1,low,baseline
FAR ROCKAWAY-MOTT AVE.,QUEENS,2027-06-01,0.404086,1,medium,baseline
FAR ROCKAWAY-MOTT AVE.,QUEENS,2027-07-01,0.428488,1,medium,baseline
FAR ROCKAWAY-MOTT AVE.,QUEENS,2027-08-01,0.451233,1,medium,baseline
FAR ROCKAWAY-MOTT AVE.,QUEENS,2027-09-01,0.474091,1,medium,baseline
FAR ROCKAWAY-MOTT AVE.,QUEENS,2027-10-01,0.46023,1,medium,baseline
FAR ROCKAWAY-MOTT AVE.,QUEENS,2027-11-01,0.425892,1,medium,baseline
FAR ROCKAWAY-MOTT AVE.,QUEENS,2027-12-01,0.432489,1,medium,baseline
FAR ROCKAWAY-MOTT AVE.,QUEENS,2028-01-01,0.445802,1,medium,baseline
FAR ROCKAWAY-MOTT AVE.,QUEENS,2028-02-01,0.434231,1,medium,baseline
FAR ROCKAWAY-MOTT AVE.,QUEENS,2028-03-01,0.455732,1,medium,baseline
FAR ROCKAWAY-MOTT AVE.,QUEENS,2028-04-01,0.452721,1,medium,baseline
FAR ROCKAWAY-MOTT AVE.,QUEENS,2028-05-01,0.459649,1,medium,baseline
FAR ROCKAWAY-MOTT AVE.,QUEENS,2028-06-01,0.460374,1,medium,baseline
FAR ROCKAWAY-MOTT AVE.,QUEENS,2028-07-01,0.452726,1,medium,baseline
FAR ROCKAWAY-MOTT AVE.,QUEENS,2028-08-01,0.46241,1,medium,baseline
FAR ROCKAWAY-MOTT AVE.,QUEENS,2028-09-01,0.485333,1,medium,baseline
FAR ROCKAWAY-MOTT AVE.,QUEENS,2028-10-01,0.469215,1,medium,baseline
FAR ROCKAWAY-MOTT AVE.,QUEENS,2028-11-01,0.439975,1,medium,baseline
FAR ROCKAWAY-MOTT AVE.,QUEENS,2028-12-01,0.432489,1,medium,baseline
FAR ROCKAWAY-MOTT AVE.,QUEENS,2029-01-01,0.445802,1,medium,baseline
FAR ROCKAWAY-MOTT AVE.,QUEENS,2029-02-01,0.434231,1,medium,baseline
FAR ROCKAWAY-MOTT AVE.,QUEENS,2029-03-01,0.455732,1,medium,baseline
FAR ROCKAWAY-MOTT AVE.,QUEENS,2029-04-01,0.452721,1,medium,baseline
FAR ROCKAWAY-MOTT AVE.,QUEENS,2029-05-01,0.459649,1,medium,baseline
FAR ROCKAWAY-MOTT AVE.,QUEENS,2029-06-01,0.460374,1,medium,baseline
FAR ROCKAWAY-MOTT AVE.,QUEENS,2029-07-01,0.452726,1,medium,baseline
FAR ROCKAWAY-MOTT AVE.,QUEENS,2029-08-01,0.46241,1,medium,baseline
FAR ROCKAWAY-MOTT AVE.,QUEENS,2029-09-01,0.485333,1,medium,baseline
FAR ROCKAWAY-MOTT AVE.,QUEENS,2029-10-01,0.469215,1,medium,baseline
FAR ROCKAWAY-MOTT AVE.,QUEENS,2029-11-01,0.439975,1,medium,baseline
FAR ROCKAWAY-MOTT AVE.,QUEENS,2029-12-01,0.432489,1,medium,baseline
FLATBUSH AVE.-BROOKLYN COLLEGE,BROOKLYN,2027-01-01,0.034888,0,very_low,baseline
FLATBUSH AVE.-BROOKLYN COLLEGE,BROOKLYN,2027-02-01,0.040197,0,very_low,baseline
FLATBUSH AVE.-BROOKLYN COLLEGE,BROOKLYN,2027-03-01,0.021932,0,very_low,baseline
FLATBUSH AVE.-BROOKLYN COLLEGE,BROOKLYN,2027-04-01,0.026945,0,very_low,baseline
FLATBUSH AVE.-BROOKLYN COLLEGE,BROOKLYN,2027-05-01,0.044948,0,very_low,baseline
FLATBUSH AVE.-BROOKLYN COLLEGE,BROOKLYN,2027-06-01,0.04757,0,very_low,baseline
FLATBUSH AVE.-BROOKLYN COLLEGE,BROOKLYN,2027-07-01,0.048271,0,very_low,baseline
FLATBUSH AVE.-BROOKLYN COLLEGE,BROOKLYN,2027-08-01,0.05323,1,very_low,baseline
FLATBUSH AVE.-BROOKLYN COLLEGE,BROOKLYN,2027-09-01,0.083548,1,very_low,baseline
FLATBUSH AVE.-BROOKLYN COLLEGE,BROOKLYN,2027-10-01,0.069171,1,very_low,baseline
FLATBUSH AVE.-BROOKLYN COLLEGE,BROOKLYN,2027-11-01,0.065822,1,very_low,baseline
FLATBUSH AVE.-BROOKLYN COLLEGE,BROOKLYN,2027-12-01,0.064854,1,very_low,baseline
FLATBUSH AVE.-BROOKLYN COLLEGE,BROOKLYN,2028-01-01,0.067446,1,very_low,baseline
FLATBUSH AVE.-BROOKLYN COLLEGE,BROOKLYN,2028-02-01,0.072084,1,very_low,baseline
FLATBUSH AVE.-BROOKLYN COLLEGE,BROOKLYN,2028-03-01,0.090272,1,very_low,baseline
FLATBUSH AVE.-BROOKLYN COLLEGE,BROOKLYN,2028-04-01,0.093664,1,very_low,baseline
FLATBUSH AVE.-BROOKLYN COLLEGE,BROOKLYN,2028-05-01,0.096839,1,very_low,baseline
FLATBUSH AVE.-BROOKLYN COLLEGE,BROOKLYN,2028-06-01,0.095894,1,very_low,baseline
FLATBUSH AVE.-BROOKLYN COLLEGE,BROOKLYN,2028-07-01,0.104282,1,very_low,baseline
FLATBUSH AVE.-BROOKLYN COLLEGE,BROOKLYN,2028-08-01,0.108423,1,very_low,baseline
FLATBUSH AVE.-BROOKLYN COLLEGE,BROOKLYN,2028-09-01,0.117638,1,very_low,baseline
FLATBUSH AVE.-BROOKLYN COLLEGE,BROOKLYN,2028-10-01,0.108423,1,very_low,baseline
FLATBUSH AVE.-BROOKLYN COLLEGE,BROOKLYN,2028-11-01,0.105664,1,very_low,baseline
FLATBUSH AVE.-BROOKLYN COLLEGE,BROOKLYN,2028-12-01,0.102821,1,very_low,baseline
FLATBUSH AVE.-BROOKLYN COLLEGE,BROOKLYN,2029-01-01,0.096982,1,very_low,baseline
FLATBUSH AVE.-BROOKLYN COLLEGE,BROOKLYN,2029-02-01,0.092947,1,very_low,baseline
FLATBUSH AVE.-BROOKLYN COLLEGE,BROOKLYN,2029-03-01,0.098612,1,very_low,baseline
FLATBUSH AVE.-BROOKLYN COLLEGE,BROOKLYN,2029-04-01,0.098612,1,very_low,baseline
FLATBUSH AVE.-BROOKLYN COLLEGE,BROOKLYN,2029-05-01,0.101122,1,very_low,baseline
FLATBUSH AVE.-BROOKLYN COLLEGE,BROOKLYN,2029-06-01,0.102856,1,very_low,baseline
FLATBUSH AVE.-BROOKLYN COLLEGE,BROOKLYN,2029-07-01,0.104282,1,very_low,baseline
FLATBUSH AVE.-BROOKLYN COLLEGE,BROOKLYN,2029-08-01,0.108423,1,very_low,baseline
FLATBUSH AVE.-BROOKLYN COLLEGE,BROOKLYN,2029-09-01,0.117638,1,very_low,baseline
FLATBUSH AVE.-BROOKLYN COLLEGE,BROOKLYN,2029-10-01,0.108423,1,very_low,baseline
FLATBUSH AVE.-BROOKLYN COLLEGE,BROOKLYN,2029-11-01,0.105664,1,very_low,baseline
FLATBUSH AVE.-BROOKLYN COLLEGE,BROOKLYN,2029-12-01,0.102821,1,very_low,baseline
FLUSHING AVENUE,BROOKLYN,2027-01-01,0.006678,0,very_low,baseline
FLUSHING AVENUE,BROOKLYN,2027-02-01,0.012273,0,very_low,baseline
FLUSHING AVENUE,BROOKLYN,2027-03-01,0.018465,0,very_low,baseline
FLUSHING AVENUE,BROOKLYN,2027-04-01,0.017394,0,very_low,baseline
FLUSHING AVENUE,BROOKLYN,2027-05-01,0.016742,0,very_low,baseline
FLUSHING AVENUE,BROOKLYN,2027-06-01,0.017886,0,very_low,baseline
FLUSHING AVENUE,BROOKLYN,2027-07-01,0.017572,0,very_low,baseline
FLUSHING AVENUE,BROOKLYN,2027-08-01,0.01917,0,very_low,baseline
FLUSHING AVENUE,BROOKLYN,2027-09-01,0.01969,0,very_low,baseline
FLUSHING AVENUE,BROOKLYN,2027-10-01,0.016511,0,very_low,baseline
FLUSHING AVENUE,BROOKLYN,2027-11-01,0.012966,0,very_low,baseline
FLUSHING AVENUE,BROOKLYN,2027-12-01,0.012472,0,very_low,baseline
FLUSHING AVENUE,BROOKLYN,2028-01-01,0.018437,0,very_low,baseline
FLUSHING AVENUE,BROOKLYN,2028-02-01,0.019587,0,very_low,baseline
FLUSHING AVENUE,BROOKLYN,2028-03-01,0.017616,0,very_low,baseline
FLUSHING AVENUE,BROOKLYN,2028-04-01,0.016981,0,very_low,baseline
FLUSHING AVENUE,BROOKLYN,2028-05-01,0.017744,0,very_low,baseline
FLUSHING AVENUE,BROOKLYN,2028-06-01,0.017886,0,very_low,baseline
FLUSHING AVENUE,BROOKLYN,2028-07-01,0.017572,0,very_low,baseline
FLUSHING AVENUE,BROOKLYN,2028-08-01,0.01917,0,very_low,baseline
FLUSHING AVENUE,BROOKLYN,2028-09-01,0.01969,0,very_low,baseline
FLUSHING AVENUE,BROOKLYN,2028-10-01,0.016511,0,very_low,baseline
FLUSHING AVENUE,BROOKLYN,2028-11-01,0.012966,0,very_low,baseline
FLUSHING AVENUE,BROOKLYN,2028-12-01,0.012472,0,very_low,baseline
FLUSHING AVENUE,BROOKLYN,2029-01-01,0.018437,0,very_low,baseline
FLUSHING AVENUE,BROOKLYN,2029-02-01,0.019587,0,very_low,baseline
FLUSHING AVENUE,BROOKLYN,2029-03-01,0.017616,0,very_low,baseline
FLUSHING AVENUE,BROOKLYN,2029-04-01,0.016981,0,very_low,baseline
FLUSHING AVENUE,BROOKLYN,2029-05-01,0.017744,0,very_low,baseline
FLUSHING AVENUE,BROOKLYN,2029-06-01,0.017886,0,very_low,baseline
FLUSHING AVENUE,BROOKLYN,2029-07-01,0.017572,0,very_low,baseline
FLUSHING AVENUE,BROOKLYN,2029-08-01,0.01917,0,very_low,baseline
FLUSHING AVENUE,BROOKLYN,2029-09-01,0.01969,0,very_low,baseline
FLUSHING AVENUE,BROOKLYN,2029-10-01,0.016511,0,very_low,baseline
FLUSHING AVENUE,BROOKLYN,2029-11-01,0.012966,0,very_low,baseline
FLUSHING AVENUE,BROOKLYN,2029-12-01,0.012472,0,very_low,baseline
FORDHAM ROAD,BRONX,2027-01-01,0.94965,1,very_high,baseline
FORDHAM ROAD,BRONX,2027-02-01,0.956141,1,very_high,baseline
FORDHAM ROAD,BRONX,2027-03-01,0.950288,1,very_high,baseline
FORDHAM ROAD,BRONX,2027-04-01,0.920512,1,very_high,baseline
FORDHAM ROAD,BRONX,2027-05-01,0.930856,1,very_high,baseline
FORDHAM ROAD,BRONX,2027-06-01,0.945531,1,very_high,baseline
FORDHAM ROAD,BRONX,2027-07-01,0.945981,1,very_high,baseline
FORDHAM ROAD,BRONX,2027-08-01,0.954606,1,very_high,baseline
FORDHAM ROAD,BRONX,2027-09-01,0.954846,1,very_high,baseline
FORDHAM ROAD,BRONX,2027-10-01,0.955463,1,very_high,baseline
FORDHAM ROAD,BRONX,2027-11-01,0.956161,1,very_high,baseline
FORDHAM ROAD,BRONX,2027-12-01,0.955148,1,very_high,baseline
FORDHAM ROAD,BRONX,2028-01-01,0.943685,1,very_high,baseline
FORDHAM ROAD,BRONX,2028-02-01,0.947865,1,very_high,baseline
FORDHAM ROAD,BRONX,2028-03-01,0.948004,1,very_high,baseline
FORDHAM ROAD,BRONX,2028-04-01,0.951624,1,very_high,baseline
FORDHAM ROAD,BRONX,2028-05-01,0.952159,1,very_high,baseline
FORDHAM ROAD,BRONX,2028-06-01,0.953436,1,very_high,baseline
FORDHAM ROAD,BRONX,2028-07-01,0.953823,1,very_high,baseline
FORDHAM ROAD,BRONX,2028-08-01,0.954606,1,very_high,baseline
FORDHAM ROAD,BRONX,2028-09-01,0.954846,1,very_high,baseline
FORDHAM ROAD,BRONX,2028-10-01,0.955463,1,very_high,baseline
FORDHAM ROAD,BRONX,2028-11-01,0.956161,1,very_high,baseline
FORDHAM ROAD,BRONX,2028-12-01,0.955148,1,very_high,baseline
FORDHAM ROAD,BRONX,2029-01-01,0.943685,1,very_high,baseline
FORDHAM ROAD,BRONX,2029-02-01,0.947865,1,very_high,baseline
FORDHAM ROAD,BRONX,2029-03-01,0.948004,1,very_high,baseline
FORDHAM ROAD,BRONX,2029-04-01,0.951624,1,very_high,baseline
FORDHAM ROAD,BRONX,2029-05-01,0.952159,1,very_high,baseline
FORDHAM ROAD,BRONX,2029-06-01,0.953436,1,very_high,baseline
FORDHAM ROAD,BRONX,2029-07-01,0.953823,1,very_high,baseline
FORDHAM ROAD,BRONX,2029-08-01,0.954606,1,very_high,baseline
FORDHAM ROAD,BRONX,2029-09-01,0.954846,1,very_high,baseline
FORDHAM ROAD,BRONX,2029-10-01,0.955463,1,very_high,baseline
FORDHAM ROAD,BRONX,2029-11-01,0.956161,1,very_high,baseline
FORDHAM ROAD,BRONX,2029-12-01,0.955148,1,very_high,baseline
FOREST AVENUE,QUEENS,2027-01-01,0.005241,0,very_low,baseline
FOREST AVENUE,QUEENS,2027-02-01,0.005245,0,very_low,baseline
FOREST AVENUE,QUEENS,2027-03-01,0.005633,0,very_low,baseline
FOREST AVENUE,QUEENS,2027-04-01,0.006099,0,very_low,baseline
FOREST AVENUE,QUEENS,2027-05-01,0.006513,0,very_low,baseline
FOREST AVENUE,QUEENS,2027-06-01,0.006097,0,very_low,baseline
FOREST AVENUE,QUEENS,2027-07-01,0.005902,0,very_low,baseline
FOREST AVENUE,QUEENS,2027-08-01,0.005842,0,very_low,baseline
FOREST AVENUE,QUEENS,2027-09-01,0.005757,0,very_low,baseline
FOREST AVENUE,QUEENS,2027-10-01,0.005128,0,very_low,baseline
FOREST AVENUE,QUEENS,2027-11-01,0.004253,0,very_low,baseline
FOREST AVENUE,QUEENS,2027-12-01,0.003908,0,very_low,baseline
FOREST AVENUE,QUEENS,2028-01-01,0.006547,0,very_low,baseline
FOREST AVENUE,QUEENS,2028-02-01,0.006586,0,very_low,baseline
FOREST AVENUE,QUEENS,2028-03-01,0.006598,0,very_low,baseline
FOREST AVENUE,QUEENS,2028-04-01,0.006595,0,very_low,baseline
FOREST AVENUE,QUEENS,2028-05-01,0.006513,0,very_low,baseline
FOREST AVENUE,QUEENS,2028-06-01,0.006097,0,very_low,baseline
FOREST AVENUE,QUEENS,2028-07-01,0.005902,0,very_low,baseline
FOREST AVENUE,QUEENS,2028-08-01,0.005842,0,very_low,baseline
FOREST AVENUE,QUEENS,2028-09-01,0.005757,0,very_low,baseline
FOREST AVENUE,QUEENS,2028-10-01,0.005128,0,very_low,baseline
FOREST AVENUE,QUEENS,2028-11-01,0.004253,0,very_low,baseline
FOREST AVENUE,QUEENS,2028-12-01,0.003908,0,very_low,baseline
FOREST AVENUE,QUEENS,2029-01-01,0.006547,0,very_low,baseline
FOREST AVENUE,QUEENS,2029-02-01,0.006586,0,very_low,baseline
FOREST AVENUE,QUEENS,2029-03-01,0.006598,0,very_low,baseline
FOREST AVENUE,QUEENS,2029-04-01,0.006595,0,very_low,baseline
FOREST AVENUE,QUEENS,2029-05-01,0.006513,0,very_low,baseline
FOREST AVENUE,QUEENS,2029-06-01,0.006097,0,very_low,baseline
FOREST AVENUE,QUEENS,2029-07-01,0.005902,0,very_low,baseline
FOREST AVENUE,QUEENS,2029-08-01,0.005842,0,very_low,baseline
FOREST AVENUE,QUEENS,2029-09-01,0.005757,0,very_low,baseline
FOREST AVENUE,QUEENS,2029-10-01,0.005128,0,very_low,baseline
FOREST AVENUE,QUEENS,2029-11-01,0.004253,0,very_low,baseline
FOREST AVENUE,QUEENS,2029-12-01,0.003908,0,very_low,baseline
FORT HAMILTON PKWY,BROOKLYN,2027-01-01,0.000401,0,very_low,baseline
FORT HAMILTON PKWY,BROOKLYN,2027-02-01,0.000458,0,very_low,baseline
FORT HAMILTON PKWY,BROOKLYN,2027-03-01,0.000381,0,very_low,baseline
FORT HAMILTON PKWY,BROOKLYN,2027-04-01,0.000325,0,very_low,baseline
FORT HAMILTON PKWY,BROOKLYN,2027-05-01,0.000278,0,very_low,baseline
FORT HAMILTON PKWY,BROOKLYN,2027-06-01,0.000313,0,very_low,baseline
FORT HAMILTON PKWY,BROOKLYN,2027-07-01,0.000323,0,very_low,baseline
FORT HAMILTON PKWY,BROOKLYN,2027-08-01,0.000328,0,very_low,baseline
FORT HAMILTON PKWY,BROOKLYN,2027-09-01,0.000335,0,very_low,baseline
FORT HAMILTON PKWY,BROOKLYN,2027-10-01,0.000291,0,very_low,baseline
FORT HAMILTON PKWY,BROOKLYN,2027-11-01,0.000241,0,very_low,baseline
FORT HAMILTON PKWY,BROOKLYN,2027-12-01,0.000229,0,very_low,baseline
FORT HAMILTON PKWY,BROOKLYN,2028-01-01,0.000277,0,very_low,baseline
FORT HAMILTON PKWY,BROOKLYN,2028-02-01,0.000296,0,very_low,baseline
FORT HAMILTON PKWY,BROOKLYN,2028-03-01,0.000295,0,very_low,baseline
FORT HAMILTON PKWY,BROOKLYN,2028-04-01,0.000293,0,very_low,baseline
FORT HAMILTON PKWY,BROOKLYN,2028-05-01,0.000301,0,very_low,baseline
FORT HAMILTON PKWY,BROOKLYN,2028-06-01,0.000313,0,very_low,baseline
FORT HAMILTON PKWY,BROOKLYN,2028-07-01,0.000323,0,very_low,baseline
FORT HAMILTON PKWY,BROOKLYN,2028-08-01,0.000328,0,very_low,baseline
FORT HAMILTON PKWY,BROOKLYN,2028-09-01,0.000335,0,very_low,baseline
FORT HAMILTON PKWY,BROOKLYN,2028-10-01,0.000291,0,very_low,baseline
FORT HAMILTON PKWY,BROOKLYN,2028-11-01,0.000241,0,very_low,baseline
FORT HAMILTON PKWY,BROOKLYN,2028-12-01,0.000229,0,very_low,baseline
FORT HAMILTON PKWY,BROOKLYN,2029-01-01,0.000277,0,very_low,baseline
FORT HAMILTON PKWY,BROOKLYN,2029-02-01,0.000296,0,very_low,baseline
FORT HAMILTON PKWY,BROOKLYN,2029-03-01,0.000295,0,very_low,baseline
FORT HAMILTON PKWY,BROOKLYN,2029-04-01,0.000293,0,very_low,baseline
FORT HAMILTON PKWY,BROOKLYN,2029-05-01,0.000301,0,very_low,baseline
FORT HAMILTON PKWY,BROOKLYN,2029-06-01,0.000313,0,very_low,baseline
FORT HAMILTON PKWY,BROOKLYN,2029-07-01,0.000323,0,very_low,baseline
FORT HAMILTON PKWY,BROOKLYN,2029-08-01,0.000328,0,very_low,baseline
FORT HAMILTON PKWY,BROOKLYN,2029-09-01,0.000335,0,very_low,baseline
FORT HAMILTON PKWY,BROOKLYN,2029-10-01,0.000291,0,very_low,baseline
FORT HAMILTON PKWY,BROOKLYN,2029-11-01,0.000241,0,very_low,baseline
FORT HAMILTON PKWY,BROOKLYN,2029-12-01,0.000229,0,very_low,baseline
FRANKLIN AVENUE,BROOKLYN,2027-01-01,0.945325,1,very_high,baseline
FRANKLIN AVENUE,BROOKLYN,2027-02-01,0.953241,1,very_high,baseline
FRANKLIN AVENUE,BROOKLYN,2027-03-01,0.948646,1,very_high,baseline
FRANKLIN AVENUE,BROOKLYN,2027-04-01,0.953932,1,very_high,baseline
FRANKLIN AVENUE,BROOKLYN,2027-05-01,0.954816,1,very_high,baseline
FRANKLIN AVENUE,BROOKLYN,2027-06-01,0.956315,1,very_high,baseline
FRANKLIN AVENUE,BROOKLYN,2027-07-01,0.956948,1,very_high,baseline
FRANKLIN AVENUE,BROOKLYN,2027-08-01,0.956629,1,very_high,baseline
FRANKLIN AVENUE,BROOKLYN,2027-09-01,0.956858,1,very_high,baseline
FRANKLIN AVENUE,BROOKLYN,2027-10-01,0.957584,1,very_high,baseline
FRANKLIN AVENUE,BROOKLYN,2027-11-01,0.957952,1,very_high,baseline
FRANKLIN AVENUE,BROOKLYN,2027-12-01,0.956978,1,very_high,baseline
FRANKLIN AVENUE,BROOKLYN,2028-01-01,0.949065,1,very_high,baseline
FRANKLIN AVENUE,BROOKLYN,2028-02-01,0.949558,1,very_high,baseline
FRANKLIN AVENUE,BROOKLYN,2028-03-01,0.948646,1,very_high,baseline
FRANKLIN AVENUE,BROOKLYN,2028-04-01,0.953932,1,very_high,baseline
FRANKLIN AVENUE,BROOKLYN,2028-05-01,0.954816,1,very_high,baseline
FRANKLIN AVENUE,BROOKLYN,2028-06-01,0.956315,1,very_high,baseline
FRANKLIN AVENUE,BROOKLYN,2028-07-01,0.956948,1,very_high,baseline
FRANKLIN AVENUE,BROOKLYN,2028-08-01,0.956629,1,very_high,baseline
FRANKLIN AVENUE,BROOKLYN,2028-09-01,0.956858,1,very_high,baseline
FRANKLIN AVENUE,BROOKLYN,2028-10-01,0.957584,1,very_high,baseline
FRANKLIN AVENUE,BROOKLYN,2028-11-01,0.957952,1,very_high,baseline
FRANKLIN AVENUE,BROOKLYN,2028-12-01,0.956978,1,very_high,baseline
FRANKLIN AVENUE,BROOKLYN,2029-01-01,0.949065,1,very_high,baseline
FRANKLIN AVENUE,BROOKLYN,2029-02-01,0.949558,1,very_high,baseline
FRANKLIN AVENUE,BROOKLYN,2029-03-01,0.948646,1,very_high,baseline
FRANKLIN AVENUE,BROOKLYN,2029-04-01,0.953932,1,very_high,baseline
FRANKLIN AVENUE,BROOKLYN,2029-05-01,0.954816,1,very_high,baseline
FRANKLIN AVENUE,BROOKLYN,2029-06-01,0.956315,1,very_high,baseline
FRANKLIN AVENUE,BROOKLYN,2029-07-01,0.956948,1,very_high,baseline
FRANKLIN AVENUE,BROOKLYN,2029-08-01,0.956629,1,very_high,baseline
FRANKLIN AVENUE,BROOKLYN,2029-09-01,0.956858,1,very_high,baseline
FRANKLIN AVENUE,BROOKLYN,2029-10-01,0.957584,1,very_high,baseline
FRANKLIN AVENUE,BROOKLYN,2029-11-01,0.957952,1,very_high,baseline
FRANKLIN AVENUE,BROOKLYN,2029-12-01,0.956978,1,very_high,baseline
FRANKLIN STREET,MANHATTAN,2027-01-01,0.000253,0,very_low,baseline
FRANKLIN STREET,MANHATTAN,2027-02-01,0.000323,0,very_low,baseline
FRANKLIN STREET,MANHATTAN,2027-03-01,0.000314,0,very_low,baseline
FRANKLIN STREET,MANHATTAN,2027-04-01,0.000331,0,very_low,baseline
FRANKLIN STREET,MANHATTAN,2027-05-01,0.000285,0,very_low,baseline
FRANKLIN STREET,MANHATTAN,2027-06-01,0.000278,0,very_low,baseline
FRANKLIN STREET,MANHATTAN,2027-07-01,0.00027,0,very_low,baseline
FRANKLIN STREET,MANHATTAN,2027-08-01,0.000291,0,very_low,baseline
FRANKLIN STREET,MANHATTAN,2027-09-01,0.000298,0,very_low,baseline
FRANKLIN STREET,MANHATTAN,2027-10-01,0.000257,0,very_low,baseline
FRANKLIN STREET,MANHATTAN,2027-11-01,0.000228,0,very_low,baseline
FRANKLIN STREET,MANHATTAN,2027-12-01,0.000219,0,very_low,baseline
FRANKLIN STREET,MANHATTAN,2028-01-01,0.000269,0,very_low,baseline
FRANKLIN STREET,MANHATTAN,2028-02-01,0.000285,0,very_low,baseline
FRANKLIN STREET,MANHATTAN,2028-03-01,0.000275,0,very_low,baseline
FRANKLIN STREET,MANHATTAN,2028-04-01,0.000268,0,very_low,baseline
FRANKLIN STREET,MANHATTAN,2028-05-01,0.000275,0,very_low,baseline
FRANKLIN STREET,MANHATTAN,2028-06-01,0.000278,0,very_low,baseline
FRANKLIN STREET,MANHATTAN,2028-07-01,0.00027,0,very_low,baseline
FRANKLIN STREET,MANHATTAN,2028-08-01,0.000291,0,very_low,baseline
FRANKLIN STREET,MANHATTAN,2028-09-01,0.000298,0,very_low,baseline
FRANKLIN STREET,MANHATTAN,2028-10-01,0.000257,0,very_low,baseline
FRANKLIN STREET,MANHATTAN,2028-11-01,0.000228,0,very_low,baseline
FRANKLIN STREET,MANHATTAN,2028-12-01,0.000219,0,very_low,baseline
FRANKLIN STREET,MANHATTAN,2029-01-01,0.000269,0,very_low,baseline
FRANKLIN STREET,MANHATTAN,2029-02-01,0.000285,0,very_low,baseline
FRANKLIN STREET,MANHATTAN,2029-03-01,0.000275,0,very_low,baseline
FRANKLIN STREET,MANHATTAN,2029-04-01,0.000268,0,very_low,baseline
FRANKLIN STREET,MANHATTAN,2029-05-01,0.000275,0,very_low,baseline
FRANKLIN STREET,MANHATTAN,2029-06-01,0.000278,0,very_low,baseline
FRANKLIN STREET,MANHATTAN,2029-07-01,0.00027,0,very_low,baseline
FRANKLIN STREET,MANHATTAN,2029-08-01,0.000291,0,very_low,baseline
FRANKLIN STREET,MANHATTAN,2029-09-01,0.000298,0,very_low,baseline
FRANKLIN STREET,MANHATTAN,2029-10-01,0.000257,0,very_low,baseline
FRANKLIN STREET,MANHATTAN,2029-11-01,0.000228,0,very_low,baseline
FRANKLIN STREET,MANHATTAN,2029-12-01,0.000219,0,very_low,baseline
FREEMAN STREET,BRONX,2027-01-01,0.000175,0,very_low,baseline
FREEMAN STREET,BRONX,2027-02-01,0.000222,0,very_low,baseline
FREEMAN STREET,BRONX,2027-03-01,0.000159,0,very_low,baseline
FREEMAN STREET,BRONX,2027-04-01,0.000171,0,very_low,baseline
FREEMAN STREET,BRONX,2027-05-01,0.000182,0,very_low,baseline
FREEMAN STREET,BRONX,2027-06-01,0.000181,0,very_low,baseline
FREEMAN STREET,BRONX,2027-07-01,0.000172,0,very_low,baseline
FREEMAN STREET,BRONX,2027-08-01,0.000175,0,very_low,baseline
FREEMAN STREET,BRONX,2027-09-01,0.000181,0,very_low,baseline
FREEMAN STREET,BRONX,2027-10-01,0.000148,0,very_low,baseline
FREEMAN STREET,BRONX,2027-11-01,0.000141,0,very_low,baseline
FREEMAN STREET,BRONX,2027-12-01,0.000134,0,very_low,baseline
FREEMAN STREET,BRONX,2028-01-01,0.000164,0,very_low,baseline
FREEMAN STREET,BRONX,2028-02-01,0.000175,0,very_low,baseline
FREEMAN STREET,BRONX,2028-03-01,0.000174,0,very_low,baseline
FREEMAN STREET,BRONX,2028-04-01,0.000175,0,very_low,baseline
FREEMAN STREET,BRONX,2028-05-01,0.00018,0,very_low,baseline
FREEMAN STREET,BRONX,2028-06-01,0.000181,0,very_low,baseline
FREEMAN STREET,BRONX,2028-07-01,0.000172,0,very_low,baseline
FREEMAN STREET,BRONX,2028-08-01,0.000175,0,very_low,baseline
FREEMAN STREET,BRONX,2028-09-01,0.000181,0,very_low,baseline
FREEMAN STREET,BRONX,2028-10-01,0.000148,0,very_low,baseline
FREEMAN STREET,BRONX,2028-11-01,0.000141,0,very_low,baseline
FREEMAN STREET,BRONX,2028-12-01,0.000134,0,very_low,baseline
FREEMAN STREET,BRONX,2029-01-01,0.000164,0,very_low,baseline
FREEMAN STREET,BRONX,2029-02-01,0.000175,0,very_low,baseline
FREEMAN STREET,BRONX,2029-03-01,0.000174,0,very_low,baseline
FREEMAN STREET,BRONX,2029-04-01,0.000175,0,very_low,baseline
FREEMAN STREET,BRONX,2029-05-01,0.00018,0,very_low,baseline
FREEMAN STREET,BRONX,2029-06-01,0.000181,0,very_low,baseline
FREEMAN STREET,BRONX,2029-07-01,0.000172,0,very_low,baseline
FREEMAN STREET,BRONX,2029-08-01,0.000175,0,very_low,baseline
FREEMAN STREET,BRONX,2029-09-01,0.000181,0,very_low,baseline
FREEMAN STREET,BRONX,2029-10-01,0.000148,0,very_low,baseline
FREEMAN STREET,BRONX,2029-11-01,0.000141,0,very_low,baseline
FREEMAN STREET,BRONX,2029-12-01,0.000134,0,very_low,baseline
FRESH POND ROAD,QUEENS,2027-01-01,0.000166,0,very_low,baseline
FRESH POND ROAD,QUEENS,2027-02-01,0.000188,0,very_low,baseline
FRESH POND ROAD,QUEENS,2027-03-01,0.000141,0,very_low,baseline
FRESH POND ROAD,QUEENS,2027-04-01,0.000146,0,very_low,baseline
FRESH POND ROAD,QUEENS,2027-05-01,0.000142,0,very_low,baseline
FRESH POND ROAD,QUEENS,2027-06-01,0.000158,0,very_low,baseline
FRESH POND ROAD,QUEENS,2027-07-01,0.00015,0,very_low,baseline
FRESH POND ROAD,QUEENS,2027-08-01,0.000152,0,very_low,baseline
FRESH POND ROAD,QUEENS,2027-09-01,0.000153,0,very_low,baseline
FRESH POND ROAD,QUEENS,2027-10-01,0.000131,0,very_low,baseline
FRESH POND ROAD,QUEENS,2027-11-01,0.00012,0,very_low,baseline
FRESH POND ROAD,QUEENS,2027-12-01,0.000114,0,very_low,baseline
FRESH POND ROAD,QUEENS,2028-01-01,0.000143,0,very_low,baseline
FRESH POND ROAD,QUEENS,2028-02-01,0.000153,0,very_low,baseline
FRESH POND ROAD,QUEENS,2028-03-01,0.000151,0,very_low,baseline
FRESH POND ROAD,QUEENS,2028-04-01,0.000157,0,very_low,baseline
FRESH POND ROAD,QUEENS,2028-05-01,0.000161,0,very_low,baseline
FRESH POND ROAD,QUEENS,2028-06-01,0.000158,0,very_low,baseline
FRESH POND ROAD,QUEENS,2028-07-01,0.00015,0,very_low,baseline
FRESH POND ROAD,QUEENS,2028-08-01,0.000152,0,very_low,baseline
FRESH POND ROAD,QUEENS,2028-09-01,0.000153,0,very_low,baseline
FRESH POND ROAD,QUEENS,2028-10-01,0.000131,0,very_low,baseline
FRESH POND ROAD,QUEENS,2028-11-01,0.00012,0,very_low,baseline
FRESH POND ROAD,QUEENS,2028-12-01,0.000114,0,very_low,baseline
FRESH POND ROAD,QUEENS,2029-01-01,0.000143,0,very_low,baseline
FRESH POND ROAD,QUEENS,2029-02-01,0.000153,0,very_low,baseline
FRESH POND ROAD,QUEENS,2029-03-01,0.000151,0,very_low,baseline
FRESH POND ROAD,QUEENS,2029-04-01,0.000157,0,very_low,baseline
FRESH POND ROAD,QUEENS,2029-05-01,0.000161,0,very_low,baseline
FRESH POND ROAD,QUEENS,2029-06-01,0.000158,0,very_low,baseline
FRESH POND ROAD,QUEENS,2029-07-01,0.00015,0,very_low,baseline
FRESH POND ROAD,QUEENS,2029-08-01,0.000152,0,very_low,baseline
FRESH POND ROAD,QUEENS,2029-09-01,0.000153,0,very_low,baseline
FRESH POND ROAD,QUEENS,2029-10-01,0.000131,0,very_low,baseline
FRESH POND ROAD,QUEENS,2029-11-01,0.00012,0,very_low,baseline
FRESH POND ROAD,QUEENS,2029-12-01,0.000114,0,very_low,baseline
FULTON STREET,MANHATTAN,2027-01-01,0.171177,1,very_low,baseline
FULTON STREET,MANHATTAN,2027-02-01,0.042246,0,very_low,baseline
FULTON STREET,MANHATTAN,2027-03-01,0.054868,1,very_low,baseline
FULTON STREET,MANHATTAN,2027-04-01,0.05897,1,very_low,baseline
FULTON STREET,MANHATTAN,2027-05-01,0.088466,1,very_low,baseline
FULTON STREET,MANHATTAN,2027-06-01,0.085644,1,very_low,baseline
FULTON STREET,MANHATTAN,2027-07-01,0.098399,1,very_low,baseline
FULTON STREET,MANHATTAN,2027-08-01,0.112014,1,very_low,baseline
FULTON STREET,MANHATTAN,2027-09-01,0.138219,1,very_low,baseline
FULTON STREET,MANHATTAN,2027-10-01,0.139032,1,very_low,baseline
FULTON STREET,MANHATTAN,2027-11-01,0.145291,1,very_low,baseline
FULTON STREET,MANHATTAN,2027-12-01,0.144969,1,very_low,baseline
FULTON STREET,MANHATTAN,2028-01-01,0.127482,1,very_low,baseline
FULTON STREET,MANHATTAN,2028-02-01,0.125856,1,very_low,baseline
FULTON STREET,MANHATTAN,2028-03-01,0.128699,1,very_low,baseline
FULTON STREET,MANHATTAN,2028-04-01,0.130431,1,very_low,baseline
FULTON STREET,MANHATTAN,2028-05-01,0.13459,1,very_low,baseline
FULTON STREET,MANHATTAN,2028-06-01,0.13681,1,very_low,baseline
FULTON STREET,MANHATTAN,2028-07-01,0.13845,1,very_low,baseline
FULTON STREET,MANHATTAN,2028-08-01,0.145122,1,very_low,baseline
FULTON STREET,MANHATTAN,2028-09-01,0.152645,1,very_low,baseline
FULTON STREET,MANHATTAN,2028-10-01,0.148324,1,very_low,baseline
FULTON STREET,MANHATTAN,2028-11-01,0.147509,1,very_low,baseline
FULTON STREET,MANHATTAN,2028-12-01,0.147183,1,very_low,baseline
FULTON STREET,MANHATTAN,2029-01-01,0.127482,1,very_low,baseline
FULTON STREET,MANHATTAN,2029-02-01,0.125856,1,very_low,baseline
FULTON STREET,MANHATTAN,2029-03-01,0.128699,1,very_low,baseline
FULTON STREET,MANHATTAN,2029-04-01,0.130431,1,very_low,baseline
FULTON STREET,MANHATTAN,2029-05-01,0.13459,1,very_low,baseline
FULTON STREET,MANHATTAN,2029-06-01,0.13681,1,very_low,baseline
FULTON STREET,MANHATTAN,2029-07-01,0.13845,1,very_low,baseline
FULTON STREET,MANHATTAN,2029-08-01,0.145122,1,very_low,baseline
FULTON STREET,MANHATTAN,2029-09-01,0.152645,1,very_low,baseline
FULTON STREET,MANHATTAN,2029-10-01,0.148324,1,very_low,baseline
FULTON STREET,MANHATTAN,2029-11-01,0.147509,1,very_low,baseline
FULTON STREET,MANHATTAN,2029-12-01,0.147183,1,very_low,baseline
GATES AVENUE,BROOKLYN,2027-01-01,0.000223,0,very_low,baseline
GATES AVENUE,BROOKLYN,2027-02-01,0.000379,0,very_low,baseline
GATES AVENUE,BROOKLYN,2027-03-01,0.000311,0,very_low,baseline
GATES AVENUE,BROOKLYN,2027-04-01,0.000341,0,very_low,baseline
GATES AVENUE,BROOKLYN,2027-05-01,0.000298,0,very_low,baseline
GATES AVENUE,BROOKLYN,2027-06-01,0.000302,0,very_low,baseline
GATES AVENUE,BROOKLYN,2027-07-01,0.000284,0,very_low,baseline
GATES AVENUE,BROOKLYN,2027-08-01,0.000321,0,very_low,baseline
GATES AVENUE,BROOKLYN,2027-09-01,0.00033,0,very_low,baseline
GATES AVENUE,BROOKLYN,2027-10-01,0.000287,0,very_low,baseline
GATES AVENUE,BROOKLYN,2027-11-01,0.000254,0,very_low,baseline
GATES AVENUE,BROOKLYN,2027-12-01,0.000244,0,very_low,baseline
GATES AVENUE,BROOKLYN,2028-01-01,0.000276,0,very_low,baseline
GATES AVENUE,BROOKLYN,2028-02-01,0.000287,0,very_low,baseline
GATES AVENUE,BROOKLYN,2028-03-01,0.000299,0,very_low,baseline
GATES AVENUE,BROOKLYN,2028-04-01,0.000292,0,very_low,baseline
GATES AVENUE,BROOKLYN,2028-05-01,0.0003,0,very_low,baseline
GATES AVENUE,BROOKLYN,2028-06-01,0.000302,0,very_low,baseline
GATES AVENUE,BROOKLYN,2028-07-01,0.000284,0,very_low,baseline
GATES AVENUE,BROOKLYN,2028-08-01,0.000321,0,very_low,baseline
GATES AVENUE,BROOKLYN,2028-09-01,0.00033,0,very_low,baseline
GATES AVENUE,BROOKLYN,2028-10-01,0.000287,0,very_low,baseline
GATES AVENUE,BROOKLYN,2028-11-01,0.000254,0,very_low,baseline
GATES AVENUE,BROOKLYN,2028-12-01,0.000244,0,very_low,baseline
GATES AVENUE,BROOKLYN,2029-01-01,0.000276,0,very_low,baseline
GATES AVENUE,BROOKLYN,2029-02-01,0.000287,0,very_low,baseline
GATES AVENUE,BROOKLYN,2029-03-01,0.000299,0,very_low,baseline
GATES AVENUE,BROOKLYN,2029-04-01,0.000292,0,very_low,baseline
GATES AVENUE,BROOKLYN,2029-05-01,0.0003,0,very_low,baseline
GATES AVENUE,BROOKLYN,2029-06-01,0.000302,0,very_low,baseline
GATES AVENUE,BROOKLYN,2029-07-01,0.000284,0,very_low,baseline
GATES AVENUE,BROOKLYN,2029-08-01,0.000321,0,very_low,baseline
GATES AVENUE,BROOKLYN,2029-09-01,0.00033,0,very_low,baseline
GATES AVENUE,BROOKLYN,2029-10-01,0.000287,0,very_low,baseline
GATES AVENUE,BROOKLYN,2029-11-01,0.000254,0,very_low,baseline
GATES AVENUE,BROOKLYN,2029-12-01,0.000244,0,very_low,baseline
GRAHAM AVENUE,BROOKLYN,2027-01-01,0.000284,0,very_low,baseline
GRAHAM AVENUE,BROOKLYN,2027-02-01,0.000177,0,very_low,baseline
GRAHAM AVENUE,BROOKLYN,2027-03-01,0.00014,0,very_low,baseline
GRAHAM AVENUE,BROOKLYN,2027-04-01,0.000125,0,very_low,baseline
GRAHAM AVENUE,BROOKLYN,2027-05-01,0.000141,0,very_low,baseline
GRAHAM AVENUE,BROOKLYN,2027-06-01,0.000164,0,very_low,baseline
GRAHAM AVENUE,BROOKLYN,2027-07-01,0.00016,0,very_low,baseline
GRAHAM AVENUE,BROOKLYN,2027-08-01,0.000164,0,very_low,baseline
GRAHAM AVENUE,BROOKLYN,2027-09-01,0.000171,0,very_low,baseline
GRAHAM AVENUE,BROOKLYN,2027-10-01,0.000154,0,very_low,baseline
GRAHAM AVENUE,BROOKLYN,2027-11-01,0.000142,0,very_low,baseline
GRAHAM AVENUE,BROOKLYN,2027-12-01,0.000136,0,very_low,baseline
GRAHAM AVENUE,BROOKLYN,2028-01-01,0.00016,0,very_low,baseline
GRAHAM AVENUE,BROOKLYN,2028-02-01,0.000166,0,very_low,baseline
GRAHAM AVENUE,BROOKLYN,2028-03-01,0.000165,0,very_low,baseline
GRAHAM AVENUE,BROOKLYN,2028-04-01,0.000163,0,very_low,baseline
GRAHAM AVENUE,BROOKLYN,2028-05-01,0.000167,0,very_low,baseline
GRAHAM AVENUE,BROOKLYN,2028-06-01,0.000164,0,very_low,baseline
GRAHAM AVENUE,BROOKLYN,2028-07-01,0.00016,0,very_low,baseline
GRAHAM AVENUE,BROOKLYN,2028-08-01,0.000164,0,very_low,baseline
GRAHAM AVENUE,BROOKLYN,2028-09-01,0.000171,0,very_low,baseline
GRAHAM AVENUE,BROOKLYN,2028-10-01,0.000154,0,very_low,baseline
GRAHAM AVENUE,BROOKLYN,2028-11-01,0.000142,0,very_low,baseline
GRAHAM AVENUE,BROOKLYN,2028-12-01,0.000136,0,very_low,baseline
GRAHAM AVENUE,BROOKLYN,2029-01-01,0.00016,0,very_low,baseline
GRAHAM AVENUE,BROOKLYN,2029-02-01,0.000166,0,very_low,baseline
GRAHAM AVENUE,BROOKLYN,2029-03-01,0.000165,0,very_low,baseline
GRAHAM AVENUE,BROOKLYN,2029-04-01,0.000163,0,very_low,baseline
GRAHAM AVENUE,BROOKLYN,2029-05-01,0.000167,0,very_low,baseline
GRAHAM AVENUE,BROOKLYN,2029-06-01,0.000164,0,very_low,baseline
GRAHAM AVENUE,BROOKLYN,2029-07-01,0.00016,0,very_low,baseline
GRAHAM AVENUE,BROOKLYN,2029-08-01,0.000164,0,very_low,baseline
GRAHAM AVENUE,BROOKLYN,2029-09-01,0.000171,0,very_low,baseline
GRAHAM AVENUE,BROOKLYN,2029-10-01,0.000154,0,very_low,baseline
GRAHAM AVENUE,BROOKLYN,2029-11-01,0.000142,0,very_low,baseline
GRAHAM AVENUE,BROOKLYN,2029-12-01,0.000136,0,very_low,baseline
GRAND ARMY PLAZA,BROOKLYN,2027-01-01,0.053727,1,very_low,baseline
GRAND ARMY PLAZA,BROOKLYN,2027-02-01,0.030959,0,very_low,baseline
GRAND ARMY PLAZA,BROOKLYN,2027-03-01,0.013503,0,very_low,baseline
GRAND ARMY PLAZA,BROOKLYN,2027-04-01,0.015317,0,very_low,baseline
GRAND ARMY PLAZA,BROOKLYN,2027-05-01,0.014239,0,very_low,baseline
GRAND ARMY PLAZA,BROOKLYN,2027-06-01,0.013295,0,very_low,baseline
GRAND ARMY PLAZA,BROOKLYN,2027-07-01,0.013859,0,very_low,baseline
GRAND ARMY PLAZA,BROOKLYN,2027-08-01,0.015145,0,very_low,baseline
GRAND ARMY PLAZA,BROOKLYN,2027-09-01,0.016877,0,very_low,baseline
GRAND ARMY PLAZA,BROOKLYN,2027-10-01,0.01585,0,very_low,baseline
GRAND ARMY PLAZA,BROOKLYN,2027-11-01,0.015721,0,very_low,baseline
GRAND ARMY PLAZA,BROOKLYN,2027-12-01,0.015908,0,very_low,baseline
GRAND ARMY PLAZA,BROOKLYN,2028-01-01,0.01295,0,very_low,baseline
GRAND ARMY PLAZA,BROOKLYN,2028-02-01,0.027649,0,very_low,baseline
GRAND ARMY PLAZA,BROOKLYN,2028-03-01,0.030448,0,very_low,baseline
GRAND ARMY PLAZA,BROOKLYN,2028-04-01,0.030905,0,very_low,baseline
GRAND ARMY PLAZA,BROOKLYN,2028-05-01,0.032825,0,very_low,baseline
GRAND ARMY PLAZA,BROOKLYN,2028-06-01,0.032825,0,very_low,baseline
GRAND ARMY PLAZA,BROOKLYN,2028-07-01,0.033398,0,very_low,baseline
GRAND ARMY PLAZA,BROOKLYN,2028-08-01,0.038634,0,very_low,baseline
GRAND ARMY PLAZA,BROOKLYN,2028-09-01,0.043424,0,very_low,baseline
GRAND ARMY PLAZA,BROOKLYN,2028-10-01,0.039075,0,very_low,baseline
GRAND ARMY PLAZA,BROOKLYN,2028-11-01,0.039026,0,very_low,baseline
GRAND ARMY PLAZA,BROOKLYN,2028-12-01,0.03948,0,very_low,baseline
GRAND ARMY PLAZA,BROOKLYN,2029-01-01,0.02894,0,very_low,baseline
GRAND ARMY PLAZA,BROOKLYN,2029-02-01,0.027649,0,very_low,baseline
GRAND ARMY PLAZA,BROOKLYN,2029-03-01,0.030448,0,very_low,baseline
GRAND ARMY PLAZA,BROOKLYN,2029-04-01,0.030905,0,very_low,baseline
GRAND ARMY PLAZA,BROOKLYN,2029-05-01,0.032825,0,very_low,baseline
GRAND ARMY PLAZA,BROOKLYN,2029-06-01,0.032825,0,very_low,baseline
GRAND ARMY PLAZA,BROOKLYN,2029-07-01,0.033398,0,very_low,baseline
GRAND ARMY PLAZA,BROOKLYN,2029-08-01,0.038634,0,very_low,baseline
GRAND ARMY PLAZA,BROOKLYN,2029-09-01,0.043424,0,very_low,baseline
GRAND ARMY PLAZA,BROOKLYN,2029-10-01,0.039075,0,very_low,baseline
GRAND ARMY PLAZA,BROOKLYN,2029-11-01,0.039026,0,very_low,baseline
GRAND ARMY PLAZA,BROOKLYN,2029-12-01,0.03948,0,very_low,baseline
GRAND AVE.-NEWTON,QUEENS,2027-01-01,0.000495,0,very_low,baseline
GRAND AVE.-NEWTON,QUEENS,2027-02-01,0.000501,0,very_low,baseline
GRAND AVE.-NEWTON,QUEENS,2027-03-01,0.000466,0,very_low,baseline
GRAND AVE.-NEWTON,QUEENS,2027-04-01,0.000383,0,very_low,baseline
GRAND AVE.-NEWTON,QUEENS,2027-05-01,0.000424,0,very_low,baseline
GRAND AVE.-NEWTON,QUEENS,2027-06-01,0.00038,0,very_low,baseline
GRAND AVE.-NEWTON,QUEENS,2027-07-01,0.000393,0,very_low,baseline
GRAND AVE.-NEWTON,QUEENS,2027-08-01,0.000423,0,very_low,baseline
GRAND AVE.-NEWTON,QUEENS,2027-09-01,0.000422,0,very_low,baseline
GRAND AVE.-NEWTON,QUEENS,2027-10-01,0.000352,0,very_low,baseline
GRAND AVE.-NEWTON,QUEENS,2027-11-01,0.000302,0,very_low,baseline
GRAND AVE.-NEWTON,QUEENS,2027-12-01,0.000294,0,very_low,baseline
GRAND AVE.-NEWTON,QUEENS,2028-01-01,0.000351,0,very_low,baseline
GRAND AVE.-NEWTON,QUEENS,2028-02-01,0.000382,0,very_low,baseline
GRAND AVE.-NEWTON,QUEENS,2028-03-01,0.000357,0,very_low,baseline
GRAND AVE.-NEWTON,QUEENS,2028-04-01,0.000357,0,very_low,baseline
GRAND AVE.-NEWTON,QUEENS,2028-05-01,0.000366,0,very_low,baseline
GRAND AVE.-NEWTON,QUEENS,2028-06-01,0.00038,0,very_low,baseline
GRAND AVE.-NEWTON,QUEENS,2028-07-01,0.000393,0,very_low,baseline
GRAND AVE.-NEWTON,QUEENS,2028-08-01,0.000423,0,very_low,baseline
GRAND AVE.-NEWTON,QUEENS,2028-09-01,0.000422,0,very_low,baseline
GRAND AVE.-NEWTON,QUEENS,2028-10-01,0.000352,0,very_low,baseline
GRAND AVE.-NEWTON,QUEENS,2028-11-01,0.000302,0,very_low,baseline
GRAND AVE.-NEWTON,QUEENS,2028-12-01,0.000294,0,very_low,baseline
GRAND AVE.-NEWTON,QUEENS,2029-01-01,0.000351,0,very_low,baseline
GRAND AVE.-NEWTON,QUEENS,2029-02-01,0.000382,0,very_low,baseline
GRAND AVE.-NEWTON,QUEENS,2029-03-01,0.000357,0,very_low,baseline
GRAND AVE.-NEWTON,QUEENS,2029-04-01,0.000357,0,very_low,baseline
GRAND AVE.-NEWTON,QUEENS,2029-05-01,0.000366,0,very_low,baseline
GRAND AVE.-NEWTON,QUEENS,2029-06-01,0.00038,0,very_low,baseline
GRAND AVE.-NEWTON,QUEENS,2029-07-01,0.000393,0,very_low,baseline
GRAND AVE.-NEWTON,QUEENS,2029-08-01,0.000423,0,very_low,baseline
GRAND AVE.-NEWTON,QUEENS,2029-09-01,0.000422,0,very_low,baseline
GRAND AVE.-NEWTON,QUEENS,2029-10-01,0.000352,0,very_low,baseline
GRAND AVE.-NEWTON,QUEENS,2029-11-01,0.000302,0,very_low,baseline
GRAND AVE.-NEWTON,QUEENS,2029-12-01,0.000294,0,very_low,baseline
GRAND STREET,MANHATTAN,2027-01-01,0.000229,0,very_low,baseline
GRAND STREET,MANHATTAN,2027-02-01,0.000368,0,very_low,baseline
GRAND STREET,MANHATTAN,2027-03-01,0.000302,0,very_low,baseline
GRAND STREET,MANHATTAN,2027-04-01,0.000308,0,very_low,baseline
GRAND STREET,MANHATTAN,2027-05-01,0.000289,0,very_low,baseline
GRAND STREET,MANHATTAN,2027-06-01,0.000362,0,very_low,baseline
GRAND STREET,MANHATTAN,2027-07-01,0.00035,0,very_low,baseline
GRAND STREET,MANHATTAN,2027-08-01,0.000395,0,very_low,baseline
GRAND STREET,MANHATTAN,2027-09-01,0.000406,0,very_low,baseline
GRAND STREET,MANHATTAN,2027-10-01,0.000351,0,very_low,baseline
GRAND STREET,MANHATTAN,2027-11-01,0.000298,0,very_low,baseline
GRAND STREET,MANHATTAN,2027-12-01,0.000295,0,very_low,baseline
GRAND STREET,MANHATTAN,2028-01-01,0.000351,0,very_low,baseline
GRAND STREET,MANHATTAN,2028-02-01,0.000365,0,very_low,baseline
GRAND STREET,MANHATTAN,2028-03-01,0.000358,0,very_low,baseline
GRAND STREET,MANHATTAN,2028-04-01,0.000349,0,very_low,baseline
GRAND STREET,MANHATTAN,2028-05-01,0.000359,0,very_low,baseline
GRAND STREET,MANHATTAN,2028-06-01,0.000362,0,very_low,baseline
GRAND STREET,MANHATTAN,2028-07-01,0.00035,0,very_low,baseline
GRAND STREET,MANHATTAN,2028-08-01,0.000395,0,very_low,baseline
GRAND STREET,MANHATTAN,2028-09-01,0.000406,0,very_low,baseline
GRAND STREET,MANHATTAN,2028-10-01,0.000351,0,very_low,baseline
GRAND STREET,MANHATTAN,2028-11-01,0.000298,0,very_low,baseline
GRAND STREET,MANHATTAN,2028-12-01,0.000295,0,very_low,baseline
GRAND STREET,MANHATTAN,2029-01-01,0.000351,0,very_low,baseline
GRAND STREET,MANHATTAN,2029-02-01,0.000365,0,very_low,baseline
GRAND STREET,MANHATTAN,2029-03-01,0.000358,0,very_low,baseline
GRAND STREET,MANHATTAN,2029-04-01,0.000349,0,very_low,baseline
GRAND STREET,MANHATTAN,2029-05-01,0.000359,0,very_low,baseline
GRAND STREET,MANHATTAN,2029-06-01,0.000362,0,very_low,baseline
GRAND STREET,MANHATTAN,2029-07-01,0.00035,0,very_low,baseline
GRAND STREET,MANHATTAN,2029-08-01,0.000395,0,very_low,baseline
GRAND STREET,MANHATTAN,2029-09-01,0.000406,0,very_low,baseline
GRAND STREET,MANHATTAN,2029-10-01,0.000351,0,very_low,baseline
GRAND STREET,MANHATTAN,2029-11-01,0.000298,0,very_low,baseline
GRAND STREET,MANHATTAN,2029-12-01,0.000295,0,very_low,baseline
GRANT AVENUE,BROOKLYN,2027-01-01,0.028806,0,very_low,baseline
GRANT AVENUE,BROOKLYN,2027-02-01,0.02869,0,very_low,baseline
GRANT AVENUE,BROOKLYN,2027-03-01,0.033681,0,very_low,baseline
GRANT AVENUE,BROOKLYN,2027-04-01,0.039368,0,very_low,baseline
GRANT AVENUE,BROOKLYN,2027-05-01,0.04166,0,very_low,baseline
GRANT AVENUE,BROOKLYN,2027-06-01,0.041774,0,very_low,baseline
GRANT AVENUE,BROOKLYN,2027-07-01,0.042505,0,very_low,baseline
GRANT AVENUE,BROOKLYN,2027-08-01,0.050592,1,very_low,baseline
GRANT AVENUE,BROOKLYN,2027-09-01,0.024553,0,very_low,baseline
GRANT AVENUE,BROOKLYN,2027-10-01,0.023354,0,very_low,baseline
GRANT AVENUE,BROOKLYN,2027-11-01,0.021994,0,very_low,baseline
GRANT AVENUE,BROOKLYN,2027-12-01,0.020258,0,very_low,baseline
GRANT AVENUE,BROOKLYN,2028-01-01,0.017327,0,very_low,baseline
GRANT AVENUE,BROOKLYN,2028-02-01,0.016701,0,very_low,baseline
GRANT AVENUE,BROOKLYN,2028-03-01,0.017046,0,very_low,baseline
GRANT AVENUE,BROOKLYN,2028-04-01,0.017305,0,very_low,baseline
GRANT AVENUE,BROOKLYN,2028-05-01,0.018397,0,very_low,baseline
GRANT AVENUE,BROOKLYN,2028-06-01,0.018688,0,very_low,baseline
GRANT AVENUE,BROOKLYN,2028-07-01,0.019023,0,very_low,baseline
GRANT AVENUE,BROOKLYN,2028-08-01,0.021277,0,very_low,baseline
GRANT AVENUE,BROOKLYN,2028-09-01,0.056777,1,very_low,baseline
GRANT AVENUE,BROOKLYN,2028-10-01,0.022332,0,very_low,baseline
GRANT AVENUE,BROOKLYN,2028-11-01,0.023548,0,very_low,baseline
GRANT AVENUE,BROOKLYN,2028-12-01,0.020508,0,very_low,baseline
GRANT AVENUE,BROOKLYN,2029-01-01,0.017327,0,very_low,baseline
GRANT AVENUE,BROOKLYN,2029-02-01,0.016308,0,very_low,baseline
GRANT AVENUE,BROOKLYN,2029-03-01,0.017457,0,very_low,baseline
GRANT AVENUE,BROOKLYN,2029-04-01,0.017305,0,very_low,baseline
GRANT AVENUE,BROOKLYN,2029-05-01,0.018397,0,very_low,baseline
GRANT AVENUE,BROOKLYN,2029-06-01,0.018688,0,very_low,baseline
GRANT AVENUE,BROOKLYN,2029-07-01,0.019023,0,very_low,baseline
GRANT AVENUE,BROOKLYN,2029-08-01,0.021277,0,very_low,baseline
GRANT AVENUE,BROOKLYN,2029-09-01,0.023693,0,very_low,baseline
GRANT AVENUE,BROOKLYN,2029-10-01,0.04957,0,very_low,baseline
GRANT AVENUE,BROOKLYN,2029-11-01,0.046217,0,very_low,baseline
GRANT AVENUE,BROOKLYN,2029-12-01,0.043167,0,very_low,baseline
GREENPOINT AVENUE,BROOKLYN,2027-01-01,0.000243,0,very_low,baseline
GREENPOINT AVENUE,BROOKLYN,2027-02-01,0.000282,0,very_low,baseline
GREENPOINT AVENUE,BROOKLYN,2027-03-01,0.000247,0,very_low,baseline
GREENPOINT AVENUE,BROOKLYN,2027-04-01,0.000298,0,very_low,baseline
GREENPOINT AVENUE,BROOKLYN,2027-05-01,0.000287,0,very_low,baseline
GREENPOINT AVENUE,BROOKLYN,2027-06-01,0.000277,0,very_low,baseline
GREENPOINT AVENUE,BROOKLYN,2027-07-01,0.000269,0,very_low,baseline
GREENPOINT AVENUE,BROOKLYN,2027-08-01,0.00029,0,very_low,baseline
GREENPOINT AVENUE,BROOKLYN,2027-09-01,0.000297,0,very_low,baseline
GREENPOINT AVENUE,BROOKLYN,2027-10-01,0.000261,0,very_low,baseline
GREENPOINT AVENUE,BROOKLYN,2027-11-01,0.000223,0,very_low,baseline
GREENPOINT AVENUE,BROOKLYN,2027-12-01,0.000217,0,very_low,baseline
GREENPOINT AVENUE,BROOKLYN,2028-01-01,0.000269,0,very_low,baseline
GREENPOINT AVENUE,BROOKLYN,2028-02-01,0.000293,0,very_low,baseline
GREENPOINT AVENUE,BROOKLYN,2028-03-01,0.000274,0,very_low,baseline
GREENPOINT AVENUE,BROOKLYN,2028-04-01,0.000267,0,very_low,baseline
GREENPOINT AVENUE,BROOKLYN,2028-05-01,0.000274,0,very_low,baseline
GREENPOINT AVENUE,BROOKLYN,2028-06-01,0.000277,0,very_low,baseline
GREENPOINT AVENUE,BROOKLYN,2028-07-01,0.000269,0,very_low,baseline
GREENPOINT AVENUE,BROOKLYN,2028-08-01,0.00029,0,very_low,baseline
GREENPOINT AVENUE,BROOKLYN,2028-09-01,0.000297,0,very_low,baseline
GREENPOINT AVENUE,BROOKLYN,2028-10-01,0.000261,0,very_low,baseline
GREENPOINT AVENUE,BROOKLYN,2028-11-01,0.000223,0,very_low,baseline
GREENPOINT AVENUE,BROOKLYN,2028-12-01,0.000217,0,very_low,baseline
GREENPOINT AVENUE,BROOKLYN,2029-01-01,0.000269,0,very_low,baseline
GREENPOINT AVENUE,BROOKLYN,2029-02-01,0.000293,0,very_low,baseline
GREENPOINT AVENUE,BROOKLYN,2029-03-01,0.000274,0,very_low,baseline
GREENPOINT AVENUE,BROOKLYN,2029-04-01,0.000267,0,very_low,baseline
GREENPOINT AVENUE,BROOKLYN,2029-05-01,0.000274,0,very_low,baseline
GREENPOINT AVENUE,BROOKLYN,2029-06-01,0.000277,0,very_low,baseline
GREENPOINT AVENUE,BROOKLYN,2029-07-01,0.000269,0,very_low,baseline
GREENPOINT AVENUE,BROOKLYN,2029-08-01,0.00029,0,very_low,baseline
GREENPOINT AVENUE,BROOKLYN,2029-09-01,0.000297,0,very_low,baseline
GREENPOINT AVENUE,BROOKLYN,2029-10-01,0.000261,0,very_low,baseline
GREENPOINT AVENUE,BROOKLYN,2029-11-01,0.000223,0,very_low,baseline
GREENPOINT AVENUE,BROOKLYN,2029-12-01,0.000217,0,very_low,baseline
GUN HILL ROAD,BRONX,2027-01-01,0.442293,1,medium,baseline
GUN HILL ROAD,BRONX,2027-02-01,0.138797,1,very_low,baseline
GUN HILL ROAD,BRONX,2027-03-01,0.205192,1,low,baseline
GUN HILL ROAD,BRONX,2027-04-01,0.247799,1,low,baseline
GUN HILL ROAD,BRONX,2027-05-01,0.27111,1,low,baseline
GUN HILL ROAD,BRONX,2027-06-01,0.310871,1,low,baseline
GUN HILL ROAD,BRONX,2027-07-01,0.317214,1,low,baseline
GUN HILL ROAD,BRONX,2027-08-01,0.35157,1,low,baseline
GUN HILL ROAD,BRONX,2027-09-01,0.355694,1,low,baseline
GUN HILL ROAD,BRONX,2027-10-01,0.334017,1,low,baseline
GUN HILL ROAD,BRONX,2027-11-01,0.322962,1,low,baseline
GUN HILL ROAD,BRONX,2027-12-01,0.320139,1,low,baseline
GUN HILL ROAD,BRONX,2028-01-01,0.320878,1,low,baseline
GUN HILL ROAD,BRONX,2028-02-01,0.323115,1,low,baseline
GUN HILL ROAD,BRONX,2028-03-01,0.34526,1,low,baseline
GUN HILL ROAD,BRONX,2028-04-01,0.350443,1,low,baseline
GUN HILL ROAD,BRONX,2028-05-01,0.358045,1,low,baseline
GUN HILL ROAD,BRONX,2028-06-01,0.359383,1,low,baseline
GUN HILL ROAD,BRONX,2028-07-01,0.357843,1,low,baseline
GUN HILL ROAD,BRONX,2028-08-01,0.362861,1,low,baseline
GUN HILL ROAD,BRONX,2028-09-01,0.362189,1,low,baseline
GUN HILL ROAD,BRONX,2028-10-01,0.340325,1,low,baseline
GUN HILL ROAD,BRONX,2028-11-01,0.333874,1,low,baseline
GUN HILL ROAD,BRONX,2028-12-01,0.320139,1,low,baseline
GUN HILL ROAD,BRONX,2029-01-01,0.320878,1,low,baseline
GUN HILL ROAD,BRONX,2029-02-01,0.323115,1,low,baseline
GUN HILL ROAD,BRONX,2029-03-01,0.34526,1,low,baseline
GUN HILL ROAD,BRONX,2029-04-01,0.350443,1,low,baseline
GUN HILL ROAD,BRONX,2029-05-01,0.358045,1,low,baseline
GUN HILL ROAD,BRONX,2029-06-01,0.359383,1,low,baseline
GUN HILL ROAD,BRONX,2029-07-01,0.357843,1,low,baseline
GUN HILL ROAD,BRONX,2029-08-01,0.362861,1,low,baseline
GUN HILL ROAD,BRONX,2029-09-01,0.362189,1,low,baseline
GUN HILL ROAD,BRONX,2029-10-01,0.340325,1,low,baseline
GUN HILL ROAD,BRONX,2029-11-01,0.333874,1,low,baseline
GUN HILL ROAD,BRONX,2029-12-01,0.320139,1,low,baseline
HALSEY STREET,QUEENS,2027-01-01,0.018452,0,very_low,baseline
HALSEY STREET,QUEENS,2027-02-01,0.009428,0,very_low,baseline
HALSEY STREET,QUEENS,2027-03-01,0.001772,0,very_low,baseline
HALSEY STREET,QUEENS,2027-04-01,0.001688,0,very_low,baseline
HALSEY STREET,QUEENS,2027-05-01,0.002303,0,very_low,baseline
HALSEY STREET,QUEENS,2027-06-01,0.003239,0,very_low,baseline
HALSEY STREET,QUEENS,2027-07-01,0.003311,0,very_low,baseline
HALSEY STREET,QUEENS,2027-08-01,0.003097,0,very_low,baseline
HALSEY STREET,QUEENS,2027-09-01,0.003052,0,very_low,baseline
HALSEY STREET,QUEENS,2027-10-01,0.002717,0,very_low,baseline
HALSEY STREET,QUEENS,2027-11-01,0.002405,0,very_low,baseline
HALSEY STREET,QUEENS,2027-12-01,0.002288,0,very_low,baseline
HALSEY STREET,QUEENS,2028-01-01,0.00338,0,very_low,baseline
HALSEY STREET,QUEENS,2028-02-01,0.0034,0,very_low,baseline
HALSEY STREET,QUEENS,2028-03-01,0.003407,0,very_low,baseline
HALSEY STREET,QUEENS,2028-04-01,0.003309,0,very_low,baseline
HALSEY STREET,QUEENS,2028-05-01,0.00346,0,very_low,baseline
HALSEY STREET,QUEENS,2028-06-01,0.003239,0,very_low,baseline
HALSEY STREET,QUEENS,2028-07-01,0.003311,0,very_low,baseline
HALSEY STREET,QUEENS,2028-08-01,0.003097,0,very_low,baseline
HALSEY STREET,QUEENS,2028-09-01,0.003052,0,very_low,baseline
HALSEY STREET,QUEENS,2028-10-01,0.002717,0,very_low,baseline
HALSEY STREET,QUEENS,2028-11-01,0.002405,0,very_low,baseline
HALSEY STREET,QUEENS,2028-12-01,0.002288,0,very_low,baseline
HALSEY STREET,QUEENS,2029-01-01,0.00338,0,very_low,baseline
HALSEY STREET,QUEENS,2029-02-01,0.0034,0,very_low,baseline
HALSEY STREET,QUEENS,2029-03-01,0.003407,0,very_low,baseline
HALSEY STREET,QUEENS,2029-04-01,0.003309,0,very_low,baseline
HALSEY STREET,QUEENS,2029-05-01,0.00346,0,very_low,baseline
HALSEY STREET,QUEENS,2029-06-01,0.003239,0,very_low,baseline
HALSEY STREET,QUEENS,2029-07-01,0.003311,0,very_low,baseline
HALSEY STREET,QUEENS,2029-08-01,0.003097,0,very_low,baseline
HALSEY STREET,QUEENS,2029-09-01,0.003052,0,very_low,baseline
HALSEY STREET,QUEENS,2029-10-01,0.002717,0,very_low,baseline
HALSEY STREET,QUEENS,2029-11-01,0.002405,0,very_low,baseline
HALSEY STREET,QUEENS,2029-12-01,0.002288,0,very_low,baseline
HEWES STREET,BROOKLYN,2027-01-01,0.000161,0,very_low,baseline
HEWES STREET,BROOKLYN,2027-02-01,0.000289,0,very_low,baseline
HEWES STREET,BROOKLYN,2027-03-01,0.000279,0,very_low,baseline
HEWES STREET,BROOKLYN,2027-04-01,0.000254,0,very_low,baseline
HEWES STREET,BROOKLYN,2027-05-01,0.000283,0,very_low,baseline
HEWES STREET,BROOKLYN,2027-06-01,0.000293,0,very_low,baseline
HEWES STREET,BROOKLYN,2027-07-01,0.000303,0,very_low,baseline
HEWES STREET,BROOKLYN,2027-08-01,0.00031,0,very_low,baseline
HEWES STREET,BROOKLYN,2027-09-01,0.000317,0,very_low,baseline
HEWES STREET,BROOKLYN,2027-10-01,0.000275,0,very_low,baseline
HEWES STREET,BROOKLYN,2027-11-01,0.000214,0,very_low,baseline
HEWES STREET,BROOKLYN,2027-12-01,0.000204,0,very_low,baseline
HEWES STREET,BROOKLYN,2028-01-01,0.000254,0,very_low,baseline
HEWES STREET,BROOKLYN,2028-02-01,0.000271,0,very_low,baseline
HEWES STREET,BROOKLYN,2028-03-01,0.00027,0,very_low,baseline
HEWES STREET,BROOKLYN,2028-04-01,0.000275,0,very_low,baseline
HEWES STREET,BROOKLYN,2028-05-01,0.000283,0,very_low,baseline
HEWES STREET,BROOKLYN,2028-06-01,0.000293,0,very_low,baseline
HEWES STREET,BROOKLYN,2028-07-01,0.000303,0,very_low,baseline
HEWES STREET,BROOKLYN,2028-08-01,0.00031,0,very_low,baseline
HEWES STREET,BROOKLYN,2028-09-01,0.000317,0,very_low,baseline
HEWES STREET,BROOKLYN,2028-10-01,0.000275,0,very_low,baseline
HEWES STREET,BROOKLYN,2028-11-01,0.000214,0,very_low,baseline
HEWES STREET,BROOKLYN,2028-12-01,0.000204,0,very_low,baseline
HEWES STREET,BROOKLYN,2029-01-01,0.000254,0,very_low,baseline
HEWES STREET,BROOKLYN,2029-02-01,0.000271,0,very_low,baseline
HEWES STREET,BROOKLYN,2029-03-01,0.00027,0,very_low,baseline
HEWES STREET,BROOKLYN,2029-04-01,0.000275,0,very_low,baseline
HEWES STREET,BROOKLYN,2029-05-01,0.000283,0,very_low,baseline
HEWES STREET,BROOKLYN,2029-06-01,0.000293,0,very_low,baseline
HEWES STREET,BROOKLYN,2029-07-01,0.000303,0,very_low,baseline
HEWES STREET,BROOKLYN,2029-08-01,0.00031,0,very_low,baseline
HEWES STREET,BROOKLYN,2029-09-01,0.000317,0,very_low,baseline
HEWES STREET,BROOKLYN,2029-10-01,0.000275,0,very_low,baseline
HEWES STREET,BROOKLYN,2029-11-01,0.000214,0,very_low,baseline
HEWES STREET,BROOKLYN,2029-12-01,0.000204,0,very_low,baseline
HIGH STREET,BROOKLYN,2027-01-01,0.000319,0,very_low,baseline
HIGH STREET,BROOKLYN,2027-02-01,0.000319,0,very_low,baseline
HIGH STREET,BROOKLYN,2027-03-01,0.000319,0,very_low,baseline
HIGH STREET,BROOKLYN,2027-04-01,0.00031,0,very_low,baseline
HIGH STREET,BROOKLYN,2027-05-01,0.00033,0,very_low,baseline
HIGH STREET,BROOKLYN,2027-06-01,0.000358,0,very_low,baseline
HIGH STREET,BROOKLYN,2027-07-01,0.000348,0,very_low,baseline
HIGH STREET,BROOKLYN,2027-08-01,0.000375,0,very_low,baseline
HIGH STREET,BROOKLYN,2027-09-01,0.000393,0,very_low,baseline
HIGH STREET,BROOKLYN,2027-10-01,0.000341,0,very_low,baseline
HIGH STREET,BROOKLYN,2027-11-01,0.000302,0,very_low,baseline
HIGH STREET,BROOKLYN,2027-12-01,0.000301,0,very_low,baseline
HIGH STREET,BROOKLYN,2028-01-01,0.000338,0,very_low,baseline
HIGH STREET,BROOKLYN,2028-02-01,0.000367,0,very_low,baseline
HIGH STREET,BROOKLYN,2028-03-01,0.000354,0,very_low,baseline
HIGH STREET,BROOKLYN,2028-04-01,0.000345,0,very_low,baseline
HIGH STREET,BROOKLYN,2028-05-01,0.000355,0,very_low,baseline
HIGH STREET,BROOKLYN,2028-06-01,0.000358,0,very_low,baseline
HIGH STREET,BROOKLYN,2028-07-01,0.000348,0,very_low,baseline
HIGH STREET,BROOKLYN,2028-08-01,0.000375,0,very_low,baseline
HIGH STREET,BROOKLYN,2028-09-01,0.000393,0,very_low,baseline
HIGH STREET,BROOKLYN,2028-10-01,0.000341,0,very_low,baseline
HIGH STREET,BROOKLYN,2028-11-01,0.000302,0,very_low,baseline
HIGH STREET,BROOKLYN,2028-12-01,0.000301,0,very_low,baseline
HIGH STREET,BROOKLYN,2029-01-01,0.000338,0,very_low,baseline
HIGH STREET,BROOKLYN,2029-02-01,0.000367,0,very_low,baseline
HIGH STREET,BROOKLYN,2029-03-01,0.000354,0,very_low,baseline
HIGH STREET,BROOKLYN,2029-04-01,0.000345,0,very_low,baseline
HIGH STREET,BROOKLYN,2029-05-01,0.000355,0,very_low,baseline
HIGH STREET,BROOKLYN,2029-06-01,0.000358,0,very_low,baseline
HIGH STREET,BROOKLYN,2029-07-01,0.000348,0,very_low,baseline
HIGH STREET,BROOKLYN,2029-08-01,0.000375,0,very_low,baseline
HIGH STREET,BROOKLYN,2029-09-01,0.000393,0,very_low,baseline
HIGH STREET,BROOKLYN,2029-10-01,0.000341,0,very_low,baseline
HIGH STREET,BROOKLYN,2029-11-01,0.000302,0,very_low,baseline
HIGH STREET,BROOKLYN,2029-12-01,0.000301,0,very_low,baseline
HOUSTON STREET,MANHATTAN,2027-01-01,0.000172,0,very_low,baseline
HOUSTON STREET,MANHATTAN,2027-02-01,0.000175,0,very_low,baseline
HOUSTON STREET,MANHATTAN,2027-03-01,0.000118,0,very_low,baseline
HOUSTON STREET,MANHATTAN,2027-04-01,0.000124,0,very_low,baseline
HOUSTON STREET,MANHATTAN,2027-05-01,0.000129,0,very_low,baseline
HOUSTON STREET,MANHATTAN,2027-06-01,0.00014,0,very_low,baseline
HOUSTON STREET,MANHATTAN,2027-07-01,0.000134,0,very_low,baseline
HOUSTON STREET,MANHATTAN,2027-08-01,0.000137,0,very_low,baseline
HOUSTON STREET,MANHATTAN,2027-09-01,0.000142,0,very_low,baseline
HOUSTON STREET,MANHATTAN,2027-10-01,0.000121,0,very_low,baseline
HOUSTON STREET,MANHATTAN,2027-11-01,0.000111,0,very_low,baseline
HOUSTON STREET,MANHATTAN,2027-12-01,0.000106,0,very_low,baseline
HOUSTON STREET,MANHATTAN,2028-01-01,0.000127,0,very_low,baseline
HOUSTON STREET,MANHATTAN,2028-02-01,0.000136,0,very_low,baseline
HOUSTON STREET,MANHATTAN,2028-03-01,0.000135,0,very_low,baseline
HOUSTON STREET,MANHATTAN,2028-04-01,0.00014,0,very_low,baseline
HOUSTON STREET,MANHATTAN,2028-05-01,0.000143,0,very_low,baseline
HOUSTON STREET,MANHATTAN,2028-06-01,0.00014,0,very_low,baseline
HOUSTON STREET,MANHATTAN,2028-07-01,0.000134,0,very_low,baseline
HOUSTON STREET,MANHATTAN,2028-08-01,0.000137,0,very_low,baseline
HOUSTON STREET,MANHATTAN,2028-09-01,0.000142,0,very_low,baseline
HOUSTON STREET,MANHATTAN,2028-10-01,0.000121,0,very_low,baseline
HOUSTON STREET,MANHATTAN,2028-11-01,0.000111,0,very_low,baseline
HOUSTON STREET,MANHATTAN,2028-12-01,0.000106,0,very_low,baseline
HOUSTON STREET,MANHATTAN,2029-01-01,0.000127,0,very_low,baseline
HOUSTON STREET,MANHATTAN,2029-02-01,0.000136,0,very_low,baseline
HOUSTON STREET,MANHATTAN,2029-03-01,0.000135,0,very_low,baseline
HOUSTON STREET,MANHATTAN,2029-04-01,0.00014,0,very_low,baseline
HOUSTON STREET,MANHATTAN,2029-05-01,0.000143,0,very_low,baseline
HOUSTON STREET,MANHATTAN,2029-06-01,0.00014,0,very_low,baseline
HOUSTON STREET,MANHATTAN,2029-07-01,0.000134,0,very_low,baseline
HOUSTON STREET,MANHATTAN,2029-08-01,0.000137,0,very_low,baseline
HOUSTON STREET,MANHATTAN,2029-09-01,0.000142,0,very_low,baseline
HOUSTON STREET,MANHATTAN,2029-10-01,0.000121,0,very_low,baseline
HOUSTON STREET,MANHATTAN,2029-11-01,0.000111,0,very_low,baseline
HOUSTON STREET,MANHATTAN,2029-12-01,0.000106,0,very_low,baseline
HOWARD BEACH-JFK AIRPORT,QUEENS,2027-01-01,0.000141,0,very_low,baseline
HOWARD BEACH-JFK AIRPORT,QUEENS,2027-02-01,0.000221,0,very_low,baseline
HOWARD BEACH-JFK AIRPORT,QUEENS,2027-03-01,0.000434,0,very_low,baseline
HOWARD BEACH-JFK AIRPORT,QUEENS,2027-04-01,0.000433,0,very_low,baseline
HOWARD BEACH-JFK AIRPORT,QUEENS,2027-05-01,0.000448,0,very_low,baseline
HOWARD BEACH-JFK AIRPORT,QUEENS,2027-06-01,0.000333,0,very_low,baseline
HOWARD BEACH-JFK AIRPORT,QUEENS,2027-07-01,0.000357,0,very_low,baseline
HOWARD BEACH-JFK AIRPORT,QUEENS,2027-08-01,0.000387,0,very_low,baseline
HOWARD BEACH-JFK AIRPORT,QUEENS,2027-09-01,0.000402,0,very_low,baseline
HOWARD BEACH-JFK AIRPORT,QUEENS,2027-10-01,0.000318,0,very_low,baseline
HOWARD BEACH-JFK AIRPORT,QUEENS,2027-11-01,0.000268,0,very_low,baseline
HOWARD BEACH-JFK AIRPORT,QUEENS,2027-12-01,0.000258,0,very_low,baseline
HOWARD BEACH-JFK AIRPORT,QUEENS,2028-01-01,0.000347,0,very_low,baseline
HOWARD BEACH-JFK AIRPORT,QUEENS,2028-02-01,0.000361,0,very_low,baseline
HOWARD BEACH-JFK AIRPORT,QUEENS,2028-03-01,0.000376,0,very_low,baseline
HOWARD BEACH-JFK AIRPORT,QUEENS,2028-04-01,0.000367,0,very_low,baseline
HOWARD BEACH-JFK AIRPORT,QUEENS,2028-05-01,0.000377,0,very_low,baseline
HOWARD BEACH-JFK AIRPORT,QUEENS,2028-06-01,0.00038,0,very_low,baseline
HOWARD BEACH-JFK AIRPORT,QUEENS,2028-07-01,0.000357,0,very_low,baseline
HOWARD BEACH-JFK AIRPORT,QUEENS,2028-08-01,0.000387,0,very_low,baseline
HOWARD BEACH-JFK AIRPORT,QUEENS,2028-09-01,0.000402,0,very_low,baseline
HOWARD BEACH-JFK AIRPORT,QUEENS,2028-10-01,0.000318,0,very_low,baseline
HOWARD BEACH-JFK AIRPORT,QUEENS,2028-11-01,0.000268,0,very_low,baseline
HOWARD BEACH-JFK AIRPORT,QUEENS,2028-12-01,0.000258,0,very_low,baseline
HOWARD BEACH-JFK AIRPORT,QUEENS,2029-01-01,0.000347,0,very_low,baseline
HOWARD BEACH-JFK AIRPORT,QUEENS,2029-02-01,0.000361,0,very_low,baseline
HOWARD BEACH-JFK AIRPORT,QUEENS,2029-03-01,0.000376,0,very_low,baseline
HOWARD BEACH-JFK AIRPORT,QUEENS,2029-04-01,0.000367,0,very_low,baseline
HOWARD BEACH-JFK AIRPORT,QUEENS,2029-05-01,0.000377,0,very_low,baseline
HOWARD BEACH-JFK AIRPORT,QUEENS,2029-06-01,0.00038,0,very_low,baseline
HOWARD BEACH-JFK AIRPORT,QUEENS,2029-07-01,0.000357,0,very_low,baseline
HOWARD BEACH-JFK AIRPORT,QUEENS,2029-08-01,0.000387,0,very_low,baseline
HOWARD BEACH-JFK AIRPORT,QUEENS,2029-09-01,0.000402,0,very_low,baseline
HOWARD BEACH-JFK AIRPORT,QUEENS,2029-10-01,0.000318,0,very_low,baseline
HOWARD BEACH-JFK AIRPORT,QUEENS,2029-11-01,0.000268,0,very_low,baseline
HOWARD BEACH-JFK AIRPORT,QUEENS,2029-12-01,0.000258,0,very_low,baseline
HOYT STREET,BROOKLYN,2027-01-01,0.000756,0,very_low,baseline
HOYT STREET,BROOKLYN,2027-02-01,0.000461,0,very_low,baseline
HOYT STREET,BROOKLYN,2027-03-01,0.000448,0,very_low,baseline
HOYT STREET,BROOKLYN,2027-04-01,0.000454,0,very_low,baseline
HOYT STREET,BROOKLYN,2027-05-01,0.000505,0,very_low,baseline
HOYT STREET,BROOKLYN,2027-06-01,0.000433,0,very_low,baseline
HOYT STREET,BROOKLYN,2027-07-01,0.000433,0,very_low,baseline
HOYT STREET,BROOKLYN,2027-08-01,0.000485,0,very_low,baseline
HOYT STREET,BROOKLYN,2027-09-01,0.000534,0,very_low,baseline
HOYT STREET,BROOKLYN,2027-10-01,0.000487,0,very_low,baseline
HOYT STREET,BROOKLYN,2027-11-01,0.000499,0,very_low,baseline
HOYT STREET,BROOKLYN,2027-12-01,0.000496,0,very_low,baseline
HOYT STREET,BROOKLYN,2028-01-01,0.000416,0,very_low,baseline
HOYT STREET,BROOKLYN,2028-02-01,0.000397,0,very_low,baseline
HOYT STREET,BROOKLYN,2028-03-01,0.000417,0,very_low,baseline
HOYT STREET,BROOKLYN,2028-04-01,0.000417,0,very_low,baseline
HOYT STREET,BROOKLYN,2028-05-01,0.000433,0,very_low,baseline
HOYT STREET,BROOKLYN,2028-06-01,0.000433,0,very_low,baseline
HOYT STREET,BROOKLYN,2028-07-01,0.000433,0,very_low,baseline
HOYT STREET,BROOKLYN,2028-08-01,0.000485,0,very_low,baseline
HOYT STREET,BROOKLYN,2028-09-01,0.000534,0,very_low,baseline
HOYT STREET,BROOKLYN,2028-10-01,0.000487,0,very_low,baseline
HOYT STREET,BROOKLYN,2028-11-01,0.000499,0,very_low,baseline
HOYT STREET,BROOKLYN,2028-12-01,0.000496,0,very_low,baseline
HOYT STREET,BROOKLYN,2029-01-01,0.000416,0,very_low,baseline
HOYT STREET,BROOKLYN,2029-02-01,0.000397,0,very_low,baseline
HOYT STREET,BROOKLYN,2029-03-01,0.000417,0,very_low,baseline
HOYT STREET,BROOKLYN,2029-04-01,0.000417,0,very_low,baseline
HOYT STREET,BROOKLYN,2029-05-01,0.000433,0,very_low,baseline
HOYT STREET,BROOKLYN,2029-06-01,0.000433,0,very_low,baseline
HOYT STREET,BROOKLYN,2029-07-01,0.000433,0,very_low,baseline
HOYT STREET,BROOKLYN,2029-08-01,0.000485,0,very_low,baseline
HOYT STREET,BROOKLYN,2029-09-01,0.000534,0,very_low,baseline
HOYT STREET,BROOKLYN,2029-10-01,0.000487,0,very_low,baseline
HOYT STREET,BROOKLYN,2029-11-01,0.000499,0,very_low,baseline
HOYT STREET,BROOKLYN,2029-12-01,0.000496,0,very_low,baseline
HOYT-SCHERMERHORN,BROOKLYN,2027-01-01,0.325157,1,low,baseline
HOYT-SCHERMERHORN,BROOKLYN,2027-02-01,0.35774,1,low,baseline
HOYT-SCHERMERHORN,BROOKLYN,2027-03-01,0.411574,1,medium,baseline
HOYT-SCHERMERHORN,BROOKLYN,2027-04-01,0.370045,1,low,baseline
HOYT-SCHERMERHORN,BROOKLYN,2027-05-01,0.421825,1,medium,baseline
HOYT-SCHERMERHORN,BROOKLYN,2027-06-01,0.463216,1,medium,baseline
HOYT-SCHERMERHORN,BROOKLYN,2027-07-01,0.47339,1,medium,baseline
HOYT-SCHERMERHORN,BROOKLYN,2027-08-01,0.529372,1,medium,baseline
HOYT-SCHERMERHORN,BROOKLYN,2027-09-01,0.542826,1,medium,baseline
HOYT-SCHERMERHORN,BROOKLYN,2027-10-01,0.544499,1,medium,baseline
HOYT-SCHERMERHORN,BROOKLYN,2027-11-01,0.528268,1,medium,baseline
HOYT-SCHERMERHORN,BROOKLYN,2027-12-01,0.54368,1,medium,baseline
HOYT-SCHERMERHORN,BROOKLYN,2028-01-01,0.526374,1,medium,baseline
HOYT-SCHERMERHORN,BROOKLYN,2028-02-01,0.528928,1,medium,baseline
HOYT-SCHERMERHORN,BROOKLYN,2028-03-01,0.557561,1,medium,baseline
HOYT-SCHERMERHORN,BROOKLYN,2028-04-01,0.552153,1,medium,baseline
HOYT-SCHERMERHORN,BROOKLYN,2028-05-01,0.553002,1,medium,baseline
HOYT-SCHERMERHORN,BROOKLYN,2028-06-01,0.557678,1,medium,baseline
HOYT-SCHERMERHORN,BROOKLYN,2028-07-01,0.543472,1,medium,baseline
HOYT-SCHERMERHORN,BROOKLYN,2028-08-01,0.557043,1,medium,baseline
HOYT-SCHERMERHORN,BROOKLYN,2028-09-01,0.556326,1,medium,baseline
HOYT-SCHERMERHORN,BROOKLYN,2028-10-01,0.555788,1,medium,baseline
HOYT-SCHERMERHORN,BROOKLYN,2028-11-01,0.544893,1,medium,baseline
HOYT-SCHERMERHORN,BROOKLYN,2028-12-01,0.54368,1,medium,baseline
HOYT-SCHERMERHORN,BROOKLYN,2029-01-01,0.526374,1,medium,baseline
HOYT-SCHERMERHORN,BROOKLYN,2029-02-01,0.528928,1,medium,baseline
HOYT-SCHERMERHORN,BROOKLYN,2029-03-01,0.557561,1,medium,baseline
HOYT-SCHERMERHORN,BROOKLYN,2029-04-01,0.552153,1,medium,baseline
HOYT-SCHERMERHORN,BROOKLYN,2029-05-01,0.553002,1,medium,baseline
HOYT-SCHERMERHORN,BROOKLYN,2029-06-01,0.557678,1,medium,baseline
HOYT-SCHERMERHORN,BROOKLYN,2029-07-01,0.543472,1,medium,baseline
HOYT-SCHERMERHORN,BROOKLYN,2029-08-01,0.557043,1,medium,baseline
HOYT-SCHERMERHORN,BROOKLYN,2029-09-01,0.556326,1,medium,baseline
HOYT-SCHERMERHORN,BROOKLYN,2029-10-01,0.555788,1,medium,baseline
HOYT-SCHERMERHORN,BROOKLYN,2029-11-01,0.544893,1,medium,baseline
HOYT-SCHERMERHORN,BROOKLYN,2029-12-01,0.54368,1,medium,baseline
HUNTERS POINT AVENUE,QUEENS,2027-01-01,0.000115,0,very_low,baseline
HUNTERS POINT AVENUE,QUEENS,2027-02-01,0.000123,0,very_low,baseline
HUNTERS POINT AVENUE,QUEENS,2027-03-01,0.000157,0,very_low,baseline
HUNTERS POINT AVENUE,QUEENS,2027-04-01,0.000155,0,very_low,baseline
HUNTERS POINT AVENUE,QUEENS,2027-05-01,0.000148,0,very_low,baseline
HUNTERS POINT AVENUE,QUEENS,2027-06-01,0.000156,0,very_low,baseline
HUNTERS POINT AVENUE,QUEENS,2027-07-01,0.00016,0,very_low,baseline
HUNTERS POINT AVENUE,QUEENS,2027-08-01,0.000165,0,very_low,baseline
HUNTERS POINT AVENUE,QUEENS,2027-09-01,0.000169,0,very_low,baseline
HUNTERS POINT AVENUE,QUEENS,2027-10-01,0.000148,0,very_low,baseline
HUNTERS POINT AVENUE,QUEENS,2027-11-01,0.000137,0,very_low,baseline
HUNTERS POINT AVENUE,QUEENS,2027-12-01,0.00013,0,very_low,baseline
HUNTERS POINT AVENUE,QUEENS,2028-01-01,0.000152,0,very_low,baseline
HUNTERS POINT AVENUE,QUEENS,2028-02-01,0.000158,0,very_low,baseline
HUNTERS POINT AVENUE,QUEENS,2028-03-01,0.000157,0,very_low,baseline
HUNTERS POINT AVENUE,QUEENS,2028-04-01,0.000155,0,very_low,baseline
HUNTERS POINT AVENUE,QUEENS,2028-05-01,0.000159,0,very_low,baseline
HUNTERS POINT AVENUE,QUEENS,2028-06-01,0.000156,0,very_low,baseline
HUNTERS POINT AVENUE,QUEENS,2028-07-01,0.00016,0,very_low,baseline
HUNTERS POINT AVENUE,QUEENS,2028-08-01,0.000165,0,very_low,baseline
HUNTERS POINT AVENUE,QUEENS,2028-09-01,0.000169,0,very_low,baseline
HUNTERS POINT AVENUE,QUEENS,2028-10-01,0.000148,0,very_low,baseline
HUNTERS POINT AVENUE,QUEENS,2028-11-01,0.000137,0,very_low,baseline
HUNTERS POINT AVENUE,QUEENS,2028-12-01,0.00013,0,very_low,baseline
HUNTERS POINT AVENUE,QUEENS,2029-01-01,0.000152,0,very_low,baseline
HUNTERS POINT AVENUE,QUEENS,2029-02-01,0.000158,0,very_low,baseline
HUNTERS POINT AVENUE,QUEENS,2029-03-01,0.000157,0,very_low,baseline
HUNTERS POINT AVENUE,QUEENS,2029-04-01,0.000155,0,very_low,baseline
HUNTERS POINT AVENUE,QUEENS,2029-05-01,0.000159,0,very_low,baseline
HUNTERS POINT AVENUE,QUEENS,2029-06-01,0.000156,0,very_low,baseline
HUNTERS POINT AVENUE,QUEENS,2029-07-01,0.00016,0,very_low,baseline
HUNTERS POINT AVENUE,QUEENS,2029-08-01,0.000165,0,very_low,baseline
HUNTERS POINT AVENUE,QUEENS,2029-09-01,0.000169,0,very_low,baseline
HUNTERS POINT AVENUE,QUEENS,2029-10-01,0.000148,0,very_low,baseline
HUNTERS POINT AVENUE,QUEENS,2029-11-01,0.000137,0,very_low,baseline
HUNTERS POINT AVENUE,QUEENS,2029-12-01,0.00013,0,very_low,baseline
HUNTS POINT AVENUE,BRONX,2027-01-01,0.80029,1,very_high,baseline
HUNTS POINT AVENUE,BRONX,2027-02-01,0.947513,1,very_high,baseline
HUNTS POINT AVENUE,BRONX,2027-03-01,0.918738,1,very_high,baseline
HUNTS POINT AVENUE,BRONX,2027-04-01,0.916761,1,very_high,baseline
HUNTS POINT AVENUE,BRONX,2027-05-01,0.911367,1,very_high,baseline
HUNTS POINT AVENUE,BRONX,2027-06-01,0.91984,1,very_high,baseline
HUNTS POINT AVENUE,BRONX,2027-07-01,0.92291,1,very_high,baseline
HUNTS POINT AVENUE,BRONX,2027-08-01,0.924176,1,very_high,baseline
HUNTS POINT AVENUE,BRONX,2027-09-01,0.924564,1,very_high,baseline
HUNTS POINT AVENUE,BRONX,2027-10-01,0.934543,1,very_high,baseline
HUNTS POINT AVENUE,BRONX,2027-11-01,0.934552,1,very_high,baseline
HUNTS POINT AVENUE,BRONX,2027-12-01,0.933074,1,very_high,baseline
HUNTS POINT AVENUE,BRONX,2028-01-01,0.919508,1,very_high,baseline
HUNTS POINT AVENUE,BRONX,2028-02-01,0.920263,1,very_high,baseline
HUNTS POINT AVENUE,BRONX,2028-03-01,0.922758,1,very_high,baseline
HUNTS POINT AVENUE,BRONX,2028-04-01,0.928002,1,very_high,baseline
HUNTS POINT AVENUE,BRONX,2028-05-01,0.929115,1,very_high,baseline
HUNTS POINT AVENUE,BRONX,2028-06-01,0.929914,1,very_high,baseline
HUNTS POINT AVENUE,BRONX,2028-07-01,0.9309,1,very_high,baseline
HUNTS POINT AVENUE,BRONX,2028-08-01,0.932044,1,very_high,baseline
HUNTS POINT AVENUE,BRONX,2028-09-01,0.932395,1,very_high,baseline
HUNTS POINT AVENUE,BRONX,2028-10-01,0.934543,1,very_high,baseline
HUNTS POINT AVENUE,BRONX,2028-11-01,0.934552,1,very_high,baseline
HUNTS POINT AVENUE,BRONX,2028-12-01,0.933074,1,very_high,baseline
HUNTS POINT AVENUE,BRONX,2029-01-01,0.919508,1,very_high,baseline
HUNTS POINT AVENUE,BRONX,2029-02-01,0.920263,1,very_high,baseline
HUNTS POINT AVENUE,BRONX,2029-03-01,0.922758,1,very_high,baseline
HUNTS POINT AVENUE,BRONX,2029-04-01,0.928002,1,very_high,baseline
HUNTS POINT AVENUE,BRONX,2029-05-01,0.929115,1,very_high,baseline
HUNTS POINT AVENUE,BRONX,2029-06-01,0.929914,1,very_high,baseline
HUNTS POINT AVENUE,BRONX,2029-07-01,0.9309,1,very_high,baseline
HUNTS POINT AVENUE,BRONX,2029-08-01,0.932044,1,very_high,baseline
HUNTS POINT AVENUE,BRONX,2029-09-01,0.932395,1,very_high,baseline
HUNTS POINT AVENUE,BRONX,2029-10-01,0.934543,1,very_high,baseline
HUNTS POINT AVENUE,BRONX,2029-11-01,0.934552,1,very_high,baseline
HUNTS POINT AVENUE,BRONX,2029-12-01,0.933074,1,very_high,baseline
INTERVALE AVENUE,BRONX,2027-01-01,0.000164,0,very_low,baseline
INTERVALE AVENUE,BRONX,2027-02-01,0.000202,0,very_low,baseline
INTERVALE AVENUE,BRONX,2027-03-01,0.000192,0,very_low,baseline
INTERVALE AVENUE,BRONX,2027-04-01,0.000189,0,very_low,baseline
INTERVALE AVENUE,BRONX,2027-05-01,0.000183,0,very_low,baseline
INTERVALE AVENUE,BRONX,2027-06-01,0.00019,0,very_low,baseline
INTERVALE AVENUE,BRONX,2027-07-01,0.000195,0,very_low,baseline
INTERVALE AVENUE,BRONX,2027-08-01,0.000198,0,very_low,baseline
INTERVALE AVENUE,BRONX,2027-09-01,0.000207,0,very_low,baseline
INTERVALE AVENUE,BRONX,2027-10-01,0.000174,0,very_low,baseline
INTERVALE AVENUE,BRONX,2027-11-01,0.000166,0,very_low,baseline
INTERVALE AVENUE,BRONX,2027-12-01,0.000158,0,very_low,baseline
INTERVALE AVENUE,BRONX,2028-01-01,0.000186,0,very_low,baseline
INTERVALE AVENUE,BRONX,2028-02-01,0.000193,0,very_low,baseline
INTERVALE AVENUE,BRONX,2028-03-01,0.000192,0,very_low,baseline
INTERVALE AVENUE,BRONX,2028-04-01,0.000189,0,very_low,baseline
INTERVALE AVENUE,BRONX,2028-05-01,0.000194,0,very_low,baseline
INTERVALE AVENUE,BRONX,2028-06-01,0.00019,0,very_low,baseline
INTERVALE AVENUE,BRONX,2028-07-01,0.000195,0,very_low,baseline
INTERVALE AVENUE,BRONX,2028-08-01,0.000198,0,very_low,baseline
INTERVALE AVENUE,BRONX,2028-09-01,0.000207,0,very_low,baseline
INTERVALE AVENUE,BRONX,2028-10-01,0.000174,0,very_low,baseline
INTERVALE AVENUE,BRONX,2028-11-01,0.000166,0,very_low,baseline
INTERVALE AVENUE,BRONX,2028-12-01,0.000158,0,very_low,baseline
INTERVALE AVENUE,BRONX,2029-01-01,0.000186,0,very_low,baseline
INTERVALE AVENUE,BRONX,2029-02-01,0.000193,0,very_low,baseline
INTERVALE AVENUE,BRONX,2029-03-01,0.000192,0,very_low,baseline
INTERVALE AVENUE,BRONX,2029-04-01,0.000189,0,very_low,baseline
INTERVALE AVENUE,BRONX,2029-05-01,0.000194,0,very_low,baseline
INTERVALE AVENUE,BRONX,2029-06-01,0.00019,0,very_low,baseline
INTERVALE AVENUE,BRONX,2029-07-01,0.000195,0,very_low,baseline
INTERVALE AVENUE,BRONX,2029-08-01,0.000198,0,very_low,baseline
INTERVALE AVENUE,BRONX,2029-09-01,0.000207,0,very_low,baseline
INTERVALE AVENUE,BRONX,2029-10-01,0.000174,0,very_low,baseline
INTERVALE AVENUE,BRONX,2029-11-01,0.000166,0,very_low,baseline
INTERVALE AVENUE,BRONX,2029-12-01,0.000158,0,very_low,baseline
JACKSON AVENUE,BRONX,2027-01-01,0.003753,0,very_low,baseline
JACKSON AVENUE,BRONX,2027-02-01,0.002644,0,very_low,baseline
JACKSON AVENUE,BRONX,2027-03-01,0.002521,0,very_low,baseline
JACKSON AVENUE,BRONX,2027-04-01,0.001969,0,very_low,baseline
JACKSON AVENUE,BRONX,2027-05-01,0.001629,0,very_low,baseline
JACKSON AVENUE,BRONX,2027-06-01,0.001524,0,very_low,baseline
JACKSON AVENUE,BRONX,2027-07-01,0.001592,0,very_low,baseline
JACKSON AVENUE,BRONX,2027-08-01,0.001592,0,very_low,baseline
JACKSON AVENUE,BRONX,2027-09-01,0.001673,0,very_low,baseline
JACKSON AVENUE,BRONX,2027-10-01,0.001368,0,very_low,baseline
JACKSON AVENUE,BRONX,2027-11-01,0.001221,0,very_low,baseline
JACKSON AVENUE,BRONX,2027-12-01,0.001162,0,very_low,baseline
JACKSON AVENUE,BRONX,2028-01-01,0.001687,0,very_low,baseline
JACKSON AVENUE,BRONX,2028-02-01,0.001743,0,very_low,baseline
JACKSON AVENUE,BRONX,2028-03-01,0.001606,0,very_low,baseline
JACKSON AVENUE,BRONX,2028-04-01,0.001473,0,very_low,baseline
JACKSON AVENUE,BRONX,2028-05-01,0.00154,0,very_low,baseline
JACKSON AVENUE,BRONX,2028-06-01,0.001524,0,very_low,baseline
JACKSON AVENUE,BRONX,2028-07-01,0.001592,0,very_low,baseline
JACKSON AVENUE,BRONX,2028-08-01,0.001592,0,very_low,baseline
JACKSON AVENUE,BRONX,2028-09-01,0.001673,0,very_low,baseline
JACKSON AVENUE,BRONX,2028-10-01,0.001368,0,very_low,baseline
JACKSON AVENUE,BRONX,2028-11-01,0.001221,0,very_low,baseline
JACKSON AVENUE,BRONX,2028-12-01,0.001162,0,very_low,baseline
JACKSON AVENUE,BRONX,2029-01-01,0.001687,0,very_low,baseline
JACKSON AVENUE,BRONX,2029-02-01,0.001743,0,very_low,baseline
JACKSON AVENUE,BRONX,2029-03-01,0.001606,0,very_low,baseline
JACKSON AVENUE,BRONX,2029-04-01,0.001473,0,very_low,baseline
JACKSON AVENUE,BRONX,2029-05-01,0.00154,0,very_low,baseline
JACKSON AVENUE,BRONX,2029-06-01,0.001524,0,very_low,baseline
JACKSON AVENUE,BRONX,2029-07-01,0.001592,0,very_low,baseline
JACKSON AVENUE,BRONX,2029-08-01,0.001592,0,very_low,baseline
JACKSON AVENUE,BRONX,2029-09-01,0.001673,0,very_low,baseline
JACKSON AVENUE,BRONX,2029-10-01,0.001368,0,very_low,baseline
JACKSON AVENUE,BRONX,2029-11-01,0.001221,0,very_low,baseline
JACKSON AVENUE,BRONX,2029-12-01,0.001162,0,very_low,baseline
JAMAICA-VAN WYCK,QUEENS,2027-01-01,0.05231,1,very_low,baseline
JAMAICA-VAN WYCK,QUEENS,2027-02-01,0.057158,1,very_low,baseline
JAMAICA-VAN WYCK,QUEENS,2027-03-01,0.04084,0,very_low,baseline
JAMAICA-VAN WYCK,QUEENS,2027-04-01,0.033719,0,very_low,baseline
JAMAICA-VAN WYCK,QUEENS,2027-05-01,0.039061,0,very_low,baseline
JAMAICA-VAN WYCK,QUEENS,2027-06-01,0.046062,0,very_low,baseline
JAMAICA-VAN WYCK,QUEENS,2027-07-01,0.046169,0,very_low,baseline
JAMAICA-VAN WYCK,QUEENS,2027-08-01,0.044939,0,very_low,baseline
JAMAICA-VAN WYCK,QUEENS,2027-09-01,0.042523,0,very_low,baseline
JAMAICA-VAN WYCK,QUEENS,2027-10-01,0.037159,0,very_low,baseline
JAMAICA-VAN WYCK,QUEENS,2027-11-01,0.035091,0,very_low,baseline
JAMAICA-VAN WYCK,QUEENS,2027-12-01,0.033443,0,very_low,baseline
JAMAICA-VAN WYCK,QUEENS,2028-01-01,0.043271,0,very_low,baseline
JAMAICA-VAN WYCK,QUEENS,2028-02-01,0.051595,1,very_low,baseline
JAMAICA-VAN WYCK,QUEENS,2028-03-01,0.047914,0,very_low,baseline
JAMAICA-VAN WYCK,QUEENS,2028-04-01,0.038872,0,very_low,baseline
JAMAICA-VAN WYCK,QUEENS,2028-05-01,0.046075,0,very_low,baseline
JAMAICA-VAN WYCK,QUEENS,2028-06-01,0.050038,1,very_low,baseline
JAMAICA-VAN WYCK,QUEENS,2028-07-01,0.04648,0,very_low,baseline
JAMAICA-VAN WYCK,QUEENS,2028-08-01,0.037729,0,very_low,baseline
JAMAICA-VAN WYCK,QUEENS,2028-09-01,0.039438,0,very_low,baseline
JAMAICA-VAN WYCK,QUEENS,2028-10-01,0.037159,0,very_low,baseline
JAMAICA-VAN WYCK,QUEENS,2028-11-01,0.035091,0,very_low,baseline
JAMAICA-VAN WYCK,QUEENS,2028-12-01,0.034047,0,very_low,baseline
JAMAICA-VAN WYCK,QUEENS,2029-01-01,0.043271,0,very_low,baseline
JAMAICA-VAN WYCK,QUEENS,2029-02-01,0.04426,0,very_low,baseline
JAMAICA-VAN WYCK,QUEENS,2029-03-01,0.047201,0,very_low,baseline
JAMAICA-VAN WYCK,QUEENS,2029-04-01,0.047585,0,very_low,baseline
JAMAICA-VAN WYCK,QUEENS,2029-05-01,0.049652,0,very_low,baseline
JAMAICA-VAN WYCK,QUEENS,2029-06-01,0.050038,1,very_low,baseline
JAMAICA-VAN WYCK,QUEENS,2029-07-01,0.050489,1,very_low,baseline
JAMAICA-VAN WYCK,QUEENS,2029-08-01,0.039033,0,very_low,baseline
JAMAICA-VAN WYCK,QUEENS,2029-09-01,0.033998,0,very_low,baseline
JAMAICA-VAN WYCK,QUEENS,2029-10-01,0.034449,0,very_low,baseline
JAMAICA-VAN WYCK,QUEENS,2029-11-01,0.035091,0,very_low,baseline
JAMAICA-VAN WYCK,QUEENS,2029-12-01,0.034047,0,very_low,baseline
JAY STREET-BOROUGH HALL,BROOKLYN,2027-01-01,0.654266,1,high,baseline
JAY STREET-BOROUGH HALL,BROOKLYN,2027-02-01,0.82094,1,very_high,baseline
JAY STREET-BOROUGH HALL,BROOKLYN,2027-03-01,0.678408,1,high,baseline
JAY STREET-BOROUGH HALL,BROOKLYN,2027-04-01,0.707629,1,high,baseline
JAY STREET-BOROUGH HALL,BROOKLYN,2027-05-01,0.733523,1,high,baseline
JAY STREET-BOROUGH HALL,BROOKLYN,2027-06-01,0.803669,1,very_high,baseline
JAY STREET-BOROUGH HALL,BROOKLYN,2027-07-01,0.814796,1,very_high,baseline
JAY STREET-BOROUGH HALL,BROOKLYN,2027-08-01,0.839695,1,very_high,baseline
JAY STREET-BOROUGH HALL,BROOKLYN,2027-09-01,0.844733,1,very_high,baseline
JAY STREET-BOROUGH HALL,BROOKLYN,2027-10-01,0.856226,1,very_high,baseline
JAY STREET-BOROUGH HALL,BROOKLYN,2027-11-01,0.857158,1,very_high,baseline
JAY STREET-BOROUGH HALL,BROOKLYN,2027-12-01,0.865507,1,very_high,baseline
JAY STREET-BOROUGH HALL,BROOKLYN,2028-01-01,0.852354,1,very_high,baseline
JAY STREET-BOROUGH HALL,BROOKLYN,2028-02-01,0.853639,1,very_high,baseline
JAY STREET-BOROUGH HALL,BROOKLYN,2028-03-01,0.856336,1,very_high,baseline
JAY STREET-BOROUGH HALL,BROOKLYN,2028-04-01,0.862018,1,very_high,baseline
JAY STREET-BOROUGH HALL,BROOKLYN,2028-05-01,0.863402,1,very_high,baseline
JAY STREET-BOROUGH HALL,BROOKLYN,2028-06-01,0.857966,1,very_high,baseline
JAY STREET-BOROUGH HALL,BROOKLYN,2028-07-01,0.858274,1,very_high,baseline
JAY STREET-BOROUGH HALL,BROOKLYN,2028-08-01,0.865084,1,very_high,baseline
JAY STREET-BOROUGH HALL,BROOKLYN,2028-09-01,0.865731,1,very_high,baseline
JAY STREET-BOROUGH HALL,BROOKLYN,2028-10-01,0.867396,1,very_high,baseline
JAY STREET-BOROUGH HALL,BROOKLYN,2028-11-01,0.868266,1,very_high,baseline
JAY STREET-BOROUGH HALL,BROOKLYN,2028-12-01,0.865507,1,very_high,baseline
JAY STREET-BOROUGH HALL,BROOKLYN,2029-01-01,0.852354,1,very_high,baseline
JAY STREET-BOROUGH HALL,BROOKLYN,2029-02-01,0.853639,1,very_high,baseline
JAY STREET-BOROUGH HALL,BROOKLYN,2029-03-01,0.856336,1,very_high,baseline
JAY STREET-BOROUGH HALL,BROOKLYN,2029-04-01,0.862018,1,very_high,baseline
JAY STREET-BOROUGH HALL,BROOKLYN,2029-05-01,0.863402,1,very_high,baseline
JAY STREET-BOROUGH HALL,BROOKLYN,2029-06-01,0.857966,1,very_high,baseline
JAY STREET-BOROUGH HALL,BROOKLYN,2029-07-01,0.858274,1,very_high,baseline
JAY STREET-BOROUGH HALL,BROOKLYN,2029-08-01,0.865084,1,very_high,baseline
JAY STREET-BOROUGH HALL,BROOKLYN,2029-09-01,0.865731,1,very_high,baseline
JAY STREET-BOROUGH HALL,BROOKLYN,2029-10-01,0.867396,1,very_high,baseline
JAY STREET-BOROUGH HALL,BROOKLYN,2029-11-01,0.868266,1,very_high,baseline
JAY STREET-BOROUGH HALL,BROOKLYN,2029-12-01,0.865507,1,very_high,baseline
JEFFERSON STREET,BROOKLYN,2027-01-01,0.000631,0,very_low,baseline
JEFFERSON STREET,BROOKLYN,2027-02-01,0.000344,0,very_low,baseline
JEFFERSON STREET,BROOKLYN,2027-03-01,0.000446,0,very_low,baseline
JEFFERSON STREET,BROOKLYN,2027-04-01,0.00044,0,very_low,baseline
JEFFERSON STREET,BROOKLYN,2027-05-01,0.000488,0,very_low,baseline
JEFFERSON STREET,BROOKLYN,2027-06-01,0.000435,0,very_low,baseline
JEFFERSON STREET,BROOKLYN,2027-07-01,0.000609,0,very_low,baseline
JEFFERSON STREET,BROOKLYN,2027-08-01,0.000676,0,very_low,baseline
JEFFERSON STREET,BROOKLYN,2027-09-01,0.000744,0,very_low,baseline
JEFFERSON STREET,BROOKLYN,2027-10-01,0.000676,0,very_low,baseline
JEFFERSON STREET,BROOKLYN,2027-11-01,0.000584,0,very_low,baseline
JEFFERSON STREET,BROOKLYN,2027-12-01,0.00058,0,very_low,baseline
JEFFERSON STREET,BROOKLYN,2028-01-01,0.000594,0,very_low,baseline
JEFFERSON STREET,BROOKLYN,2028-02-01,0.000567,0,very_low,baseline
JEFFERSON STREET,BROOKLYN,2028-03-01,0.000601,0,very_low,baseline
JEFFERSON STREET,BROOKLYN,2028-04-01,0.000594,0,very_low,baseline
JEFFERSON STREET,BROOKLYN,2028-05-01,0.000617,0,very_low,baseline
JEFFERSON STREET,BROOKLYN,2028-06-01,0.000617,0,very_low,baseline
JEFFERSON STREET,BROOKLYN,2028-07-01,0.000609,0,very_low,baseline
JEFFERSON STREET,BROOKLYN,2028-08-01,0.000676,0,very_low,baseline
JEFFERSON STREET,BROOKLYN,2028-09-01,0.000744,0,very_low,baseline
JEFFERSON STREET,BROOKLYN,2028-10-01,0.000676,0,very_low,baseline
JEFFERSON STREET,BROOKLYN,2028-11-01,0.000584,0,very_low,baseline
JEFFERSON STREET,BROOKLYN,2028-12-01,0.00058,0,very_low,baseline
JEFFERSON STREET,BROOKLYN,2029-01-01,0.000594,0,very_low,baseline
JEFFERSON STREET,BROOKLYN,2029-02-01,0.000567,0,very_low,baseline
JEFFERSON STREET,BROOKLYN,2029-03-01,0.000601,0,very_low,baseline
JEFFERSON STREET,BROOKLYN,2029-04-01,0.000594,0,very_low,baseline
JEFFERSON STREET,BROOKLYN,2029-05-01,0.000617,0,very_low,baseline
JEFFERSON STREET,BROOKLYN,2029-06-01,0.000617,0,very_low,baseline
JEFFERSON STREET,BROOKLYN,2029-07-01,0.000609,0,very_low,baseline
JEFFERSON STREET,BROOKLYN,2029-08-01,0.000676,0,very_low,baseline
JEFFERSON STREET,BROOKLYN,2029-09-01,0.000744,0,very_low,baseline
JEFFERSON STREET,BROOKLYN,2029-10-01,0.000676,0,very_low,baseline
JEFFERSON STREET,BROOKLYN,2029-11-01,0.000584,0,very_low,baseline
JEFFERSON STREET,BROOKLYN,2029-12-01,0.00058,0,very_low,baseline
JUNCTION BLVD.,QUEENS,2027-01-01,0.1043,1,very_low,baseline
JUNCTION BLVD.,QUEENS,2027-02-01,0.063878,1,very_low,baseline
JUNCTION BLVD.,QUEENS,2027-03-01,0.071884,1,very_low,baseline
JUNCTION BLVD.,QUEENS,2027-04-01,0.085946,1,very_low,baseline
JUNCTION BLVD.,QUEENS,2027-05-01,0.078996,1,very_low,baseline
JUNCTION BLVD.,QUEENS,2027-06-01,0.07266,1,very_low,baseline
JUNCTION BLVD.,QUEENS,2027-07-01,0.068267,1,very_low,baseline
JUNCTION BLVD.,QUEENS,2027-08-01,0.071495,1,very_low,baseline
JUNCTION BLVD.,QUEENS,2027-09-01,0.071658,1,very_low,baseline
JUNCTION BLVD.,QUEENS,2027-10-01,0.067312,1,very_low,baseline
JUNCTION BLVD.,QUEENS,2027-11-01,0.061193,1,very_low,baseline
JUNCTION BLVD.,QUEENS,2027-12-01,0.061818,1,very_low,baseline
JUNCTION BLVD.,QUEENS,2028-01-01,0.082661,1,very_low,baseline
JUNCTION BLVD.,QUEENS,2028-02-01,0.084814,1,very_low,baseline
JUNCTION BLVD.,QUEENS,2028-03-01,0.088968,1,very_low,baseline
JUNCTION BLVD.,QUEENS,2028-04-01,0.087578,1,very_low,baseline
JUNCTION BLVD.,QUEENS,2028-05-01,0.091218,1,very_low,baseline
JUNCTION BLVD.,QUEENS,2028-06-01,0.086428,1,very_low,baseline
JUNCTION BLVD.,QUEENS,2028-07-01,0.079836,1,very_low,baseline
JUNCTION BLVD.,QUEENS,2028-08-01,0.076916,1,very_low,baseline
JUNCTION BLVD.,QUEENS,2028-09-01,0.074323,1,very_low,baseline
JUNCTION BLVD.,QUEENS,2028-10-01,0.069828,1,very_low,baseline
JUNCTION BLVD.,QUEENS,2028-11-01,0.064771,1,very_low,baseline
JUNCTION BLVD.,QUEENS,2028-12-01,0.061818,1,very_low,baseline
JUNCTION BLVD.,QUEENS,2029-01-01,0.082661,1,very_low,baseline
JUNCTION BLVD.,QUEENS,2029-02-01,0.084814,1,very_low,baseline
JUNCTION BLVD.,QUEENS,2029-03-01,0.088968,1,very_low,baseline
JUNCTION BLVD.,QUEENS,2029-04-01,0.087578,1,very_low,baseline
JUNCTION BLVD.,QUEENS,2029-05-01,0.091218,1,very_low,baseline
JUNCTION BLVD.,QUEENS,2029-06-01,0.086428,1,very_low,baseline
JUNCTION BLVD.,QUEENS,2029-07-01,0.079836,1,very_low,baseline
JUNCTION BLVD.,QUEENS,2029-08-01,0.076916,1,very_low,baseline
JUNCTION BLVD.,QUEENS,2029-09-01,0.074323,1,very_low,baseline
JUNCTION BLVD.,QUEENS,2029-10-01,0.069828,1,very_low,baseline
JUNCTION BLVD.,QUEENS,2029-11-01,0.064771,1,very_low,baseline
JUNCTION BLVD.,QUEENS,2029-12-01,0.061818,1,very_low,baseline
JUNIUS STREET,BROOKLYN,2027-01-01,0.000268,0,very_low,baseline
JUNIUS STREET,BROOKLYN,2027-02-01,0.000331,0,very_low,baseline
JUNIUS STREET,BROOKLYN,2027-03-01,0.000271,0,very_low,baseline
JUNIUS STREET,BROOKLYN,2027-04-01,0.00036,0,very_low,baseline
JUNIUS STREET,BROOKLYN,2027-05-01,0.000146,0,very_low,baseline
JUNIUS STREET,BROOKLYN,2027-06-01,0.000179,0,very_low,baseline
JUNIUS STREET,BROOKLYN,2027-07-01,0.000185,0,very_low,baseline
JUNIUS STREET,BROOKLYN,2027-08-01,0.000185,0,very_low,baseline
JUNIUS STREET,BROOKLYN,2027-09-01,0.000195,0,very_low,baseline
JUNIUS STREET,BROOKLYN,2027-10-01,0.000168,0,very_low,baseline
JUNIUS STREET,BROOKLYN,2027-11-01,0.000154,0,very_low,baseline
JUNIUS STREET,BROOKLYN,2027-12-01,0.000147,0,very_low,baseline
JUNIUS STREET,BROOKLYN,2028-01-01,0.000197,0,very_low,baseline
JUNIUS STREET,BROOKLYN,2028-02-01,0.000209,0,very_low,baseline
JUNIUS STREET,BROOKLYN,2028-03-01,0.000189,0,very_low,baseline
JUNIUS STREET,BROOKLYN,2028-04-01,0.000173,0,very_low,baseline
JUNIUS STREET,BROOKLYN,2028-05-01,0.000178,0,very_low,baseline
JUNIUS STREET,BROOKLYN,2028-06-01,0.000179,0,very_low,baseline
JUNIUS STREET,BROOKLYN,2028-07-01,0.000185,0,very_low,baseline
JUNIUS STREET,BROOKLYN,2028-08-01,0.000185,0,very_low,baseline
JUNIUS STREET,BROOKLYN,2028-09-01,0.000195,0,very_low,baseline
JUNIUS STREET,BROOKLYN,2028-10-01,0.000168,0,very_low,baseline
JUNIUS STREET,BROOKLYN,2028-11-01,0.000154,0,very_low,baseline
JUNIUS STREET,BROOKLYN,2028-12-01,0.000147,0,very_low,baseline
JUNIUS STREET,BROOKLYN,2029-01-01,0.000197,0,very_low,baseline
JUNIUS STREET,BROOKLYN,2029-02-01,0.000209,0,very_low,baseline
JUNIUS STREET,BROOKLYN,2029-03-01,0.000189,0,very_low,baseline
JUNIUS STREET,BROOKLYN,2029-04-01,0.000173,0,very_low,baseline
JUNIUS STREET,BROOKLYN,2029-05-01,0.000178,0,very_low,baseline
JUNIUS STREET,BROOKLYN,2029-06-01,0.000179,0,very_low,baseline
JUNIUS STREET,BROOKLYN,2029-07-01,0.000185,0,very_low,baseline
JUNIUS STREET,BROOKLYN,2029-08-01,0.000185,0,very_low,baseline
JUNIUS STREET,BROOKLYN,2029-09-01,0.000195,0,very_low,baseline
JUNIUS STREET,BROOKLYN,2029-10-01,0.000168,0,very_low,baseline
JUNIUS STREET,BROOKLYN,2029-11-01,0.000154,0,very_low,baseline
JUNIUS STREET,BROOKLYN,2029-12-01,0.000147,0,very_low,baseline
KINGS HIGHWAY,BROOKLYN,2027-01-01,0.00906,0,very_low,baseline
KINGS HIGHWAY,BROOKLYN,2027-02-01,0.007479,0,very_low,baseline
KINGS HIGHWAY,BROOKLYN,2027-03-01,0.008094,0,very_low,baseline
KINGS HIGHWAY,BROOKLYN,2027-04-01,0.007354,0,very_low,baseline
KINGS HIGHWAY,BROOKLYN,2027-05-01,0.008727,0,very_low,baseline
KINGS HIGHWAY,BROOKLYN,2027-06-01,0.008753,0,very_low,baseline
KINGS HIGHWAY,BROOKLYN,2027-07-01,0.008407,0,very_low,baseline
KINGS HIGHWAY,BROOKLYN,2027-08-01,0.009923,0,very_low,baseline
KINGS HIGHWAY,BROOKLYN,2027-09-01,0.010561,0,very_low,baseline
KINGS HIGHWAY,BROOKLYN,2027-10-01,0.009008,0,very_low,baseline
KINGS HIGHWAY,BROOKLYN,2027-11-01,0.007071,0,very_low,baseline
KINGS HIGHWAY,BROOKLYN,2027-12-01,0.006878,0,very_low,baseline
KINGS HIGHWAY,BROOKLYN,2028-01-01,0.008018,0,very_low,baseline
KINGS HIGHWAY,BROOKLYN,2028-02-01,0.007826,0,very_low,baseline
KINGS HIGHWAY,BROOKLYN,2028-03-01,0.008445,0,very_low,baseline
KINGS HIGHWAY,BROOKLYN,2028-04-01,0.008344,0,very_low,baseline
KINGS HIGHWAY,BROOKLYN,2028-05-01,0.008727,0,very_low,baseline
KINGS HIGHWAY,BROOKLYN,2028-06-01,0.008753,0,very_low,baseline
KINGS HIGHWAY,BROOKLYN,2028-07-01,0.008407,0,very_low,baseline
KINGS HIGHWAY,BROOKLYN,2028-08-01,0.009923,0,very_low,baseline
KINGS HIGHWAY,BROOKLYN,2028-09-01,0.010561,0,very_low,baseline
KINGS HIGHWAY,BROOKLYN,2028-10-01,0.009008,0,very_low,baseline
KINGS HIGHWAY,BROOKLYN,2028-11-01,0.007071,0,very_low,baseline
KINGS HIGHWAY,BROOKLYN,2028-12-01,0.006878,0,very_low,baseline
KINGS HIGHWAY,BROOKLYN,2029-01-01,0.008018,0,very_low,baseline
KINGS HIGHWAY,BROOKLYN,2029-02-01,0.007826,0,very_low,baseline
KINGS HIGHWAY,BROOKLYN,2029-03-01,0.008445,0,very_low,baseline
KINGS HIGHWAY,BROOKLYN,2029-04-01,0.008344,0,very_low,baseline
KINGS HIGHWAY,BROOKLYN,2029-05-01,0.008727,0,very_low,baseline
KINGS HIGHWAY,BROOKLYN,2029-06-01,0.008753,0,very_low,baseline
KINGS HIGHWAY,BROOKLYN,2029-07-01,0.008407,0,very_low,baseline
KINGS HIGHWAY,BROOKLYN,2029-08-01,0.009923,0,very_low,baseline
KINGS HIGHWAY,BROOKLYN,2029-09-01,0.010561,0,very_low,baseline
KINGS HIGHWAY,BROOKLYN,2029-10-01,0.009008,0,very_low,baseline
KINGS HIGHWAY,BROOKLYN,2029-11-01,0.007071,0,very_low,baseline
KINGS HIGHWAY,BROOKLYN,2029-12-01,0.006878,0,very_low,baseline
KINGSBRIDGE ROAD,BRONX,2027-01-01,0.800535,1,very_high,baseline
KINGSBRIDGE ROAD,BRONX,2027-02-01,0.746495,1,high,baseline
KINGSBRIDGE ROAD,BRONX,2027-03-01,0.595757,1,medium,baseline
KINGSBRIDGE ROAD,BRONX,2027-04-01,0.585367,1,medium,baseline
KINGSBRIDGE ROAD,BRONX,2027-05-01,0.68473,1,high,baseline
KINGSBRIDGE ROAD,BRONX,2027-06-01,0.882964,1,very_high,baseline
KINGSBRIDGE ROAD,BRONX,2027-07-01,0.886196,1,very_high,baseline
KINGSBRIDGE ROAD,BRONX,2027-08-01,0.886799,1,very_high,baseline
KINGSBRIDGE ROAD,BRONX,2027-09-01,0.887355,1,very_high,baseline
KINGSBRIDGE ROAD,BRONX,2027-10-01,0.891092,1,very_high,baseline
KINGSBRIDGE ROAD,BRONX,2027-11-01,0.892686,1,very_high,baseline
KINGSBRIDGE ROAD,BRONX,2027-12-01,0.890374,1,very_high,baseline
KINGSBRIDGE ROAD,BRONX,2028-01-01,0.87327,1,very_high,baseline
KINGSBRIDGE ROAD,BRONX,2028-02-01,0.874399,1,very_high,baseline
KINGSBRIDGE ROAD,BRONX,2028-03-01,0.876769,1,very_high,baseline
KINGSBRIDGE ROAD,BRONX,2028-04-01,0.883923,1,very_high,baseline
KINGSBRIDGE ROAD,BRONX,2028-05-01,0.885116,1,very_high,baseline
KINGSBRIDGE ROAD,BRONX,2028-06-01,0.885413,1,very_high,baseline
KINGSBRIDGE ROAD,BRONX,2028-07-01,0.885669,1,very_high,baseline
KINGSBRIDGE ROAD,BRONX,2028-08-01,0.886799,1,very_high,baseline
KINGSBRIDGE ROAD,BRONX,2028-09-01,0.887355,1,very_high,baseline
KINGSBRIDGE ROAD,BRONX,2028-10-01,0.891092,1,very_high,baseline
KINGSBRIDGE ROAD,BRONX,2028-11-01,0.892686,1,very_high,baseline
KINGSBRIDGE ROAD,BRONX,2028-12-01,0.890374,1,very_high,baseline
KINGSBRIDGE ROAD,BRONX,2029-01-01,0.87327,1,very_high,baseline
KINGSBRIDGE ROAD,BRONX,2029-02-01,0.874399,1,very_high,baseline
KINGSBRIDGE ROAD,BRONX,2029-03-01,0.876769,1,very_high,baseline
KINGSBRIDGE ROAD,BRONX,2029-04-01,0.883923,1,very_high,baseline
KINGSBRIDGE ROAD,BRONX,2029-05-01,0.885116,1,very_high,baseline
KINGSBRIDGE ROAD,BRONX,2029-06-01,0.885413,1,very_high,baseline
KINGSBRIDGE ROAD,BRONX,2029-07-01,0.885669,1,very_high,baseline
KINGSBRIDGE ROAD,BRONX,2029-08-01,0.886799,1,very_high,baseline
KINGSBRIDGE ROAD,BRONX,2029-09-01,0.887355,1,very_high,baseline
KINGSBRIDGE ROAD,BRONX,2029-10-01,0.891092,1,very_high,baseline
KINGSBRIDGE ROAD,BRONX,2029-11-01,0.892686,1,very_high,baseline
KINGSBRIDGE ROAD,BRONX,2029-12-01,0.890374,1,very_high,baseline
KINGSTON AVENUE,BROOKLYN,2027-01-01,0.000113,0,very_low,baseline
KINGSTON AVENUE,BROOKLYN,2027-02-01,0.000125,0,very_low,baseline
KINGSTON AVENUE,BROOKLYN,2027-03-01,0.00015,0,very_low,baseline
KINGSTON AVENUE,BROOKLYN,2027-04-01,0.00017,0,very_low,baseline
KINGSTON AVENUE,BROOKLYN,2027-05-01,0.000175,0,very_low,baseline
KINGSTON AVENUE,BROOKLYN,2027-06-01,0.000171,0,very_low,baseline
KINGSTON AVENUE,BROOKLYN,2027-07-01,0.000175,0,very_low,baseline
KINGSTON AVENUE,BROOKLYN,2027-08-01,0.000184,0,very_low,baseline
KINGSTON AVENUE,BROOKLYN,2027-09-01,0.000192,0,very_low,baseline
KINGSTON AVENUE,BROOKLYN,2027-10-01,0.000169,0,very_low,baseline
KINGSTON AVENUE,BROOKLYN,2027-11-01,0.000156,0,very_low,baseline
KINGSTON AVENUE,BROOKLYN,2027-12-01,0.000148,0,very_low,baseline
KINGSTON AVENUE,BROOKLYN,2028-01-01,0.000167,0,very_low,baseline
KINGSTON AVENUE,BROOKLYN,2028-02-01,0.000174,0,very_low,baseline
KINGSTON AVENUE,BROOKLYN,2028-03-01,0.000172,0,very_low,baseline
KINGSTON AVENUE,BROOKLYN,2028-04-01,0.00017,0,very_low,baseline
KINGSTON AVENUE,BROOKLYN,2028-05-01,0.000175,0,very_low,baseline
KINGSTON AVENUE,BROOKLYN,2028-06-01,0.000171,0,very_low,baseline
KINGSTON AVENUE,BROOKLYN,2028-07-01,0.000175,0,very_low,baseline
KINGSTON AVENUE,BROOKLYN,2028-08-01,0.000184,0,very_low,baseline
KINGSTON AVENUE,BROOKLYN,2028-09-01,0.000192,0,very_low,baseline
KINGSTON AVENUE,BROOKLYN,2028-10-01,0.000169,0,very_low,baseline
KINGSTON AVENUE,BROOKLYN,2028-11-01,0.000156,0,very_low,baseline
KINGSTON AVENUE,BROOKLYN,2028-12-01,0.000148,0,very_low,baseline
KINGSTON AVENUE,BROOKLYN,2029-01-01,0.000167,0,very_low,baseline
KINGSTON AVENUE,BROOKLYN,2029-02-01,0.000174,0,very_low,baseline
KINGSTON AVENUE,BROOKLYN,2029-03-01,0.000172,0,very_low,baseline
KINGSTON AVENUE,BROOKLYN,2029-04-01,0.00017,0,very_low,baseline
KINGSTON AVENUE,BROOKLYN,2029-05-01,0.000175,0,very_low,baseline
KINGSTON AVENUE,BROOKLYN,2029-06-01,0.000171,0,very_low,baseline
KINGSTON AVENUE,BROOKLYN,2029-07-01,0.000175,0,very_low,baseline
KINGSTON AVENUE,BROOKLYN,2029-08-01,0.000184,0,very_low,baseline
KINGSTON AVENUE,BROOKLYN,2029-09-01,0.000192,0,very_low,baseline
KINGSTON AVENUE,BROOKLYN,2029-10-01,0.000169,0,very_low,baseline
KINGSTON AVENUE,BROOKLYN,2029-11-01,0.000156,0,very_low,baseline
KINGSTON AVENUE,BROOKLYN,2029-12-01,0.000148,0,very_low,baseline
KINGSTON-THROOP AVENUES,BROOKLYN,2027-01-01,0.000564,0,very_low,baseline
KINGSTON-THROOP AVENUES,BROOKLYN,2027-02-01,0.000323,0,very_low,baseline
KINGSTON-THROOP AVENUES,BROOKLYN,2027-03-01,0.000301,0,very_low,baseline
KINGSTON-THROOP AVENUES,BROOKLYN,2027-04-01,0.000383,0,very_low,baseline
KINGSTON-THROOP AVENUES,BROOKLYN,2027-05-01,0.000394,0,very_low,baseline
KINGSTON-THROOP AVENUES,BROOKLYN,2027-06-01,0.000451,0,very_low,baseline
KINGSTON-THROOP AVENUES,BROOKLYN,2027-07-01,0.000439,0,very_low,baseline
KINGSTON-THROOP AVENUES,BROOKLYN,2027-08-01,0.00047,0,very_low,baseline
KINGSTON-THROOP AVENUES,BROOKLYN,2027-09-01,0.000492,0,very_low,baseline
KINGSTON-THROOP AVENUES,BROOKLYN,2027-10-01,0.000427,0,very_low,baseline
KINGSTON-THROOP AVENUES,BROOKLYN,2027-11-01,0.000391,0,very_low,baseline
KINGSTON-THROOP AVENUES,BROOKLYN,2027-12-01,0.000389,0,very_low,baseline
KINGSTON-THROOP AVENUES,BROOKLYN,2028-01-01,0.000426,0,very_low,baseline
KINGSTON-THROOP AVENUES,BROOKLYN,2028-02-01,0.000463,0,very_low,baseline
KINGSTON-THROOP AVENUES,BROOKLYN,2028-03-01,0.000447,0,very_low,baseline
KINGSTON-THROOP AVENUES,BROOKLYN,2028-04-01,0.000436,0,very_low,baseline
KINGSTON-THROOP AVENUES,BROOKLYN,2028-05-01,0.000447,0,very_low,baseline
KINGSTON-THROOP AVENUES,BROOKLYN,2028-06-01,0.000451,0,very_low,baseline
KINGSTON-THROOP AVENUES,BROOKLYN,2028-07-01,0.000439,0,very_low,baseline
KINGSTON-THROOP AVENUES,BROOKLYN,2028-08-01,0.00047,0,very_low,baseline
KINGSTON-THROOP AVENUES,BROOKLYN,2028-09-01,0.000492,0,very_low,baseline
KINGSTON-THROOP AVENUES,BROOKLYN,2028-10-01,0.000427,0,very_low,baseline
KINGSTON-THROOP AVENUES,BROOKLYN,2028-11-01,0.000391,0,very_low,baseline
KINGSTON-THROOP AVENUES,BROOKLYN,2028-12-01,0.000389,0,very_low,baseline
KINGSTON-THROOP AVENUES,BROOKLYN,2029-01-01,0.000426,0,very_low,baseline
KINGSTON-THROOP AVENUES,BROOKLYN,2029-02-01,0.000463,0,very_low,baseline
KINGSTON-THROOP AVENUES,BROOKLYN,2029-03-01,0.000447,0,very_low,baseline
KINGSTON-THROOP AVENUES,BROOKLYN,2029-04-01,0.000436,0,very_low,baseline
KINGSTON-THROOP AVENUES,BROOKLYN,2029-05-01,0.000447,0,very_low,baseline
KINGSTON-THROOP AVENUES,BROOKLYN,2029-06-01,0.000451,0,very_low,baseline
KINGSTON-THROOP AVENUES,BROOKLYN,2029-07-01,0.000439,0,very_low,baseline
KINGSTON-THROOP AVENUES,BROOKLYN,2029-08-01,0.00047,0,very_low,baseline
KINGSTON-THROOP AVENUES,BROOKLYN,2029-09-01,0.000492,0,very_low,baseline
KINGSTON-THROOP AVENUES,BROOKLYN,2029-10-01,0.000427,0,very_low,baseline
KINGSTON-THROOP AVENUES,BROOKLYN,2029-11-01,0.000391,0,very_low,baseline
KINGSTON-THROOP AVENUES,BROOKLYN,2029-12-01,0.000389,0,very_low,baseline
KNICKERBOCKER AVENUE,BROOKLYN,2027-01-01,0.000272,0,very_low,baseline
KNICKERBOCKER AVENUE,BROOKLYN,2027-02-01,0.000412,0,very_low,baseline
KNICKERBOCKER AVENUE,BROOKLYN,2027-03-01,0.000362,0,very_low,baseline
KNICKERBOCKER AVENUE,BROOKLYN,2027-04-01,0.000377,0,very_low,baseline
KNICKERBOCKER AVENUE,BROOKLYN,2027-05-01,0.000319,0,very_low,baseline
KNICKERBOCKER AVENUE,BROOKLYN,2027-06-01,0.000344,0,very_low,baseline
KNICKERBOCKER AVENUE,BROOKLYN,2027-07-01,0.000335,0,very_low,baseline
KNICKERBOCKER AVENUE,BROOKLYN,2027-08-01,0.00034,0,very_low,baseline
KNICKERBOCKER AVENUE,BROOKLYN,2027-09-01,0.000348,0,very_low,baseline
KNICKERBOCKER AVENUE,BROOKLYN,2027-10-01,0.000305,0,very_low,baseline
KNICKERBOCKER AVENUE,BROOKLYN,2027-11-01,0.000246,0,very_low,baseline
KNICKERBOCKER AVENUE,BROOKLYN,2027-12-01,0.000234,0,very_low,baseline
KNICKERBOCKER AVENUE,BROOKLYN,2028-01-01,0.000337,0,very_low,baseline
KNICKERBOCKER AVENUE,BROOKLYN,2028-02-01,0.000366,0,very_low,baseline
KNICKERBOCKER AVENUE,BROOKLYN,2028-03-01,0.000342,0,very_low,baseline
KNICKERBOCKER AVENUE,BROOKLYN,2028-04-01,0.000332,0,very_low,baseline
KNICKERBOCKER AVENUE,BROOKLYN,2028-05-01,0.000341,0,very_low,baseline
KNICKERBOCKER AVENUE,BROOKLYN,2028-06-01,0.000344,0,very_low,baseline
KNICKERBOCKER AVENUE,BROOKLYN,2028-07-01,0.000335,0,very_low,baseline
KNICKERBOCKER AVENUE,BROOKLYN,2028-08-01,0.00034,0,very_low,baseline
KNICKERBOCKER AVENUE,BROOKLYN,2028-09-01,0.000348,0,very_low,baseline
KNICKERBOCKER AVENUE,BROOKLYN,2028-10-01,0.000305,0,very_low,baseline
KNICKERBOCKER AVENUE,BROOKLYN,2028-11-01,0.000246,0,very_low,baseline
KNICKERBOCKER AVENUE,BROOKLYN,2028-12-01,0.000234,0,very_low,baseline
KNICKERBOCKER AVENUE,BROOKLYN,2029-01-01,0.000337,0,very_low,baseline
KNICKERBOCKER AVENUE,BROOKLYN,2029-02-01,0.000366,0,very_low,baseline
KNICKERBOCKER AVENUE,BROOKLYN,2029-03-01,0.000342,0,very_low,baseline
KNICKERBOCKER AVENUE,BROOKLYN,2029-04-01,0.000332,0,very_low,baseline
KNICKERBOCKER AVENUE,BROOKLYN,2029-05-01,0.000341,0,very_low,baseline
KNICKERBOCKER AVENUE,BROOKLYN,2029-06-01,0.000344,0,very_low,baseline
KNICKERBOCKER AVENUE,BROOKLYN,2029-07-01,0.000335,0,very_low,baseline
KNICKERBOCKER AVENUE,BROOKLYN,2029-08-01,0.00034,0,very_low,baseline
KNICKERBOCKER AVENUE,BROOKLYN,2029-09-01,0.000348,0,very_low,baseline
KNICKERBOCKER AVENUE,BROOKLYN,2029-10-01,0.000305,0,very_low,baseline
KNICKERBOCKER AVENUE,BROOKLYN,2029-11-01,0.000246,0,very_low,baseline
KNICKERBOCKER AVENUE,BROOKLYN,2029-12-01,0.000234,0,very_low,baseline
KOSCIUSKO STREET,BROOKLYN,2027-01-01,0.000642,0,very_low,baseline
KOSCIUSKO STREET,BROOKLYN,2027-02-01,0.000873,0,very_low,baseline
KOSCIUSKO STREET,BROOKLYN,2027-03-01,0.000846,0,very_low,baseline
KOSCIUSKO STREET,BROOKLYN,2027-04-01,0.000838,0,very_low,baseline
KOSCIUSKO STREET,BROOKLYN,2027-05-01,0.000818,0,very_low,baseline
KOSCIUSKO STREET,BROOKLYN,2027-06-01,0.000809,0,very_low,baseline
KOSCIUSKO STREET,BROOKLYN,2027-07-01,0.00076,0,very_low,baseline
KOSCIUSKO STREET,BROOKLYN,2027-08-01,0.000799,0,very_low,baseline
KOSCIUSKO STREET,BROOKLYN,2027-09-01,0.000829,0,very_low,baseline
KOSCIUSKO STREET,BROOKLYN,2027-10-01,0.000701,0,very_low,baseline
KOSCIUSKO STREET,BROOKLYN,2027-11-01,0.000585,0,very_low,baseline
KOSCIUSKO STREET,BROOKLYN,2027-12-01,0.000563,0,very_low,baseline
KOSCIUSKO STREET,BROOKLYN,2028-01-01,0.000765,0,very_low,baseline
KOSCIUSKO STREET,BROOKLYN,2028-02-01,0.00082,0,very_low,baseline
KOSCIUSKO STREET,BROOKLYN,2028-03-01,0.000811,0,very_low,baseline
KOSCIUSKO STREET,BROOKLYN,2028-04-01,0.000781,0,very_low,baseline
KOSCIUSKO STREET,BROOKLYN,2028-05-01,0.000802,0,very_low,baseline
KOSCIUSKO STREET,BROOKLYN,2028-06-01,0.000809,0,very_low,baseline
KOSCIUSKO STREET,BROOKLYN,2028-07-01,0.00076,0,very_low,baseline
KOSCIUSKO STREET,BROOKLYN,2028-08-01,0.000799,0,very_low,baseline
KOSCIUSKO STREET,BROOKLYN,2028-09-01,0.000829,0,very_low,baseline
KOSCIUSKO STREET,BROOKLYN,2028-10-01,0.000701,0,very_low,baseline
KOSCIUSKO STREET,BROOKLYN,2028-11-01,0.000585,0,very_low,baseline
KOSCIUSKO STREET,BROOKLYN,2028-12-01,0.000563,0,very_low,baseline
KOSCIUSKO STREET,BROOKLYN,2029-01-01,0.000765,0,very_low,baseline
KOSCIUSKO STREET,BROOKLYN,2029-02-01,0.00082,0,very_low,baseline
KOSCIUSKO STREET,BROOKLYN,2029-03-01,0.000811,0,very_low,baseline
KOSCIUSKO STREET,BROOKLYN,2029-04-01,0.000781,0,very_low,baseline
KOSCIUSKO STREET,BROOKLYN,2029-05-01,0.000802,0,very_low,baseline
KOSCIUSKO STREET,BROOKLYN,2029-06-01,0.000809,0,very_low,baseline
KOSCIUSKO STREET,BROOKLYN,2029-07-01,0.00076,0,very_low,baseline
KOSCIUSKO STREET,BROOKLYN,2029-08-01,0.000799,0,very_low,baseline
KOSCIUSKO STREET,BROOKLYN,2029-09-01,0.000829,0,very_low,baseline
KOSCIUSKO STREET,BROOKLYN,2029-10-01,0.000701,0,very_low,baseline
KOSCIUSKO STREET,BROOKLYN,2029-11-01,0.000585,0,very_low,baseline
KOSCIUSKO STREET,BROOKLYN,2029-12-01,0.000563,0,very_low,baseline
LAFAYETTE AVENUE,BROOKLYN,2027-01-01,0.00014,0,very_low,baseline
LAFAYETTE AVENUE,BROOKLYN,2027-02-01,0.00019,0,very_low,baseline
LAFAYETTE AVENUE,BROOKLYN,2027-03-01,0.000171,0,very_low,baseline
LAFAYETTE AVENUE,BROOKLYN,2027-04-01,0.000182,0,very_low,baseline
LAFAYETTE AVENUE,BROOKLYN,2027-05-01,0.000162,0,very_low,baseline
LAFAYETTE AVENUE,BROOKLYN,2027-06-01,0.000182,0,very_low,baseline
LAFAYETTE AVENUE,BROOKLYN,2027-07-01,0.000178,0,very_low,baseline
LAFAYETTE AVENUE,BROOKLYN,2027-08-01,0.000182,0,very_low,baseline
LAFAYETTE AVENUE,BROOKLYN,2027-09-01,0.00019,0,very_low,baseline
LAFAYETTE AVENUE,BROOKLYN,2027-10-01,0.000171,0,very_low,baseline
LAFAYETTE AVENUE,BROOKLYN,2027-11-01,0.000158,0,very_low,baseline
LAFAYETTE AVENUE,BROOKLYN,2027-12-01,0.000151,0,very_low,baseline
LAFAYETTE AVENUE,BROOKLYN,2028-01-01,0.000178,0,very_low,baseline
LAFAYETTE AVENUE,BROOKLYN,2028-02-01,0.000185,0,very_low,baseline
LAFAYETTE AVENUE,BROOKLYN,2028-03-01,0.000183,0,very_low,baseline
LAFAYETTE AVENUE,BROOKLYN,2028-04-01,0.000181,0,very_low,baseline
LAFAYETTE AVENUE,BROOKLYN,2028-05-01,0.000186,0,very_low,baseline
LAFAYETTE AVENUE,BROOKLYN,2028-06-01,0.000182,0,very_low,baseline
LAFAYETTE AVENUE,BROOKLYN,2028-07-01,0.000178,0,very_low,baseline
LAFAYETTE AVENUE,BROOKLYN,2028-08-01,0.000182,0,very_low,baseline
LAFAYETTE AVENUE,BROOKLYN,2028-09-01,0.00019,0,very_low,baseline
LAFAYETTE AVENUE,BROOKLYN,2028-10-01,0.000171,0,very_low,baseline
LAFAYETTE AVENUE,BROOKLYN,2028-11-01,0.000158,0,very_low,baseline
LAFAYETTE AVENUE,BROOKLYN,2028-12-01,0.000151,0,very_low,baseline
LAFAYETTE AVENUE,BROOKLYN,2029-01-01,0.000178,0,very_low,baseline
LAFAYETTE AVENUE,BROOKLYN,2029-02-01,0.000185,0,very_low,baseline
LAFAYETTE AVENUE,BROOKLYN,2029-03-01,0.000183,0,very_low,baseline
LAFAYETTE AVENUE,BROOKLYN,2029-04-01,0.000181,0,very_low,baseline
LAFAYETTE AVENUE,BROOKLYN,2029-05-01,0.000186,0,very_low,baseline
LAFAYETTE AVENUE,BROOKLYN,2029-06-01,0.000182,0,very_low,baseline
LAFAYETTE AVENUE,BROOKLYN,2029-07-01,0.000178,0,very_low,baseline
LAFAYETTE AVENUE,BROOKLYN,2029-08-01,0.000182,0,very_low,baseline
LAFAYETTE AVENUE,BROOKLYN,2029-09-01,0.00019,0,very_low,baseline
LAFAYETTE AVENUE,BROOKLYN,2029-10-01,0.000171,0,very_low,baseline
LAFAYETTE AVENUE,BROOKLYN,2029-11-01,0.000158,0,very_low,baseline
LAFAYETTE AVENUE,BROOKLYN,2029-12-01,0.000151,0,very_low,baseline
LAWRENCE STREET,BROOKLYN,2027-01-01,0.000494,0,very_low,baseline
LAWRENCE STREET,BROOKLYN,2027-02-01,0.0003,0,very_low,baseline
LAWRENCE STREET,BROOKLYN,2027-03-01,0.00041,0,very_low,baseline
LAWRENCE STREET,BROOKLYN,2027-04-01,0.000351,0,very_low,baseline
LAWRENCE STREET,BROOKLYN,2027-05-01,0.000433,0,very_low,baseline
LAWRENCE STREET,BROOKLYN,2027-06-01,0.000433,0,very_low,baseline
LAWRENCE STREET,BROOKLYN,2027-07-01,0.000419,0,very_low,baseline
LAWRENCE STREET,BROOKLYN,2027-08-01,0.000466,0,very_low,baseline
LAWRENCE STREET,BROOKLYN,2027-09-01,0.000484,0,very_low,baseline
LAWRENCE STREET,BROOKLYN,2027-10-01,0.000405,0,very_low,baseline
LAWRENCE STREET,BROOKLYN,2027-11-01,0.000342,0,very_low,baseline
LAWRENCE STREET,BROOKLYN,2027-12-01,0.000329,0,very_low,baseline
LAWRENCE STREET,BROOKLYN,2028-01-01,0.00042,0,very_low,baseline
LAWRENCE STREET,BROOKLYN,2028-02-01,0.000416,0,very_low,baseline
LAWRENCE STREET,BROOKLYN,2028-03-01,0.000421,0,very_low,baseline
LAWRENCE STREET,BROOKLYN,2028-04-01,0.000421,0,very_low,baseline
LAWRENCE STREET,BROOKLYN,2028-05-01,0.000432,0,very_low,baseline
LAWRENCE STREET,BROOKLYN,2028-06-01,0.000433,0,very_low,baseline
LAWRENCE STREET,BROOKLYN,2028-07-01,0.000419,0,very_low,baseline
LAWRENCE STREET,BROOKLYN,2028-08-01,0.000466,0,very_low,baseline
LAWRENCE STREET,BROOKLYN,2028-09-01,0.000484,0,very_low,baseline
LAWRENCE STREET,BROOKLYN,2028-10-01,0.000405,0,very_low,baseline
LAWRENCE STREET,BROOKLYN,2028-11-01,0.000342,0,very_low,baseline
LAWRENCE STREET,BROOKLYN,2028-12-01,0.000329,0,very_low,baseline
LAWRENCE STREET,BROOKLYN,2029-01-01,0.00042,0,very_low,baseline
LAWRENCE STREET,BROOKLYN,2029-02-01,0.000416,0,very_low,baseline
LAWRENCE STREET,BROOKLYN,2029-03-01,0.000421,0,very_low,baseline
LAWRENCE STREET,BROOKLYN,2029-04-01,0.000421,0,very_low,baseline
LAWRENCE STREET,BROOKLYN,2029-05-01,0.000432,0,very_low,baseline
LAWRENCE STREET,BROOKLYN,2029-06-01,0.000433,0,very_low,baseline
LAWRENCE STREET,BROOKLYN,2029-07-01,0.000419,0,very_low,baseline
LAWRENCE STREET,BROOKLYN,2029-08-01,0.000466,0,very_low,baseline
LAWRENCE STREET,BROOKLYN,2029-09-01,0.000484,0,very_low,baseline
LAWRENCE STREET,BROOKLYN,2029-10-01,0.000405,0,very_low,baseline
LAWRENCE STREET,BROOKLYN,2029-11-01,0.000342,0,very_low,baseline
LAWRENCE STREET,BROOKLYN,2029-12-01,0.000329,0,very_low,baseline
LEFFERTS BLVD.,QUEENS,2027-01-01,0.009449,0,very_low,baseline
LEFFERTS BLVD.,QUEENS,2027-02-01,0.003517,0,very_low,baseline
LEFFERTS BLVD.,QUEENS,2027-03-01,0.001708,0,very_low,baseline
LEFFERTS BLVD.,QUEENS,2027-04-01,0.001609,0,very_low,baseline
LEFFERTS BLVD.,QUEENS,2027-05-01,0.001507,0,very_low,baseline
LEFFERTS BLVD.,QUEENS,2027-06-01,0.002349,0,very_low,baseline
LEFFERTS BLVD.,QUEENS,2027-07-01,0.0025,0,very_low,baseline
LEFFERTS BLVD.,QUEENS,2027-08-01,0.002476,0,very_low,baseline
LEFFERTS BLVD.,QUEENS,2027-09-01,0.002508,0,very_low,baseline
LEFFERTS BLVD.,QUEENS,2027-10-01,0.002174,0,very_low,baseline
LEFFERTS BLVD.,QUEENS,2027-11-01,0.00196,0,very_low,baseline
LEFFERTS BLVD.,QUEENS,2027-12-01,0.001865,0,very_low,baseline
LEFFERTS BLVD.,QUEENS,2028-01-01,0.002448,0,very_low,baseline
LEFFERTS BLVD.,QUEENS,2028-02-01,0.002462,0,very_low,baseline
LEFFERTS BLVD.,QUEENS,2028-03-01,0.00243,0,very_low,baseline
LEFFERTS BLVD.,QUEENS,2028-04-01,0.0024,0,very_low,baseline
LEFFERTS BLVD.,QUEENS,2028-05-01,0.002509,0,very_low,baseline
LEFFERTS BLVD.,QUEENS,2028-06-01,0.002349,0,very_low,baseline
LEFFERTS BLVD.,QUEENS,2028-07-01,0.0025,0,very_low,baseline
LEFFERTS BLVD.,QUEENS,2028-08-01,0.002476,0,very_low,baseline
LEFFERTS BLVD.,QUEENS,2028-09-01,0.002508,0,very_low,baseline
LEFFERTS BLVD.,QUEENS,2028-10-01,0.002174,0,very_low,baseline
LEFFERTS BLVD.,QUEENS,2028-11-01,0.00196,0,very_low,baseline
LEFFERTS BLVD.,QUEENS,2028-12-01,0.001865,0,very_low,baseline
LEFFERTS BLVD.,QUEENS,2029-01-01,0.002448,0,very_low,baseline
LEFFERTS BLVD.,QUEENS,2029-02-01,0.002462,0,very_low,baseline
LEFFERTS BLVD.,QUEENS,2029-03-01,0.00243,0,very_low,baseline
LEFFERTS BLVD.,QUEENS,2029-04-01,0.0024,0,very_low,baseline
LEFFERTS BLVD.,QUEENS,2029-05-01,0.002509,0,very_low,baseline
LEFFERTS BLVD.,QUEENS,2029-06-01,0.002349,0,very_low,baseline
LEFFERTS BLVD.,QUEENS,2029-07-01,0.0025,0,very_low,baseline
LEFFERTS BLVD.,QUEENS,2029-08-01,0.002476,0,very_low,baseline
LEFFERTS BLVD.,QUEENS,2029-09-01,0.002508,0,very_low,baseline
LEFFERTS BLVD.,QUEENS,2029-10-01,0.002174,0,very_low,baseline
LEFFERTS BLVD.,QUEENS,2029-11-01,0.00196,0,very_low,baseline
LEFFERTS BLVD.,QUEENS,2029-12-01,0.001865,0,very_low,baseline
LEXINGTON AVE.,MANHATTAN,2027-01-01,0.000341,0,very_low,baseline
LEXINGTON AVE.,MANHATTAN,2027-02-01,0.000384,0,very_low,baseline
LEXINGTON AVE.,MANHATTAN,2027-03-01,0.000467,0,very_low,baseline
LEXINGTON AVE.,MANHATTAN,2027-04-01,0.000578,0,very_low,baseline
LEXINGTON AVE.,MANHATTAN,2027-05-01,0.000501,0,very_low,baseline
LEXINGTON AVE.,MANHATTAN,2027-06-01,0.000504,0,very_low,baseline
LEXINGTON AVE.,MANHATTAN,2027-07-01,0.000488,0,very_low,baseline
LEXINGTON AVE.,MANHATTAN,2027-08-01,0.000551,0,very_low,baseline
LEXINGTON AVE.,MANHATTAN,2027-09-01,0.000566,0,very_low,baseline
LEXINGTON AVE.,MANHATTAN,2027-10-01,0.000489,0,very_low,baseline
LEXINGTON AVE.,MANHATTAN,2027-11-01,0.000416,0,very_low,baseline
LEXINGTON AVE.,MANHATTAN,2027-12-01,0.0004,0,very_low,baseline
LEXINGTON AVE.,MANHATTAN,2028-01-01,0.000478,0,very_low,baseline
LEXINGTON AVE.,MANHATTAN,2028-02-01,0.000474,0,very_low,baseline
LEXINGTON AVE.,MANHATTAN,2028-03-01,0.000489,0,very_low,baseline
LEXINGTON AVE.,MANHATTAN,2028-04-01,0.000489,0,very_low,baseline
LEXINGTON AVE.,MANHATTAN,2028-05-01,0.000503,0,very_low,baseline
LEXINGTON AVE.,MANHATTAN,2028-06-01,0.000504,0,very_low,baseline
LEXINGTON AVE.,MANHATTAN,2028-07-01,0.000488,0,very_low,baseline
LEXINGTON AVE.,MANHATTAN,2028-08-01,0.000551,0,very_low,baseline
LEXINGTON AVE.,MANHATTAN,2028-09-01,0.000566,0,very_low,baseline
LEXINGTON AVE.,MANHATTAN,2028-10-01,0.000489,0,very_low,baseline
LEXINGTON AVE.,MANHATTAN,2028-11-01,0.000416,0,very_low,baseline
LEXINGTON AVE.,MANHATTAN,2028-12-01,0.0004,0,very_low,baseline
LEXINGTON AVE.,MANHATTAN,2029-01-01,0.000478,0,very_low,baseline
LEXINGTON AVE.,MANHATTAN,2029-02-01,0.000474,0,very_low,baseline
LEXINGTON AVE.,MANHATTAN,2029-03-01,0.000489,0,very_low,baseline
LEXINGTON AVE.,MANHATTAN,2029-04-01,0.000489,0,very_low,baseline
LEXINGTON AVE.,MANHATTAN,2029-05-01,0.000503,0,very_low,baseline
LEXINGTON AVE.,MANHATTAN,2029-06-01,0.000504,0,very_low,baseline
LEXINGTON AVE.,MANHATTAN,2029-07-01,0.000488,0,very_low,baseline
LEXINGTON AVE.,MANHATTAN,2029-08-01,0.000551,0,very_low,baseline
LEXINGTON AVE.,MANHATTAN,2029-09-01,0.000566,0,very_low,baseline
LEXINGTON AVE.,MANHATTAN,2029-10-01,0.000489,0,very_low,baseline
LEXINGTON AVE.,MANHATTAN,2029-11-01,0.000416,0,very_low,baseline
LEXINGTON AVE.,MANHATTAN,2029-12-01,0.0004,0,very_low,baseline
LEXINGTON AVENUE,MANHATTAN,2027-01-01,0.000292,0,very_low,baseline
LEXINGTON AVENUE,MANHATTAN,2027-02-01,0.000275,0,very_low,baseline
LEXINGTON AVENUE,MANHATTAN,2027-03-01,0.000272,0,very_low,baseline
LEXINGTON AVENUE,MANHATTAN,2027-04-01,0.000254,0,very_low,baseline
LEXINGTON AVENUE,MANHATTAN,2027-05-01,0.000248,0,very_low,baseline
LEXINGTON AVENUE,MANHATTAN,2027-06-01,0.00026,0,very_low,baseline
LEXINGTON AVENUE,MANHATTAN,2027-07-01,0.000251,0,very_low,baseline
LEXINGTON AVENUE,MANHATTAN,2027-08-01,0.00027,0,very_low,baseline
LEXINGTON AVENUE,MANHATTAN,2027-09-01,0.000281,0,very_low,baseline
LEXINGTON AVENUE,MANHATTAN,2027-10-01,0.000235,0,very_low,baseline
LEXINGTON AVENUE,MANHATTAN,2027-11-01,0.000206,0,very_low,baseline
LEXINGTON AVENUE,MANHATTAN,2027-12-01,0.000203,0,very_low,baseline
LEXINGTON AVENUE,MANHATTAN,2028-01-01,0.000261,0,very_low,baseline
LEXINGTON AVENUE,MANHATTAN,2028-02-01,0.000271,0,very_low,baseline
LEXINGTON AVENUE,MANHATTAN,2028-03-01,0.000258,0,very_low,baseline
LEXINGTON AVENUE,MANHATTAN,2028-04-01,0.000251,0,very_low,baseline
LEXINGTON AVENUE,MANHATTAN,2028-05-01,0.000258,0,very_low,baseline
LEXINGTON AVENUE,MANHATTAN,2028-06-01,0.00026,0,very_low,baseline
LEXINGTON AVENUE,MANHATTAN,2028-07-01,0.000251,0,very_low,baseline
LEXINGTON AVENUE,MANHATTAN,2028-08-01,0.00027,0,very_low,baseline
LEXINGTON AVENUE,MANHATTAN,2028-09-01,0.000281,0,very_low,baseline
LEXINGTON AVENUE,MANHATTAN,2028-10-01,0.000235,0,very_low,baseline
LEXINGTON AVENUE,MANHATTAN,2028-11-01,0.000206,0,very_low,baseline
LEXINGTON AVENUE,MANHATTAN,2028-12-01,0.000203,0,very_low,baseline
LEXINGTON AVENUE,MANHATTAN,2029-01-01,0.000261,0,very_low,baseline
LEXINGTON AVENUE,MANHATTAN,2029-02-01,0.000271,0,very_low,baseline
LEXINGTON AVENUE,MANHATTAN,2029-03-01,0.000258,0,very_low,baseline
LEXINGTON AVENUE,MANHATTAN,2029-04-01,0.000251,0,very_low,baseline
LEXINGTON AVENUE,MANHATTAN,2029-05-01,0.000258,0,very_low,baseline
LEXINGTON AVENUE,MANHATTAN,2029-06-01,0.00026,0,very_low,baseline
LEXINGTON AVENUE,MANHATTAN,2029-07-01,0.000251,0,very_low,baseline
LEXINGTON AVENUE,MANHATTAN,2029-08-01,0.00027,0,very_low,baseline
LEXINGTON AVENUE,MANHATTAN,2029-09-01,0.000281,0,very_low,baseline
LEXINGTON AVENUE,MANHATTAN,2029-10-01,0.000235,0,very_low,baseline
LEXINGTON AVENUE,MANHATTAN,2029-11-01,0.000206,0,very_low,baseline
LEXINGTON AVENUE,MANHATTAN,2029-12-01,0.000203,0,very_low,baseline
LIBERTY AVENUE,BROOKLYN,2027-01-01,0.00026,0,very_low,baseline
LIBERTY AVENUE,BROOKLYN,2027-02-01,0.0003,0,very_low,baseline
LIBERTY AVENUE,BROOKLYN,2027-03-01,0.000326,0,very_low,baseline
LIBERTY AVENUE,BROOKLYN,2027-04-01,0.000367,0,very_low,baseline
LIBERTY AVENUE,BROOKLYN,2027-05-01,0.000377,0,very_low,baseline
LIBERTY AVENUE,BROOKLYN,2027-06-01,0.000353,0,very_low,baseline
LIBERTY AVENUE,BROOKLYN,2027-07-01,0.000344,0,very_low,baseline
LIBERTY AVENUE,BROOKLYN,2027-08-01,0.000361,0,very_low,baseline
LIBERTY AVENUE,BROOKLYN,2027-09-01,0.00037,0,very_low,baseline
LIBERTY AVENUE,BROOKLYN,2027-10-01,0.000324,0,very_low,baseline
LIBERTY AVENUE,BROOKLYN,2027-11-01,0.000252,0,very_low,baseline
LIBERTY AVENUE,BROOKLYN,2027-12-01,0.00024,0,very_low,baseline
LIBERTY AVENUE,BROOKLYN,2028-01-01,0.000346,0,very_low,baseline
LIBERTY AVENUE,BROOKLYN,2028-02-01,0.000377,0,very_low,baseline
LIBERTY AVENUE,BROOKLYN,2028-03-01,0.000352,0,very_low,baseline
LIBERTY AVENUE,BROOKLYN,2028-04-01,0.000341,0,very_low,baseline
LIBERTY AVENUE,BROOKLYN,2028-05-01,0.000351,0,very_low,baseline
LIBERTY AVENUE,BROOKLYN,2028-06-01,0.000353,0,very_low,baseline
LIBERTY AVENUE,BROOKLYN,2028-07-01,0.000344,0,very_low,baseline
LIBERTY AVENUE,BROOKLYN,2028-08-01,0.000361,0,very_low,baseline
LIBERTY AVENUE,BROOKLYN,2028-09-01,0.00037,0,very_low,baseline
LIBERTY AVENUE,BROOKLYN,2028-10-01,0.000324,0,very_low,baseline
LIBERTY AVENUE,BROOKLYN,2028-11-01,0.000252,0,very_low,baseline
LIBERTY AVENUE,BROOKLYN,2028-12-01,0.00024,0,very_low,baseline
LIBERTY AVENUE,BROOKLYN,2029-01-01,0.000346,0,very_low,baseline
LIBERTY AVENUE,BROOKLYN,2029-02-01,0.000377,0,very_low,baseline
LIBERTY AVENUE,BROOKLYN,2029-03-01,0.000352,0,very_low,baseline
LIBERTY AVENUE,BROOKLYN,2029-04-01,0.000341,0,very_low,baseline
LIBERTY AVENUE,BROOKLYN,2029-05-01,0.000351,0,very_low,baseline
LIBERTY AVENUE,BROOKLYN,2029-06-01,0.000353,0,very_low,baseline
LIBERTY AVENUE,BROOKLYN,2029-07-01,0.000344,0,very_low,baseline
LIBERTY AVENUE,BROOKLYN,2029-08-01,0.000361,0,very_low,baseline
LIBERTY AVENUE,BROOKLYN,2029-09-01,0.00037,0,very_low,baseline
LIBERTY AVENUE,BROOKLYN,2029-10-01,0.000324,0,very_low,baseline
LIBERTY AVENUE,BROOKLYN,2029-11-01,0.000252,0,very_low,baseline
LIBERTY AVENUE,BROOKLYN,2029-12-01,0.00024,0,very_low,baseline
LIVONIA AVENUE,BROOKLYN,2027-01-01,0.000687,0,very_low,baseline
LIVONIA AVENUE,BROOKLYN,2027-02-01,0.000471,0,very_low,baseline
LIVONIA AVENUE,BROOKLYN,2027-03-01,0.000341,0,very_low,baseline
LIVONIA AVENUE,BROOKLYN,2027-04-01,0.000203,0,very_low,baseline
LIVONIA AVENUE,BROOKLYN,2027-05-01,0.000288,0,very_low,baseline
LIVONIA AVENUE,BROOKLYN,2027-06-01,0.00019,0,very_low,baseline
LIVONIA AVENUE,BROOKLYN,2027-07-01,0.000177,0,very_low,baseline
LIVONIA AVENUE,BROOKLYN,2027-08-01,0.000172,0,very_low,baseline
LIVONIA AVENUE,BROOKLYN,2027-09-01,0.000178,0,very_low,baseline
LIVONIA AVENUE,BROOKLYN,2027-10-01,0.000154,0,very_low,baseline
LIVONIA AVENUE,BROOKLYN,2027-11-01,0.000145,0,very_low,baseline
LIVONIA AVENUE,BROOKLYN,2027-12-01,0.000138,0,very_low,baseline
LIVONIA AVENUE,BROOKLYN,2028-01-01,0.000185,0,very_low,baseline
LIVONIA AVENUE,BROOKLYN,2028-02-01,0.000202,0,very_low,baseline
LIVONIA AVENUE,BROOKLYN,2028-03-01,0.00019,0,very_low,baseline
LIVONIA AVENUE,BROOKLYN,2028-04-01,0.000184,0,very_low,baseline
LIVONIA AVENUE,BROOKLYN,2028-05-01,0.000189,0,very_low,baseline
LIVONIA AVENUE,BROOKLYN,2028-06-01,0.00019,0,very_low,baseline
LIVONIA AVENUE,BROOKLYN,2028-07-01,0.000177,0,very_low,baseline
LIVONIA AVENUE,BROOKLYN,2028-08-01,0.000172,0,very_low,baseline
LIVONIA AVENUE,BROOKLYN,2028-09-01,0.000178,0,very_low,baseline
LIVONIA AVENUE,BROOKLYN,2028-10-01,0.000154,0,very_low,baseline
LIVONIA AVENUE,BROOKLYN,2028-11-01,0.000145,0,very_low,baseline
LIVONIA AVENUE,BROOKLYN,2028-12-01,0.000138,0,very_low,baseline
LIVONIA AVENUE,BROOKLYN,2029-01-01,0.000185,0,very_low,baseline
LIVONIA AVENUE,BROOKLYN,2029-02-01,0.000202,0,very_low,baseline
LIVONIA AVENUE,BROOKLYN,2029-03-01,0.00019,0,very_low,baseline
LIVONIA AVENUE,BROOKLYN,2029-04-01,0.000184,0,very_low,baseline
LIVONIA AVENUE,BROOKLYN,2029-05-01,0.000189,0,very_low,baseline
LIVONIA AVENUE,BROOKLYN,2029-06-01,0.00019,0,very_low,baseline
LIVONIA AVENUE,BROOKLYN,2029-07-01,0.000177,0,very_low,baseline
LIVONIA AVENUE,BROOKLYN,2029-08-01,0.000172,0,very_low,baseline
LIVONIA AVENUE,BROOKLYN,2029-09-01,0.000178,0,very_low,baseline
LIVONIA AVENUE,BROOKLYN,2029-10-01,0.000154,0,very_low,baseline
LIVONIA AVENUE,BROOKLYN,2029-11-01,0.000145,0,very_low,baseline
LIVONIA AVENUE,BROOKLYN,2029-12-01,0.000138,0,very_low,baseline
LONGWOOD AVENUE,BRONX,2027-01-01,0.000252,0,very_low,baseline
LONGWOOD AVENUE,BRONX,2027-02-01,0.000292,0,very_low,baseline
LONGWOOD AVENUE,BRONX,2027-03-01,0.000303,0,very_low,baseline
LONGWOOD AVENUE,BRONX,2027-04-01,0.000278,0,very_low,baseline
LONGWOOD AVENUE,BRONX,2027-05-01,0.000335,0,very_low,baseline
LONGWOOD AVENUE,BRONX,2027-06-01,0.000256,0,very_low,baseline
LONGWOOD AVENUE,BRONX,2027-07-01,0.00025,0,very_low,baseline
LONGWOOD AVENUE,BRONX,2027-08-01,0.000269,0,very_low,baseline
LONGWOOD AVENUE,BRONX,2027-09-01,0.000275,0,very_low,baseline
LONGWOOD AVENUE,BRONX,2027-10-01,0.000239,0,very_low,baseline
LONGWOOD AVENUE,BRONX,2027-11-01,0.000212,0,very_low,baseline
LONGWOOD AVENUE,BRONX,2027-12-01,0.000203,0,very_low,baseline
LONGWOOD AVENUE,BRONX,2028-01-01,0.000259,0,very_low,baseline
LONGWOOD AVENUE,BRONX,2028-02-01,0.000275,0,very_low,baseline
LONGWOOD AVENUE,BRONX,2028-03-01,0.000265,0,very_low,baseline
LONGWOOD AVENUE,BRONX,2028-04-01,0.000258,0,very_low,baseline
LONGWOOD AVENUE,BRONX,2028-05-01,0.000254,0,very_low,baseline
LONGWOOD AVENUE,BRONX,2028-06-01,0.000256,0,very_low,baseline
LONGWOOD AVENUE,BRONX,2028-07-01,0.00025,0,very_low,baseline
LONGWOOD AVENUE,BRONX,2028-08-01,0.000269,0,very_low,baseline
LONGWOOD AVENUE,BRONX,2028-09-01,0.000275,0,very_low,baseline
LONGWOOD AVENUE,BRONX,2028-10-01,0.000239,0,very_low,baseline
LONGWOOD AVENUE,BRONX,2028-11-01,0.000212,0,very_low,baseline
LONGWOOD AVENUE,BRONX,2028-12-01,0.000203,0,very_low,baseline
LONGWOOD AVENUE,BRONX,2029-01-01,0.000259,0,very_low,baseline
LONGWOOD AVENUE,BRONX,2029-02-01,0.000275,0,very_low,baseline
LONGWOOD AVENUE,BRONX,2029-03-01,0.000265,0,very_low,baseline
LONGWOOD AVENUE,BRONX,2029-04-01,0.000258,0,very_low,baseline
LONGWOOD AVENUE,BRONX,2029-05-01,0.000254,0,very_low,baseline
LONGWOOD AVENUE,BRONX,2029-06-01,0.000256,0,very_low,baseline
LONGWOOD AVENUE,BRONX,2029-07-01,0.00025,0,very_low,baseline
LONGWOOD AVENUE,BRONX,2029-08-01,0.000269,0,very_low,baseline
LONGWOOD AVENUE,BRONX,2029-09-01,0.000275,0,very_low,baseline
LONGWOOD AVENUE,BRONX,2029-10-01,0.000239,0,very_low,baseline
LONGWOOD AVENUE,BRONX,2029-11-01,0.000212,0,very_low,baseline
LONGWOOD AVENUE,BRONX,2029-12-01,0.000203,0,very_low,baseline
LORIMER STREET,BROOKLYN,2027-01-01,0.000329,0,very_low,baseline
LORIMER STREET,BROOKLYN,2027-02-01,0.00033,0,very_low,baseline
LORIMER STREET,BROOKLYN,2027-03-01,0.00054,0,very_low,baseline
LORIMER STREET,BROOKLYN,2027-04-01,0.000404,0,very_low,baseline
LORIMER STREET,BROOKLYN,2027-05-01,0.000401,0,very_low,baseline
LORIMER STREET,BROOKLYN,2027-06-01,0.000388,0,very_low,baseline
LORIMER STREET,BROOKLYN,2027-07-01,0.000388,0,very_low,baseline
LORIMER STREET,BROOKLYN,2027-08-01,0.00043,0,very_low,baseline
LORIMER STREET,BROOKLYN,2027-09-01,0.000474,0,very_low,baseline
LORIMER STREET,BROOKLYN,2027-10-01,0.000413,0,very_low,baseline
LORIMER STREET,BROOKLYN,2027-11-01,0.000342,0,very_low,baseline
LORIMER STREET,BROOKLYN,2027-12-01,0.000332,0,very_low,baseline
LORIMER STREET,BROOKLYN,2028-01-01,0.000389,0,very_low,baseline
LORIMER STREET,BROOKLYN,2028-02-01,0.000372,0,very_low,baseline
LORIMER STREET,BROOKLYN,2028-03-01,0.000374,0,very_low,baseline
LORIMER STREET,BROOKLYN,2028-04-01,0.000374,0,very_low,baseline
LORIMER STREET,BROOKLYN,2028-05-01,0.000388,0,very_low,baseline
LORIMER STREET,BROOKLYN,2028-06-01,0.000388,0,very_low,baseline
LORIMER STREET,BROOKLYN,2028-07-01,0.000388,0,very_low,baseline
LORIMER STREET,BROOKLYN,2028-08-01,0.00043,0,very_low,baseline
LORIMER STREET,BROOKLYN,2028-09-01,0.000474,0,very_low,baseline
LORIMER STREET,BROOKLYN,2028-10-01,0.000413,0,very_low,baseline
LORIMER STREET,BROOKLYN,2028-11-01,0.000342,0,very_low,baseline
LORIMER STREET,BROOKLYN,2028-12-01,0.000332,0,very_low,baseline
LORIMER STREET,BROOKLYN,2029-01-01,0.000389,0,very_low,baseline
LORIMER STREET,BROOKLYN,2029-02-01,0.000372,0,very_low,baseline
LORIMER STREET,BROOKLYN,2029-03-01,0.000374,0,very_low,baseline
LORIMER STREET,BROOKLYN,2029-04-01,0.000374,0,very_low,baseline
LORIMER STREET,BROOKLYN,2029-05-01,0.000388,0,very_low,baseline
LORIMER STREET,BROOKLYN,2029-06-01,0.000388,0,very_low,baseline
LORIMER STREET,BROOKLYN,2029-07-01,0.000388,0,very_low,baseline
LORIMER STREET,BROOKLYN,2029-08-01,0.00043,0,very_low,baseline
LORIMER STREET,BROOKLYN,2029-09-01,0.000474,0,very_low,baseline
LORIMER STREET,BROOKLYN,2029-10-01,0.000413,0,very_low,baseline
LORIMER STREET,BROOKLYN,2029-11-01,0.000342,0,very_low,baseline
LORIMER STREET,BROOKLYN,2029-12-01,0.000332,0,very_low,baseline
MAIN ST.-FLUSHING,QUEENS,2027-01-01,0.871018,1,very_high,baseline
MAIN ST.-FLUSHING,QUEENS,2027-02-01,0.905145,1,very_high,baseline
MAIN ST.-FLUSHING,QUEENS,2027-03-01,0.964273,1,very_high,baseline
MAIN ST.-FLUSHING,QUEENS,2027-04-01,0.967274,1,very_high,baseline
MAIN ST.-FLUSHING,QUEENS,2027-05-01,0.969617,1,very_high,baseline
MAIN ST.-FLUSHING,QUEENS,2027-06-01,0.968665,1,very_high,baseline
MAIN ST.-FLUSHING,QUEENS,2027-07-01,0.967835,1,very_high,baseline
MAIN ST.-FLUSHING,QUEENS,2027-08-01,0.968611,1,very_high,baseline
MAIN ST.-FLUSHING,QUEENS,2027-09-01,0.968522,1,very_high,baseline
MAIN ST.-FLUSHING,QUEENS,2027-10-01,0.969873,1,very_high,baseline
MAIN ST.-FLUSHING,QUEENS,2027-11-01,0.970352,1,very_high,baseline
MAIN ST.-FLUSHING,QUEENS,2027-12-01,0.97181,1,very_high,baseline
MAIN ST.-FLUSHING,QUEENS,2028-01-01,0.964727,1,very_high,baseline
MAIN ST.-FLUSHING,QUEENS,2028-02-01,0.968581,1,very_high,baseline
MAIN ST.-FLUSHING,QUEENS,2028-03-01,0.969822,1,very_high,baseline
MAIN ST.-FLUSHING,QUEENS,2028-04-01,0.969541,1,very_high,baseline
MAIN ST.-FLUSHING,QUEENS,2028-05-01,0.969791,1,very_high,baseline
MAIN ST.-FLUSHING,QUEENS,2028-06-01,0.969197,1,very_high,baseline
MAIN ST.-FLUSHING,QUEENS,2028-07-01,0.968891,1,very_high,baseline
MAIN ST.-FLUSHING,QUEENS,2028-08-01,0.969642,1,very_high,baseline
MAIN ST.-FLUSHING,QUEENS,2028-09-01,0.969556,1,very_high,baseline
MAIN ST.-FLUSHING,QUEENS,2028-10-01,0.971365,1,very_high,baseline
MAIN ST.-FLUSHING,QUEENS,2028-11-01,0.971821,1,very_high,baseline
MAIN ST.-FLUSHING,QUEENS,2028-12-01,0.97181,1,very_high,baseline
MAIN ST.-FLUSHING,QUEENS,2029-01-01,0.964727,1,very_high,baseline
MAIN ST.-FLUSHING,QUEENS,2029-02-01,0.968581,1,very_high,baseline
MAIN ST.-FLUSHING,QUEENS,2029-03-01,0.969822,1,very_high,baseline
MAIN ST.-FLUSHING,QUEENS,2029-04-01,0.969541,1,very_high,baseline
MAIN ST.-FLUSHING,QUEENS,2029-05-01,0.969791,1,very_high,baseline
MAIN ST.-FLUSHING,QUEENS,2029-06-01,0.969197,1,very_high,baseline
MAIN ST.-FLUSHING,QUEENS,2029-07-01,0.968891,1,very_high,baseline
MAIN ST.-FLUSHING,QUEENS,2029-08-01,0.969642,1,very_high,baseline
MAIN ST.-FLUSHING,QUEENS,2029-09-01,0.969556,1,very_high,baseline
MAIN ST.-FLUSHING,QUEENS,2029-10-01,0.971365,1,very_high,baseline
MAIN ST.-FLUSHING,QUEENS,2029-11-01,0.971821,1,very_high,baseline
MAIN ST.-FLUSHING,QUEENS,2029-12-01,0.97181,1,very_high,baseline
MARCY AVENUE,BROOKLYN,2027-01-01,0.003351,0,very_low,baseline
MARCY AVENUE,BROOKLYN,2027-02-01,0.006919,0,very_low,baseline
MARCY AVENUE,BROOKLYN,2027-03-01,0.005168,0,very_low,baseline
MARCY AVENUE,BROOKLYN,2027-04-01,0.007388,0,very_low,baseline
MARCY AVENUE,BROOKLYN,2027-05-01,0.009449,0,very_low,baseline
MARCY AVENUE,BROOKLYN,2027-06-01,0.010968,0,very_low,baseline
MARCY AVENUE,BROOKLYN,2027-07-01,0.010999,0,very_low,baseline
MARCY AVENUE,BROOKLYN,2027-08-01,0.011667,0,very_low,baseline
MARCY AVENUE,BROOKLYN,2027-09-01,0.011932,0,very_low,baseline
MARCY AVENUE,BROOKLYN,2027-10-01,0.009999,0,very_low,baseline
MARCY AVENUE,BROOKLYN,2027-11-01,0.007541,0,very_low,baseline
MARCY AVENUE,BROOKLYN,2027-12-01,0.007177,0,very_low,baseline
MARCY AVENUE,BROOKLYN,2028-01-01,0.010523,0,very_low,baseline
MARCY AVENUE,BROOKLYN,2028-02-01,0.011151,0,very_low,baseline
MARCY AVENUE,BROOKLYN,2028-03-01,0.010465,0,very_low,baseline
MARCY AVENUE,BROOKLYN,2028-04-01,0.010153,0,very_low,baseline
MARCY AVENUE,BROOKLYN,2028-05-01,0.010612,0,very_low,baseline
MARCY AVENUE,BROOKLYN,2028-06-01,0.010968,0,very_low,baseline
MARCY AVENUE,BROOKLYN,2028-07-01,0.010999,0,very_low,baseline
MARCY AVENUE,BROOKLYN,2028-08-01,0.011667,0,very_low,baseline
MARCY AVENUE,BROOKLYN,2028-09-01,0.011932,0,very_low,baseline
MARCY AVENUE,BROOKLYN,2028-10-01,0.009999,0,very_low,baseline
MARCY AVENUE,BROOKLYN,2028-11-01,0.007541,0,very_low,baseline
MARCY AVENUE,BROOKLYN,2028-12-01,0.007177,0,very_low,baseline
MARCY AVENUE,BROOKLYN,2029-01-01,0.010523,0,very_low,baseline
MARCY AVENUE,BROOKLYN,2029-02-01,0.011151,0,very_low,baseline
MARCY AVENUE,BROOKLYN,2029-03-01,0.010465,0,very_low,baseline
MARCY AVENUE,BROOKLYN,2029-04-01,0.010153,0,very_low,baseline
MARCY AVENUE,BROOKLYN,2029-05-01,0.010612,0,very_low,baseline
MARCY AVENUE,BROOKLYN,2029-06-01,0.010968,0,very_low,baseline
MARCY AVENUE,BROOKLYN,2029-07-01,0.010999,0,very_low,baseline
MARCY AVENUE,BROOKLYN,2029-08-01,0.011667,0,very_low,baseline
MARCY AVENUE,BROOKLYN,2029-09-01,0.011932,0,very_low,baseline
MARCY AVENUE,BROOKLYN,2029-10-01,0.009999,0,very_low,baseline
MARCY AVENUE,BROOKLYN,2029-11-01,0.007541,0,very_low,baseline
MARCY AVENUE,BROOKLYN,2029-12-01,0.007177,0,very_low,baseline
METROPOLITAN AVENUE,BROOKLYN,2027-01-01,0.000388,0,very_low,baseline
METROPOLITAN AVENUE,BROOKLYN,2027-02-01,0.000328,0,very_low,baseline
METROPOLITAN AVENUE,BROOKLYN,2027-03-01,0.000348,0,very_low,baseline
METROPOLITAN AVENUE,BROOKLYN,2027-04-01,0.000336,0,very_low,baseline
METROPOLITAN AVENUE,BROOKLYN,2027-05-01,0.000365,0,very_low,baseline
METROPOLITAN AVENUE,BROOKLYN,2027-06-01,0.000343,0,very_low,baseline
METROPOLITAN AVENUE,BROOKLYN,2027-07-01,0.000322,0,very_low,baseline
METROPOLITAN AVENUE,BROOKLYN,2027-08-01,0.000347,0,very_low,baseline
METROPOLITAN AVENUE,BROOKLYN,2027-09-01,0.00036,0,very_low,baseline
METROPOLITAN AVENUE,BROOKLYN,2027-10-01,0.000301,0,very_low,baseline
METROPOLITAN AVENUE,BROOKLYN,2027-11-01,0.000261,0,very_low,baseline
METROPOLITAN AVENUE,BROOKLYN,2027-12-01,0.000251,0,very_low,baseline
METROPOLITAN AVENUE,BROOKLYN,2028-01-01,0.000325,0,very_low,baseline
METROPOLITAN AVENUE,BROOKLYN,2028-02-01,0.000338,0,very_low,baseline
METROPOLITAN AVENUE,BROOKLYN,2028-03-01,0.00034,0,very_low,baseline
METROPOLITAN AVENUE,BROOKLYN,2028-04-01,0.000331,0,very_low,baseline
METROPOLITAN AVENUE,BROOKLYN,2028-05-01,0.00034,0,very_low,baseline
METROPOLITAN AVENUE,BROOKLYN,2028-06-01,0.000343,0,very_low,baseline
METROPOLITAN AVENUE,BROOKLYN,2028-07-01,0.000322,0,very_low,baseline
METROPOLITAN AVENUE,BROOKLYN,2028-08-01,0.000347,0,very_low,baseline
METROPOLITAN AVENUE,BROOKLYN,2028-09-01,0.00036,0,very_low,baseline
METROPOLITAN AVENUE,BROOKLYN,2028-10-01,0.000301,0,very_low,baseline
METROPOLITAN AVENUE,BROOKLYN,2028-11-01,0.000261,0,very_low,baseline
METROPOLITAN AVENUE,BROOKLYN,2028-12-01,0.000251,0,very_low,baseline
METROPOLITAN AVENUE,BROOKLYN,2029-01-01,0.000325,0,very_low,baseline
METROPOLITAN AVENUE,BROOKLYN,2029-02-01,0.000338,0,very_low,baseline
METROPOLITAN AVENUE,BROOKLYN,2029-03-01,0.00034,0,very_low,baseline
METROPOLITAN AVENUE,BROOKLYN,2029-04-01,0.000331,0,very_low,baseline
METROPOLITAN AVENUE,BROOKLYN,2029-05-01,0.00034,0,very_low,baseline
METROPOLITAN AVENUE,BROOKLYN,2029-06-01,0.000343,0,very_low,baseline
METROPOLITAN AVENUE,BROOKLYN,2029-07-01,0.000322,0,very_low,baseline
METROPOLITAN AVENUE,BROOKLYN,2029-08-01,0.000347,0,very_low,baseline
METROPOLITAN AVENUE,BROOKLYN,2029-09-01,0.00036,0,very_low,baseline
METROPOLITAN AVENUE,BROOKLYN,2029-10-01,0.000301,0,very_low,baseline
METROPOLITAN AVENUE,BROOKLYN,2029-11-01,0.000261,0,very_low,baseline
METROPOLITAN AVENUE,BROOKLYN,2029-12-01,0.000251,0,very_low,baseline
MIDDLETOWN ROAD,BRONX,2027-01-01,0.000164,0,very_low,baseline
MIDDLETOWN ROAD,BRONX,2027-02-01,0.000148,0,very_low,baseline
MIDDLETOWN ROAD,BRONX,2027-03-01,0.000187,0,very_low,baseline
MIDDLETOWN ROAD,BRONX,2027-04-01,0.000185,0,very_low,baseline
MIDDLETOWN ROAD,BRONX,2027-05-01,0.00019,0,very_low,baseline
MIDDLETOWN ROAD,BRONX,2027-06-01,0.000186,0,very_low,baseline
MIDDLETOWN ROAD,BRONX,2027-07-01,0.000191,0,very_low,baseline
MIDDLETOWN ROAD,BRONX,2027-08-01,0.000195,0,very_low,baseline
MIDDLETOWN ROAD,BRONX,2027-09-01,0.000204,0,very_low,baseline
MIDDLETOWN ROAD,BRONX,2027-10-01,0.000172,0,very_low,baseline
MIDDLETOWN ROAD,BRONX,2027-11-01,0.000159,0,very_low,baseline
MIDDLETOWN ROAD,BRONX,2027-12-01,0.000151,0,very_low,baseline
MIDDLETOWN ROAD,BRONX,2028-01-01,0.000182,0,very_low,baseline
MIDDLETOWN ROAD,BRONX,2028-02-01,0.000189,0,very_low,baseline
MIDDLETOWN ROAD,BRONX,2028-03-01,0.000187,0,very_low,baseline
MIDDLETOWN ROAD,BRONX,2028-04-01,0.000185,0,very_low,baseline
MIDDLETOWN ROAD,BRONX,2028-05-01,0.00019,0,very_low,baseline
MIDDLETOWN ROAD,BRONX,2028-06-01,0.000186,0,very_low,baseline
MIDDLETOWN ROAD,BRONX,2028-07-01,0.000191,0,very_low,baseline
MIDDLETOWN ROAD,BRONX,2028-08-01,0.000195,0,very_low,baseline
MIDDLETOWN ROAD,BRONX,2028-09-01,0.000204,0,very_low,baseline
MIDDLETOWN ROAD,BRONX,2028-10-01,0.000172,0,very_low,baseline
MIDDLETOWN ROAD,BRONX,2028-11-01,0.000159,0,very_low,baseline
MIDDLETOWN ROAD,BRONX,2028-12-01,0.000151,0,very_low,baseline
MIDDLETOWN ROAD,BRONX,2029-01-01,0.000182,0,very_low,baseline
MIDDLETOWN ROAD,BRONX,2029-02-01,0.000189,0,very_low,baseline
MIDDLETOWN ROAD,BRONX,2029-03-01,0.000187,0,very_low,baseline
MIDDLETOWN ROAD,BRONX,2029-04-01,0.000185,0,very_low,baseline
MIDDLETOWN ROAD,BRONX,2029-05-01,0.00019,0,very_low,baseline
MIDDLETOWN ROAD,BRONX,2029-06-01,0.000186,0,very_low,baseline
MIDDLETOWN ROAD,BRONX,2029-07-01,0.000191,0,very_low,baseline
MIDDLETOWN ROAD,BRONX,2029-08-01,0.000195,0,very_low,baseline
MIDDLETOWN ROAD,BRONX,2029-09-01,0.000204,0,very_low,baseline
MIDDLETOWN ROAD,BRONX,2029-10-01,0.000172,0,very_low,baseline
MIDDLETOWN ROAD,BRONX,2029-11-01,0.000159,0,very_low,baseline
MIDDLETOWN ROAD,BRONX,2029-12-01,0.000151,0,very_low,baseline
MONTROSE AVENUE,BROOKLYN,2027-01-01,0.000133,0,very_low,baseline
MONTROSE AVENUE,BROOKLYN,2027-02-01,0.000149,0,very_low,baseline
MONTROSE AVENUE,BROOKLYN,2027-03-01,0.00012,0,very_low,baseline
MONTROSE AVENUE,BROOKLYN,2027-04-01,0.000144,0,very_low,baseline
MONTROSE AVENUE,BROOKLYN,2027-05-01,0.000137,0,very_low,baseline
MONTROSE AVENUE,BROOKLYN,2027-06-01,0.000148,0,very_low,baseline
MONTROSE AVENUE,BROOKLYN,2027-07-01,0.000153,0,very_low,baseline
MONTROSE AVENUE,BROOKLYN,2027-08-01,0.000156,0,very_low,baseline
MONTROSE AVENUE,BROOKLYN,2027-09-01,0.000163,0,very_low,baseline
MONTROSE AVENUE,BROOKLYN,2027-10-01,0.000143,0,very_low,baseline
MONTROSE AVENUE,BROOKLYN,2027-11-01,0.000136,0,very_low,baseline
MONTROSE AVENUE,BROOKLYN,2027-12-01,0.00013,0,very_low,baseline
MONTROSE AVENUE,BROOKLYN,2028-01-01,0.000141,0,very_low,baseline
MONTROSE AVENUE,BROOKLYN,2028-02-01,0.000147,0,very_low,baseline
MONTROSE AVENUE,BROOKLYN,2028-03-01,0.000145,0,very_low,baseline
MONTROSE AVENUE,BROOKLYN,2028-04-01,0.000144,0,very_low,baseline
MONTROSE AVENUE,BROOKLYN,2028-05-01,0.000147,0,very_low,baseline
MONTROSE AVENUE,BROOKLYN,2028-06-01,0.000148,0,very_low,baseline
MONTROSE AVENUE,BROOKLYN,2028-07-01,0.000153,0,very_low,baseline
MONTROSE AVENUE,BROOKLYN,2028-08-01,0.000156,0,very_low,baseline
MONTROSE AVENUE,BROOKLYN,2028-09-01,0.000163,0,very_low,baseline
MONTROSE AVENUE,BROOKLYN,2028-10-01,0.000143,0,very_low,baseline
MONTROSE AVENUE,BROOKLYN,2028-11-01,0.000136,0,very_low,baseline
MONTROSE AVENUE,BROOKLYN,2028-12-01,0.00013,0,very_low,baseline
MONTROSE AVENUE,BROOKLYN,2029-01-01,0.000141,0,very_low,baseline
MONTROSE AVENUE,BROOKLYN,2029-02-01,0.000147,0,very_low,baseline
MONTROSE AVENUE,BROOKLYN,2029-03-01,0.000145,0,very_low,baseline
MONTROSE AVENUE,BROOKLYN,2029-04-01,0.000144,0,very_low,baseline
MONTROSE AVENUE,BROOKLYN,2029-05-01,0.000147,0,very_low,baseline
MONTROSE AVENUE,BROOKLYN,2029-06-01,0.000148,0,very_low,baseline
MONTROSE AVENUE,BROOKLYN,2029-07-01,0.000153,0,very_low,baseline
MONTROSE AVENUE,BROOKLYN,2029-08-01,0.000156,0,very_low,baseline
MONTROSE AVENUE,BROOKLYN,2029-09-01,0.000163,0,very_low,baseline
MONTROSE AVENUE,BROOKLYN,2029-10-01,0.000143,0,very_low,baseline
MONTROSE AVENUE,BROOKLYN,2029-11-01,0.000136,0,very_low,baseline
MONTROSE AVENUE,BROOKLYN,2029-12-01,0.00013,0,very_low,baseline
MORGAN AVENUE,BROOKLYN,2027-01-01,0.000787,0,very_low,baseline
MORGAN AVENUE,BROOKLYN,2027-02-01,0.000976,0,very_low,baseline
MORGAN AVENUE,BROOKLYN,2027-03-01,0.000601,0,very_low,baseline
MORGAN AVENUE,BROOKLYN,2027-04-01,0.000543,0,very_low,baseline
MORGAN AVENUE,BROOKLYN,2027-05-01,0.000542,0,very_low,baseline
MORGAN AVENUE,BROOKLYN,2027-06-01,0.000597,0,very_low,baseline
MORGAN AVENUE,BROOKLYN,2027-07-01,0.000596,0,very_low,baseline
MORGAN AVENUE,BROOKLYN,2027-08-01,0.000657,0,very_low,baseline
MORGAN AVENUE,BROOKLYN,2027-09-01,0.0007,0,very_low,baseline
MORGAN AVENUE,BROOKLYN,2027-10-01,0.00063,0,very_low,baseline
MORGAN AVENUE,BROOKLYN,2027-11-01,0.000534,0,very_low,baseline
MORGAN AVENUE,BROOKLYN,2027-12-01,0.00055,0,very_low,baseline
MORGAN AVENUE,BROOKLYN,2028-01-01,0.000624,0,very_low,baseline
MORGAN AVENUE,BROOKLYN,2028-02-01,0.000601,0,very_low,baseline
MORGAN AVENUE,BROOKLYN,2028-03-01,0.000603,0,very_low,baseline
MORGAN AVENUE,BROOKLYN,2028-04-01,0.000596,0,very_low,baseline
MORGAN AVENUE,BROOKLYN,2028-05-01,0.000614,0,very_low,baseline
MORGAN AVENUE,BROOKLYN,2028-06-01,0.000597,0,very_low,baseline
MORGAN AVENUE,BROOKLYN,2028-07-01,0.000596,0,very_low,baseline
MORGAN AVENUE,BROOKLYN,2028-08-01,0.000657,0,very_low,baseline
MORGAN AVENUE,BROOKLYN,2028-09-01,0.0007,0,very_low,baseline
MORGAN AVENUE,BROOKLYN,2028-10-01,0.00063,0,very_low,baseline
MORGAN AVENUE,BROOKLYN,2028-11-01,0.000534,0,very_low,baseline
MORGAN AVENUE,BROOKLYN,2028-12-01,0.00055,0,very_low,baseline
MORGAN AVENUE,BROOKLYN,2029-01-01,0.000624,0,very_low,baseline
MORGAN AVENUE,BROOKLYN,2029-02-01,0.000601,0,very_low,baseline
MORGAN AVENUE,BROOKLYN,2029-03-01,0.000603,0,very_low,baseline
MORGAN AVENUE,BROOKLYN,2029-04-01,0.000596,0,very_low,baseline
MORGAN AVENUE,BROOKLYN,2029-05-01,0.000614,0,very_low,baseline
MORGAN AVENUE,BROOKLYN,2029-06-01,0.000597,0,very_low,baseline
MORGAN AVENUE,BROOKLYN,2029-07-01,0.000596,0,very_low,baseline
MORGAN AVENUE,BROOKLYN,2029-08-01,0.000657,0,very_low,baseline
MORGAN AVENUE,BROOKLYN,2029-09-01,0.0007,0,very_low,baseline
MORGAN AVENUE,BROOKLYN,2029-10-01,0.00063,0,very_low,baseline
MORGAN AVENUE,BROOKLYN,2029-11-01,0.000534,0,very_low,baseline
MORGAN AVENUE,BROOKLYN,2029-12-01,0.00055,0,very_low,baseline
MORRIS PARK,BRONX,2027-01-01,0.000269,0,very_low,baseline
MORRIS PARK,BRONX,2027-02-01,0.000265,0,very_low,baseline
MORRIS PARK,BRONX,2027-03-01,0.000324,0,very_low,baseline
MORRIS PARK,BRONX,2027-04-01,0.000348,0,very_low,baseline
MORRIS PARK,BRONX,2027-05-01,0.000328,0,very_low,baseline
MORRIS PARK,BRONX,2027-06-01,0.000323,0,very_low,baseline
MORRIS PARK,BRONX,2027-07-01,0.000315,0,very_low,baseline
MORRIS PARK,BRONX,2027-08-01,0.000322,0,very_low,baseline
MORRIS PARK,BRONX,2027-09-01,0.00033,0,very_low,baseline
MORRIS PARK,BRONX,2027-10-01,0.000289,0,very_low,baseline
MORRIS PARK,BRONX,2027-11-01,0.000225,0,very_low,baseline
MORRIS PARK,BRONX,2027-12-01,0.000214,0,very_low,baseline
MORRIS PARK,BRONX,2028-01-01,0.000316,0,very_low,baseline
MORRIS PARK,BRONX,2028-02-01,0.000344,0,very_low,baseline
MORRIS PARK,BRONX,2028-03-01,0.000321,0,very_low,baseline
MORRIS PARK,BRONX,2028-04-01,0.000319,0,very_low,baseline
MORRIS PARK,BRONX,2028-05-01,0.000321,0,very_low,baseline
MORRIS PARK,BRONX,2028-06-01,0.000323,0,very_low,baseline
MORRIS PARK,BRONX,2028-07-01,0.000315,0,very_low,baseline
MORRIS PARK,BRONX,2028-08-01,0.000322,0,very_low,baseline
MORRIS PARK,BRONX,2028-09-01,0.00033,0,very_low,baseline
MORRIS PARK,BRONX,2028-10-01,0.000289,0,very_low,baseline
MORRIS PARK,BRONX,2028-11-01,0.000225,0,very_low,baseline
MORRIS PARK,BRONX,2028-12-01,0.000214,0,very_low,baseline
MORRIS PARK,BRONX,2029-01-01,0.000316,0,very_low,baseline
MORRIS PARK,BRONX,2029-02-01,0.000344,0,very_low,baseline
MORRIS PARK,BRONX,2029-03-01,0.000321,0,very_low,baseline
MORRIS PARK,BRONX,2029-04-01,0.000319,0,very_low,baseline
MORRIS PARK,BRONX,2029-05-01,0.000321,0,very_low,baseline
MORRIS PARK,BRONX,2029-06-01,0.000323,0,very_low,baseline
MORRIS PARK,BRONX,2029-07-01,0.000315,0,very_low,baseline
MORRIS PARK,BRONX,2029-08-01,0.000322,0,very_low,baseline
MORRIS PARK,BRONX,2029-09-01,0.00033,0,very_low,baseline
MORRIS PARK,BRONX,2029-10-01,0.000289,0,very_low,baseline
MORRIS PARK,BRONX,2029-11-01,0.000225,0,very_low,baseline
MORRIS PARK,BRONX,2029-12-01,0.000214,0,very_low,baseline
MOSHOLU PKWY.,BRONX,2027-01-01,0.000168,0,very_low,baseline
MOSHOLU PKWY.,BRONX,2027-02-01,0.000177,0,very_low,baseline
MOSHOLU PKWY.,BRONX,2027-03-01,0.000118,0,very_low,baseline
MOSHOLU PKWY.,BRONX,2027-04-01,0.000122,0,very_low,baseline
MOSHOLU PKWY.,BRONX,2027-05-01,0.000136,0,very_low,baseline
MOSHOLU PKWY.,BRONX,2027-06-01,0.000167,0,very_low,baseline
MOSHOLU PKWY.,BRONX,2027-07-01,0.000171,0,very_low,baseline
MOSHOLU PKWY.,BRONX,2027-08-01,0.000175,0,very_low,baseline
MOSHOLU PKWY.,BRONX,2027-09-01,0.000183,0,very_low,baseline
MOSHOLU PKWY.,BRONX,2027-10-01,0.000154,0,very_low,baseline
MOSHOLU PKWY.,BRONX,2027-11-01,0.000143,0,very_low,baseline
MOSHOLU PKWY.,BRONX,2027-12-01,0.000136,0,very_low,baseline
MOSHOLU PKWY.,BRONX,2028-01-01,0.000163,0,very_low,baseline
MOSHOLU PKWY.,BRONX,2028-02-01,0.00017,0,very_low,baseline
MOSHOLU PKWY.,BRONX,2028-03-01,0.000168,0,very_low,baseline
MOSHOLU PKWY.,BRONX,2028-04-01,0.000166,0,very_low,baseline
MOSHOLU PKWY.,BRONX,2028-05-01,0.000171,0,very_low,baseline
MOSHOLU PKWY.,BRONX,2028-06-01,0.000167,0,very_low,baseline
MOSHOLU PKWY.,BRONX,2028-07-01,0.000171,0,very_low,baseline
MOSHOLU PKWY.,BRONX,2028-08-01,0.000175,0,very_low,baseline
MOSHOLU PKWY.,BRONX,2028-09-01,0.000183,0,very_low,baseline
MOSHOLU PKWY.,BRONX,2028-10-01,0.000154,0,very_low,baseline
MOSHOLU PKWY.,BRONX,2028-11-01,0.000143,0,very_low,baseline
MOSHOLU PKWY.,BRONX,2028-12-01,0.000136,0,very_low,baseline
MOSHOLU PKWY.,BRONX,2029-01-01,0.000163,0,very_low,baseline
MOSHOLU PKWY.,BRONX,2029-02-01,0.00017,0,very_low,baseline
MOSHOLU PKWY.,BRONX,2029-03-01,0.000168,0,very_low,baseline
MOSHOLU PKWY.,BRONX,2029-04-01,0.000166,0,very_low,baseline
MOSHOLU PKWY.,BRONX,2029-05-01,0.000171,0,very_low,baseline
MOSHOLU PKWY.,BRONX,2029-06-01,0.000167,0,very_low,baseline
MOSHOLU PKWY.,BRONX,2029-07-01,0.000171,0,very_low,baseline
MOSHOLU PKWY.,BRONX,2029-08-01,0.000175,0,very_low,baseline
MOSHOLU PKWY.,BRONX,2029-09-01,0.000183,0,very_low,baseline
MOSHOLU PKWY.,BRONX,2029-10-01,0.000154,0,very_low,baseline
MOSHOLU PKWY.,BRONX,2029-11-01,0.000143,0,very_low,baseline
MOSHOLU PKWY.,BRONX,2029-12-01,0.000136,0,very_low,baseline
MT. EDEN AVENUE,BRONX,2027-01-01,0.000372,0,very_low,baseline
MT. EDEN AVENUE,BRONX,2027-02-01,0.000406,0,very_low,baseline
MT. EDEN AVENUE,BRONX,2027-03-01,0.000365,0,very_low,baseline
MT. EDEN AVENUE,BRONX,2027-04-01,0.00036,0,very_low,baseline
MT. EDEN AVENUE,BRONX,2027-05-01,0.000365,0,very_low,baseline
MT. EDEN AVENUE,BRONX,2027-06-01,0.000366,0,very_low,baseline
MT. EDEN AVENUE,BRONX,2027-07-01,0.000378,0,very_low,baseline
MT. EDEN AVENUE,BRONX,2027-08-01,0.000384,0,very_low,baseline
MT. EDEN AVENUE,BRONX,2027-09-01,0.000393,0,very_low,baseline
MT. EDEN AVENUE,BRONX,2027-10-01,0.00034,0,very_low,baseline
MT. EDEN AVENUE,BRONX,2027-11-01,0.000274,0,very_low,baseline
MT. EDEN AVENUE,BRONX,2027-12-01,0.00026,0,very_low,baseline
MT. EDEN AVENUE,BRONX,2028-01-01,0.000346,0,very_low,baseline
MT. EDEN AVENUE,BRONX,2028-02-01,0.000377,0,very_low,baseline
MT. EDEN AVENUE,BRONX,2028-03-01,0.000352,0,very_low,baseline
MT. EDEN AVENUE,BRONX,2028-04-01,0.00035,0,very_low,baseline
MT. EDEN AVENUE,BRONX,2028-05-01,0.000352,0,very_low,baseline
MT. EDEN AVENUE,BRONX,2028-06-01,0.000366,0,very_low,baseline
MT. EDEN AVENUE,BRONX,2028-07-01,0.000378,0,very_low,baseline
MT. EDEN AVENUE,BRONX,2028-08-01,0.000384,0,very_low,baseline
MT. EDEN AVENUE,BRONX,2028-09-01,0.000393,0,very_low,baseline
MT. EDEN AVENUE,BRONX,2028-10-01,0.00034,0,very_low,baseline
MT. EDEN AVENUE,BRONX,2028-11-01,0.000274,0,very_low,baseline
MT. EDEN AVENUE,BRONX,2028-12-01,0.00026,0,very_low,baseline
MT. EDEN AVENUE,BRONX,2029-01-01,0.000346,0,very_low,baseline
MT. EDEN AVENUE,BRONX,2029-02-01,0.000377,0,very_low,baseline
MT. EDEN AVENUE,BRONX,2029-03-01,0.000352,0,very_low,baseline
MT. EDEN AVENUE,BRONX,2029-04-01,0.00035,0,very_low,baseline
MT. EDEN AVENUE,BRONX,2029-05-01,0.000352,0,very_low,baseline
MT. EDEN AVENUE,BRONX,2029-06-01,0.000366,0,very_low,baseline
MT. EDEN AVENUE,BRONX,2029-07-01,0.000378,0,very_low,baseline
MT. EDEN AVENUE,BRONX,2029-08-01,0.000384,0,very_low,baseline
MT. EDEN AVENUE,BRONX,2029-09-01,0.000393,0,very_low,baseline
MT. EDEN AVENUE,BRONX,2029-10-01,0.00034,0,very_low,baseline
MT. EDEN AVENUE,BRONX,2029-11-01,0.000274,0,very_low,baseline
MT. EDEN AVENUE,BRONX,2029-12-01,0.00026,0,very_low,baseline
MYRTLE AVENUE,BROOKLYN,2027-01-01,0.27943,1,low,baseline
MYRTLE AVENUE,BROOKLYN,2027-02-01,0.714824,1,high,baseline
MYRTLE AVENUE,BROOKLYN,2027-03-01,0.72956,1,high,baseline
MYRTLE AVENUE,BROOKLYN,2027-04-01,0.727065,1,high,baseline
MYRTLE AVENUE,BROOKLYN,2027-05-01,0.757141,1,high,baseline
MYRTLE AVENUE,BROOKLYN,2027-06-01,0.738111,1,high,baseline
MYRTLE AVENUE,BROOKLYN,2027-07-01,0.773617,1,high,baseline
MYRTLE AVENUE,BROOKLYN,2027-08-01,0.775573,1,high,baseline
MYRTLE AVENUE,BROOKLYN,2027-09-01,0.783506,1,high,baseline
MYRTLE AVENUE,BROOKLYN,2027-10-01,0.794115,1,high,baseline
MYRTLE AVENUE,BROOKLYN,2027-11-01,0.789355,1,high,baseline
MYRTLE AVENUE,BROOKLYN,2027-12-01,0.785263,1,high,baseline
MYRTLE AVENUE,BROOKLYN,2028-01-01,0.771736,1,high,baseline
MYRTLE AVENUE,BROOKLYN,2028-02-01,0.773536,1,high,baseline
MYRTLE AVENUE,BROOKLYN,2028-03-01,0.783503,1,high,baseline
MYRTLE AVENUE,BROOKLYN,2028-04-01,0.791364,1,high,baseline
MYRTLE AVENUE,BROOKLYN,2028-05-01,0.792429,1,high,baseline
MYRTLE AVENUE,BROOKLYN,2028-06-01,0.792909,1,high,baseline
MYRTLE AVENUE,BROOKLYN,2028-07-01,0.793839,1,high,baseline
MYRTLE AVENUE,BROOKLYN,2028-08-01,0.795667,1,high,baseline
MYRTLE AVENUE,BROOKLYN,2028-09-01,0.796568,1,high,baseline
MYRTLE AVENUE,BROOKLYN,2028-10-01,0.795921,1,high,baseline
MYRTLE AVENUE,BROOKLYN,2028-11-01,0.791191,1,high,baseline
MYRTLE AVENUE,BROOKLYN,2028-12-01,0.785263,1,high,baseline
MYRTLE AVENUE,BROOKLYN,2029-01-01,0.771736,1,high,baseline
MYRTLE AVENUE,BROOKLYN,2029-02-01,0.773536,1,high,baseline
MYRTLE AVENUE,BROOKLYN,2029-03-01,0.783503,1,high,baseline
MYRTLE AVENUE,BROOKLYN,2029-04-01,0.791364,1,high,baseline
MYRTLE AVENUE,BROOKLYN,2029-05-01,0.792429,1,high,baseline
MYRTLE AVENUE,BROOKLYN,2029-06-01,0.792909,1,high,baseline
MYRTLE AVENUE,BROOKLYN,2029-07-01,0.793839,1,high,baseline
MYRTLE AVENUE,BROOKLYN,2029-08-01,0.795667,1,high,baseline
MYRTLE AVENUE,BROOKLYN,2029-09-01,0.796568,1,high,baseline
MYRTLE AVENUE,BROOKLYN,2029-10-01,0.795921,1,high,baseline
MYRTLE AVENUE,BROOKLYN,2029-11-01,0.791191,1,high,baseline
MYRTLE AVENUE,BROOKLYN,2029-12-01,0.785263,1,high,baseline
MYRTLE-WILLOUGHBY AVENUES,BROOKLYN,2027-01-01,0.000349,0,very_low,baseline
MYRTLE-WILLOUGHBY AVENUES,BROOKLYN,2027-02-01,0.00023,0,very_low,baseline
MYRTLE-WILLOUGHBY AVENUES,BROOKLYN,2027-03-01,0.000165,0,very_low,baseline
MYRTLE-WILLOUGHBY AVENUES,BROOKLYN,2027-04-01,0.000174,0,very_low,baseline
MYRTLE-WILLOUGHBY AVENUES,BROOKLYN,2027-05-01,0.000158,0,very_low,baseline
MYRTLE-WILLOUGHBY AVENUES,BROOKLYN,2027-06-01,0.000176,0,very_low,baseline
MYRTLE-WILLOUGHBY AVENUES,BROOKLYN,2027-07-01,0.000168,0,very_low,baseline
MYRTLE-WILLOUGHBY AVENUES,BROOKLYN,2027-08-01,0.00017,0,very_low,baseline
MYRTLE-WILLOUGHBY AVENUES,BROOKLYN,2027-09-01,0.000176,0,very_low,baseline
MYRTLE-WILLOUGHBY AVENUES,BROOKLYN,2027-10-01,0.00015,0,very_low,baseline
MYRTLE-WILLOUGHBY AVENUES,BROOKLYN,2027-11-01,0.000143,0,very_low,baseline
MYRTLE-WILLOUGHBY AVENUES,BROOKLYN,2027-12-01,0.000136,0,very_low,baseline
MYRTLE-WILLOUGHBY AVENUES,BROOKLYN,2028-01-01,0.000159,0,very_low,baseline
MYRTLE-WILLOUGHBY AVENUES,BROOKLYN,2028-02-01,0.00017,0,very_low,baseline
MYRTLE-WILLOUGHBY AVENUES,BROOKLYN,2028-03-01,0.000169,0,very_low,baseline
MYRTLE-WILLOUGHBY AVENUES,BROOKLYN,2028-04-01,0.000175,0,very_low,baseline
MYRTLE-WILLOUGHBY AVENUES,BROOKLYN,2028-05-01,0.00018,0,very_low,baseline
MYRTLE-WILLOUGHBY AVENUES,BROOKLYN,2028-06-01,0.000176,0,very_low,baseline
MYRTLE-WILLOUGHBY AVENUES,BROOKLYN,2028-07-01,0.000168,0,very_low,baseline
MYRTLE-WILLOUGHBY AVENUES,BROOKLYN,2028-08-01,0.00017,0,very_low,baseline
MYRTLE-WILLOUGHBY AVENUES,BROOKLYN,2028-09-01,0.000176,0,very_low,baseline
MYRTLE-WILLOUGHBY AVENUES,BROOKLYN,2028-10-01,0.00015,0,very_low,baseline
MYRTLE-WILLOUGHBY AVENUES,BROOKLYN,2028-11-01,0.000143,0,very_low,baseline
MYRTLE-WILLOUGHBY AVENUES,BROOKLYN,2028-12-01,0.000136,0,very_low,baseline
MYRTLE-WILLOUGHBY AVENUES,BROOKLYN,2029-01-01,0.000159,0,very_low,baseline
MYRTLE-WILLOUGHBY AVENUES,BROOKLYN,2029-02-01,0.00017,0,very_low,baseline
MYRTLE-WILLOUGHBY AVENUES,BROOKLYN,2029-03-01,0.000169,0,very_low,baseline
MYRTLE-WILLOUGHBY AVENUES,BROOKLYN,2029-04-01,0.000175,0,very_low,baseline
MYRTLE-WILLOUGHBY AVENUES,BROOKLYN,2029-05-01,0.00018,0,very_low,baseline
MYRTLE-WILLOUGHBY AVENUES,BROOKLYN,2029-06-01,0.000176,0,very_low,baseline
MYRTLE-WILLOUGHBY AVENUES,BROOKLYN,2029-07-01,0.000168,0,very_low,baseline
MYRTLE-WILLOUGHBY AVENUES,BROOKLYN,2029-08-01,0.00017,0,very_low,baseline
MYRTLE-WILLOUGHBY AVENUES,BROOKLYN,2029-09-01,0.000176,0,very_low,baseline
MYRTLE-WILLOUGHBY AVENUES,BROOKLYN,2029-10-01,0.00015,0,very_low,baseline
MYRTLE-WILLOUGHBY AVENUES,BROOKLYN,2029-11-01,0.000143,0,very_low,baseline
MYRTLE-WILLOUGHBY AVENUES,BROOKLYN,2029-12-01,0.000136,0,very_low,baseline
MYRTLE/WYCKOFF AVENUES,QUEENS,2027-01-01,0.337136,1,low,baseline
MYRTLE/WYCKOFF AVENUES,QUEENS,2027-02-01,0.282235,1,low,baseline
MYRTLE/WYCKOFF AVENUES,QUEENS,2027-03-01,0.38863,1,low,baseline
MYRTLE/WYCKOFF AVENUES,QUEENS,2027-04-01,0.35634,1,low,baseline
MYRTLE/WYCKOFF AVENUES,QUEENS,2027-05-01,0.344838,1,low,baseline
MYRTLE/WYCKOFF AVENUES,QUEENS,2027-06-01,0.383385,1,low,baseline
MYRTLE/WYCKOFF AVENUES,QUEENS,2027-07-01,0.391052,1,low,baseline
MYRTLE/WYCKOFF AVENUES,QUEENS,2027-08-01,0.416254,1,medium,baseline
MYRTLE/WYCKOFF AVENUES,QUEENS,2027-09-01,0.422034,1,medium,baseline
MYRTLE/WYCKOFF AVENUES,QUEENS,2027-10-01,0.40974,1,medium,baseline
MYRTLE/WYCKOFF AVENUES,QUEENS,2027-11-01,0.38485,1,low,baseline
MYRTLE/WYCKOFF AVENUES,QUEENS,2027-12-01,0.386249,1,low,baseline
MYRTLE/WYCKOFF AVENUES,QUEENS,2028-01-01,0.384027,1,low,baseline
MYRTLE/WYCKOFF AVENUES,QUEENS,2028-02-01,0.386453,1,low,baseline
MYRTLE/WYCKOFF AVENUES,QUEENS,2028-03-01,0.410943,1,medium,baseline
MYRTLE/WYCKOFF AVENUES,QUEENS,2028-04-01,0.416485,1,medium,baseline
MYRTLE/WYCKOFF AVENUES,QUEENS,2028-05-01,0.42805,1,medium,baseline
MYRTLE/WYCKOFF AVENUES,QUEENS,2028-06-01,0.429475,1,medium,baseline
MYRTLE/WYCKOFF AVENUES,QUEENS,2028-07-01,0.430094,1,medium,baseline
MYRTLE/WYCKOFF AVENUES,QUEENS,2028-08-01,0.428613,1,medium,baseline
MYRTLE/WYCKOFF AVENUES,QUEENS,2028-09-01,0.427901,1,medium,baseline
MYRTLE/WYCKOFF AVENUES,QUEENS,2028-10-01,0.41556,1,medium,baseline
MYRTLE/WYCKOFF AVENUES,QUEENS,2028-11-01,0.395619,1,low,baseline
MYRTLE/WYCKOFF AVENUES,QUEENS,2028-12-01,0.386249,1,low,baseline
MYRTLE/WYCKOFF AVENUES,QUEENS,2029-01-01,0.384027,1,low,baseline
MYRTLE/WYCKOFF AVENUES,QUEENS,2029-02-01,0.386453,1,low,baseline
MYRTLE/WYCKOFF AVENUES,QUEENS,2029-03-01,0.410943,1,medium,baseline
MYRTLE/WYCKOFF AVENUES,QUEENS,2029-04-01,0.416485,1,medium,baseline
MYRTLE/WYCKOFF AVENUES,QUEENS,2029-05-01,0.42805,1,medium,baseline
MYRTLE/WYCKOFF AVENUES,QUEENS,2029-06-01,0.429475,1,medium,baseline
MYRTLE/WYCKOFF AVENUES,QUEENS,2029-07-01,0.430094,1,medium,baseline
MYRTLE/WYCKOFF AVENUES,QUEENS,2029-08-01,0.428613,1,medium,baseline
MYRTLE/WYCKOFF AVENUES,QUEENS,2029-09-01,0.427901,1,medium,baseline
MYRTLE/WYCKOFF AVENUES,QUEENS,2029-10-01,0.41556,1,medium,baseline
MYRTLE/WYCKOFF AVENUES,QUEENS,2029-11-01,0.395619,1,low,baseline
MYRTLE/WYCKOFF AVENUES,QUEENS,2029-12-01,0.386249,1,low,baseline
NASSAU AVENUE,BROOKLYN,2027-01-01,0.000228,0,very_low,baseline
NASSAU AVENUE,BROOKLYN,2027-02-01,0.000288,0,very_low,baseline
NASSAU AVENUE,BROOKLYN,2027-03-01,0.000283,0,very_low,baseline
NASSAU AVENUE,BROOKLYN,2027-04-01,0.00027,0,very_low,baseline
NASSAU AVENUE,BROOKLYN,2027-05-01,0.00029,0,very_low,baseline
NASSAU AVENUE,BROOKLYN,2027-06-01,0.000292,0,very_low,baseline
NASSAU AVENUE,BROOKLYN,2027-07-01,0.000301,0,very_low,baseline
NASSAU AVENUE,BROOKLYN,2027-08-01,0.000308,0,very_low,baseline
NASSAU AVENUE,BROOKLYN,2027-09-01,0.000315,0,very_low,baseline
NASSAU AVENUE,BROOKLYN,2027-10-01,0.000273,0,very_low,baseline
NASSAU AVENUE,BROOKLYN,2027-11-01,0.000213,0,very_low,baseline
NASSAU AVENUE,BROOKLYN,2027-12-01,0.000202,0,very_low,baseline
NASSAU AVENUE,BROOKLYN,2028-01-01,0.000264,0,very_low,baseline
NASSAU AVENUE,BROOKLYN,2028-02-01,0.000288,0,very_low,baseline
NASSAU AVENUE,BROOKLYN,2028-03-01,0.000269,0,very_low,baseline
NASSAU AVENUE,BROOKLYN,2028-04-01,0.000273,0,very_low,baseline
NASSAU AVENUE,BROOKLYN,2028-05-01,0.000281,0,very_low,baseline
NASSAU AVENUE,BROOKLYN,2028-06-01,0.000292,0,very_low,baseline
NASSAU AVENUE,BROOKLYN,2028-07-01,0.000301,0,very_low,baseline
NASSAU AVENUE,BROOKLYN,2028-08-01,0.000308,0,very_low,baseline
NASSAU AVENUE,BROOKLYN,2028-09-01,0.000315,0,very_low,baseline
NASSAU AVENUE,BROOKLYN,2028-10-01,0.000273,0,very_low,baseline
NASSAU AVENUE,BROOKLYN,2028-11-01,0.000213,0,very_low,baseline
NASSAU AVENUE,BROOKLYN,2028-12-01,0.000202,0,very_low,baseline
NASSAU AVENUE,BROOKLYN,2029-01-01,0.000264,0,very_low,baseline
NASSAU AVENUE,BROOKLYN,2029-02-01,0.000288,0,very_low,baseline
NASSAU AVENUE,BROOKLYN,2029-03-01,0.000269,0,very_low,baseline
NASSAU AVENUE,BROOKLYN,2029-04-01,0.000273,0,very_low,baseline
NASSAU AVENUE,BROOKLYN,2029-05-01,0.000281,0,very_low,baseline
NASSAU AVENUE,BROOKLYN,2029-06-01,0.000292,0,very_low,baseline
NASSAU AVENUE,BROOKLYN,2029-07-01,0.000301,0,very_low,baseline
NASSAU AVENUE,BROOKLYN,2029-08-01,0.000308,0,very_low,baseline
NASSAU AVENUE,BROOKLYN,2029-09-01,0.000315,0,very_low,baseline
NASSAU AVENUE,BROOKLYN,2029-10-01,0.000273,0,very_low,baseline
NASSAU AVENUE,BROOKLYN,2029-11-01,0.000213,0,very_low,baseline
NASSAU AVENUE,BROOKLYN,2029-12-01,0.000202,0,very_low,baseline
NECK ROAD,BROOKLYN,2027-01-01,0.000159,0,very_low,baseline
NECK ROAD,BROOKLYN,2027-02-01,0.000162,0,very_low,baseline
NECK ROAD,BROOKLYN,2027-03-01,0.000137,0,very_low,baseline
NECK ROAD,BROOKLYN,2027-04-01,0.000146,0,very_low,baseline
NECK ROAD,BROOKLYN,2027-05-01,0.00015,0,very_low,baseline
NECK ROAD,BROOKLYN,2027-06-01,0.000147,0,very_low,baseline
NECK ROAD,BROOKLYN,2027-07-01,0.00015,0,very_low,baseline
NECK ROAD,BROOKLYN,2027-08-01,0.000153,0,very_low,baseline
NECK ROAD,BROOKLYN,2027-09-01,0.000161,0,very_low,baseline
NECK ROAD,BROOKLYN,2027-10-01,0.000141,0,very_low,baseline
NECK ROAD,BROOKLYN,2027-11-01,0.00013,0,very_low,baseline
NECK ROAD,BROOKLYN,2027-12-01,0.000124,0,very_low,baseline
NECK ROAD,BROOKLYN,2028-01-01,0.000143,0,very_low,baseline
NECK ROAD,BROOKLYN,2028-02-01,0.000149,0,very_low,baseline
NECK ROAD,BROOKLYN,2028-03-01,0.000148,0,very_low,baseline
NECK ROAD,BROOKLYN,2028-04-01,0.000146,0,very_low,baseline
NECK ROAD,BROOKLYN,2028-05-01,0.00015,0,very_low,baseline
NECK ROAD,BROOKLYN,2028-06-01,0.000147,0,very_low,baseline
NECK ROAD,BROOKLYN,2028-07-01,0.00015,0,very_low,baseline
NECK ROAD,BROOKLYN,2028-08-01,0.000153,0,very_low,baseline
NECK ROAD,BROOKLYN,2028-09-01,0.000161,0,very_low,baseline
NECK ROAD,BROOKLYN,2028-10-01,0.000141,0,very_low,baseline
NECK ROAD,BROOKLYN,2028-11-01,0.00013,0,very_low,baseline
NECK ROAD,BROOKLYN,2028-12-01,0.000124,0,very_low,baseline
NECK ROAD,BROOKLYN,2029-01-01,0.000143,0,very_low,baseline
NECK ROAD,BROOKLYN,2029-02-01,0.000149,0,very_low,baseline
NECK ROAD,BROOKLYN,2029-03-01,0.000148,0,very_low,baseline
NECK ROAD,BROOKLYN,2029-04-01,0.000146,0,very_low,baseline
NECK ROAD,BROOKLYN,2029-05-01,0.00015,0,very_low,baseline
NECK ROAD,BROOKLYN,2029-06-01,0.000147,0,very_low,baseline
NECK ROAD,BROOKLYN,2029-07-01,0.00015,0,very_low,baseline
NECK ROAD,BROOKLYN,2029-08-01,0.000153,0,very_low,baseline
NECK ROAD,BROOKLYN,2029-09-01,0.000161,0,very_low,baseline
NECK ROAD,BROOKLYN,2029-10-01,0.000141,0,very_low,baseline
NECK ROAD,BROOKLYN,2029-11-01,0.00013,0,very_low,baseline
NECK ROAD,BROOKLYN,2029-12-01,0.000124,0,very_low,baseline
NEPTUNE AVENUE,BROOKLYN,2027-01-01,0.000155,0,very_low,baseline
NEPTUNE AVENUE,BROOKLYN,2027-02-01,0.000174,0,very_low,baseline
NEPTUNE AVENUE,BROOKLYN,2027-03-01,0.000145,0,very_low,baseline
NEPTUNE AVENUE,BROOKLYN,2027-04-01,0.000181,0,very_low,baseline
NEPTUNE AVENUE,BROOKLYN,2027-05-01,0.000185,0,very_low,baseline
NEPTUNE AVENUE,BROOKLYN,2027-06-01,0.000182,0,very_low,baseline
NEPTUNE AVENUE,BROOKLYN,2027-07-01,0.000178,0,very_low,baseline
NEPTUNE AVENUE,BROOKLYN,2027-08-01,0.000182,0,very_low,baseline
NEPTUNE AVENUE,BROOKLYN,2027-09-01,0.00019,0,very_low,baseline
NEPTUNE AVENUE,BROOKLYN,2027-10-01,0.000171,0,very_low,baseline
NEPTUNE AVENUE,BROOKLYN,2027-11-01,0.000158,0,very_low,baseline
NEPTUNE AVENUE,BROOKLYN,2027-12-01,0.000151,0,very_low,baseline
NEPTUNE AVENUE,BROOKLYN,2028-01-01,0.000178,0,very_low,baseline
NEPTUNE AVENUE,BROOKLYN,2028-02-01,0.000185,0,very_low,baseline
NEPTUNE AVENUE,BROOKLYN,2028-03-01,0.000183,0,very_low,baseline
NEPTUNE AVENUE,BROOKLYN,2028-04-01,0.000181,0,very_low,baseline
NEPTUNE AVENUE,BROOKLYN,2028-05-01,0.000186,0,very_low,baseline
NEPTUNE AVENUE,BROOKLYN,2028-06-01,0.000182,0,very_low,baseline
NEPTUNE AVENUE,BROOKLYN,2028-07-01,0.000178,0,very_low,baseline
NEPTUNE AVENUE,BROOKLYN,2028-08-01,0.000182,0,very_low,baseline
NEPTUNE AVENUE,BROOKLYN,2028-09-01,0.00019,0,very_low,baseline
NEPTUNE AVENUE,BROOKLYN,2028-10-01,0.000171,0,very_low,baseline
NEPTUNE AVENUE,BROOKLYN,2028-11-01,0.000158,0,very_low,baseline
NEPTUNE AVENUE,BROOKLYN,2028-12-01,0.000151,0,very_low,baseline
NEPTUNE AVENUE,BROOKLYN,2029-01-01,0.000178,0,very_low,baseline
NEPTUNE AVENUE,BROOKLYN,2029-02-01,0.000185,0,very_low,baseline
NEPTUNE AVENUE,BROOKLYN,2029-03-01,0.000183,0,very_low,baseline
NEPTUNE AVENUE,BROOKLYN,2029-04-01,0.000181,0,very_low,baseline
NEPTUNE AVENUE,BROOKLYN,2029-05-01,0.000186,0,very_low,baseline
NEPTUNE AVENUE,BROOKLYN,2029-06-01,0.000182,0,very_low,baseline
NEPTUNE AVENUE,BROOKLYN,2029-07-01,0.000178,0,very_low,baseline
NEPTUNE AVENUE,BROOKLYN,2029-08-01,0.000182,0,very_low,baseline
NEPTUNE AVENUE,BROOKLYN,2029-09-01,0.00019,0,very_low,baseline
NEPTUNE AVENUE,BROOKLYN,2029-10-01,0.000171,0,very_low,baseline
NEPTUNE AVENUE,BROOKLYN,2029-11-01,0.000158,0,very_low,baseline
NEPTUNE AVENUE,BROOKLYN,2029-12-01,0.000151,0,very_low,baseline
NEVINS STREET,BROOKLYN,2027-01-01,0.000413,0,very_low,baseline
NEVINS STREET,BROOKLYN,2027-02-01,0.000277,0,very_low,baseline
NEVINS STREET,BROOKLYN,2027-03-01,0.000396,0,very_low,baseline
NEVINS STREET,BROOKLYN,2027-04-01,0.000373,0,very_low,baseline
NEVINS STREET,BROOKLYN,2027-05-01,0.000409,0,very_low,baseline
NEVINS STREET,BROOKLYN,2027-06-01,0.000389,0,very_low,baseline
NEVINS STREET,BROOKLYN,2027-07-01,0.000388,0,very_low,baseline
NEVINS STREET,BROOKLYN,2027-08-01,0.000449,0,very_low,baseline
NEVINS STREET,BROOKLYN,2027-09-01,0.000494,0,very_low,baseline
NEVINS STREET,BROOKLYN,2027-10-01,0.000432,0,very_low,baseline
NEVINS STREET,BROOKLYN,2027-11-01,0.000406,0,very_low,baseline
NEVINS STREET,BROOKLYN,2027-12-01,0.000394,0,very_low,baseline
NEVINS STREET,BROOKLYN,2028-01-01,0.000344,0,very_low,baseline
NEVINS STREET,BROOKLYN,2028-02-01,0.000328,0,very_low,baseline
NEVINS STREET,BROOKLYN,2028-03-01,0.000376,0,very_low,baseline
NEVINS STREET,BROOKLYN,2028-04-01,0.000374,0,very_low,baseline
NEVINS STREET,BROOKLYN,2028-05-01,0.000389,0,very_low,baseline
NEVINS STREET,BROOKLYN,2028-06-01,0.000389,0,very_low,baseline
NEVINS STREET,BROOKLYN,2028-07-01,0.000388,0,very_low,baseline
NEVINS STREET,BROOKLYN,2028-08-01,0.000449,0,very_low,baseline
NEVINS STREET,BROOKLYN,2028-09-01,0.000494,0,very_low,baseline
NEVINS STREET,BROOKLYN,2028-10-01,0.000432,0,very_low,baseline
NEVINS STREET,BROOKLYN,2028-11-01,0.000406,0,very_low,baseline
NEVINS STREET,BROOKLYN,2028-12-01,0.000394,0,very_low,baseline
NEVINS STREET,BROOKLYN,2029-01-01,0.000344,0,very_low,baseline
NEVINS STREET,BROOKLYN,2029-02-01,0.000328,0,very_low,baseline
NEVINS STREET,BROOKLYN,2029-03-01,0.000376,0,very_low,baseline
NEVINS STREET,BROOKLYN,2029-04-01,0.000374,0,very_low,baseline
NEVINS STREET,BROOKLYN,2029-05-01,0.000389,0,very_low,baseline
NEVINS STREET,BROOKLYN,2029-06-01,0.000389,0,very_low,baseline
NEVINS STREET,BROOKLYN,2029-07-01,0.000388,0,very_low,baseline
NEVINS STREET,BROOKLYN,2029-08-01,0.000449,0,very_low,baseline
NEVINS STREET,BROOKLYN,2029-09-01,0.000494,0,very_low,baseline
NEVINS STREET,BROOKLYN,2029-10-01,0.000432,0,very_low,baseline
NEVINS STREET,BROOKLYN,2029-11-01,0.000406,0,very_low,baseline
NEVINS STREET,BROOKLYN,2029-12-01,0.000394,0,very_low,baseline
NEW LOTS AVENUE,BROOKLYN,2027-01-01,0.055552,1,very_low,baseline
NEW LOTS AVENUE,BROOKLYN,2027-02-01,0.033279,0,very_low,baseline
NEW LOTS AVENUE,BROOKLYN,2027-03-01,0.087215,1,very_low,baseline
NEW LOTS AVENUE,BROOKLYN,2027-04-01,0.115201,1,very_low,baseline
NEW LOTS AVENUE,BROOKLYN,2027-05-01,0.127066,1,very_low,baseline
NEW LOTS AVENUE,BROOKLYN,2027-06-01,0.121316,1,very_low,baseline
NEW LOTS AVENUE,BROOKLYN,2027-07-01,0.133534,1,very_low,baseline
NEW LOTS AVENUE,BROOKLYN,2027-08-01,0.144059,1,very_low,baseline
NEW LOTS AVENUE,BROOKLYN,2027-09-01,0.166016,1,very_low,baseline
NEW LOTS AVENUE,BROOKLYN,2027-10-01,0.162931,1,very_low,baseline
NEW LOTS AVENUE,BROOKLYN,2027-11-01,0.151159,1,very_low,baseline
NEW LOTS AVENUE,BROOKLYN,2027-12-01,0.144646,1,very_low,baseline
NEW LOTS AVENUE,BROOKLYN,2028-01-01,0.144266,1,very_low,baseline
NEW LOTS AVENUE,BROOKLYN,2028-02-01,0.142462,1,very_low,baseline
NEW LOTS AVENUE,BROOKLYN,2028-03-01,0.161506,1,very_low,baseline
NEW LOTS AVENUE,BROOKLYN,2028-04-01,0.159868,1,very_low,baseline
NEW LOTS AVENUE,BROOKLYN,2028-05-01,0.165277,1,very_low,baseline
NEW LOTS AVENUE,BROOKLYN,2028-06-01,0.167906,1,very_low,baseline
NEW LOTS AVENUE,BROOKLYN,2028-07-01,0.168655,1,very_low,baseline
NEW LOTS AVENUE,BROOKLYN,2028-08-01,0.17864,1,very_low,baseline
NEW LOTS AVENUE,BROOKLYN,2028-09-01,0.178214,1,very_low,baseline
NEW LOTS AVENUE,BROOKLYN,2028-10-01,0.167387,1,very_low,baseline
NEW LOTS AVENUE,BROOKLYN,2028-11-01,0.154186,1,very_low,baseline
NEW LOTS AVENUE,BROOKLYN,2028-12-01,0.150257,1,very_low,baseline
NEW LOTS AVENUE,BROOKLYN,2029-01-01,0.144266,1,very_low,baseline
NEW LOTS AVENUE,BROOKLYN,2029-02-01,0.142462,1,very_low,baseline
NEW LOTS AVENUE,BROOKLYN,2029-03-01,0.161506,1,very_low,baseline
NEW LOTS AVENUE,BROOKLYN,2029-04-01,0.159868,1,very_low,baseline
NEW LOTS AVENUE,BROOKLYN,2029-05-01,0.165277,1,very_low,baseline
NEW LOTS AVENUE,BROOKLYN,2029-06-01,0.167906,1,very_low,baseline
NEW LOTS AVENUE,BROOKLYN,2029-07-01,0.168655,1,very_low,baseline
NEW LOTS AVENUE,BROOKLYN,2029-08-01,0.17864,1,very_low,baseline
NEW LOTS AVENUE,BROOKLYN,2029-09-01,0.178214,1,very_low,baseline
NEW LOTS AVENUE,BROOKLYN,2029-10-01,0.167387,1,very_low,baseline
NEW LOTS AVENUE,BROOKLYN,2029-11-01,0.154186,1,very_low,baseline
NEW LOTS AVENUE,BROOKLYN,2029-12-01,0.150257,1,very_low,baseline
NEW UTRECHT AVENUE,BROOKLYN,2027-01-01,0.000214,0,very_low,baseline
NEW UTRECHT AVENUE,BROOKLYN,2027-02-01,0.000134,0,very_low,baseline
NEW UTRECHT AVENUE,BROOKLYN,2027-03-01,0.000144,0,very_low,baseline
NEW UTRECHT AVENUE,BROOKLYN,2027-04-01,0.000132,0,very_low,baseline
NEW UTRECHT AVENUE,BROOKLYN,2027-05-01,0.000145,0,very_low,baseline
NEW UTRECHT AVENUE,BROOKLYN,2027-06-01,0.000164,0,very_low,baseline
NEW UTRECHT AVENUE,BROOKLYN,2027-07-01,0.000168,0,very_low,baseline
NEW UTRECHT AVENUE,BROOKLYN,2027-08-01,0.000176,0,very_low,baseline
NEW UTRECHT AVENUE,BROOKLYN,2027-09-01,0.000184,0,very_low,baseline
NEW UTRECHT AVENUE,BROOKLYN,2027-10-01,0.000162,0,very_low,baseline
NEW UTRECHT AVENUE,BROOKLYN,2027-11-01,0.000149,0,very_low,baseline
NEW UTRECHT AVENUE,BROOKLYN,2027-12-01,0.000142,0,very_low,baseline
NEW UTRECHT AVENUE,BROOKLYN,2028-01-01,0.00016,0,very_low,baseline
NEW UTRECHT AVENUE,BROOKLYN,2028-02-01,0.000167,0,very_low,baseline
NEW UTRECHT AVENUE,BROOKLYN,2028-03-01,0.000165,0,very_low,baseline
NEW UTRECHT AVENUE,BROOKLYN,2028-04-01,0.000163,0,very_low,baseline
NEW UTRECHT AVENUE,BROOKLYN,2028-05-01,0.000168,0,very_low,baseline
NEW UTRECHT AVENUE,BROOKLYN,2028-06-01,0.000164,0,very_low,baseline
NEW UTRECHT AVENUE,BROOKLYN,2028-07-01,0.000168,0,very_low,baseline
NEW UTRECHT AVENUE,BROOKLYN,2028-08-01,0.000176,0,very_low,baseline
NEW UTRECHT AVENUE,BROOKLYN,2028-09-01,0.000184,0,very_low,baseline
NEW UTRECHT AVENUE,BROOKLYN,2028-10-01,0.000162,0,very_low,baseline
NEW UTRECHT AVENUE,BROOKLYN,2028-11-01,0.000149,0,very_low,baseline
NEW UTRECHT AVENUE,BROOKLYN,2028-12-01,0.000142,0,very_low,baseline
NEW UTRECHT AVENUE,BROOKLYN,2029-01-01,0.00016,0,very_low,baseline
NEW UTRECHT AVENUE,BROOKLYN,2029-02-01,0.000167,0,very_low,baseline
NEW UTRECHT AVENUE,BROOKLYN,2029-03-01,0.000165,0,very_low,baseline
NEW UTRECHT AVENUE,BROOKLYN,2029-04-01,0.000163,0,very_low,baseline
NEW UTRECHT AVENUE,BROOKLYN,2029-05-01,0.000168,0,very_low,baseline
NEW UTRECHT AVENUE,BROOKLYN,2029-06-01,0.000164,0,very_low,baseline
NEW UTRECHT AVENUE,BROOKLYN,2029-07-01,0.000168,0,very_low,baseline
NEW UTRECHT AVENUE,BROOKLYN,2029-08-01,0.000176,0,very_low,baseline
NEW UTRECHT AVENUE,BROOKLYN,2029-09-01,0.000184,0,very_low,baseline
NEW UTRECHT AVENUE,BROOKLYN,2029-10-01,0.000162,0,very_low,baseline
NEW UTRECHT AVENUE,BROOKLYN,2029-11-01,0.000149,0,very_low,baseline
NEW UTRECHT AVENUE,BROOKLYN,2029-12-01,0.000142,0,very_low,baseline
NEWKIRK AVENUE,BROOKLYN,2027-01-01,0.000478,0,very_low,baseline
NEWKIRK AVENUE,BROOKLYN,2027-02-01,0.000964,0,very_low,baseline
NEWKIRK AVENUE,BROOKLYN,2027-03-01,0.000687,0,very_low,baseline
NEWKIRK AVENUE,BROOKLYN,2027-04-01,0.000716,0,very_low,baseline
NEWKIRK AVENUE,BROOKLYN,2027-05-01,0.000892,0,very_low,baseline
NEWKIRK AVENUE,BROOKLYN,2027-06-01,0.000756,0,very_low,baseline
NEWKIRK AVENUE,BROOKLYN,2027-07-01,0.000746,0,very_low,baseline
NEWKIRK AVENUE,BROOKLYN,2027-08-01,0.000828,0,very_low,baseline
NEWKIRK AVENUE,BROOKLYN,2027-09-01,0.000911,0,very_low,baseline
NEWKIRK AVENUE,BROOKLYN,2027-10-01,0.000803,0,very_low,baseline
NEWKIRK AVENUE,BROOKLYN,2027-11-01,0.000671,0,very_low,baseline
NEWKIRK AVENUE,BROOKLYN,2027-12-01,0.000666,0,very_low,baseline
NEWKIRK AVENUE,BROOKLYN,2028-01-01,0.000663,0,very_low,baseline
NEWKIRK AVENUE,BROOKLYN,2028-02-01,0.000633,0,very_low,baseline
NEWKIRK AVENUE,BROOKLYN,2028-03-01,0.000703,0,very_low,baseline
NEWKIRK AVENUE,BROOKLYN,2028-04-01,0.000694,0,very_low,baseline
NEWKIRK AVENUE,BROOKLYN,2028-05-01,0.000756,0,very_low,baseline
NEWKIRK AVENUE,BROOKLYN,2028-06-01,0.000756,0,very_low,baseline
NEWKIRK AVENUE,BROOKLYN,2028-07-01,0.000746,0,very_low,baseline
NEWKIRK AVENUE,BROOKLYN,2028-08-01,0.000828,0,very_low,baseline
NEWKIRK AVENUE,BROOKLYN,2028-09-01,0.000911,0,very_low,baseline
NEWKIRK AVENUE,BROOKLYN,2028-10-01,0.000803,0,very_low,baseline
NEWKIRK AVENUE,BROOKLYN,2028-11-01,0.000671,0,very_low,baseline
NEWKIRK AVENUE,BROOKLYN,2028-12-01,0.000666,0,very_low,baseline
NEWKIRK AVENUE,BROOKLYN,2029-01-01,0.000663,0,very_low,baseline
NEWKIRK AVENUE,BROOKLYN,2029-02-01,0.000633,0,very_low,baseline
NEWKIRK AVENUE,BROOKLYN,2029-03-01,0.000703,0,very_low,baseline
NEWKIRK AVENUE,BROOKLYN,2029-04-01,0.000694,0,very_low,baseline
NEWKIRK AVENUE,BROOKLYN,2029-05-01,0.000756,0,very_low,baseline
NEWKIRK AVENUE,BROOKLYN,2029-06-01,0.000756,0,very_low,baseline
NEWKIRK AVENUE,BROOKLYN,2029-07-01,0.000746,0,very_low,baseline
NEWKIRK AVENUE,BROOKLYN,2029-08-01,0.000828,0,very_low,baseline
NEWKIRK AVENUE,BROOKLYN,2029-09-01,0.000911,0,very_low,baseline
NEWKIRK AVENUE,BROOKLYN,2029-10-01,0.000803,0,very_low,baseline
NEWKIRK AVENUE,BROOKLYN,2029-11-01,0.000671,0,very_low,baseline
NEWKIRK AVENUE,BROOKLYN,2029-12-01,0.000666,0,very_low,baseline
NORTHERN BLVD.,QUEENS,2027-01-01,0.000316,0,very_low,baseline
NORTHERN BLVD.,QUEENS,2027-02-01,0.000306,0,very_low,baseline
NORTHERN BLVD.,QUEENS,2027-03-01,0.000311,0,very_low,baseline
NORTHERN BLVD.,QUEENS,2027-04-01,0.000326,0,very_low,baseline
NORTHERN BLVD.,QUEENS,2027-05-01,0.000325,0,very_low,baseline
NORTHERN BLVD.,QUEENS,2027-06-01,0.000315,0,very_low,baseline
NORTHERN BLVD.,QUEENS,2027-07-01,0.000326,0,very_low,baseline
NORTHERN BLVD.,QUEENS,2027-08-01,0.000333,0,very_low,baseline
NORTHERN BLVD.,QUEENS,2027-09-01,0.000333,0,very_low,baseline
NORTHERN BLVD.,QUEENS,2027-10-01,0.000277,0,very_low,baseline
NORTHERN BLVD.,QUEENS,2027-11-01,0.000216,0,very_low,baseline
NORTHERN BLVD.,QUEENS,2027-12-01,0.000205,0,very_low,baseline
NORTHERN BLVD.,QUEENS,2028-01-01,0.000286,0,very_low,baseline
NORTHERN BLVD.,QUEENS,2028-02-01,0.000311,0,very_low,baseline
NORTHERN BLVD.,QUEENS,2028-03-01,0.000291,0,very_low,baseline
NORTHERN BLVD.,QUEENS,2028-04-01,0.000296,0,very_low,baseline
NORTHERN BLVD.,QUEENS,2028-05-01,0.000304,0,very_low,baseline
NORTHERN BLVD.,QUEENS,2028-06-01,0.000315,0,very_low,baseline
NORTHERN BLVD.,QUEENS,2028-07-01,0.000326,0,very_low,baseline
NORTHERN BLVD.,QUEENS,2028-08-01,0.000333,0,very_low,baseline
NORTHERN BLVD.,QUEENS,2028-09-01,0.000333,0,very_low,baseline
NORTHERN BLVD.,QUEENS,2028-10-01,0.000277,0,very_low,baseline
NORTHERN BLVD.,QUEENS,2028-11-01,0.000216,0,very_low,baseline
NORTHERN BLVD.,QUEENS,2028-12-01,0.000205,0,very_low,baseline
NORTHERN BLVD.,QUEENS,2029-01-01,0.000286,0,very_low,baseline
NORTHERN BLVD.,QUEENS,2029-02-01,0.000311,0,very_low,baseline
NORTHERN BLVD.,QUEENS,2029-03-01,0.000291,0,very_low,baseline
NORTHERN BLVD.,QUEENS,2029-04-01,0.000296,0,very_low,baseline
NORTHERN BLVD.,QUEENS,2029-05-01,0.000304,0,very_low,baseline
NORTHERN BLVD.,QUEENS,2029-06-01,0.000315,0,very_low,baseline
NORTHERN BLVD.,QUEENS,2029-07-01,0.000326,0,very_low,baseline
NORTHERN BLVD.,QUEENS,2029-08-01,0.000333,0,very_low,baseline
NORTHERN BLVD.,QUEENS,2029-09-01,0.000333,0,very_low,baseline
NORTHERN BLVD.,QUEENS,2029-10-01,0.000277,0,very_low,baseline
NORTHERN BLVD.,QUEENS,2029-11-01,0.000216,0,very_low,baseline
NORTHERN BLVD.,QUEENS,2029-12-01,0.000205,0,very_low,baseline
NORWOOD AVENUE,BROOKLYN,2027-01-01,0.000163,0,very_low,baseline
NORWOOD AVENUE,BROOKLYN,2027-02-01,0.000138,0,very_low,baseline
NORWOOD AVENUE,BROOKLYN,2027-03-01,0.000135,0,very_low,baseline
NORWOOD AVENUE,BROOKLYN,2027-04-01,0.000143,0,very_low,baseline
NORWOOD AVENUE,BROOKLYN,2027-05-01,0.000163,0,very_low,baseline
NORWOOD AVENUE,BROOKLYN,2027-06-01,0.000159,0,very_low,baseline
NORWOOD AVENUE,BROOKLYN,2027-07-01,0.000152,0,very_low,baseline
NORWOOD AVENUE,BROOKLYN,2027-08-01,0.000155,0,very_low,baseline
NORWOOD AVENUE,BROOKLYN,2027-09-01,0.000161,0,very_low,baseline
NORWOOD AVENUE,BROOKLYN,2027-10-01,0.000137,0,very_low,baseline
NORWOOD AVENUE,BROOKLYN,2027-11-01,0.000126,0,very_low,baseline
NORWOOD AVENUE,BROOKLYN,2027-12-01,0.00012,0,very_low,baseline
NORWOOD AVENUE,BROOKLYN,2028-01-01,0.000144,0,very_low,baseline
NORWOOD AVENUE,BROOKLYN,2028-02-01,0.000154,0,very_low,baseline
NORWOOD AVENUE,BROOKLYN,2028-03-01,0.000153,0,very_low,baseline
NORWOOD AVENUE,BROOKLYN,2028-04-01,0.000158,0,very_low,baseline
NORWOOD AVENUE,BROOKLYN,2028-05-01,0.000163,0,very_low,baseline
NORWOOD AVENUE,BROOKLYN,2028-06-01,0.000159,0,very_low,baseline
NORWOOD AVENUE,BROOKLYN,2028-07-01,0.000152,0,very_low,baseline
NORWOOD AVENUE,BROOKLYN,2028-08-01,0.000155,0,very_low,baseline
NORWOOD AVENUE,BROOKLYN,2028-09-01,0.000161,0,very_low,baseline
NORWOOD AVENUE,BROOKLYN,2028-10-01,0.000137,0,very_low,baseline
NORWOOD AVENUE,BROOKLYN,2028-11-01,0.000126,0,very_low,baseline
NORWOOD AVENUE,BROOKLYN,2028-12-01,0.00012,0,very_low,baseline
NORWOOD AVENUE,BROOKLYN,2029-01-01,0.000144,0,very_low,baseline
NORWOOD AVENUE,BROOKLYN,2029-02-01,0.000154,0,very_low,baseline
NORWOOD AVENUE,BROOKLYN,2029-03-01,0.000153,0,very_low,baseline
NORWOOD AVENUE,BROOKLYN,2029-04-01,0.000158,0,very_low,baseline
NORWOOD AVENUE,BROOKLYN,2029-05-01,0.000163,0,very_low,baseline
NORWOOD AVENUE,BROOKLYN,2029-06-01,0.000159,0,very_low,baseline
NORWOOD AVENUE,BROOKLYN,2029-07-01,0.000152,0,very_low,baseline
NORWOOD AVENUE,BROOKLYN,2029-08-01,0.000155,0,very_low,baseline
NORWOOD AVENUE,BROOKLYN,2029-09-01,0.000161,0,very_low,baseline
NORWOOD AVENUE,BROOKLYN,2029-10-01,0.000137,0,very_low,baseline
NORWOOD AVENUE,BROOKLYN,2029-11-01,0.000126,0,very_low,baseline
NORWOOD AVENUE,BROOKLYN,2029-12-01,0.00012,0,very_low,baseline
NOSTRAND AVENUE,BROOKLYN,2027-01-01,0.72619,1,high,baseline
NOSTRAND AVENUE,BROOKLYN,2027-02-01,0.618462,1,high,baseline
NOSTRAND AVENUE,BROOKLYN,2027-03-01,0.461593,1,medium,baseline
NOSTRAND AVENUE,BROOKLYN,2027-04-01,0.472657,1,medium,baseline
NOSTRAND AVENUE,BROOKLYN,2027-05-01,0.736289,1,high,baseline
NOSTRAND AVENUE,BROOKLYN,2027-06-01,0.768162,1,high,baseline
NOSTRAND AVENUE,BROOKLYN,2027-07-01,0.811629,1,very_high,baseline
NOSTRAND AVENUE,BROOKLYN,2027-08-01,0.83478,1,very_high,baseline
NOSTRAND AVENUE,BROOKLYN,2027-09-01,0.839811,1,very_high,baseline
NOSTRAND AVENUE,BROOKLYN,2027-10-01,0.847493,1,very_high,baseline
NOSTRAND AVENUE,BROOKLYN,2027-11-01,0.848471,1,very_high,baseline
NOSTRAND AVENUE,BROOKLYN,2027-12-01,0.845628,1,very_high,baseline
NOSTRAND AVENUE,BROOKLYN,2028-01-01,0.830546,1,very_high,baseline
NOSTRAND AVENUE,BROOKLYN,2028-02-01,0.831983,1,very_high,baseline
NOSTRAND AVENUE,BROOKLYN,2028-03-01,0.835002,1,very_high,baseline
NOSTRAND AVENUE,BROOKLYN,2028-04-01,0.844149,1,very_high,baseline
NOSTRAND AVENUE,BROOKLYN,2028-05-01,0.845681,1,very_high,baseline
NOSTRAND AVENUE,BROOKLYN,2028-06-01,0.846061,1,very_high,baseline
NOSTRAND AVENUE,BROOKLYN,2028-07-01,0.846799,1,very_high,baseline
NOSTRAND AVENUE,BROOKLYN,2028-08-01,0.848247,1,very_high,baseline
NOSTRAND AVENUE,BROOKLYN,2028-09-01,0.84896,1,very_high,baseline
NOSTRAND AVENUE,BROOKLYN,2028-10-01,0.847747,1,very_high,baseline
NOSTRAND AVENUE,BROOKLYN,2028-11-01,0.848724,1,very_high,baseline
NOSTRAND AVENUE,BROOKLYN,2028-12-01,0.845628,1,very_high,baseline
NOSTRAND AVENUE,BROOKLYN,2029-01-01,0.830546,1,very_high,baseline
NOSTRAND AVENUE,BROOKLYN,2029-02-01,0.831983,1,very_high,baseline
NOSTRAND AVENUE,BROOKLYN,2029-03-01,0.835002,1,very_high,baseline
NOSTRAND AVENUE,BROOKLYN,2029-04-01,0.844149,1,very_high,baseline
NOSTRAND AVENUE,BROOKLYN,2029-05-01,0.845681,1,very_high,baseline
NOSTRAND AVENUE,BROOKLYN,2029-06-01,0.846061,1,very_high,baseline
NOSTRAND AVENUE,BROOKLYN,2029-07-01,0.846799,1,very_high,baseline
NOSTRAND AVENUE,BROOKLYN,2029-08-01,0.848247,1,very_high,baseline
NOSTRAND AVENUE,BROOKLYN,2029-09-01,0.84896,1,very_high,baseline
NOSTRAND AVENUE,BROOKLYN,2029-10-01,0.847747,1,very_high,baseline
NOSTRAND AVENUE,BROOKLYN,2029-11-01,0.848724,1,very_high,baseline
NOSTRAND AVENUE,BROOKLYN,2029-12-01,0.845628,1,very_high,baseline
OCEAN PKWY,BROOKLYN,2027-01-01,0.000142,0,very_low,baseline
OCEAN PKWY,BROOKLYN,2027-02-01,0.000136,0,very_low,baseline
OCEAN PKWY,BROOKLYN,2027-03-01,0.000139,0,very_low,baseline
OCEAN PKWY,BROOKLYN,2027-04-01,0.00013,0,very_low,baseline
OCEAN PKWY,BROOKLYN,2027-05-01,0.000134,0,very_low,baseline
OCEAN PKWY,BROOKLYN,2027-06-01,0.000143,0,very_low,baseline
OCEAN PKWY,BROOKLYN,2027-07-01,0.000136,0,very_low,baseline
OCEAN PKWY,BROOKLYN,2027-08-01,0.000139,0,very_low,baseline
OCEAN PKWY,BROOKLYN,2027-09-01,0.000144,0,very_low,baseline
OCEAN PKWY,BROOKLYN,2027-10-01,0.000123,0,very_low,baseline
OCEAN PKWY,BROOKLYN,2027-11-01,0.000113,0,very_low,baseline
OCEAN PKWY,BROOKLYN,2027-12-01,0.000108,0,very_low,baseline
OCEAN PKWY,BROOKLYN,2028-01-01,0.00013,0,very_low,baseline
OCEAN PKWY,BROOKLYN,2028-02-01,0.000138,0,very_low,baseline
OCEAN PKWY,BROOKLYN,2028-03-01,0.000137,0,very_low,baseline
OCEAN PKWY,BROOKLYN,2028-04-01,0.000142,0,very_low,baseline
OCEAN PKWY,BROOKLYN,2028-05-01,0.000146,0,very_low,baseline
OCEAN PKWY,BROOKLYN,2028-06-01,0.000143,0,very_low,baseline
OCEAN PKWY,BROOKLYN,2028-07-01,0.000136,0,very_low,baseline
OCEAN PKWY,BROOKLYN,2028-08-01,0.000139,0,very_low,baseline
OCEAN PKWY,BROOKLYN,2028-09-01,0.000144,0,very_low,baseline
OCEAN PKWY,BROOKLYN,2028-10-01,0.000123,0,very_low,baseline
OCEAN PKWY,BROOKLYN,2028-11-01,0.000113,0,very_low,baseline
OCEAN PKWY,BROOKLYN,2028-12-01,0.000108,0,very_low,baseline
OCEAN PKWY,BROOKLYN,2029-01-01,0.00013,0,very_low,baseline
OCEAN PKWY,BROOKLYN,2029-02-01,0.000138,0,very_low,baseline
OCEAN PKWY,BROOKLYN,2029-03-01,0.000137,0,very_low,baseline
OCEAN PKWY,BROOKLYN,2029-04-01,0.000142,0,very_low,baseline
OCEAN PKWY,BROOKLYN,2029-05-01,0.000146,0,very_low,baseline
OCEAN PKWY,BROOKLYN,2029-06-01,0.000143,0,very_low,baseline
OCEAN PKWY,BROOKLYN,2029-07-01,0.000136,0,very_low,baseline
OCEAN PKWY,BROOKLYN,2029-08-01,0.000139,0,very_low,baseline
OCEAN PKWY,BROOKLYN,2029-09-01,0.000144,0,very_low,baseline
OCEAN PKWY,BROOKLYN,2029-10-01,0.000123,0,very_low,baseline
OCEAN PKWY,BROOKLYN,2029-11-01,0.000113,0,very_low,baseline
OCEAN PKWY,BROOKLYN,2029-12-01,0.000108,0,very_low,baseline
PACIFIC STREET,BROOKLYN,2027-01-01,0.023936,0,very_low,baseline
PACIFIC STREET,BROOKLYN,2027-02-01,0.086495,1,very_low,baseline
PACIFIC STREET,BROOKLYN,2027-03-01,0.174696,1,very_low,baseline
PACIFIC STREET,BROOKLYN,2027-04-01,0.344837,1,low,baseline
PACIFIC STREET,BROOKLYN,2027-05-01,0.452043,1,medium,baseline
PACIFIC STREET,BROOKLYN,2027-06-01,0.492972,1,medium,baseline
PACIFIC STREET,BROOKLYN,2027-07-01,0.481165,1,medium,baseline
PACIFIC STREET,BROOKLYN,2027-08-01,0.484586,1,medium,baseline
PACIFIC STREET,BROOKLYN,2027-09-01,0.495482,1,medium,baseline
PACIFIC STREET,BROOKLYN,2027-10-01,0.475015,1,medium,baseline
PACIFIC STREET,BROOKLYN,2027-11-01,0.464233,1,medium,baseline
PACIFIC STREET,BROOKLYN,2027-12-01,0.458252,1,medium,baseline
PACIFIC STREET,BROOKLYN,2028-01-01,0.468014,1,medium,baseline
PACIFIC STREET,BROOKLYN,2028-02-01,0.478613,1,medium,baseline
PACIFIC STREET,BROOKLYN,2028-03-01,0.480374,1,medium,baseline
PACIFIC STREET,BROOKLYN,2028-04-01,0.479983,1,medium,baseline
PACIFIC STREET,BROOKLYN,2028-05-01,0.491152,1,medium,baseline
PACIFIC STREET,BROOKLYN,2028-06-01,0.493186,1,medium,baseline
PACIFIC STREET,BROOKLYN,2028-07-01,0.482024,1,medium,baseline
PACIFIC STREET,BROOKLYN,2028-08-01,0.49464,1,medium,baseline
PACIFIC STREET,BROOKLYN,2028-09-01,0.497755,1,medium,baseline
PACIFIC STREET,BROOKLYN,2028-10-01,0.479002,1,medium,baseline
PACIFIC STREET,BROOKLYN,2028-11-01,0.46821,1,medium,baseline
PACIFIC STREET,BROOKLYN,2028-12-01,0.467507,1,medium,baseline
PACIFIC STREET,BROOKLYN,2029-01-01,0.468014,1,medium,baseline
PACIFIC STREET,BROOKLYN,2029-02-01,0.478613,1,medium,baseline
PACIFIC STREET,BROOKLYN,2029-03-01,0.480374,1,medium,baseline
PACIFIC STREET,BROOKLYN,2029-04-01,0.479983,1,medium,baseline
PACIFIC STREET,BROOKLYN,2029-05-01,0.491152,1,medium,baseline
PACIFIC STREET,BROOKLYN,2029-06-01,0.493186,1,medium,baseline
PACIFIC STREET,BROOKLYN,2029-07-01,0.482024,1,medium,baseline
PACIFIC STREET,BROOKLYN,2029-08-01,0.49464,1,medium,baseline
PACIFIC STREET,BROOKLYN,2029-09-01,0.497755,1,medium,baseline
PACIFIC STREET,BROOKLYN,2029-10-01,0.479002,1,medium,baseline
PACIFIC STREET,BROOKLYN,2029-11-01,0.46821,1,medium,baseline
PACIFIC STREET,BROOKLYN,2029-12-01,0.467507,1,medium,baseline
PARK PLACE,MANHATTAN,2027-01-01,0.000182,0,very_low,baseline
PARK PLACE,MANHATTAN,2027-02-01,0.000149,0,very_low,baseline
PARK PLACE,MANHATTAN,2027-03-01,0.000122,0,very_low,baseline
PARK PLACE,MANHATTAN,2027-04-01,0.000138,0,very_low,baseline
PARK PLACE,MANHATTAN,2027-05-01,0.000144,0,very_low,baseline
PARK PLACE,MANHATTAN,2027-06-01,0.000154,0,very_low,baseline
PARK PLACE,MANHATTAN,2027-07-01,0.000147,0,very_low,baseline
PARK PLACE,MANHATTAN,2027-08-01,0.00015,0,very_low,baseline
PARK PLACE,MANHATTAN,2027-09-01,0.000155,0,very_low,baseline
PARK PLACE,MANHATTAN,2027-10-01,0.000133,0,very_low,baseline
PARK PLACE,MANHATTAN,2027-11-01,0.000122,0,very_low,baseline
PARK PLACE,MANHATTAN,2027-12-01,0.000116,0,very_low,baseline
PARK PLACE,MANHATTAN,2028-01-01,0.000139,0,very_low,baseline
PARK PLACE,MANHATTAN,2028-02-01,0.000149,0,very_low,baseline
PARK PLACE,MANHATTAN,2028-03-01,0.000148,0,very_low,baseline
PARK PLACE,MANHATTAN,2028-04-01,0.000153,0,very_low,baseline
PARK PLACE,MANHATTAN,2028-05-01,0.000157,0,very_low,baseline
PARK PLACE,MANHATTAN,2028-06-01,0.000154,0,very_low,baseline
PARK PLACE,MANHATTAN,2028-07-01,0.000147,0,very_low,baseline
PARK PLACE,MANHATTAN,2028-08-01,0.00015,0,very_low,baseline
PARK PLACE,MANHATTAN,2028-09-01,0.000155,0,very_low,baseline
PARK PLACE,MANHATTAN,2028-10-01,0.000133,0,very_low,baseline
PARK PLACE,MANHATTAN,2028-11-01,0.000122,0,very_low,baseline
PARK PLACE,MANHATTAN,2028-12-01,0.000116,0,very_low,baseline
PARK PLACE,MANHATTAN,2029-01-01,0.000139,0,very_low,baseline
PARK PLACE,MANHATTAN,2029-02-01,0.000149,0,very_low,baseline
PARK PLACE,MANHATTAN,2029-03-01,0.000148,0,very_low,baseline
PARK PLACE,MANHATTAN,2029-04-01,0.000153,0,very_low,baseline
PARK PLACE,MANHATTAN,2029-05-01,0.000157,0,very_low,baseline
PARK PLACE,MANHATTAN,2029-06-01,0.000154,0,very_low,baseline
PARK PLACE,MANHATTAN,2029-07-01,0.000147,0,very_low,baseline
PARK PLACE,MANHATTAN,2029-08-01,0.00015,0,very_low,baseline
PARK PLACE,MANHATTAN,2029-09-01,0.000155,0,very_low,baseline
PARK PLACE,MANHATTAN,2029-10-01,0.000133,0,very_low,baseline
PARK PLACE,MANHATTAN,2029-11-01,0.000122,0,very_low,baseline
PARK PLACE,MANHATTAN,2029-12-01,0.000116,0,very_low,baseline
PARKSIDE AVENUE,BROOKLYN,2027-01-01,0.000179,0,very_low,baseline
PARKSIDE AVENUE,BROOKLYN,2027-02-01,0.00033,0,very_low,baseline
PARKSIDE AVENUE,BROOKLYN,2027-03-01,0.0003,0,very_low,baseline
PARKSIDE AVENUE,BROOKLYN,2027-04-01,0.000316,0,very_low,baseline
PARKSIDE AVENUE,BROOKLYN,2027-05-01,0.000283,0,very_low,baseline
PARKSIDE AVENUE,BROOKLYN,2027-06-01,0.000283,0,very_low,baseline
PARKSIDE AVENUE,BROOKLYN,2027-07-01,0.000292,0,very_low,baseline
PARKSIDE AVENUE,BROOKLYN,2027-08-01,0.000299,0,very_low,baseline
PARKSIDE AVENUE,BROOKLYN,2027-09-01,0.000306,0,very_low,baseline
PARKSIDE AVENUE,BROOKLYN,2027-10-01,0.000265,0,very_low,baseline
PARKSIDE AVENUE,BROOKLYN,2027-11-01,0.000207,0,very_low,baseline
PARKSIDE AVENUE,BROOKLYN,2027-12-01,0.000196,0,very_low,baseline
PARKSIDE AVENUE,BROOKLYN,2028-01-01,0.000257,0,very_low,baseline
PARKSIDE AVENUE,BROOKLYN,2028-02-01,0.000279,0,very_low,baseline
PARKSIDE AVENUE,BROOKLYN,2028-03-01,0.000261,0,very_low,baseline
PARKSIDE AVENUE,BROOKLYN,2028-04-01,0.000266,0,very_low,baseline
PARKSIDE AVENUE,BROOKLYN,2028-05-01,0.000273,0,very_low,baseline
PARKSIDE AVENUE,BROOKLYN,2028-06-01,0.000283,0,very_low,baseline
PARKSIDE AVENUE,BROOKLYN,2028-07-01,0.000292,0,very_low,baseline
PARKSIDE AVENUE,BROOKLYN,2028-08-01,0.000299,0,very_low,baseline
PARKSIDE AVENUE,BROOKLYN,2028-09-01,0.000306,0,very_low,baseline
PARKSIDE AVENUE,BROOKLYN,2028-10-01,0.000265,0,very_low,baseline
PARKSIDE AVENUE,BROOKLYN,2028-11-01,0.000207,0,very_low,baseline
PARKSIDE AVENUE,BROOKLYN,2028-12-01,0.000196,0,very_low,baseline
PARKSIDE AVENUE,BROOKLYN,2029-01-01,0.000257,0,very_low,baseline
PARKSIDE AVENUE,BROOKLYN,2029-02-01,0.000279,0,very_low,baseline
PARKSIDE AVENUE,BROOKLYN,2029-03-01,0.000261,0,very_low,baseline
PARKSIDE AVENUE,BROOKLYN,2029-04-01,0.000266,0,very_low,baseline
PARKSIDE AVENUE,BROOKLYN,2029-05-01,0.000273,0,very_low,baseline
PARKSIDE AVENUE,BROOKLYN,2029-06-01,0.000283,0,very_low,baseline
PARKSIDE AVENUE,BROOKLYN,2029-07-01,0.000292,0,very_low,baseline
PARKSIDE AVENUE,BROOKLYN,2029-08-01,0.000299,0,very_low,baseline
PARKSIDE AVENUE,BROOKLYN,2029-09-01,0.000306,0,very_low,baseline
PARKSIDE AVENUE,BROOKLYN,2029-10-01,0.000265,0,very_low,baseline
PARKSIDE AVENUE,BROOKLYN,2029-11-01,0.000207,0,very_low,baseline
PARKSIDE AVENUE,BROOKLYN,2029-12-01,0.000196,0,very_low,baseline
PARSONS BLVD.,QUEENS,2027-01-01,0.10191,1,very_low,baseline
PARSONS BLVD.,QUEENS,2027-02-01,0.510026,1,medium,baseline
PARSONS BLVD.,QUEENS,2027-03-01,0.488749,1,medium,baseline
PARSONS BLVD.,QUEENS,2027-04-01,0.467115,1,medium,baseline
PARSONS BLVD.,QUEENS,2027-05-01,0.373665,1,low,baseline
PARSONS BLVD.,QUEENS,2027-06-01,0.412781,1,medium,baseline
PARSONS BLVD.,QUEENS,2027-07-01,0.411053,1,medium,baseline
PARSONS BLVD.,QUEENS,2027-08-01,0.406576,1,medium,baseline
PARSONS BLVD.,QUEENS,2027-09-01,0.402469,1,medium,baseline
PARSONS BLVD.,QUEENS,2027-10-01,0.378007,1,low,baseline
PARSONS BLVD.,QUEENS,2027-11-01,0.380128,1,low,baseline
PARSONS BLVD.,QUEENS,2027-12-01,0.387279,1,low,baseline
PARSONS BLVD.,QUEENS,2028-01-01,0.373071,1,low,baseline
PARSONS BLVD.,QUEENS,2028-02-01,0.376089,1,low,baseline
PARSONS BLVD.,QUEENS,2028-03-01,0.395191,1,low,baseline
PARSONS BLVD.,QUEENS,2028-04-01,0.395191,1,low,baseline
PARSONS BLVD.,QUEENS,2028-05-01,0.405926,1,medium,baseline
PARSONS BLVD.,QUEENS,2028-06-01,0.40789,1,medium,baseline
PARSONS BLVD.,QUEENS,2028-07-01,0.414988,1,medium,baseline
PARSONS BLVD.,QUEENS,2028-08-01,0.409905,1,medium,baseline
PARSONS BLVD.,QUEENS,2028-09-01,0.407448,1,medium,baseline
PARSONS BLVD.,QUEENS,2028-10-01,0.382878,1,low,baseline
PARSONS BLVD.,QUEENS,2028-11-01,0.390053,1,low,baseline
PARSONS BLVD.,QUEENS,2028-12-01,0.387279,1,low,baseline
PARSONS BLVD.,QUEENS,2029-01-01,0.373071,1,low,baseline
PARSONS BLVD.,QUEENS,2029-02-01,0.376089,1,low,baseline
PARSONS BLVD.,QUEENS,2029-03-01,0.395191,1,low,baseline
PARSONS BLVD.,QUEENS,2029-04-01,0.395191,1,low,baseline
PARSONS BLVD.,QUEENS,2029-05-01,0.405926,1,medium,baseline
PARSONS BLVD.,QUEENS,2029-06-01,0.40789,1,medium,baseline
PARSONS BLVD.,QUEENS,2029-07-01,0.414988,1,medium,baseline
PARSONS BLVD.,QUEENS,2029-08-01,0.409905,1,medium,baseline
PARSONS BLVD.,QUEENS,2029-09-01,0.407448,1,medium,baseline
PARSONS BLVD.,QUEENS,2029-10-01,0.382878,1,low,baseline
PARSONS BLVD.,QUEENS,2029-11-01,0.390053,1,low,baseline
PARSONS BLVD.,QUEENS,2029-12-01,0.387279,1,low,baseline
PARSONS/ARCHER-JAMAICA CENTER,QUEENS,2027-01-01,0.893162,1,very_high,baseline
PARSONS/ARCHER-JAMAICA CENTER,QUEENS,2027-02-01,0.941887,1,very_high,baseline
PARSONS/ARCHER-JAMAICA CENTER,QUEENS,2027-03-01,0.924189,1,very_high,baseline
PARSONS/ARCHER-JAMAICA CENTER,QUEENS,2027-04-01,0.922097,1,very_high,baseline
PARSONS/ARCHER-JAMAICA CENTER,QUEENS,2027-05-01,0.908421,1,very_high,baseline
PARSONS/ARCHER-JAMAICA CENTER,QUEENS,2027-06-01,0.915896,1,very_high,baseline
PARSONS/ARCHER-JAMAICA CENTER,QUEENS,2027-07-01,0.91609,1,very_high,baseline
PARSONS/ARCHER-JAMAICA CENTER,QUEENS,2027-08-01,0.917457,1,very_high,baseline
PARSONS/ARCHER-JAMAICA CENTER,QUEENS,2027-09-01,0.937181,1,very_high,baseline
PARSONS/ARCHER-JAMAICA CENTER,QUEENS,2027-10-01,0.938616,1,very_high,baseline
PARSONS/ARCHER-JAMAICA CENTER,QUEENS,2027-11-01,0.939138,1,very_high,baseline
PARSONS/ARCHER-JAMAICA CENTER,QUEENS,2027-12-01,0.936249,1,very_high,baseline
PARSONS/ARCHER-JAMAICA CENTER,QUEENS,2028-01-01,0.932158,1,very_high,baseline
PARSONS/ARCHER-JAMAICA CENTER,QUEENS,2028-02-01,0.929799,1,very_high,baseline
PARSONS/ARCHER-JAMAICA CENTER,QUEENS,2028-03-01,0.932018,1,very_high,baseline
PARSONS/ARCHER-JAMAICA CENTER,QUEENS,2028-04-01,0.935422,1,very_high,baseline
PARSONS/ARCHER-JAMAICA CENTER,QUEENS,2028-05-01,0.935811,1,very_high,baseline
PARSONS/ARCHER-JAMAICA CENTER,QUEENS,2028-06-01,0.933958,1,very_high,baseline
PARSONS/ARCHER-JAMAICA CENTER,QUEENS,2028-07-01,0.934113,1,very_high,baseline
PARSONS/ARCHER-JAMAICA CENTER,QUEENS,2028-08-01,0.935208,1,very_high,baseline
PARSONS/ARCHER-JAMAICA CENTER,QUEENS,2028-09-01,0.937181,1,very_high,baseline
PARSONS/ARCHER-JAMAICA CENTER,QUEENS,2028-10-01,0.938616,1,very_high,baseline
PARSONS/ARCHER-JAMAICA CENTER,QUEENS,2028-11-01,0.939138,1,very_high,baseline
PARSONS/ARCHER-JAMAICA CENTER,QUEENS,2028-12-01,0.936249,1,very_high,baseline
PARSONS/ARCHER-JAMAICA CENTER,QUEENS,2029-01-01,0.932158,1,very_high,baseline
PARSONS/ARCHER-JAMAICA CENTER,QUEENS,2029-02-01,0.929799,1,very_high,baseline
PARSONS/ARCHER-JAMAICA CENTER,QUEENS,2029-03-01,0.932018,1,very_high,baseline
PARSONS/ARCHER-JAMAICA CENTER,QUEENS,2029-04-01,0.935422,1,very_high,baseline
PARSONS/ARCHER-JAMAICA CENTER,QUEENS,2029-05-01,0.935811,1,very_high,baseline
PARSONS/ARCHER-JAMAICA CENTER,QUEENS,2029-06-01,0.933958,1,very_high,baseline
PARSONS/ARCHER-JAMAICA CENTER,QUEENS,2029-07-01,0.934113,1,very_high,baseline
PARSONS/ARCHER-JAMAICA CENTER,QUEENS,2029-08-01,0.935208,1,very_high,baseline
PARSONS/ARCHER-JAMAICA CENTER,QUEENS,2029-09-01,0.937181,1,very_high,baseline
PARSONS/ARCHER-JAMAICA CENTER,QUEENS,2029-10-01,0.938616,1,very_high,baseline
PARSONS/ARCHER-JAMAICA CENTER,QUEENS,2029-11-01,0.939138,1,very_high,baseline
PARSONS/ARCHER-JAMAICA CENTER,QUEENS,2029-12-01,0.936249,1,very_high,baseline
PELHAM BAY PARK,BRONX,2027-01-01,0.079271,1,very_low,baseline
PELHAM BAY PARK,BRONX,2027-02-01,0.028649,0,very_low,baseline
PELHAM BAY PARK,BRONX,2027-03-01,0.01197,0,very_low,baseline
PELHAM BAY PARK,BRONX,2027-04-01,0.01015,0,very_low,baseline
PELHAM BAY PARK,BRONX,2027-05-01,0.012588,0,very_low,baseline
PELHAM BAY PARK,BRONX,2027-06-01,0.012096,0,very_low,baseline
PELHAM BAY PARK,BRONX,2027-07-01,0.011518,0,very_low,baseline
PELHAM BAY PARK,BRONX,2027-08-01,0.011586,0,very_low,baseline
PELHAM BAY PARK,BRONX,2027-09-01,0.011245,0,very_low,baseline
PELHAM BAY PARK,BRONX,2027-10-01,0.009621,0,very_low,baseline
PELHAM BAY PARK,BRONX,2027-11-01,0.00969,0,very_low,baseline
PELHAM BAY PARK,BRONX,2027-12-01,0.009223,0,very_low,baseline
PELHAM BAY PARK,BRONX,2028-01-01,0.011501,0,very_low,baseline
PELHAM BAY PARK,BRONX,2028-02-01,0.011204,0,very_low,baseline
PELHAM BAY PARK,BRONX,2028-03-01,0.011212,0,very_low,baseline
PELHAM BAY PARK,BRONX,2028-04-01,0.010971,0,very_low,baseline
PELHAM BAY PARK,BRONX,2028-05-01,0.011467,0,very_low,baseline
PELHAM BAY PARK,BRONX,2028-06-01,0.010739,0,very_low,baseline
PELHAM BAY PARK,BRONX,2028-07-01,0.010427,0,very_low,baseline
PELHAM BAY PARK,BRONX,2028-08-01,0.010074,0,very_low,baseline
PELHAM BAY PARK,BRONX,2028-09-01,0.009892,0,very_low,baseline
PELHAM BAY PARK,BRONX,2028-10-01,0.008245,0,very_low,baseline
PELHAM BAY PARK,BRONX,2028-11-01,0.006994,0,very_low,baseline
PELHAM BAY PARK,BRONX,2028-12-01,0.006656,0,very_low,baseline
PELHAM BAY PARK,BRONX,2029-01-01,0.010215,0,very_low,baseline
PELHAM BAY PARK,BRONX,2029-02-01,0.011204,0,very_low,baseline
PELHAM BAY PARK,BRONX,2029-03-01,0.011212,0,very_low,baseline
PELHAM BAY PARK,BRONX,2029-04-01,0.010971,0,very_low,baseline
PELHAM BAY PARK,BRONX,2029-05-01,0.011467,0,very_low,baseline
PELHAM BAY PARK,BRONX,2029-06-01,0.010739,0,very_low,baseline
PELHAM BAY PARK,BRONX,2029-07-01,0.010427,0,very_low,baseline
PELHAM BAY PARK,BRONX,2029-08-01,0.010074,0,very_low,baseline
PELHAM BAY PARK,BRONX,2029-09-01,0.009892,0,very_low,baseline
PELHAM BAY PARK,BRONX,2029-10-01,0.008245,0,very_low,baseline
PELHAM BAY PARK,BRONX,2029-11-01,0.006994,0,very_low,baseline
PELHAM BAY PARK,BRONX,2029-12-01,0.006656,0,very_low,baseline
PELHAM PKWY.,BRONX,2027-01-01,0.000383,0,very_low,baseline
PELHAM PKWY.,BRONX,2027-02-01,0.00042,0,very_low,baseline
PELHAM PKWY.,BRONX,2027-03-01,0.000452,0,very_low,baseline
PELHAM PKWY.,BRONX,2027-04-01,0.000427,0,very_low,baseline
PELHAM PKWY.,BRONX,2027-05-01,0.000498,0,very_low,baseline
PELHAM PKWY.,BRONX,2027-06-01,0.00047,0,very_low,baseline
PELHAM PKWY.,BRONX,2027-07-01,0.000458,0,very_low,baseline
PELHAM PKWY.,BRONX,2027-08-01,0.000465,0,very_low,baseline
PELHAM PKWY.,BRONX,2027-09-01,0.000476,0,very_low,baseline
PELHAM PKWY.,BRONX,2027-10-01,0.000418,0,very_low,baseline
PELHAM PKWY.,BRONX,2027-11-01,0.000346,0,very_low,baseline
PELHAM PKWY.,BRONX,2027-12-01,0.000329,0,very_low,baseline
PELHAM PKWY.,BRONX,2028-01-01,0.00047,0,very_low,baseline
PELHAM PKWY.,BRONX,2028-02-01,0.000512,0,very_low,baseline
PELHAM PKWY.,BRONX,2028-03-01,0.000478,0,very_low,baseline
PELHAM PKWY.,BRONX,2028-04-01,0.000464,0,very_low,baseline
PELHAM PKWY.,BRONX,2028-05-01,0.000467,0,very_low,baseline
PELHAM PKWY.,BRONX,2028-06-01,0.00047,0,very_low,baseline
PELHAM PKWY.,BRONX,2028-07-01,0.000458,0,very_low,baseline
PELHAM PKWY.,BRONX,2028-08-01,0.000465,0,very_low,baseline
PELHAM PKWY.,BRONX,2028-09-01,0.000476,0,very_low,baseline
PELHAM PKWY.,BRONX,2028-10-01,0.000418,0,very_low,baseline
PELHAM PKWY.,BRONX,2028-11-01,0.000346,0,very_low,baseline
PELHAM PKWY.,BRONX,2028-12-01,0.000329,0,very_low,baseline
PELHAM PKWY.,BRONX,2029-01-01,0.00047,0,very_low,baseline
PELHAM PKWY.,BRONX,2029-02-01,0.000512,0,very_low,baseline
PELHAM PKWY.,BRONX,2029-03-01,0.000478,0,very_low,baseline
PELHAM PKWY.,BRONX,2029-04-01,0.000464,0,very_low,baseline
PELHAM PKWY.,BRONX,2029-05-01,0.000467,0,very_low,baseline
PELHAM PKWY.,BRONX,2029-06-01,0.00047,0,very_low,baseline
PELHAM PKWY.,BRONX,2029-07-01,0.000458,0,very_low,baseline
PELHAM PKWY.,BRONX,2029-08-01,0.000465,0,very_low,baseline
PELHAM PKWY.,BRONX,2029-09-01,0.000476,0,very_low,baseline
PELHAM PKWY.,BRONX,2029-10-01,0.000418,0,very_low,baseline
PELHAM PKWY.,BRONX,2029-11-01,0.000346,0,very_low,baseline
PELHAM PKWY.,BRONX,2029-12-01,0.000329,0,very_low,baseline
PENNSYLVANIA AVENUE,BROOKLYN,2027-01-01,0.00016,0,very_low,baseline
PENNSYLVANIA AVENUE,BROOKLYN,2027-02-01,0.000163,0,very_low,baseline
PENNSYLVANIA AVENUE,BROOKLYN,2027-03-01,0.000141,0,very_low,baseline
PENNSYLVANIA AVENUE,BROOKLYN,2027-04-01,0.000126,0,very_low,baseline
PENNSYLVANIA AVENUE,BROOKLYN,2027-05-01,0.000168,0,very_low,baseline
PENNSYLVANIA AVENUE,BROOKLYN,2027-06-01,0.000164,0,very_low,baseline
PENNSYLVANIA AVENUE,BROOKLYN,2027-07-01,0.00017,0,very_low,baseline
PENNSYLVANIA AVENUE,BROOKLYN,2027-08-01,0.000173,0,very_low,baseline
PENNSYLVANIA AVENUE,BROOKLYN,2027-09-01,0.000181,0,very_low,baseline
PENNSYLVANIA AVENUE,BROOKLYN,2027-10-01,0.000159,0,very_low,baseline
PENNSYLVANIA AVENUE,BROOKLYN,2027-11-01,0.000151,0,very_low,baseline
PENNSYLVANIA AVENUE,BROOKLYN,2027-12-01,0.000144,0,very_low,baseline
PENNSYLVANIA AVENUE,BROOKLYN,2028-01-01,0.00016,0,very_low,baseline
PENNSYLVANIA AVENUE,BROOKLYN,2028-02-01,0.000167,0,very_low,baseline
PENNSYLVANIA AVENUE,BROOKLYN,2028-03-01,0.000165,0,very_low,baseline
PENNSYLVANIA AVENUE,BROOKLYN,2028-04-01,0.000163,0,very_low,baseline
PENNSYLVANIA AVENUE,BROOKLYN,2028-05-01,0.000168,0,very_low,baseline
PENNSYLVANIA AVENUE,BROOKLYN,2028-06-01,0.000164,0,very_low,baseline
PENNSYLVANIA AVENUE,BROOKLYN,2028-07-01,0.00017,0,very_low,baseline
PENNSYLVANIA AVENUE,BROOKLYN,2028-08-01,0.000173,0,very_low,baseline
PENNSYLVANIA AVENUE,BROOKLYN,2028-09-01,0.000181,0,very_low,baseline
PENNSYLVANIA AVENUE,BROOKLYN,2028-10-01,0.000159,0,very_low,baseline
PENNSYLVANIA AVENUE,BROOKLYN,2028-11-01,0.000151,0,very_low,baseline
PENNSYLVANIA AVENUE,BROOKLYN,2028-12-01,0.000144,0,very_low,baseline
PENNSYLVANIA AVENUE,BROOKLYN,2029-01-01,0.00016,0,very_low,baseline
PENNSYLVANIA AVENUE,BROOKLYN,2029-02-01,0.000167,0,very_low,baseline
PENNSYLVANIA AVENUE,BROOKLYN,2029-03-01,0.000165,0,very_low,baseline
PENNSYLVANIA AVENUE,BROOKLYN,2029-04-01,0.000163,0,very_low,baseline
PENNSYLVANIA AVENUE,BROOKLYN,2029-05-01,0.000168,0,very_low,baseline
PENNSYLVANIA AVENUE,BROOKLYN,2029-06-01,0.000164,0,very_low,baseline
PENNSYLVANIA AVENUE,BROOKLYN,2029-07-01,0.00017,0,very_low,baseline
PENNSYLVANIA AVENUE,BROOKLYN,2029-08-01,0.000173,0,very_low,baseline
PENNSYLVANIA AVENUE,BROOKLYN,2029-09-01,0.000181,0,very_low,baseline
PENNSYLVANIA AVENUE,BROOKLYN,2029-10-01,0.000159,0,very_low,baseline
PENNSYLVANIA AVENUE,BROOKLYN,2029-11-01,0.000151,0,very_low,baseline
PENNSYLVANIA AVENUE,BROOKLYN,2029-12-01,0.000144,0,very_low,baseline
PRESIDENT STREET,BROOKLYN,2027-01-01,0.000324,0,very_low,baseline
PRESIDENT STREET,BROOKLYN,2027-02-01,0.000331,0,very_low,baseline
PRESIDENT STREET,BROOKLYN,2027-03-01,0.000313,0,very_low,baseline
PRESIDENT STREET,BROOKLYN,2027-04-01,0.000315,0,very_low,baseline
PRESIDENT STREET,BROOKLYN,2027-05-01,0.000301,0,very_low,baseline
PRESIDENT STREET,BROOKLYN,2027-06-01,0.000304,0,very_low,baseline
PRESIDENT STREET,BROOKLYN,2027-07-01,0.000297,0,very_low,baseline
PRESIDENT STREET,BROOKLYN,2027-08-01,0.000317,0,very_low,baseline
PRESIDENT STREET,BROOKLYN,2027-09-01,0.000324,0,very_low,baseline
PRESIDENT STREET,BROOKLYN,2027-10-01,0.000282,0,very_low,baseline
PRESIDENT STREET,BROOKLYN,2027-11-01,0.000258,0,very_low,baseline
PRESIDENT STREET,BROOKLYN,2027-12-01,0.000248,0,very_low,baseline
PRESIDENT STREET,BROOKLYN,2028-01-01,0.000295,0,very_low,baseline
PRESIDENT STREET,BROOKLYN,2028-02-01,0.000313,0,very_low,baseline
PRESIDENT STREET,BROOKLYN,2028-03-01,0.000301,0,very_low,baseline
PRESIDENT STREET,BROOKLYN,2028-04-01,0.000294,0,very_low,baseline
PRESIDENT STREET,BROOKLYN,2028-05-01,0.000302,0,very_low,baseline
PRESIDENT STREET,BROOKLYN,2028-06-01,0.000304,0,very_low,baseline
PRESIDENT STREET,BROOKLYN,2028-07-01,0.000297,0,very_low,baseline
PRESIDENT STREET,BROOKLYN,2028-08-01,0.000317,0,very_low,baseline
PRESIDENT STREET,BROOKLYN,2028-09-01,0.000324,0,very_low,baseline
PRESIDENT STREET,BROOKLYN,2028-10-01,0.000282,0,very_low,baseline
PRESIDENT STREET,BROOKLYN,2028-11-01,0.000258,0,very_low,baseline
PRESIDENT STREET,BROOKLYN,2028-12-01,0.000248,0,very_low,baseline
PRESIDENT STREET,BROOKLYN,2029-01-01,0.000295,0,very_low,baseline
PRESIDENT STREET,BROOKLYN,2029-02-01,0.000313,0,very_low,baseline
PRESIDENT STREET,BROOKLYN,2029-03-01,0.000301,0,very_low,baseline
PRESIDENT STREET,BROOKLYN,2029-04-01,0.000294,0,very_low,baseline
PRESIDENT STREET,BROOKLYN,2029-05-01,0.000302,0,very_low,baseline
PRESIDENT STREET,BROOKLYN,2029-06-01,0.000304,0,very_low,baseline
PRESIDENT STREET,BROOKLYN,2029-07-01,0.000297,0,very_low,baseline
PRESIDENT STREET,BROOKLYN,2029-08-01,0.000317,0,very_low,baseline
PRESIDENT STREET,BROOKLYN,2029-09-01,0.000324,0,very_low,baseline
PRESIDENT STREET,BROOKLYN,2029-10-01,0.000282,0,very_low,baseline
PRESIDENT STREET,BROOKLYN,2029-11-01,0.000258,0,very_low,baseline
PRESIDENT STREET,BROOKLYN,2029-12-01,0.000248,0,very_low,baseline
PRINCE STREET,MANHATTAN,2027-01-01,0.00027,0,very_low,baseline
PRINCE STREET,MANHATTAN,2027-02-01,0.000167,0,very_low,baseline
PRINCE STREET,MANHATTAN,2027-03-01,0.000115,0,very_low,baseline
PRINCE STREET,MANHATTAN,2027-04-01,0.000115,0,very_low,baseline
PRINCE STREET,MANHATTAN,2027-05-01,0.000129,0,very_low,baseline
PRINCE STREET,MANHATTAN,2027-06-01,0.000138,0,very_low,baseline
PRINCE STREET,MANHATTAN,2027-07-01,0.000132,0,very_low,baseline
PRINCE STREET,MANHATTAN,2027-08-01,0.000135,0,very_low,baseline
PRINCE STREET,MANHATTAN,2027-09-01,0.000139,0,very_low,baseline
PRINCE STREET,MANHATTAN,2027-10-01,0.000119,0,very_low,baseline
PRINCE STREET,MANHATTAN,2027-11-01,0.000109,0,very_low,baseline
PRINCE STREET,MANHATTAN,2027-12-01,0.000104,0,very_low,baseline
PRINCE STREET,MANHATTAN,2028-01-01,0.000125,0,very_low,baseline
PRINCE STREET,MANHATTAN,2028-02-01,0.000134,0,very_low,baseline
PRINCE STREET,MANHATTAN,2028-03-01,0.000133,0,very_low,baseline
PRINCE STREET,MANHATTAN,2028-04-01,0.000137,0,very_low,baseline
PRINCE STREET,MANHATTAN,2028-05-01,0.000141,0,very_low,baseline
PRINCE STREET,MANHATTAN,2028-06-01,0.000138,0,very_low,baseline
PRINCE STREET,MANHATTAN,2028-07-01,0.000132,0,very_low,baseline
PRINCE STREET,MANHATTAN,2028-08-01,0.000135,0,very_low,baseline
PRINCE STREET,MANHATTAN,2028-09-01,0.000139,0,very_low,baseline
PRINCE STREET,MANHATTAN,2028-10-01,0.000119,0,very_low,baseline
PRINCE STREET,MANHATTAN,2028-11-01,0.000109,0,very_low,baseline
PRINCE STREET,MANHATTAN,2028-12-01,0.000104,0,very_low,baseline
PRINCE STREET,MANHATTAN,2029-01-01,0.000125,0,very_low,baseline
PRINCE STREET,MANHATTAN,2029-02-01,0.000134,0,very_low,baseline
PRINCE STREET,MANHATTAN,2029-03-01,0.000133,0,very_low,baseline
PRINCE STREET,MANHATTAN,2029-04-01,0.000137,0,very_low,baseline
PRINCE STREET,MANHATTAN,2029-05-01,0.000141,0,very_low,baseline
PRINCE STREET,MANHATTAN,2029-06-01,0.000138,0,very_low,baseline
PRINCE STREET,MANHATTAN,2029-07-01,0.000132,0,very_low,baseline
PRINCE STREET,MANHATTAN,2029-08-01,0.000135,0,very_low,baseline
PRINCE STREET,MANHATTAN,2029-09-01,0.000139,0,very_low,baseline
PRINCE STREET,MANHATTAN,2029-10-01,0.000119,0,very_low,baseline
PRINCE STREET,MANHATTAN,2029-11-01,0.000109,0,very_low,baseline
PRINCE STREET,MANHATTAN,2029-12-01,0.000104,0,very_low,baseline
PROSPECT AVENUE,BRONX,2027-01-01,0.05878,1,very_low,baseline
PROSPECT AVENUE,BRONX,2027-02-01,0.063005,1,very_low,baseline
PROSPECT AVENUE,BRONX,2027-03-01,0.05004,1,very_low,baseline
PROSPECT AVENUE,BRONX,2027-04-01,0.067896,1,very_low,baseline
PROSPECT AVENUE,BRONX,2027-05-01,0.086284,1,very_low,baseline
PROSPECT AVENUE,BRONX,2027-06-01,0.085145,1,very_low,baseline
PROSPECT AVENUE,BRONX,2027-07-01,0.088358,1,very_low,baseline
PROSPECT AVENUE,BRONX,2027-08-01,0.105057,1,very_low,baseline
PROSPECT AVENUE,BRONX,2027-09-01,0.110802,1,very_low,baseline
PROSPECT AVENUE,BRONX,2027-10-01,0.099276,1,very_low,baseline
PROSPECT AVENUE,BRONX,2027-11-01,0.090358,1,very_low,baseline
PROSPECT AVENUE,BRONX,2027-12-01,0.0893,1,very_low,baseline
PROSPECT AVENUE,BRONX,2028-01-01,0.094951,1,very_low,baseline
PROSPECT AVENUE,BRONX,2028-02-01,0.092878,1,very_low,baseline
PROSPECT AVENUE,BRONX,2028-03-01,0.105939,1,very_low,baseline
PROSPECT AVENUE,BRONX,2028-04-01,0.104794,1,very_low,baseline
PROSPECT AVENUE,BRONX,2028-05-01,0.107953,1,very_low,baseline
PROSPECT AVENUE,BRONX,2028-06-01,0.105311,1,very_low,baseline
PROSPECT AVENUE,BRONX,2028-07-01,0.106766,1,very_low,baseline
PROSPECT AVENUE,BRONX,2028-08-01,0.110329,1,very_low,baseline
PROSPECT AVENUE,BRONX,2028-09-01,0.113614,1,very_low,baseline
PROSPECT AVENUE,BRONX,2028-10-01,0.101829,1,very_low,baseline
PROSPECT AVENUE,BRONX,2028-11-01,0.094508,1,very_low,baseline
PROSPECT AVENUE,BRONX,2028-12-01,0.0893,1,very_low,baseline
PROSPECT AVENUE,BRONX,2029-01-01,0.094951,1,very_low,baseline
PROSPECT AVENUE,BRONX,2029-02-01,0.092878,1,very_low,baseline
PROSPECT AVENUE,BRONX,2029-03-01,0.105939,1,very_low,baseline
PROSPECT AVENUE,BRONX,2029-04-01,0.104794,1,very_low,baseline
PROSPECT AVENUE,BRONX,2029-05-01,0.107953,1,very_low,baseline
PROSPECT AVENUE,BRONX,2029-06-01,0.105311,1,very_low,baseline
PROSPECT AVENUE,BRONX,2029-07-01,0.106766,1,very_low,baseline
PROSPECT AVENUE,BRONX,2029-08-01,0.110329,1,very_low,baseline
PROSPECT AVENUE,BRONX,2029-09-01,0.113614,1,very_low,baseline
PROSPECT AVENUE,BRONX,2029-10-01,0.101829,1,very_low,baseline
PROSPECT AVENUE,BRONX,2029-11-01,0.094508,1,very_low,baseline
PROSPECT AVENUE,BRONX,2029-12-01,0.0893,1,very_low,baseline
PROSPECT PARK,BROOKLYN,2027-01-01,0.000252,0,very_low,baseline
PROSPECT PARK,BROOKLYN,2027-02-01,0.00039,0,very_low,baseline
PROSPECT PARK,BROOKLYN,2027-03-01,0.000579,0,very_low,baseline
PROSPECT PARK,BROOKLYN,2027-04-01,0.000475,0,very_low,baseline
PROSPECT PARK,BROOKLYN,2027-05-01,0.000346,0,very_low,baseline
PROSPECT PARK,BROOKLYN,2027-06-01,0.000548,0,very_low,baseline
PROSPECT PARK,BROOKLYN,2027-07-01,0.000515,0,very_low,baseline
PROSPECT PARK,BROOKLYN,2027-08-01,0.000564,0,very_low,baseline
PROSPECT PARK,BROOKLYN,2027-09-01,0.000579,0,very_low,baseline
PROSPECT PARK,BROOKLYN,2027-10-01,0.000518,0,very_low,baseline
PROSPECT PARK,BROOKLYN,2027-11-01,0.000455,0,very_low,baseline
PROSPECT PARK,BROOKLYN,2027-12-01,0.000449,0,very_low,baseline
PROSPECT PARK,BROOKLYN,2028-01-01,0.000541,0,very_low,baseline
PROSPECT PARK,BROOKLYN,2028-02-01,0.000563,0,very_low,baseline
PROSPECT PARK,BROOKLYN,2028-03-01,0.000543,0,very_low,baseline
PROSPECT PARK,BROOKLYN,2028-04-01,0.000529,0,very_low,baseline
PROSPECT PARK,BROOKLYN,2028-05-01,0.000544,0,very_low,baseline
PROSPECT PARK,BROOKLYN,2028-06-01,0.000548,0,very_low,baseline
PROSPECT PARK,BROOKLYN,2028-07-01,0.000515,0,very_low,baseline
PROSPECT PARK,BROOKLYN,2028-08-01,0.000564,0,very_low,baseline
PROSPECT PARK,BROOKLYN,2028-09-01,0.000579,0,very_low,baseline
PROSPECT PARK,BROOKLYN,2028-10-01,0.000518,0,very_low,baseline
PROSPECT PARK,BROOKLYN,2028-11-01,0.000455,0,very_low,baseline
PROSPECT PARK,BROOKLYN,2028-12-01,0.000449,0,very_low,baseline
PROSPECT PARK,BROOKLYN,2029-01-01,0.000541,0,very_low,baseline
PROSPECT PARK,BROOKLYN,2029-02-01,0.000563,0,very_low,baseline
PROSPECT PARK,BROOKLYN,2029-03-01,0.000543,0,very_low,baseline
PROSPECT PARK,BROOKLYN,2029-04-01,0.000529,0,very_low,baseline
PROSPECT PARK,BROOKLYN,2029-05-01,0.000544,0,very_low,baseline
PROSPECT PARK,BROOKLYN,2029-06-01,0.000548,0,very_low,baseline
PROSPECT PARK,BROOKLYN,2029-07-01,0.000515,0,very_low,baseline
PROSPECT PARK,BROOKLYN,2029-08-01,0.000564,0,very_low,baseline
PROSPECT PARK,BROOKLYN,2029-09-01,0.000579,0,very_low,baseline
PROSPECT PARK,BROOKLYN,2029-10-01,0.000518,0,very_low,baseline
PROSPECT PARK,BROOKLYN,2029-11-01,0.000455,0,very_low,baseline
PROSPECT PARK,BROOKLYN,2029-12-01,0.000449,0,very_low,baseline
QUEENS PLAZA,QUEENS,2027-01-01,0.111603,1,very_low,baseline
QUEENS PLAZA,QUEENS,2027-02-01,0.294553,1,low,baseline
QUEENS PLAZA,QUEENS,2027-03-01,0.368345,1,low,baseline
QUEENS PLAZA,QUEENS,2027-04-01,0.249665,1,low,baseline
QUEENS PLAZA,QUEENS,2027-05-01,0.222538,1,low,baseline
QUEENS PLAZA,QUEENS,2027-06-01,0.254551,1,low,baseline
QUEENS PLAZA,QUEENS,2027-07-01,0.265033,1,low,baseline
QUEENS PLAZA,QUEENS,2027-08-01,0.289172,1,low,baseline
QUEENS PLAZA,QUEENS,2027-09-01,0.302663,1,low,baseline
QUEENS PLAZA,QUEENS,2027-10-01,0.279328,1,low,baseline
QUEENS PLAZA,QUEENS,2027-11-01,0.262473,1,low,baseline
QUEENS PLAZA,QUEENS,2027-12-01,0.276011,1,low,baseline
QUEENS PLAZA,QUEENS,2028-01-01,0.258199,1,low,baseline
QUEENS PLAZA,QUEENS,2028-02-01,0.257551,1,low,baseline
QUEENS PLAZA,QUEENS,2028-03-01,0.28444,1,low,baseline
QUEENS PLAZA,QUEENS,2028-04-01,0.28444,1,low,baseline
QUEENS PLAZA,QUEENS,2028-05-01,0.293627,1,low,baseline
QUEENS PLAZA,QUEENS,2028-06-01,0.294835,1,low,baseline
QUEENS PLAZA,QUEENS,2028-07-01,0.300966,1,low,baseline
QUEENS PLAZA,QUEENS,2028-08-01,0.299696,1,low,baseline
QUEENS PLAZA,QUEENS,2028-09-01,0.307755,1,low,baseline
QUEENS PLAZA,QUEENS,2028-10-01,0.284188,1,low,baseline
QUEENS PLAZA,QUEENS,2028-11-01,0.271328,1,low,baseline
QUEENS PLAZA,QUEENS,2028-12-01,0.276011,1,low,baseline
QUEENS PLAZA,QUEENS,2029-01-01,0.258199,1,low,baseline
QUEENS PLAZA,QUEENS,2029-02-01,0.257551,1,low,baseline
QUEENS PLAZA,QUEENS,2029-03-01,0.28444,1,low,baseline
QUEENS PLAZA,QUEENS,2029-04-01,0.28444,1,low,baseline
QUEENS PLAZA,QUEENS,2029-05-01,0.293627,1,low,baseline
QUEENS PLAZA,QUEENS,2029-06-01,0.294835,1,low,baseline
QUEENS PLAZA,QUEENS,2029-07-01,0.300966,1,low,baseline
QUEENS PLAZA,QUEENS,2029-08-01,0.299696,1,low,baseline
QUEENS PLAZA,QUEENS,2029-09-01,0.307755,1,low,baseline
QUEENS PLAZA,QUEENS,2029-10-01,0.284188,1,low,baseline
QUEENS PLAZA,QUEENS,2029-11-01,0.271328,1,low,baseline
QUEENS PLAZA,QUEENS,2029-12-01,0.276011,1,low,baseline
QUEENSBORO PLAZA,QUEENS,2027-01-01,0.282599,1,low,baseline
QUEENSBORO PLAZA,QUEENS,2027-02-01,0.467449,1,medium,baseline
QUEENSBORO PLAZA,QUEENS,2027-03-01,0.654272,1,high,baseline
QUEENSBORO PLAZA,QUEENS,2027-04-01,0.601007,1,high,baseline
QUEENSBORO PLAZA,QUEENS,2027-05-01,0.635038,1,high,baseline
QUEENSBORO PLAZA,QUEENS,2027-06-01,0.591252,1,medium,baseline
QUEENSBORO PLAZA,QUEENS,2027-07-01,0.628263,1,high,baseline
QUEENSBORO PLAZA,QUEENS,2027-08-01,0.642146,1,high,baseline
QUEENSBORO PLAZA,QUEENS,2027-09-01,0.657168,1,high,baseline
QUEENSBORO PLAZA,QUEENS,2027-10-01,0.644531,1,high,baseline
QUEENSBORO PLAZA,QUEENS,2027-11-01,0.618354,1,high,baseline
QUEENSBORO PLAZA,QUEENS,2027-12-01,0.626765,1,high,baseline
QUEENSBORO PLAZA,QUEENS,2028-01-01,0.646245,1,high,baseline
QUEENSBORO PLAZA,QUEENS,2028-02-01,0.637807,1,high,baseline
QUEENSBORO PLAZA,QUEENS,2028-03-01,0.661116,1,high,baseline
QUEENSBORO PLAZA,QUEENS,2028-04-01,0.65839,1,high,baseline
QUEENSBORO PLAZA,QUEENS,2028-05-01,0.657987,1,high,baseline
QUEENSBORO PLAZA,QUEENS,2028-06-01,0.65106,1,high,baseline
QUEENSBORO PLAZA,QUEENS,2028-07-01,0.651633,1,high,baseline
QUEENSBORO PLAZA,QUEENS,2028-08-01,0.654172,1,high,baseline
QUEENSBORO PLAZA,QUEENS,2028-09-01,0.66895,1,high,baseline
QUEENSBORO PLAZA,QUEENS,2028-10-01,0.654504,1,high,baseline
QUEENSBORO PLAZA,QUEENS,2028-11-01,0.635566,1,high,baseline
QUEENSBORO PLAZA,QUEENS,2028-12-01,0.626765,1,high,baseline
QUEENSBORO PLAZA,QUEENS,2029-01-01,0.646245,1,high,baseline
QUEENSBORO PLAZA,QUEENS,2029-02-01,0.637807,1,high,baseline
QUEENSBORO PLAZA,QUEENS,2029-03-01,0.661116,1,high,baseline
QUEENSBORO PLAZA,QUEENS,2029-04-01,0.65839,1,high,baseline
QUEENSBORO PLAZA,QUEENS,2029-05-01,0.657987,1,high,baseline
QUEENSBORO PLAZA,QUEENS,2029-06-01,0.65106,1,high,baseline
QUEENSBORO PLAZA,QUEENS,2029-07-01,0.651633,1,high,baseline
QUEENSBORO PLAZA,QUEENS,2029-08-01,0.654172,1,high,baseline
QUEENSBORO PLAZA,QUEENS,2029-09-01,0.66895,1,high,baseline
QUEENSBORO PLAZA,QUEENS,2029-10-01,0.654504,1,high,baseline
QUEENSBORO PLAZA,QUEENS,2029-11-01,0.635566,1,high,baseline
QUEENSBORO PLAZA,QUEENS,2029-12-01,0.626765,1,high,baseline
RALPH AVENUE,BROOKLYN,2027-01-01,0.000763,0,very_low,baseline
RALPH AVENUE,BROOKLYN,2027-02-01,0.000247,0,very_low,baseline
RALPH AVENUE,BROOKLYN,2027-03-01,0.000225,0,very_low,baseline
RALPH AVENUE,BROOKLYN,2027-04-01,0.000222,0,very_low,baseline
RALPH AVENUE,BROOKLYN,2027-05-01,0.000376,0,very_low,baseline
RALPH AVENUE,BROOKLYN,2027-06-01,0.000481,0,very_low,baseline
RALPH AVENUE,BROOKLYN,2027-07-01,0.000466,0,very_low,baseline
RALPH AVENUE,BROOKLYN,2027-08-01,0.000495,0,very_low,baseline
RALPH AVENUE,BROOKLYN,2027-09-01,0.0006,0,very_low,baseline
RALPH AVENUE,BROOKLYN,2027-10-01,0.000529,0,very_low,baseline
RALPH AVENUE,BROOKLYN,2027-11-01,0.000439,0,very_low,baseline
RALPH AVENUE,BROOKLYN,2027-12-01,0.000424,0,very_low,baseline
RALPH AVENUE,BROOKLYN,2028-01-01,0.000491,0,very_low,baseline
RALPH AVENUE,BROOKLYN,2028-02-01,0.000479,0,very_low,baseline
RALPH AVENUE,BROOKLYN,2028-03-01,0.000491,0,very_low,baseline
RALPH AVENUE,BROOKLYN,2028-04-01,0.000485,0,very_low,baseline
RALPH AVENUE,BROOKLYN,2028-05-01,0.000511,0,very_low,baseline
RALPH AVENUE,BROOKLYN,2028-06-01,0.000512,0,very_low,baseline
RALPH AVENUE,BROOKLYN,2028-07-01,0.000495,0,very_low,baseline
RALPH AVENUE,BROOKLYN,2028-08-01,0.000564,0,very_low,baseline
RALPH AVENUE,BROOKLYN,2028-09-01,0.0006,0,very_low,baseline
RALPH AVENUE,BROOKLYN,2028-10-01,0.000529,0,very_low,baseline
RALPH AVENUE,BROOKLYN,2028-11-01,0.000439,0,very_low,baseline
RALPH AVENUE,BROOKLYN,2028-12-01,0.000424,0,very_low,baseline
RALPH AVENUE,BROOKLYN,2029-01-01,0.000491,0,very_low,baseline
RALPH AVENUE,BROOKLYN,2029-02-01,0.000479,0,very_low,baseline
RALPH AVENUE,BROOKLYN,2029-03-01,0.000491,0,very_low,baseline
RALPH AVENUE,BROOKLYN,2029-04-01,0.000485,0,very_low,baseline
RALPH AVENUE,BROOKLYN,2029-05-01,0.000511,0,very_low,baseline
RALPH AVENUE,BROOKLYN,2029-06-01,0.000512,0,very_low,baseline
RALPH AVENUE,BROOKLYN,2029-07-01,0.000495,0,very_low,baseline
RALPH AVENUE,BROOKLYN,2029-08-01,0.000564,0,very_low,baseline
RALPH AVENUE,BROOKLYN,2029-09-01,0.0006,0,very_low,baseline
RALPH AVENUE,BROOKLYN,2029-10-01,0.000529,0,very_low,baseline
RALPH AVENUE,BROOKLYN,2029-11-01,0.000439,0,very_low,baseline
RALPH AVENUE,BROOKLYN,2029-12-01,0.000424,0,very_low,baseline
RECTOR STREET,MANHATTAN,2027-01-01,0.000275,0,very_low,baseline
RECTOR STREET,MANHATTAN,2027-02-01,0.000329,0,very_low,baseline
RECTOR STREET,MANHATTAN,2027-03-01,0.000275,0,very_low,baseline
RECTOR STREET,MANHATTAN,2027-04-01,0.000269,0,very_low,baseline
RECTOR STREET,MANHATTAN,2027-05-01,0.000276,0,very_low,baseline
RECTOR STREET,MANHATTAN,2027-06-01,0.000297,0,very_low,baseline
RECTOR STREET,MANHATTAN,2027-07-01,0.000289,0,very_low,baseline
RECTOR STREET,MANHATTAN,2027-08-01,0.000296,0,very_low,baseline
RECTOR STREET,MANHATTAN,2027-09-01,0.000303,0,very_low,baseline
RECTOR STREET,MANHATTAN,2027-10-01,0.000266,0,very_low,baseline
RECTOR STREET,MANHATTAN,2027-11-01,0.000207,0,very_low,baseline
RECTOR STREET,MANHATTAN,2027-12-01,0.000197,0,very_low,baseline
RECTOR STREET,MANHATTAN,2028-01-01,0.000284,0,very_low,baseline
RECTOR STREET,MANHATTAN,2028-02-01,0.000309,0,very_low,baseline
RECTOR STREET,MANHATTAN,2028-03-01,0.000289,0,very_low,baseline
RECTOR STREET,MANHATTAN,2028-04-01,0.000287,0,very_low,baseline
RECTOR STREET,MANHATTAN,2028-05-01,0.000295,0,very_low,baseline
RECTOR STREET,MANHATTAN,2028-06-01,0.000297,0,very_low,baseline
RECTOR STREET,MANHATTAN,2028-07-01,0.000289,0,very_low,baseline
RECTOR STREET,MANHATTAN,2028-08-01,0.000296,0,very_low,baseline
RECTOR STREET,MANHATTAN,2028-09-01,0.000303,0,very_low,baseline
RECTOR STREET,MANHATTAN,2028-10-01,0.000266,0,very_low,baseline
RECTOR STREET,MANHATTAN,2028-11-01,0.000207,0,very_low,baseline
RECTOR STREET,MANHATTAN,2028-12-01,0.000197,0,very_low,baseline
RECTOR STREET,MANHATTAN,2029-01-01,0.000284,0,very_low,baseline
RECTOR STREET,MANHATTAN,2029-02-01,0.000309,0,very_low,baseline
RECTOR STREET,MANHATTAN,2029-03-01,0.000289,0,very_low,baseline
RECTOR STREET,MANHATTAN,2029-04-01,0.000287,0,very_low,baseline
RECTOR STREET,MANHATTAN,2029-05-01,0.000295,0,very_low,baseline
RECTOR STREET,MANHATTAN,2029-06-01,0.000297,0,very_low,baseline
RECTOR STREET,MANHATTAN,2029-07-01,0.000289,0,very_low,baseline
RECTOR STREET,MANHATTAN,2029-08-01,0.000296,0,very_low,baseline
RECTOR STREET,MANHATTAN,2029-09-01,0.000303,0,very_low,baseline
RECTOR STREET,MANHATTAN,2029-10-01,0.000266,0,very_low,baseline
RECTOR STREET,MANHATTAN,2029-11-01,0.000207,0,very_low,baseline
RECTOR STREET,MANHATTAN,2029-12-01,0.000197,0,very_low,baseline
ROCKAWAY AVENUE,BROOKLYN,2027-01-01,0.134062,1,very_low,baseline
ROCKAWAY AVENUE,BROOKLYN,2027-02-01,0.249956,1,low,baseline
ROCKAWAY AVENUE,BROOKLYN,2027-03-01,0.405746,1,medium,baseline
ROCKAWAY AVENUE,BROOKLYN,2027-04-01,0.429423,1,medium,baseline
ROCKAWAY AVENUE,BROOKLYN,2027-05-01,0.405233,1,medium,baseline
ROCKAWAY AVENUE,BROOKLYN,2027-06-01,0.250411,1,low,baseline
ROCKAWAY AVENUE,BROOKLYN,2027-07-01,0.242114,1,low,baseline
ROCKAWAY AVENUE,BROOKLYN,2027-08-01,0.25516,1,low,baseline
ROCKAWAY AVENUE,BROOKLYN,2027-09-01,0.257904,1,low,baseline
ROCKAWAY AVENUE,BROOKLYN,2027-10-01,0.242983,1,low,baseline
ROCKAWAY AVENUE,BROOKLYN,2027-11-01,0.242737,1,low,baseline
ROCKAWAY AVENUE,BROOKLYN,2027-12-01,0.244918,1,low,baseline
ROCKAWAY AVENUE,BROOKLYN,2028-01-01,0.234735,1,low,baseline
ROCKAWAY AVENUE,BROOKLYN,2028-02-01,0.242459,1,low,baseline
ROCKAWAY AVENUE,BROOKLYN,2028-03-01,0.243281,1,low,baseline
ROCKAWAY AVENUE,BROOKLYN,2028-04-01,0.242476,1,low,baseline
ROCKAWAY AVENUE,BROOKLYN,2028-05-01,0.250783,1,low,baseline
ROCKAWAY AVENUE,BROOKLYN,2028-06-01,0.257092,1,low,baseline
ROCKAWAY AVENUE,BROOKLYN,2028-07-01,0.255651,1,low,baseline
ROCKAWAY AVENUE,BROOKLYN,2028-08-01,0.26014,1,low,baseline
ROCKAWAY AVENUE,BROOKLYN,2028-09-01,0.260974,1,low,baseline
ROCKAWAY AVENUE,BROOKLYN,2028-10-01,0.245935,1,low,baseline
ROCKAWAY AVENUE,BROOKLYN,2028-11-01,0.249645,1,low,baseline
ROCKAWAY AVENUE,BROOKLYN,2028-12-01,0.244918,1,low,baseline
ROCKAWAY AVENUE,BROOKLYN,2029-01-01,0.234735,1,low,baseline
ROCKAWAY AVENUE,BROOKLYN,2029-02-01,0.242459,1,low,baseline
ROCKAWAY AVENUE,BROOKLYN,2029-03-01,0.243281,1,low,baseline
ROCKAWAY AVENUE,BROOKLYN,2029-04-01,0.242476,1,low,baseline
ROCKAWAY AVENUE,BROOKLYN,2029-05-01,0.250783,1,low,baseline
ROCKAWAY AVENUE,BROOKLYN,2029-06-01,0.257092,1,low,baseline
ROCKAWAY AVENUE,BROOKLYN,2029-07-01,0.255651,1,low,baseline
ROCKAWAY AVENUE,BROOKLYN,2029-08-01,0.26014,1,low,baseline
ROCKAWAY AVENUE,BROOKLYN,2029-09-01,0.260974,1,low,baseline
ROCKAWAY AVENUE,BROOKLYN,2029-10-01,0.245935,1,low,baseline
ROCKAWAY AVENUE,BROOKLYN,2029-11-01,0.249645,1,low,baseline
ROCKAWAY AVENUE,BROOKLYN,2029-12-01,0.244918,1,low,baseline
ROCKAWAY BLVD.,QUEENS,2027-01-01,0.000329,0,very_low,baseline
ROCKAWAY BLVD.,QUEENS,2027-02-01,0.000347,0,very_low,baseline
ROCKAWAY BLVD.,QUEENS,2027-03-01,0.000371,0,very_low,baseline
ROCKAWAY BLVD.,QUEENS,2027-04-01,0.000454,0,very_low,baseline
ROCKAWAY BLVD.,QUEENS,2027-05-01,0.000445,0,very_low,baseline
ROCKAWAY BLVD.,QUEENS,2027-06-01,0.000462,0,very_low,baseline
ROCKAWAY BLVD.,QUEENS,2027-07-01,0.000434,0,very_low,baseline
ROCKAWAY BLVD.,QUEENS,2027-08-01,0.000491,0,very_low,baseline
ROCKAWAY BLVD.,QUEENS,2027-09-01,0.000504,0,very_low,baseline
ROCKAWAY BLVD.,QUEENS,2027-10-01,0.000412,0,very_low,baseline
ROCKAWAY BLVD.,QUEENS,2027-11-01,0.000364,0,very_low,baseline
ROCKAWAY BLVD.,QUEENS,2027-12-01,0.00035,0,very_low,baseline
ROCKAWAY BLVD.,QUEENS,2028-01-01,0.000422,0,very_low,baseline
ROCKAWAY BLVD.,QUEENS,2028-02-01,0.000439,0,very_low,baseline
ROCKAWAY BLVD.,QUEENS,2028-03-01,0.000457,0,very_low,baseline
ROCKAWAY BLVD.,QUEENS,2028-04-01,0.000446,0,very_low,baseline
ROCKAWAY BLVD.,QUEENS,2028-05-01,0.000458,0,very_low,baseline
ROCKAWAY BLVD.,QUEENS,2028-06-01,0.000462,0,very_low,baseline
ROCKAWAY BLVD.,QUEENS,2028-07-01,0.000434,0,very_low,baseline
ROCKAWAY BLVD.,QUEENS,2028-08-01,0.000491,0,very_low,baseline
ROCKAWAY BLVD.,QUEENS,2028-09-01,0.000504,0,very_low,baseline
ROCKAWAY BLVD.,QUEENS,2028-10-01,0.000412,0,very_low,baseline
ROCKAWAY BLVD.,QUEENS,2028-11-01,0.000364,0,very_low,baseline
ROCKAWAY BLVD.,QUEENS,2028-12-01,0.00035,0,very_low,baseline
ROCKAWAY BLVD.,QUEENS,2029-01-01,0.000422,0,very_low,baseline
ROCKAWAY BLVD.,QUEENS,2029-02-01,0.000439,0,very_low,baseline
ROCKAWAY BLVD.,QUEENS,2029-03-01,0.000457,0,very_low,baseline
ROCKAWAY BLVD.,QUEENS,2029-04-01,0.000446,0,very_low,baseline
ROCKAWAY BLVD.,QUEENS,2029-05-01,0.000458,0,very_low,baseline
ROCKAWAY BLVD.,QUEENS,2029-06-01,0.000462,0,very_low,baseline
ROCKAWAY BLVD.,QUEENS,2029-07-01,0.000434,0,very_low,baseline
ROCKAWAY BLVD.,QUEENS,2029-08-01,0.000491,0,very_low,baseline
ROCKAWAY BLVD.,QUEENS,2029-09-01,0.000504,0,very_low,baseline
ROCKAWAY BLVD.,QUEENS,2029-10-01,0.000412,0,very_low,baseline
ROCKAWAY BLVD.,QUEENS,2029-11-01,0.000364,0,very_low,baseline
ROCKAWAY BLVD.,QUEENS,2029-12-01,0.00035,0,very_low,baseline
ROCKAWAY PARK-BEACH 116 ST.,QUEENS,2027-01-01,0.000315,0,very_low,baseline
ROCKAWAY PARK-BEACH 116 ST.,QUEENS,2027-02-01,0.000308,0,very_low,baseline
ROCKAWAY PARK-BEACH 116 ST.,QUEENS,2027-03-01,0.000333,0,very_low,baseline
ROCKAWAY PARK-BEACH 116 ST.,QUEENS,2027-04-01,0.000354,0,very_low,baseline
ROCKAWAY PARK-BEACH 116 ST.,QUEENS,2027-05-01,0.000289,0,very_low,baseline
ROCKAWAY PARK-BEACH 116 ST.,QUEENS,2027-06-01,0.000327,0,very_low,baseline
ROCKAWAY PARK-BEACH 116 ST.,QUEENS,2027-07-01,0.000318,0,very_low,baseline
ROCKAWAY PARK-BEACH 116 ST.,QUEENS,2027-08-01,0.000326,0,very_low,baseline
ROCKAWAY PARK-BEACH 116 ST.,QUEENS,2027-09-01,0.000332,0,very_low,baseline
ROCKAWAY PARK-BEACH 116 ST.,QUEENS,2027-10-01,0.000278,0,very_low,baseline
ROCKAWAY PARK-BEACH 116 ST.,QUEENS,2027-11-01,0.000223,0,very_low,baseline
ROCKAWAY PARK-BEACH 116 ST.,QUEENS,2027-12-01,0.000218,0,very_low,baseline
ROCKAWAY PARK-BEACH 116 ST.,QUEENS,2028-01-01,0.000303,0,very_low,baseline
ROCKAWAY PARK-BEACH 116 ST.,QUEENS,2028-02-01,0.00033,0,very_low,baseline
ROCKAWAY PARK-BEACH 116 ST.,QUEENS,2028-03-01,0.000318,0,very_low,baseline
ROCKAWAY PARK-BEACH 116 ST.,QUEENS,2028-04-01,0.000315,0,very_low,baseline
ROCKAWAY PARK-BEACH 116 ST.,QUEENS,2028-05-01,0.000324,0,very_low,baseline
ROCKAWAY PARK-BEACH 116 ST.,QUEENS,2028-06-01,0.000327,0,very_low,baseline
ROCKAWAY PARK-BEACH 116 ST.,QUEENS,2028-07-01,0.000318,0,very_low,baseline
ROCKAWAY PARK-BEACH 116 ST.,QUEENS,2028-08-01,0.000326,0,very_low,baseline
ROCKAWAY PARK-BEACH 116 ST.,QUEENS,2028-09-01,0.000332,0,very_low,baseline
ROCKAWAY PARK-BEACH 116 ST.,QUEENS,2028-10-01,0.000278,0,very_low,baseline
ROCKAWAY PARK-BEACH 116 ST.,QUEENS,2028-11-01,0.000223,0,very_low,baseline
ROCKAWAY PARK-BEACH 116 ST.,QUEENS,2028-12-01,0.000218,0,very_low,baseline
ROCKAWAY PARK-BEACH 116 ST.,QUEENS,2029-01-01,0.000303,0,very_low,baseline
ROCKAWAY PARK-BEACH 116 ST.,QUEENS,2029-02-01,0.00033,0,very_low,baseline
ROCKAWAY PARK-BEACH 116 ST.,QUEENS,2029-03-01,0.000318,0,very_low,baseline
ROCKAWAY PARK-BEACH 116 ST.,QUEENS,2029-04-01,0.000315,0,very_low,baseline
ROCKAWAY PARK-BEACH 116 ST.,QUEENS,2029-05-01,0.000324,0,very_low,baseline
ROCKAWAY PARK-BEACH 116 ST.,QUEENS,2029-06-01,0.000327,0,very_low,baseline
ROCKAWAY PARK-BEACH 116 ST.,QUEENS,2029-07-01,0.000318,0,very_low,baseline
ROCKAWAY PARK-BEACH 116 ST.,QUEENS,2029-08-01,0.000326,0,very_low,baseline
ROCKAWAY PARK-BEACH 116 ST.,QUEENS,2029-09-01,0.000332,0,very_low,baseline
ROCKAWAY PARK-BEACH 116 ST.,QUEENS,2029-10-01,0.000278,0,very_low,baseline
ROCKAWAY PARK-BEACH 116 ST.,QUEENS,2029-11-01,0.000223,0,very_low,baseline
ROCKAWAY PARK-BEACH 116 ST.,QUEENS,2029-12-01,0.000218,0,very_low,baseline
ROCKAWAY PKWY-CANARSIE,BROOKLYN,2027-01-01,0.000676,0,very_low,baseline
ROCKAWAY PKWY-CANARSIE,BROOKLYN,2027-02-01,0.000397,0,very_low,baseline
ROCKAWAY PKWY-CANARSIE,BROOKLYN,2027-03-01,0.00038,0,very_low,baseline
ROCKAWAY PKWY-CANARSIE,BROOKLYN,2027-04-01,0.00041,0,very_low,baseline
ROCKAWAY PKWY-CANARSIE,BROOKLYN,2027-05-01,0.000434,0,very_low,baseline
ROCKAWAY PKWY-CANARSIE,BROOKLYN,2027-06-01,0.000423,0,very_low,baseline
ROCKAWAY PKWY-CANARSIE,BROOKLYN,2027-07-01,0.000422,0,very_low,baseline
ROCKAWAY PKWY-CANARSIE,BROOKLYN,2027-08-01,0.000473,0,very_low,baseline
ROCKAWAY PKWY-CANARSIE,BROOKLYN,2027-09-01,0.000521,0,very_low,baseline
ROCKAWAY PKWY-CANARSIE,BROOKLYN,2027-10-01,0.000475,0,very_low,baseline
ROCKAWAY PKWY-CANARSIE,BROOKLYN,2027-11-01,0.000487,0,very_low,baseline
ROCKAWAY PKWY-CANARSIE,BROOKLYN,2027-12-01,0.000483,0,very_low,baseline
ROCKAWAY PKWY-CANARSIE,BROOKLYN,2028-01-01,0.000421,0,very_low,baseline
ROCKAWAY PKWY-CANARSIE,BROOKLYN,2028-02-01,0.000402,0,very_low,baseline
ROCKAWAY PKWY-CANARSIE,BROOKLYN,2028-03-01,0.000407,0,very_low,baseline
ROCKAWAY PKWY-CANARSIE,BROOKLYN,2028-04-01,0.000407,0,very_low,baseline
ROCKAWAY PKWY-CANARSIE,BROOKLYN,2028-05-01,0.000423,0,very_low,baseline
ROCKAWAY PKWY-CANARSIE,BROOKLYN,2028-06-01,0.000423,0,very_low,baseline
ROCKAWAY PKWY-CANARSIE,BROOKLYN,2028-07-01,0.000422,0,very_low,baseline
ROCKAWAY PKWY-CANARSIE,BROOKLYN,2028-08-01,0.000473,0,very_low,baseline
ROCKAWAY PKWY-CANARSIE,BROOKLYN,2028-09-01,0.000521,0,very_low,baseline
ROCKAWAY PKWY-CANARSIE,BROOKLYN,2028-10-01,0.000475,0,very_low,baseline
ROCKAWAY PKWY-CANARSIE,BROOKLYN,2028-11-01,0.000487,0,very_low,baseline
ROCKAWAY PKWY-CANARSIE,BROOKLYN,2028-12-01,0.000483,0,very_low,baseline
ROCKAWAY PKWY-CANARSIE,BROOKLYN,2029-01-01,0.000421,0,very_low,baseline
ROCKAWAY PKWY-CANARSIE,BROOKLYN,2029-02-01,0.000402,0,very_low,baseline
ROCKAWAY PKWY-CANARSIE,BROOKLYN,2029-03-01,0.000407,0,very_low,baseline
ROCKAWAY PKWY-CANARSIE,BROOKLYN,2029-04-01,0.000407,0,very_low,baseline
ROCKAWAY PKWY-CANARSIE,BROOKLYN,2029-05-01,0.000423,0,very_low,baseline
ROCKAWAY PKWY-CANARSIE,BROOKLYN,2029-06-01,0.000423,0,very_low,baseline
ROCKAWAY PKWY-CANARSIE,BROOKLYN,2029-07-01,0.000422,0,very_low,baseline
ROCKAWAY PKWY-CANARSIE,BROOKLYN,2029-08-01,0.000473,0,very_low,baseline
ROCKAWAY PKWY-CANARSIE,BROOKLYN,2029-09-01,0.000521,0,very_low,baseline
ROCKAWAY PKWY-CANARSIE,BROOKLYN,2029-10-01,0.000475,0,very_low,baseline
ROCKAWAY PKWY-CANARSIE,BROOKLYN,2029-11-01,0.000487,0,very_low,baseline
ROCKAWAY PKWY-CANARSIE,BROOKLYN,2029-12-01,0.000483,0,very_low,baseline
ROOSEVELT AVE.-JACKSON HEIGHTS,QUEENS,2027-01-01,0.965034,1,very_high,baseline
ROOSEVELT AVE.-JACKSON HEIGHTS,QUEENS,2027-02-01,0.953,1,very_high,baseline
ROOSEVELT AVE.-JACKSON HEIGHTS,QUEENS,2027-03-01,0.93751,1,very_high,baseline
ROOSEVELT AVE.-JACKSON HEIGHTS,QUEENS,2027-04-01,0.941096,1,very_high,baseline
ROOSEVELT AVE.-JACKSON HEIGHTS,QUEENS,2027-05-01,0.945078,1,very_high,baseline
ROOSEVELT AVE.-JACKSON HEIGHTS,QUEENS,2027-06-01,0.942055,1,very_high,baseline
ROOSEVELT AVE.-JACKSON HEIGHTS,QUEENS,2027-07-01,0.942881,1,very_high,baseline
ROOSEVELT AVE.-JACKSON HEIGHTS,QUEENS,2027-08-01,0.943838,1,very_high,baseline
ROOSEVELT AVE.-JACKSON HEIGHTS,QUEENS,2027-09-01,0.944132,1,very_high,baseline
ROOSEVELT AVE.-JACKSON HEIGHTS,QUEENS,2027-10-01,0.9461,1,very_high,baseline
ROOSEVELT AVE.-JACKSON HEIGHTS,QUEENS,2027-11-01,0.946562,1,very_high,baseline
ROOSEVELT AVE.-JACKSON HEIGHTS,QUEENS,2027-12-01,0.945339,1,very_high,baseline
ROOSEVELT AVE.-JACKSON HEIGHTS,QUEENS,2028-01-01,0.934167,1,very_high,baseline
ROOSEVELT AVE.-JACKSON HEIGHTS,QUEENS,2028-02-01,0.937868,1,very_high,baseline
ROOSEVELT AVE.-JACKSON HEIGHTS,QUEENS,2028-03-01,0.93751,1,very_high,baseline
ROOSEVELT AVE.-JACKSON HEIGHTS,QUEENS,2028-04-01,0.941815,1,very_high,baseline
ROOSEVELT AVE.-JACKSON HEIGHTS,QUEENS,2028-05-01,0.942728,1,very_high,baseline
ROOSEVELT AVE.-JACKSON HEIGHTS,QUEENS,2028-06-01,0.942055,1,very_high,baseline
ROOSEVELT AVE.-JACKSON HEIGHTS,QUEENS,2028-07-01,0.942881,1,very_high,baseline
ROOSEVELT AVE.-JACKSON HEIGHTS,QUEENS,2028-08-01,0.943838,1,very_high,baseline
ROOSEVELT AVE.-JACKSON HEIGHTS,QUEENS,2028-09-01,0.944132,1,very_high,baseline
ROOSEVELT AVE.-JACKSON HEIGHTS,QUEENS,2028-10-01,0.9461,1,very_high,baseline
ROOSEVELT AVE.-JACKSON HEIGHTS,QUEENS,2028-11-01,0.946562,1,very_high,baseline
ROOSEVELT AVE.-JACKSON HEIGHTS,QUEENS,2028-12-01,0.945339,1,very_high,baseline
ROOSEVELT AVE.-JACKSON HEIGHTS,QUEENS,2029-01-01,0.934167,1,very_high,baseline
ROOSEVELT AVE.-JACKSON HEIGHTS,QUEENS,2029-02-01,0.937868,1,very_high,baseline
ROOSEVELT AVE.-JACKSON HEIGHTS,QUEENS,2029-03-01,0.93751,1,very_high,baseline
ROOSEVELT AVE.-JACKSON HEIGHTS,QUEENS,2029-04-01,0.941815,1,very_high,baseline
ROOSEVELT AVE.-JACKSON HEIGHTS,QUEENS,2029-05-01,0.942728,1,very_high,baseline
ROOSEVELT AVE.-JACKSON HEIGHTS,QUEENS,2029-06-01,0.942055,1,very_high,baseline
ROOSEVELT AVE.-JACKSON HEIGHTS,QUEENS,2029-07-01,0.942881,1,very_high,baseline
ROOSEVELT AVE.-JACKSON HEIGHTS,QUEENS,2029-08-01,0.943838,1,very_high,baseline
ROOSEVELT AVE.-JACKSON HEIGHTS,QUEENS,2029-09-01,0.944132,1,very_high,baseline
ROOSEVELT AVE.-JACKSON HEIGHTS,QUEENS,2029-10-01,0.9461,1,very_high,baseline
ROOSEVELT AVE.-JACKSON HEIGHTS,QUEENS,2029-11-01,0.946562,1,very_high,baseline
ROOSEVELT AVE.-JACKSON HEIGHTS,QUEENS,2029-12-01,0.945339,1,very_high,baseline
ROOSEVELT ISLAND,QUEENS,2027-01-01,0.000131,0,very_low,baseline
ROOSEVELT ISLAND,QUEENS,2027-02-01,0.00014,0,very_low,baseline
ROOSEVELT ISLAND,QUEENS,2027-03-01,0.000132,0,very_low,baseline
ROOSEVELT ISLAND,QUEENS,2027-04-01,0.000138,0,very_low,baseline
ROOSEVELT ISLAND,QUEENS,2027-05-01,0.000148,0,very_low,baseline
ROOSEVELT ISLAND,QUEENS,2027-06-01,0.000145,0,very_low,baseline
ROOSEVELT ISLAND,QUEENS,2027-07-01,0.000149,0,very_low,baseline
ROOSEVELT ISLAND,QUEENS,2027-08-01,0.00015,0,very_low,baseline
ROOSEVELT ISLAND,QUEENS,2027-09-01,0.000153,0,very_low,baseline
ROOSEVELT ISLAND,QUEENS,2027-10-01,0.000134,0,very_low,baseline
ROOSEVELT ISLAND,QUEENS,2027-11-01,0.000124,0,very_low,baseline
ROOSEVELT ISLAND,QUEENS,2027-12-01,0.000118,0,very_low,baseline
ROOSEVELT ISLAND,QUEENS,2028-01-01,0.000142,0,very_low,baseline
ROOSEVELT ISLAND,QUEENS,2028-02-01,0.000147,0,very_low,baseline
ROOSEVELT ISLAND,QUEENS,2028-03-01,0.000146,0,very_low,baseline
ROOSEVELT ISLAND,QUEENS,2028-04-01,0.000144,0,very_low,baseline
ROOSEVELT ISLAND,QUEENS,2028-05-01,0.000148,0,very_low,baseline
ROOSEVELT ISLAND,QUEENS,2028-06-01,0.000145,0,very_low,baseline
ROOSEVELT ISLAND,QUEENS,2028-07-01,0.000149,0,very_low,baseline
ROOSEVELT ISLAND,QUEENS,2028-08-01,0.00015,0,very_low,baseline
ROOSEVELT ISLAND,QUEENS,2028-09-01,0.000153,0,very_low,baseline
ROOSEVELT ISLAND,QUEENS,2028-10-01,0.000134,0,very_low,baseline
ROOSEVELT ISLAND,QUEENS,2028-11-01,0.000124,0,very_low,baseline
ROOSEVELT ISLAND,QUEENS,2028-12-01,0.000118,0,very_low,baseline
ROOSEVELT ISLAND,QUEENS,2029-01-01,0.000142,0,very_low,baseline
ROOSEVELT ISLAND,QUEENS,2029-02-01,0.000147,0,very_low,baseline
ROOSEVELT ISLAND,QUEENS,2029-03-01,0.000146,0,very_low,baseline
ROOSEVELT ISLAND,QUEENS,2029-04-01,0.000144,0,very_low,baseline
ROOSEVELT ISLAND,QUEENS,2029-05-01,0.000148,0,very_low,baseline
ROOSEVELT ISLAND,QUEENS,2029-06-01,0.000145,0,very_low,baseline
ROOSEVELT ISLAND,QUEENS,2029-07-01,0.000149,0,very_low,baseline
ROOSEVELT ISLAND,QUEENS,2029-08-01,0.00015,0,very_low,baseline
ROOSEVELT ISLAND,QUEENS,2029-09-01,0.000153,0,very_low,baseline
ROOSEVELT ISLAND,QUEENS,2029-10-01,0.000134,0,very_low,baseline
ROOSEVELT ISLAND,QUEENS,2029-11-01,0.000124,0,very_low,baseline
ROOSEVELT ISLAND,QUEENS,2029-12-01,0.000118,0,very_low,baseline
SARATOGA AVENUE,BROOKLYN,2027-01-01,0.0005,0,very_low,baseline
SARATOGA AVENUE,BROOKLYN,2027-02-01,0.000176,0,very_low,baseline
SARATOGA AVENUE,BROOKLYN,2027-03-01,0.000177,0,very_low,baseline
SARATOGA AVENUE,BROOKLYN,2027-04-01,0.000163,0,very_low,baseline
SARATOGA AVENUE,BROOKLYN,2027-05-01,0.000158,0,very_low,baseline
SARATOGA AVENUE,BROOKLYN,2027-06-01,0.000186,0,very_low,baseline
SARATOGA AVENUE,BROOKLYN,2027-07-01,0.000192,0,very_low,baseline
SARATOGA AVENUE,BROOKLYN,2027-08-01,0.000192,0,very_low,baseline
SARATOGA AVENUE,BROOKLYN,2027-09-01,0.000202,0,very_low,baseline
SARATOGA AVENUE,BROOKLYN,2027-10-01,0.000174,0,very_low,baseline
SARATOGA AVENUE,BROOKLYN,2027-11-01,0.00016,0,very_low,baseline
SARATOGA AVENUE,BROOKLYN,2027-12-01,0.000152,0,very_low,baseline
SARATOGA AVENUE,BROOKLYN,2028-01-01,0.000205,0,very_low,baseline
SARATOGA AVENUE,BROOKLYN,2028-02-01,0.000217,0,very_low,baseline
SARATOGA AVENUE,BROOKLYN,2028-03-01,0.000196,0,very_low,baseline
SARATOGA AVENUE,BROOKLYN,2028-04-01,0.00018,0,very_low,baseline
SARATOGA AVENUE,BROOKLYN,2028-05-01,0.000185,0,very_low,baseline
SARATOGA AVENUE,BROOKLYN,2028-06-01,0.000186,0,very_low,baseline
SARATOGA AVENUE,BROOKLYN,2028-07-01,0.000192,0,very_low,baseline
SARATOGA AVENUE,BROOKLYN,2028-08-01,0.000192,0,very_low,baseline
SARATOGA AVENUE,BROOKLYN,2028-09-01,0.000202,0,very_low,baseline
SARATOGA AVENUE,BROOKLYN,2028-10-01,0.000174,0,very_low,baseline
SARATOGA AVENUE,BROOKLYN,2028-11-01,0.00016,0,very_low,baseline
SARATOGA AVENUE,BROOKLYN,2028-12-01,0.000152,0,very_low,baseline
SARATOGA AVENUE,BROOKLYN,2029-01-01,0.000205,0,very_low,baseline
SARATOGA AVENUE,BROOKLYN,2029-02-01,0.000217,0,very_low,baseline
SARATOGA AVENUE,BROOKLYN,2029-03-01,0.000196,0,very_low,baseline
SARATOGA AVENUE,BROOKLYN,2029-04-01,0.00018,0,very_low,baseline
SARATOGA AVENUE,BROOKLYN,2029-05-01,0.000185,0,very_low,baseline
SARATOGA AVENUE,BROOKLYN,2029-06-01,0.000186,0,very_low,baseline
SARATOGA AVENUE,BROOKLYN,2029-07-01,0.000192,0,very_low,baseline
SARATOGA AVENUE,BROOKLYN,2029-08-01,0.000192,0,very_low,baseline
SARATOGA AVENUE,BROOKLYN,2029-09-01,0.000202,0,very_low,baseline
SARATOGA AVENUE,BROOKLYN,2029-10-01,0.000174,0,very_low,baseline
SARATOGA AVENUE,BROOKLYN,2029-11-01,0.00016,0,very_low,baseline
SARATOGA AVENUE,BROOKLYN,2029-12-01,0.000152,0,very_low,baseline
SENECA AVENUE,QUEENS,2027-01-01,0.000122,0,very_low,baseline
SENECA AVENUE,QUEENS,2027-02-01,0.000122,0,very_low,baseline
SENECA AVENUE,QUEENS,2027-03-01,0.000163,0,very_low,baseline
SENECA AVENUE,QUEENS,2027-04-01,0.000161,0,very_low,baseline
SENECA AVENUE,QUEENS,2027-05-01,0.000158,0,very_low,baseline
SENECA AVENUE,QUEENS,2027-06-01,0.000162,0,very_low,baseline
SENECA AVENUE,QUEENS,2027-07-01,0.000165,0,very_low,baseline
SENECA AVENUE,QUEENS,2027-08-01,0.000167,0,very_low,baseline
SENECA AVENUE,QUEENS,2027-09-01,0.00017,0,very_low,baseline
SENECA AVENUE,QUEENS,2027-10-01,0.000149,0,very_low,baseline
SENECA AVENUE,QUEENS,2027-11-01,0.000138,0,very_low,baseline
SENECA AVENUE,QUEENS,2027-12-01,0.000131,0,very_low,baseline
SENECA AVENUE,QUEENS,2028-01-01,0.000158,0,very_low,baseline
SENECA AVENUE,QUEENS,2028-02-01,0.000164,0,very_low,baseline
SENECA AVENUE,QUEENS,2028-03-01,0.000163,0,very_low,baseline
SENECA AVENUE,QUEENS,2028-04-01,0.000161,0,very_low,baseline
SENECA AVENUE,QUEENS,2028-05-01,0.000165,0,very_low,baseline
SENECA AVENUE,QUEENS,2028-06-01,0.000162,0,very_low,baseline
SENECA AVENUE,QUEENS,2028-07-01,0.000165,0,very_low,baseline
SENECA AVENUE,QUEENS,2028-08-01,0.000167,0,very_low,baseline
SENECA AVENUE,QUEENS,2028-09-01,0.00017,0,very_low,baseline
SENECA AVENUE,QUEENS,2028-10-01,0.000149,0,very_low,baseline
SENECA AVENUE,QUEENS,2028-11-01,0.000138,0,very_low,baseline
SENECA AVENUE,QUEENS,2028-12-01,0.000131,0,very_low,baseline
SENECA AVENUE,QUEENS,2029-01-01,0.000158,0,very_low,baseline
SENECA AVENUE,QUEENS,2029-02-01,0.000164,0,very_low,baseline
SENECA AVENUE,QUEENS,2029-03-01,0.000163,0,very_low,baseline
SENECA AVENUE,QUEENS,2029-04-01,0.000161,0,very_low,baseline
SENECA AVENUE,QUEENS,2029-05-01,0.000165,0,very_low,baseline
SENECA AVENUE,QUEENS,2029-06-01,0.000162,0,very_low,baseline
SENECA AVENUE,QUEENS,2029-07-01,0.000165,0,very_low,baseline
SENECA AVENUE,QUEENS,2029-08-01,0.000167,0,very_low,baseline
SENECA AVENUE,QUEENS,2029-09-01,0.00017,0,very_low,baseline
SENECA AVENUE,QUEENS,2029-10-01,0.000149,0,very_low,baseline
SENECA AVENUE,QUEENS,2029-11-01,0.000138,0,very_low,baseline
SENECA AVENUE,QUEENS,2029-12-01,0.000131,0,very_low,baseline
SHEEPSHEAD BAY,BROOKLYN,2027-01-01,0.000217,0,very_low,baseline
SHEEPSHEAD BAY,BROOKLYN,2027-02-01,0.000391,0,very_low,baseline
SHEEPSHEAD BAY,BROOKLYN,2027-03-01,0.0004,0,very_low,baseline
SHEEPSHEAD BAY,BROOKLYN,2027-04-01,0.000324,0,very_low,baseline
SHEEPSHEAD BAY,BROOKLYN,2027-05-01,0.000357,0,very_low,baseline
SHEEPSHEAD BAY,BROOKLYN,2027-06-01,0.000352,0,very_low,baseline
SHEEPSHEAD BAY,BROOKLYN,2027-07-01,0.000343,0,very_low,baseline
SHEEPSHEAD BAY,BROOKLYN,2027-08-01,0.000348,0,very_low,baseline
SHEEPSHEAD BAY,BROOKLYN,2027-09-01,0.000356,0,very_low,baseline
SHEEPSHEAD BAY,BROOKLYN,2027-10-01,0.000312,0,very_low,baseline
SHEEPSHEAD BAY,BROOKLYN,2027-11-01,0.000251,0,very_low,baseline
SHEEPSHEAD BAY,BROOKLYN,2027-12-01,0.000239,0,very_low,baseline
SHEEPSHEAD BAY,BROOKLYN,2028-01-01,0.000337,0,very_low,baseline
SHEEPSHEAD BAY,BROOKLYN,2028-02-01,0.000366,0,very_low,baseline
SHEEPSHEAD BAY,BROOKLYN,2028-03-01,0.000342,0,very_low,baseline
SHEEPSHEAD BAY,BROOKLYN,2028-04-01,0.00034,0,very_low,baseline
SHEEPSHEAD BAY,BROOKLYN,2028-05-01,0.000349,0,very_low,baseline
SHEEPSHEAD BAY,BROOKLYN,2028-06-01,0.000352,0,very_low,baseline
SHEEPSHEAD BAY,BROOKLYN,2028-07-01,0.000343,0,very_low,baseline
SHEEPSHEAD BAY,BROOKLYN,2028-08-01,0.000348,0,very_low,baseline
SHEEPSHEAD BAY,BROOKLYN,2028-09-01,0.000356,0,very_low,baseline
SHEEPSHEAD BAY,BROOKLYN,2028-10-01,0.000312,0,very_low,baseline
SHEEPSHEAD BAY,BROOKLYN,2028-11-01,0.000251,0,very_low,baseline
SHEEPSHEAD BAY,BROOKLYN,2028-12-01,0.000239,0,very_low,baseline
SHEEPSHEAD BAY,BROOKLYN,2029-01-01,0.000337,0,very_low,baseline
SHEEPSHEAD BAY,BROOKLYN,2029-02-01,0.000366,0,very_low,baseline
SHEEPSHEAD BAY,BROOKLYN,2029-03-01,0.000342,0,very_low,baseline
SHEEPSHEAD BAY,BROOKLYN,2029-04-01,0.00034,0,very_low,baseline
SHEEPSHEAD BAY,BROOKLYN,2029-05-01,0.000349,0,very_low,baseline
SHEEPSHEAD BAY,BROOKLYN,2029-06-01,0.000352,0,very_low,baseline
SHEEPSHEAD BAY,BROOKLYN,2029-07-01,0.000343,0,very_low,baseline
SHEEPSHEAD BAY,BROOKLYN,2029-08-01,0.000348,0,very_low,baseline
SHEEPSHEAD BAY,BROOKLYN,2029-09-01,0.000356,0,very_low,baseline
SHEEPSHEAD BAY,BROOKLYN,2029-10-01,0.000312,0,very_low,baseline
SHEEPSHEAD BAY,BROOKLYN,2029-11-01,0.000251,0,very_low,baseline
SHEEPSHEAD BAY,BROOKLYN,2029-12-01,0.000239,0,very_low,baseline
SHEPHERD AVENUE,BROOKLYN,2027-01-01,0.00013,0,very_low,baseline
SHEPHERD AVENUE,BROOKLYN,2027-02-01,0.000131,0,very_low,baseline
SHEPHERD AVENUE,BROOKLYN,2027-03-01,0.000152,0,very_low,baseline
SHEPHERD AVENUE,BROOKLYN,2027-04-01,0.000156,0,very_low,baseline
SHEPHERD AVENUE,BROOKLYN,2027-05-01,0.000167,0,very_low,baseline
SHEPHERD AVENUE,BROOKLYN,2027-06-01,0.000163,0,very_low,baseline
SHEPHERD AVENUE,BROOKLYN,2027-07-01,0.000167,0,very_low,baseline
SHEPHERD AVENUE,BROOKLYN,2027-08-01,0.000171,0,very_low,baseline
SHEPHERD AVENUE,BROOKLYN,2027-09-01,0.000179,0,very_low,baseline
SHEPHERD AVENUE,BROOKLYN,2027-10-01,0.000157,0,very_low,baseline
SHEPHERD AVENUE,BROOKLYN,2027-11-01,0.000145,0,very_low,baseline
SHEPHERD AVENUE,BROOKLYN,2027-12-01,0.000138,0,very_low,baseline
SHEPHERD AVENUE,BROOKLYN,2028-01-01,0.000159,0,very_low,baseline
SHEPHERD AVENUE,BROOKLYN,2028-02-01,0.000166,0,very_low,baseline
SHEPHERD AVENUE,BROOKLYN,2028-03-01,0.000164,0,very_low,baseline
SHEPHERD AVENUE,BROOKLYN,2028-04-01,0.000162,0,very_low,baseline
SHEPHERD AVENUE,BROOKLYN,2028-05-01,0.000167,0,very_low,baseline
SHEPHERD AVENUE,BROOKLYN,2028-06-01,0.000163,0,very_low,baseline
SHEPHERD AVENUE,BROOKLYN,2028-07-01,0.000167,0,very_low,baseline
SHEPHERD AVENUE,BROOKLYN,2028-08-01,0.000171,0,very_low,baseline
SHEPHERD AVENUE,BROOKLYN,2028-09-01,0.000179,0,very_low,baseline
SHEPHERD AVENUE,BROOKLYN,2028-10-01,0.000157,0,very_low,baseline
SHEPHERD AVENUE,BROOKLYN,2028-11-01,0.000145,0,very_low,baseline
SHEPHERD AVENUE,BROOKLYN,2028-12-01,0.000138,0,very_low,baseline
SHEPHERD AVENUE,BROOKLYN,2029-01-01,0.000159,0,very_low,baseline
SHEPHERD AVENUE,BROOKLYN,2029-02-01,0.000166,0,very_low,baseline
SHEPHERD AVENUE,BROOKLYN,2029-03-01,0.000164,0,very_low,baseline
SHEPHERD AVENUE,BROOKLYN,2029-04-01,0.000162,0,very_low,baseline
SHEPHERD AVENUE,BROOKLYN,2029-05-01,0.000167,0,very_low,baseline
SHEPHERD AVENUE,BROOKLYN,2029-06-01,0.000163,0,very_low,baseline
SHEPHERD AVENUE,BROOKLYN,2029-07-01,0.000167,0,very_low,baseline
SHEPHERD AVENUE,BROOKLYN,2029-08-01,0.000171,0,very_low,baseline
SHEPHERD AVENUE,BROOKLYN,2029-09-01,0.000179,0,very_low,baseline
SHEPHERD AVENUE,BROOKLYN,2029-10-01,0.000157,0,very_low,baseline
SHEPHERD AVENUE,BROOKLYN,2029-11-01,0.000145,0,very_low,baseline
SHEPHERD AVENUE,BROOKLYN,2029-12-01,0.000138,0,very_low,baseline
SIMPSON STREET,BRONX,2027-01-01,0.012951,0,very_low,baseline
SIMPSON STREET,BRONX,2027-02-01,0.03518,0,very_low,baseline
SIMPSON STREET,BRONX,2027-03-01,0.072834,1,very_low,baseline
SIMPSON STREET,BRONX,2027-04-01,0.072183,1,very_low,baseline
SIMPSON STREET,BRONX,2027-05-01,0.124118,1,very_low,baseline
SIMPSON STREET,BRONX,2027-06-01,0.11463,1,very_low,baseline
SIMPSON STREET,BRONX,2027-07-01,0.113224,1,very_low,baseline
SIMPSON STREET,BRONX,2027-08-01,0.117436,1,very_low,baseline
SIMPSON STREET,BRONX,2027-09-01,0.117902,1,very_low,baseline
SIMPSON STREET,BRONX,2027-10-01,0.117111,1,very_low,baseline
SIMPSON STREET,BRONX,2027-11-01,0.108159,1,very_low,baseline
SIMPSON STREET,BRONX,2027-12-01,0.104421,1,very_low,baseline
SIMPSON STREET,BRONX,2028-01-01,0.109996,1,very_low,baseline
SIMPSON STREET,BRONX,2028-02-01,0.115728,1,very_low,baseline
SIMPSON STREET,BRONX,2028-03-01,0.131538,1,very_low,baseline
SIMPSON STREET,BRONX,2028-04-01,0.130156,1,very_low,baseline
SIMPSON STREET,BRONX,2028-05-01,0.132248,1,very_low,baseline
SIMPSON STREET,BRONX,2028-06-01,0.132917,1,very_low,baseline
SIMPSON STREET,BRONX,2028-07-01,0.130414,1,very_low,baseline
SIMPSON STREET,BRONX,2028-08-01,0.135168,1,very_low,baseline
SIMPSON STREET,BRONX,2028-09-01,0.134476,1,very_low,baseline
SIMPSON STREET,BRONX,2028-10-01,0.118631,1,very_low,baseline
SIMPSON STREET,BRONX,2028-11-01,0.110251,1,very_low,baseline
SIMPSON STREET,BRONX,2028-12-01,0.10645,1,very_low,baseline
SIMPSON STREET,BRONX,2029-01-01,0.114252,1,very_low,baseline
SIMPSON STREET,BRONX,2029-02-01,0.115728,1,very_low,baseline
SIMPSON STREET,BRONX,2029-03-01,0.131538,1,very_low,baseline
SIMPSON STREET,BRONX,2029-04-01,0.130156,1,very_low,baseline
SIMPSON STREET,BRONX,2029-05-01,0.132248,1,very_low,baseline
SIMPSON STREET,BRONX,2029-06-01,0.132917,1,very_low,baseline
SIMPSON STREET,BRONX,2029-07-01,0.130414,1,very_low,baseline
SIMPSON STREET,BRONX,2029-08-01,0.135168,1,very_low,baseline
SIMPSON STREET,BRONX,2029-09-01,0.134476,1,very_low,baseline
SIMPSON STREET,BRONX,2029-10-01,0.118631,1,very_low,baseline
SIMPSON STREET,BRONX,2029-11-01,0.110251,1,very_low,baseline
SIMPSON STREET,BRONX,2029-12-01,0.10645,1,very_low,baseline
SMITH-9 STREETS,BROOKLYN,2027-01-01,0.000299,0,very_low,baseline
SMITH-9 STREETS,BROOKLYN,2027-02-01,0.000195,0,very_low,baseline
SMITH-9 STREETS,BROOKLYN,2027-03-01,0.000139,0,very_low,baseline
SMITH-9 STREETS,BROOKLYN,2027-04-01,0.000152,0,very_low,baseline
SMITH-9 STREETS,BROOKLYN,2027-05-01,0.000156,0,very_low,baseline
SMITH-9 STREETS,BROOKLYN,2027-06-01,0.000155,0,very_low,baseline
SMITH-9 STREETS,BROOKLYN,2027-07-01,0.000164,0,very_low,baseline
SMITH-9 STREETS,BROOKLYN,2027-08-01,0.000162,0,very_low,baseline
SMITH-9 STREETS,BROOKLYN,2027-09-01,0.000171,0,very_low,baseline
SMITH-9 STREETS,BROOKLYN,2027-10-01,0.00015,0,very_low,baseline
SMITH-9 STREETS,BROOKLYN,2027-11-01,0.000143,0,very_low,baseline
SMITH-9 STREETS,BROOKLYN,2027-12-01,0.000136,0,very_low,baseline
SMITH-9 STREETS,BROOKLYN,2028-01-01,0.000163,0,very_low,baseline
SMITH-9 STREETS,BROOKLYN,2028-02-01,0.000169,0,very_low,baseline
SMITH-9 STREETS,BROOKLYN,2028-03-01,0.000159,0,very_low,baseline
SMITH-9 STREETS,BROOKLYN,2028-04-01,0.00015,0,very_low,baseline
SMITH-9 STREETS,BROOKLYN,2028-05-01,0.000154,0,very_low,baseline
SMITH-9 STREETS,BROOKLYN,2028-06-01,0.000155,0,very_low,baseline
SMITH-9 STREETS,BROOKLYN,2028-07-01,0.000164,0,very_low,baseline
SMITH-9 STREETS,BROOKLYN,2028-08-01,0.000162,0,very_low,baseline
SMITH-9 STREETS,BROOKLYN,2028-09-01,0.000171,0,very_low,baseline
SMITH-9 STREETS,BROOKLYN,2028-10-01,0.00015,0,very_low,baseline
SMITH-9 STREETS,BROOKLYN,2028-11-01,0.000143,0,very_low,baseline
SMITH-9 STREETS,BROOKLYN,2028-12-01,0.000136,0,very_low,baseline
SMITH-9 STREETS,BROOKLYN,2029-01-01,0.000163,0,very_low,baseline
SMITH-9 STREETS,BROOKLYN,2029-02-01,0.000169,0,very_low,baseline
SMITH-9 STREETS,BROOKLYN,2029-03-01,0.000159,0,very_low,baseline
SMITH-9 STREETS,BROOKLYN,2029-04-01,0.00015,0,very_low,baseline
SMITH-9 STREETS,BROOKLYN,2029-05-01,0.000154,0,very_low,baseline
SMITH-9 STREETS,BROOKLYN,2029-06-01,0.000155,0,very_low,baseline
SMITH-9 STREETS,BROOKLYN,2029-07-01,0.000164,0,very_low,baseline
SMITH-9 STREETS,BROOKLYN,2029-08-01,0.000162,0,very_low,baseline
SMITH-9 STREETS,BROOKLYN,2029-09-01,0.000171,0,very_low,baseline
SMITH-9 STREETS,BROOKLYN,2029-10-01,0.00015,0,very_low,baseline
SMITH-9 STREETS,BROOKLYN,2029-11-01,0.000143,0,very_low,baseline
SMITH-9 STREETS,BROOKLYN,2029-12-01,0.000136,0,very_low,baseline
SOUNDVIEW AVENUE,BRONX,2027-01-01,0.000258,0,very_low,baseline
SOUNDVIEW AVENUE,BRONX,2027-02-01,0.000242,0,very_low,baseline
SOUNDVIEW AVENUE,BRONX,2027-03-01,0.000336,0,very_low,baseline
SOUNDVIEW AVENUE,BRONX,2027-04-01,0.000371,0,very_low,baseline
SOUNDVIEW AVENUE,BRONX,2027-05-01,0.000419,0,very_low,baseline
SOUNDVIEW AVENUE,BRONX,2027-06-01,0.000414,0,very_low,baseline
SOUNDVIEW AVENUE,BRONX,2027-07-01,0.0004,0,very_low,baseline
SOUNDVIEW AVENUE,BRONX,2027-08-01,0.00043,0,very_low,baseline
SOUNDVIEW AVENUE,BRONX,2027-09-01,0.000447,0,very_low,baseline
SOUNDVIEW AVENUE,BRONX,2027-10-01,0.000374,0,very_low,baseline
SOUNDVIEW AVENUE,BRONX,2027-11-01,0.000324,0,very_low,baseline
SOUNDVIEW AVENUE,BRONX,2027-12-01,0.000312,0,very_low,baseline
SOUNDVIEW AVENUE,BRONX,2028-01-01,0.000427,0,very_low,baseline
SOUNDVIEW AVENUE,BRONX,2028-02-01,0.000423,0,very_low,baseline
SOUNDVIEW AVENUE,BRONX,2028-03-01,0.000412,0,very_low,baseline
SOUNDVIEW AVENUE,BRONX,2028-04-01,0.000412,0,very_low,baseline
SOUNDVIEW AVENUE,BRONX,2028-05-01,0.000412,0,very_low,baseline
SOUNDVIEW AVENUE,BRONX,2028-06-01,0.000414,0,very_low,baseline
SOUNDVIEW AVENUE,BRONX,2028-07-01,0.0004,0,very_low,baseline
SOUNDVIEW AVENUE,BRONX,2028-08-01,0.00043,0,very_low,baseline
SOUNDVIEW AVENUE,BRONX,2028-09-01,0.000447,0,very_low,baseline
SOUNDVIEW AVENUE,BRONX,2028-10-01,0.000374,0,very_low,baseline
SOUNDVIEW AVENUE,BRONX,2028-11-01,0.000324,0,very_low,baseline
SOUNDVIEW AVENUE,BRONX,2028-12-01,0.000312,0,very_low,baseline
SOUNDVIEW AVENUE,BRONX,2029-01-01,0.000427,0,very_low,baseline
SOUNDVIEW AVENUE,BRONX,2029-02-01,0.000423,0,very_low,baseline
SOUNDVIEW AVENUE,BRONX,2029-03-01,0.000412,0,very_low,baseline
SOUNDVIEW AVENUE,BRONX,2029-04-01,0.000412,0,very_low,baseline
SOUNDVIEW AVENUE,BRONX,2029-05-01,0.000412,0,very_low,baseline
SOUNDVIEW AVENUE,BRONX,2029-06-01,0.000414,0,very_low,baseline
SOUNDVIEW AVENUE,BRONX,2029-07-01,0.0004,0,very_low,baseline
SOUNDVIEW AVENUE,BRONX,2029-08-01,0.00043,0,very_low,baseline
SOUNDVIEW AVENUE,BRONX,2029-09-01,0.000447,0,very_low,baseline
SOUNDVIEW AVENUE,BRONX,2029-10-01,0.000374,0,very_low,baseline
SOUNDVIEW AVENUE,BRONX,2029-11-01,0.000324,0,very_low,baseline
SOUNDVIEW AVENUE,BRONX,2029-12-01,0.000312,0,very_low,baseline
SOUTH FERRY,MANHATTAN,2027-01-01,0.00032,0,very_low,baseline
SOUTH FERRY,MANHATTAN,2027-02-01,0.000506,0,very_low,baseline
SOUTH FERRY,MANHATTAN,2027-03-01,0.000427,0,very_low,baseline
SOUTH FERRY,MANHATTAN,2027-04-01,0.000345,0,very_low,baseline
SOUTH FERRY,MANHATTAN,2027-05-01,0.000356,0,very_low,baseline
SOUTH FERRY,MANHATTAN,2027-06-01,0.000359,0,very_low,baseline
SOUTH FERRY,MANHATTAN,2027-07-01,0.000337,0,very_low,baseline
SOUTH FERRY,MANHATTAN,2027-08-01,0.000369,0,very_low,baseline
SOUTH FERRY,MANHATTAN,2027-09-01,0.00038,0,very_low,baseline
SOUTH FERRY,MANHATTAN,2027-10-01,0.000328,0,very_low,baseline
SOUTH FERRY,MANHATTAN,2027-11-01,0.0003,0,very_low,baseline
SOUTH FERRY,MANHATTAN,2027-12-01,0.000288,0,very_low,baseline
SOUTH FERRY,MANHATTAN,2028-01-01,0.000328,0,very_low,baseline
SOUTH FERRY,MANHATTAN,2028-02-01,0.000341,0,very_low,baseline
SOUTH FERRY,MANHATTAN,2028-03-01,0.000356,0,very_low,baseline
SOUTH FERRY,MANHATTAN,2028-04-01,0.000347,0,very_low,baseline
SOUTH FERRY,MANHATTAN,2028-05-01,0.000356,0,very_low,baseline
SOUTH FERRY,MANHATTAN,2028-06-01,0.000359,0,very_low,baseline
SOUTH FERRY,MANHATTAN,2028-07-01,0.000337,0,very_low,baseline
SOUTH FERRY,MANHATTAN,2028-08-01,0.000369,0,very_low,baseline
SOUTH FERRY,MANHATTAN,2028-09-01,0.00038,0,very_low,baseline
SOUTH FERRY,MANHATTAN,2028-10-01,0.000328,0,very_low,baseline
SOUTH FERRY,MANHATTAN,2028-11-01,0.0003,0,very_low,baseline
SOUTH FERRY,MANHATTAN,2028-12-01,0.000288,0,very_low,baseline
SOUTH FERRY,MANHATTAN,2029-01-01,0.000328,0,very_low,baseline
SOUTH FERRY,MANHATTAN,2029-02-01,0.000341,0,very_low,baseline
SOUTH FERRY,MANHATTAN,2029-03-01,0.000356,0,very_low,baseline
SOUTH FERRY,MANHATTAN,2029-04-01,0.000347,0,very_low,baseline
SOUTH FERRY,MANHATTAN,2029-05-01,0.000356,0,very_low,baseline
SOUTH FERRY,MANHATTAN,2029-06-01,0.000359,0,very_low,baseline
SOUTH FERRY,MANHATTAN,2029-07-01,0.000337,0,very_low,baseline
SOUTH FERRY,MANHATTAN,2029-08-01,0.000369,0,very_low,baseline
SOUTH FERRY,MANHATTAN,2029-09-01,0.00038,0,very_low,baseline
SOUTH FERRY,MANHATTAN,2029-10-01,0.000328,0,very_low,baseline
SOUTH FERRY,MANHATTAN,2029-11-01,0.0003,0,very_low,baseline
SOUTH FERRY,MANHATTAN,2029-12-01,0.000288,0,very_low,baseline
SPRING STREET,MANHATTAN,2027-01-01,0.00017,0,very_low,baseline
SPRING STREET,MANHATTAN,2027-02-01,0.000389,0,very_low,baseline
SPRING STREET,MANHATTAN,2027-03-01,0.000299,0,very_low,baseline
SPRING STREET,MANHATTAN,2027-04-01,0.000341,0,very_low,baseline
SPRING STREET,MANHATTAN,2027-05-01,0.000315,0,very_low,baseline
SPRING STREET,MANHATTAN,2027-06-01,0.000317,0,very_low,baseline
SPRING STREET,MANHATTAN,2027-07-01,0.000327,0,very_low,baseline
SPRING STREET,MANHATTAN,2027-08-01,0.000335,0,very_low,baseline
SPRING STREET,MANHATTAN,2027-09-01,0.000342,0,very_low,baseline
SPRING STREET,MANHATTAN,2027-10-01,0.000297,0,very_low,baseline
SPRING STREET,MANHATTAN,2027-11-01,0.000231,0,very_low,baseline
SPRING STREET,MANHATTAN,2027-12-01,0.00022,0,very_low,baseline
SPRING STREET,MANHATTAN,2028-01-01,0.000287,0,very_low,baseline
SPRING STREET,MANHATTAN,2028-02-01,0.000312,0,very_low,baseline
SPRING STREET,MANHATTAN,2028-03-01,0.000292,0,very_low,baseline
SPRING STREET,MANHATTAN,2028-04-01,0.000297,0,very_low,baseline
SPRING STREET,MANHATTAN,2028-05-01,0.000305,0,very_low,baseline
SPRING STREET,MANHATTAN,2028-06-01,0.000317,0,very_low,baseline
SPRING STREET,MANHATTAN,2028-07-01,0.000327,0,very_low,baseline
SPRING STREET,MANHATTAN,2028-08-01,0.000335,0,very_low,baseline
SPRING STREET,MANHATTAN,2028-09-01,0.000342,0,very_low,baseline
SPRING STREET,MANHATTAN,2028-10-01,0.000297,0,very_low,baseline
SPRING STREET,MANHATTAN,2028-11-01,0.000231,0,very_low,baseline
SPRING STREET,MANHATTAN,2028-12-01,0.00022,0,very_low,baseline
SPRING STREET,MANHATTAN,2029-01-01,0.000287,0,very_low,baseline
SPRING STREET,MANHATTAN,2029-02-01,0.000312,0,very_low,baseline
SPRING STREET,MANHATTAN,2029-03-01,0.000292,0,very_low,baseline
SPRING STREET,MANHATTAN,2029-04-01,0.000297,0,very_low,baseline
SPRING STREET,MANHATTAN,2029-05-01,0.000305,0,very_low,baseline
SPRING STREET,MANHATTAN,2029-06-01,0.000317,0,very_low,baseline
SPRING STREET,MANHATTAN,2029-07-01,0.000327,0,very_low,baseline
SPRING STREET,MANHATTAN,2029-08-01,0.000335,0,very_low,baseline
SPRING STREET,MANHATTAN,2029-09-01,0.000342,0,very_low,baseline
SPRING STREET,MANHATTAN,2029-10-01,0.000297,0,very_low,baseline
SPRING STREET,MANHATTAN,2029-11-01,0.000231,0,very_low,baseline
SPRING STREET,MANHATTAN,2029-12-01,0.00022,0,very_low,baseline
ST. LAWRENCE AVENUE,BRONX,2027-01-01,0.000311,0,very_low,baseline
ST. LAWRENCE AVENUE,BRONX,2027-02-01,0.000191,0,very_low,baseline
ST. LAWRENCE AVENUE,BRONX,2027-03-01,0.00017,0,very_low,baseline
ST. LAWRENCE AVENUE,BRONX,2027-04-01,0.00021,0,very_low,baseline
ST. LAWRENCE AVENUE,BRONX,2027-05-01,0.000218,0,very_low,baseline
ST. LAWRENCE AVENUE,BRONX,2027-06-01,0.000219,0,very_low,baseline
ST. LAWRENCE AVENUE,BRONX,2027-07-01,0.000229,0,very_low,baseline
ST. LAWRENCE AVENUE,BRONX,2027-08-01,0.000232,0,very_low,baseline
ST. LAWRENCE AVENUE,BRONX,2027-09-01,0.000243,0,very_low,baseline
ST. LAWRENCE AVENUE,BRONX,2027-10-01,0.000205,0,very_low,baseline
ST. LAWRENCE AVENUE,BRONX,2027-11-01,0.000195,0,very_low,baseline
ST. LAWRENCE AVENUE,BRONX,2027-12-01,0.000186,0,very_low,baseline
ST. LAWRENCE AVENUE,BRONX,2028-01-01,0.000214,0,very_low,baseline
ST. LAWRENCE AVENUE,BRONX,2028-02-01,0.000222,0,very_low,baseline
ST. LAWRENCE AVENUE,BRONX,2028-03-01,0.00022,0,very_low,baseline
ST. LAWRENCE AVENUE,BRONX,2028-04-01,0.000218,0,very_low,baseline
ST. LAWRENCE AVENUE,BRONX,2028-05-01,0.000223,0,very_low,baseline
ST. LAWRENCE AVENUE,BRONX,2028-06-01,0.000219,0,very_low,baseline
ST. LAWRENCE AVENUE,BRONX,2028-07-01,0.000229,0,very_low,baseline
ST. LAWRENCE AVENUE,BRONX,2028-08-01,0.000232,0,very_low,baseline
ST. LAWRENCE AVENUE,BRONX,2028-09-01,0.000243,0,very_low,baseline
ST. LAWRENCE AVENUE,BRONX,2028-10-01,0.000205,0,very_low,baseline
ST. LAWRENCE AVENUE,BRONX,2028-11-01,0.000195,0,very_low,baseline
ST. LAWRENCE AVENUE,BRONX,2028-12-01,0.000186,0,very_low,baseline
ST. LAWRENCE AVENUE,BRONX,2029-01-01,0.000214,0,very_low,baseline
ST. LAWRENCE AVENUE,BRONX,2029-02-01,0.000222,0,very_low,baseline
ST. LAWRENCE AVENUE,BRONX,2029-03-01,0.00022,0,very_low,baseline
ST. LAWRENCE AVENUE,BRONX,2029-04-01,0.000218,0,very_low,baseline
ST. LAWRENCE AVENUE,BRONX,2029-05-01,0.000223,0,very_low,baseline
ST. LAWRENCE AVENUE,BRONX,2029-06-01,0.000219,0,very_low,baseline
ST. LAWRENCE AVENUE,BRONX,2029-07-01,0.000229,0,very_low,baseline
ST. LAWRENCE AVENUE,BRONX,2029-08-01,0.000232,0,very_low,baseline
ST. LAWRENCE AVENUE,BRONX,2029-09-01,0.000243,0,very_low,baseline
ST. LAWRENCE AVENUE,BRONX,2029-10-01,0.000205,0,very_low,baseline
ST. LAWRENCE AVENUE,BRONX,2029-11-01,0.000195,0,very_low,baseline
ST. LAWRENCE AVENUE,BRONX,2029-12-01,0.000186,0,very_low,baseline
STEINWAY ST.,QUEENS,2027-01-01,0.000274,0,very_low,baseline
STEINWAY ST.,QUEENS,2027-02-01,0.000445,0,very_low,baseline
STEINWAY ST.,QUEENS,2027-03-01,0.000395,0,very_low,baseline
STEINWAY ST.,QUEENS,2027-04-01,0.00038,0,very_low,baseline
STEINWAY ST.,QUEENS,2027-05-01,0.000357,0,very_low,baseline
STEINWAY ST.,QUEENS,2027-06-01,0.000364,0,very_low,baseline
STEINWAY ST.,QUEENS,2027-07-01,0.000355,0,very_low,baseline
STEINWAY ST.,QUEENS,2027-08-01,0.000383,0,very_low,baseline
STEINWAY ST.,QUEENS,2027-09-01,0.000382,0,very_low,baseline
STEINWAY ST.,QUEENS,2027-10-01,0.000312,0,very_low,baseline
STEINWAY ST.,QUEENS,2027-11-01,0.000276,0,very_low,baseline
STEINWAY ST.,QUEENS,2027-12-01,0.000265,0,very_low,baseline
STEINWAY ST.,QUEENS,2028-01-01,0.000353,0,very_low,baseline
STEINWAY ST.,QUEENS,2028-02-01,0.000374,0,very_low,baseline
STEINWAY ST.,QUEENS,2028-03-01,0.000361,0,very_low,baseline
STEINWAY ST.,QUEENS,2028-04-01,0.000352,0,very_low,baseline
STEINWAY ST.,QUEENS,2028-05-01,0.000362,0,very_low,baseline
STEINWAY ST.,QUEENS,2028-06-01,0.000364,0,very_low,baseline
STEINWAY ST.,QUEENS,2028-07-01,0.000355,0,very_low,baseline
STEINWAY ST.,QUEENS,2028-08-01,0.000383,0,very_low,baseline
STEINWAY ST.,QUEENS,2028-09-01,0.000382,0,very_low,baseline
STEINWAY ST.,QUEENS,2028-10-01,0.000312,0,very_low,baseline
STEINWAY ST.,QUEENS,2028-11-01,0.000276,0,very_low,baseline
STEINWAY ST.,QUEENS,2028-12-01,0.000265,0,very_low,baseline
STEINWAY ST.,QUEENS,2029-01-01,0.000353,0,very_low,baseline
STEINWAY ST.,QUEENS,2029-02-01,0.000374,0,very_low,baseline
STEINWAY ST.,QUEENS,2029-03-01,0.000361,0,very_low,baseline
STEINWAY ST.,QUEENS,2029-04-01,0.000352,0,very_low,baseline
STEINWAY ST.,QUEENS,2029-05-01,0.000362,0,very_low,baseline
STEINWAY ST.,QUEENS,2029-06-01,0.000364,0,very_low,baseline
STEINWAY ST.,QUEENS,2029-07-01,0.000355,0,very_low,baseline
STEINWAY ST.,QUEENS,2029-08-01,0.000383,0,very_low,baseline
STEINWAY ST.,QUEENS,2029-09-01,0.000382,0,very_low,baseline
STEINWAY ST.,QUEENS,2029-10-01,0.000312,0,very_low,baseline
STEINWAY ST.,QUEENS,2029-11-01,0.000276,0,very_low,baseline
STEINWAY ST.,QUEENS,2029-12-01,0.000265,0,very_low,baseline
STERLING STREET,BROOKLYN,2027-01-01,0.000215,0,very_low,baseline
STERLING STREET,BROOKLYN,2027-02-01,0.000162,0,very_low,baseline
STERLING STREET,BROOKLYN,2027-03-01,0.000126,0,very_low,baseline
STERLING STREET,BROOKLYN,2027-04-01,0.000113,0,very_low,baseline
STERLING STREET,BROOKLYN,2027-05-01,0.000124,0,very_low,baseline
STERLING STREET,BROOKLYN,2027-06-01,0.000158,0,very_low,baseline
STERLING STREET,BROOKLYN,2027-07-01,0.000162,0,very_low,baseline
STERLING STREET,BROOKLYN,2027-08-01,0.00017,0,very_low,baseline
STERLING STREET,BROOKLYN,2027-09-01,0.000177,0,very_low,baseline
STERLING STREET,BROOKLYN,2027-10-01,0.000156,0,very_low,baseline
STERLING STREET,BROOKLYN,2027-11-01,0.000144,0,very_low,baseline
STERLING STREET,BROOKLYN,2027-12-01,0.000137,0,very_low,baseline
STERLING STREET,BROOKLYN,2028-01-01,0.000154,0,very_low,baseline
STERLING STREET,BROOKLYN,2028-02-01,0.00016,0,very_low,baseline
STERLING STREET,BROOKLYN,2028-03-01,0.000159,0,very_low,baseline
STERLING STREET,BROOKLYN,2028-04-01,0.000157,0,very_low,baseline
STERLING STREET,BROOKLYN,2028-05-01,0.000161,0,very_low,baseline
STERLING STREET,BROOKLYN,2028-06-01,0.000158,0,very_low,baseline
STERLING STREET,BROOKLYN,2028-07-01,0.000162,0,very_low,baseline
STERLING STREET,BROOKLYN,2028-08-01,0.00017,0,very_low,baseline
STERLING STREET,BROOKLYN,2028-09-01,0.000177,0,very_low,baseline
STERLING STREET,BROOKLYN,2028-10-01,0.000156,0,very_low,baseline
STERLING STREET,BROOKLYN,2028-11-01,0.000144,0,very_low,baseline
STERLING STREET,BROOKLYN,2028-12-01,0.000137,0,very_low,baseline
STERLING STREET,BROOKLYN,2029-01-01,0.000154,0,very_low,baseline
STERLING STREET,BROOKLYN,2029-02-01,0.00016,0,very_low,baseline
STERLING STREET,BROOKLYN,2029-03-01,0.000159,0,very_low,baseline
STERLING STREET,BROOKLYN,2029-04-01,0.000157,0,very_low,baseline
STERLING STREET,BROOKLYN,2029-05-01,0.000161,0,very_low,baseline
STERLING STREET,BROOKLYN,2029-06-01,0.000158,0,very_low,baseline
STERLING STREET,BROOKLYN,2029-07-01,0.000162,0,very_low,baseline
STERLING STREET,BROOKLYN,2029-08-01,0.00017,0,very_low,baseline
STERLING STREET,BROOKLYN,2029-09-01,0.000177,0,very_low,baseline
STERLING STREET,BROOKLYN,2029-10-01,0.000156,0,very_low,baseline
STERLING STREET,BROOKLYN,2029-11-01,0.000144,0,very_low,baseline
STERLING STREET,BROOKLYN,2029-12-01,0.000137,0,very_low,baseline
STILLWELL AVENUE-CONEY ISLAND,BROOKLYN,2027-01-01,0.886927,1,very_high,baseline
STILLWELL AVENUE-CONEY ISLAND,BROOKLYN,2027-02-01,0.877894,1,very_high,baseline
STILLWELL AVENUE-CONEY ISLAND,BROOKLYN,2027-03-01,0.87545,1,very_high,baseline
STILLWELL AVENUE-CONEY ISLAND,BROOKLYN,2027-04-01,0.887373,1,very_high,baseline
STILLWELL AVENUE-CONEY ISLAND,BROOKLYN,2027-05-01,0.889388,1,very_high,baseline
STILLWELL AVENUE-CONEY ISLAND,BROOKLYN,2027-06-01,0.892815,1,very_high,baseline
STILLWELL AVENUE-CONEY ISLAND,BROOKLYN,2027-07-01,0.894264,1,very_high,baseline
STILLWELL AVENUE-CONEY ISLAND,BROOKLYN,2027-08-01,0.893532,1,very_high,baseline
STILLWELL AVENUE-CONEY ISLAND,BROOKLYN,2027-09-01,0.894059,1,very_high,baseline
STILLWELL AVENUE-CONEY ISLAND,BROOKLYN,2027-10-01,0.89248,1,very_high,baseline
STILLWELL AVENUE-CONEY ISLAND,BROOKLYN,2027-11-01,0.890493,1,very_high,baseline
STILLWELL AVENUE-CONEY ISLAND,BROOKLYN,2027-12-01,0.888139,1,very_high,baseline
STILLWELL AVENUE-CONEY ISLAND,BROOKLYN,2028-01-01,0.871896,1,very_high,baseline
STILLWELL AVENUE-CONEY ISLAND,BROOKLYN,2028-02-01,0.873036,1,very_high,baseline
STILLWELL AVENUE-CONEY ISLAND,BROOKLYN,2028-03-01,0.87545,1,very_high,baseline
STILLWELL AVENUE-CONEY ISLAND,BROOKLYN,2028-04-01,0.887373,1,very_high,baseline
STILLWELL AVENUE-CONEY ISLAND,BROOKLYN,2028-05-01,0.889388,1,very_high,baseline
STILLWELL AVENUE-CONEY ISLAND,BROOKLYN,2028-06-01,0.892815,1,very_high,baseline
STILLWELL AVENUE-CONEY ISLAND,BROOKLYN,2028-07-01,0.894264,1,very_high,baseline
STILLWELL AVENUE-CONEY ISLAND,BROOKLYN,2028-08-01,0.893532,1,very_high,baseline
STILLWELL AVENUE-CONEY ISLAND,BROOKLYN,2028-09-01,0.894059,1,very_high,baseline
STILLWELL AVENUE-CONEY ISLAND,BROOKLYN,2028-10-01,0.89248,1,very_high,baseline
STILLWELL AVENUE-CONEY ISLAND,BROOKLYN,2028-11-01,0.890493,1,very_high,baseline
STILLWELL AVENUE-CONEY ISLAND,BROOKLYN,2028-12-01,0.888139,1,very_high,baseline
STILLWELL AVENUE-CONEY ISLAND,BROOKLYN,2029-01-01,0.871896,1,very_high,baseline
STILLWELL AVENUE-CONEY ISLAND,BROOKLYN,2029-02-01,0.873036,1,very_high,baseline
STILLWELL AVENUE-CONEY ISLAND,BROOKLYN,2029-03-01,0.87545,1,very_high,baseline
STILLWELL AVENUE-CONEY ISLAND,BROOKLYN,2029-04-01,0.887373,1,very_high,baseline
STILLWELL AVENUE-CONEY ISLAND,BROOKLYN,2029-05-01,0.889388,1,very_high,baseline
STILLWELL AVENUE-CONEY ISLAND,BROOKLYN,2029-06-01,0.892815,1,very_high,baseline
STILLWELL AVENUE-CONEY ISLAND,BROOKLYN,2029-07-01,0.894264,1,very_high,baseline
STILLWELL AVENUE-CONEY ISLAND,BROOKLYN,2029-08-01,0.893532,1,very_high,baseline
STILLWELL AVENUE-CONEY ISLAND,BROOKLYN,2029-09-01,0.894059,1,very_high,baseline
STILLWELL AVENUE-CONEY ISLAND,BROOKLYN,2029-10-01,0.89248,1,very_high,baseline
STILLWELL AVENUE-CONEY ISLAND,BROOKLYN,2029-11-01,0.890493,1,very_high,baseline
STILLWELL AVENUE-CONEY ISLAND,BROOKLYN,2029-12-01,0.888139,1,very_high,baseline
SUTPHIN BLVD.,QUEENS,2027-01-01,0.100302,1,very_low,baseline
SUTPHIN BLVD.,QUEENS,2027-02-01,0.073675,1,very_low,baseline
SUTPHIN BLVD.,QUEENS,2027-03-01,0.06702,1,very_low,baseline
SUTPHIN BLVD.,QUEENS,2027-04-01,0.046964,0,very_low,baseline
SUTPHIN BLVD.,QUEENS,2027-05-01,0.055178,1,very_low,baseline
SUTPHIN BLVD.,QUEENS,2027-06-01,0.13837,1,very_low,baseline
SUTPHIN BLVD.,QUEENS,2027-07-01,0.15351,1,very_low,baseline
SUTPHIN BLVD.,QUEENS,2027-08-01,0.131082,1,very_low,baseline
SUTPHIN BLVD.,QUEENS,2027-09-01,0.144057,1,very_low,baseline
SUTPHIN BLVD.,QUEENS,2027-10-01,0.120315,1,very_low,baseline
SUTPHIN BLVD.,QUEENS,2027-11-01,0.11526,1,very_low,baseline
SUTPHIN BLVD.,QUEENS,2027-12-01,0.109222,1,very_low,baseline
SUTPHIN BLVD.,QUEENS,2028-01-01,0.127307,1,very_low,baseline
SUTPHIN BLVD.,QUEENS,2028-02-01,0.126173,1,very_low,baseline
SUTPHIN BLVD.,QUEENS,2028-03-01,0.134736,1,very_low,baseline
SUTPHIN BLVD.,QUEENS,2028-04-01,0.134736,1,very_low,baseline
SUTPHIN BLVD.,QUEENS,2028-05-01,0.140034,1,very_low,baseline
SUTPHIN BLVD.,QUEENS,2028-06-01,0.140736,1,very_low,baseline
SUTPHIN BLVD.,QUEENS,2028-07-01,0.139908,1,very_low,baseline
SUTPHIN BLVD.,QUEENS,2028-08-01,0.143132,1,very_low,baseline
SUTPHIN BLVD.,QUEENS,2028-09-01,0.144074,1,very_low,baseline
SUTPHIN BLVD.,QUEENS,2028-10-01,0.122715,1,very_low,baseline
SUTPHIN BLVD.,QUEENS,2028-11-01,0.115978,1,very_low,baseline
SUTPHIN BLVD.,QUEENS,2028-12-01,0.112004,1,very_low,baseline
SUTPHIN BLVD.,QUEENS,2029-01-01,0.127307,1,very_low,baseline
SUTPHIN BLVD.,QUEENS,2029-02-01,0.126173,1,very_low,baseline
SUTPHIN BLVD.,QUEENS,2029-03-01,0.134736,1,very_low,baseline
SUTPHIN BLVD.,QUEENS,2029-04-01,0.134736,1,very_low,baseline
SUTPHIN BLVD.,QUEENS,2029-05-01,0.140034,1,very_low,baseline
SUTPHIN BLVD.,QUEENS,2029-06-01,0.140736,1,very_low,baseline
SUTPHIN BLVD.,QUEENS,2029-07-01,0.139908,1,very_low,baseline
SUTPHIN BLVD.,QUEENS,2029-08-01,0.143132,1,very_low,baseline
SUTPHIN BLVD.,QUEENS,2029-09-01,0.144074,1,very_low,baseline
SUTPHIN BLVD.,QUEENS,2029-10-01,0.122715,1,very_low,baseline
SUTPHIN BLVD.,QUEENS,2029-11-01,0.115978,1,very_low,baseline
SUTPHIN BLVD.,QUEENS,2029-12-01,0.112004,1,very_low,baseline
SUTPHIN BLVD.-ARCHER AVE.,QUEENS,2027-01-01,0.757829,1,high,baseline
SUTPHIN BLVD.-ARCHER AVE.,QUEENS,2027-02-01,0.710926,1,high,baseline
SUTPHIN BLVD.-ARCHER AVE.,QUEENS,2027-03-01,0.554201,1,medium,baseline
SUTPHIN BLVD.-ARCHER AVE.,QUEENS,2027-04-01,0.599612,1,medium,baseline
SUTPHIN BLVD.-ARCHER AVE.,QUEENS,2027-05-01,0.622751,1,high,baseline
SUTPHIN BLVD.-ARCHER AVE.,QUEENS,2027-06-01,0.691454,1,high,baseline
SUTPHIN BLVD.-ARCHER AVE.,QUEENS,2027-07-01,0.699773,1,high,baseline
SUTPHIN BLVD.-ARCHER AVE.,QUEENS,2027-08-01,0.698501,1,high,baseline
SUTPHIN BLVD.-ARCHER AVE.,QUEENS,2027-09-01,0.705546,1,high,baseline
SUTPHIN BLVD.-ARCHER AVE.,QUEENS,2027-10-01,0.705473,1,high,baseline
SUTPHIN BLVD.-ARCHER AVE.,QUEENS,2027-11-01,0.707239,1,high,baseline
SUTPHIN BLVD.-ARCHER AVE.,QUEENS,2027-12-01,0.699885,1,high,baseline
SUTPHIN BLVD.-ARCHER AVE.,QUEENS,2028-01-01,0.708746,1,high,baseline
SUTPHIN BLVD.-ARCHER AVE.,QUEENS,2028-02-01,0.698958,1,high,baseline
SUTPHIN BLVD.-ARCHER AVE.,QUEENS,2028-03-01,0.70363,1,high,baseline
SUTPHIN BLVD.-ARCHER AVE.,QUEENS,2028-04-01,0.70109,1,high,baseline
SUTPHIN BLVD.-ARCHER AVE.,QUEENS,2028-05-01,0.703659,1,high,baseline
SUTPHIN BLVD.-ARCHER AVE.,QUEENS,2028-06-01,0.704268,1,high,baseline
SUTPHIN BLVD.-ARCHER AVE.,QUEENS,2028-07-01,0.704793,1,high,baseline
SUTPHIN BLVD.-ARCHER AVE.,QUEENS,2028-08-01,0.703534,1,high,baseline
SUTPHIN BLVD.-ARCHER AVE.,QUEENS,2028-09-01,0.714861,1,high,baseline
SUTPHIN BLVD.-ARCHER AVE.,QUEENS,2028-10-01,0.71479,1,high,baseline
SUTPHIN BLVD.-ARCHER AVE.,QUEENS,2028-11-01,0.707239,1,high,baseline
SUTPHIN BLVD.-ARCHER AVE.,QUEENS,2028-12-01,0.699885,1,high,baseline
SUTPHIN BLVD.-ARCHER AVE.,QUEENS,2029-01-01,0.708746,1,high,baseline
SUTPHIN BLVD.-ARCHER AVE.,QUEENS,2029-02-01,0.698958,1,high,baseline
SUTPHIN BLVD.-ARCHER AVE.,QUEENS,2029-03-01,0.70363,1,high,baseline
SUTPHIN BLVD.-ARCHER AVE.,QUEENS,2029-04-01,0.70109,1,high,baseline
SUTPHIN BLVD.-ARCHER AVE.,QUEENS,2029-05-01,0.703659,1,high,baseline
SUTPHIN BLVD.-ARCHER AVE.,QUEENS,2029-06-01,0.704268,1,high,baseline
SUTPHIN BLVD.-ARCHER AVE.,QUEENS,2029-07-01,0.704793,1,high,baseline
SUTPHIN BLVD.-ARCHER AVE.,QUEENS,2029-08-01,0.703534,1,high,baseline
SUTPHIN BLVD.-ARCHER AVE.,QUEENS,2029-09-01,0.714861,1,high,baseline
SUTPHIN BLVD.-ARCHER AVE.,QUEENS,2029-10-01,0.71479,1,high,baseline
SUTPHIN BLVD.-ARCHER AVE.,QUEENS,2029-11-01,0.707239,1,high,baseline
SUTPHIN BLVD.-ARCHER AVE.,QUEENS,2029-12-01,0.699885,1,high,baseline
SUTTER AVENUE,BROOKLYN,2027-01-01,0.086931,1,very_low,baseline
SUTTER AVENUE,BROOKLYN,2027-02-01,0.060831,1,very_low,baseline
SUTTER AVENUE,BROOKLYN,2027-03-01,0.092482,1,very_low,baseline
SUTTER AVENUE,BROOKLYN,2027-04-01,0.049303,0,very_low,baseline
SUTTER AVENUE,BROOKLYN,2027-05-01,0.054585,1,very_low,baseline
SUTTER AVENUE,BROOKLYN,2027-06-01,0.052572,1,very_low,baseline
SUTTER AVENUE,BROOKLYN,2027-07-01,0.061708,1,very_low,baseline
SUTTER AVENUE,BROOKLYN,2027-08-01,0.052996,1,very_low,baseline
SUTTER AVENUE,BROOKLYN,2027-09-01,0.061238,1,very_low,baseline
SUTTER AVENUE,BROOKLYN,2027-10-01,0.052408,1,very_low,baseline
SUTTER AVENUE,BROOKLYN,2027-11-01,0.050224,1,very_low,baseline
SUTTER AVENUE,BROOKLYN,2027-12-01,0.048677,0,very_low,baseline
SUTTER AVENUE,BROOKLYN,2028-01-01,0.051502,1,very_low,baseline
SUTTER AVENUE,BROOKLYN,2028-02-01,0.055034,1,very_low,baseline
SUTTER AVENUE,BROOKLYN,2028-03-01,0.067039,1,very_low,baseline
SUTTER AVENUE,BROOKLYN,2028-04-01,0.052071,1,very_low,baseline
SUTTER AVENUE,BROOKLYN,2028-05-01,0.056562,1,very_low,baseline
SUTTER AVENUE,BROOKLYN,2028-06-01,0.059001,1,very_low,baseline
SUTTER AVENUE,BROOKLYN,2028-07-01,0.058502,1,very_low,baseline
SUTTER AVENUE,BROOKLYN,2028-08-01,0.060818,1,very_low,baseline
SUTTER AVENUE,BROOKLYN,2028-09-01,0.062084,1,very_low,baseline
SUTTER AVENUE,BROOKLYN,2028-10-01,0.054274,1,very_low,baseline
SUTTER AVENUE,BROOKLYN,2028-11-01,0.05126,1,very_low,baseline
SUTTER AVENUE,BROOKLYN,2028-12-01,0.050695,1,very_low,baseline
SUTTER AVENUE,BROOKLYN,2029-01-01,0.049508,0,very_low,baseline
SUTTER AVENUE,BROOKLYN,2029-02-01,0.055626,1,very_low,baseline
SUTTER AVENUE,BROOKLYN,2029-03-01,0.063998,1,very_low,baseline
SUTTER AVENUE,BROOKLYN,2029-04-01,0.070543,1,very_low,baseline
SUTTER AVENUE,BROOKLYN,2029-05-01,0.056562,1,very_low,baseline
SUTTER AVENUE,BROOKLYN,2029-06-01,0.059315,1,very_low,baseline
SUTTER AVENUE,BROOKLYN,2029-07-01,0.058192,1,very_low,baseline
SUTTER AVENUE,BROOKLYN,2029-08-01,0.060818,1,very_low,baseline
SUTTER AVENUE,BROOKLYN,2029-09-01,0.062084,1,very_low,baseline
SUTTER AVENUE,BROOKLYN,2029-10-01,0.054274,1,very_low,baseline
SUTTER AVENUE,BROOKLYN,2029-11-01,0.05126,1,very_low,baseline
SUTTER AVENUE,BROOKLYN,2029-12-01,0.050695,1,very_low,baseline
SUTTER AVENUE-RUTLAND ROAD,BROOKLYN,2027-01-01,0.040995,0,very_low,baseline
SUTTER AVENUE-RUTLAND ROAD,BROOKLYN,2027-02-01,0.048609,0,very_low,baseline
SUTTER AVENUE-RUTLAND ROAD,BROOKLYN,2027-03-01,0.04729,0,very_low,baseline
SUTTER AVENUE-RUTLAND ROAD,BROOKLYN,2027-04-01,0.053066,1,very_low,baseline
SUTTER AVENUE-RUTLAND ROAD,BROOKLYN,2027-05-01,0.012976,0,very_low,baseline
SUTTER AVENUE-RUTLAND ROAD,BROOKLYN,2027-06-01,0.016917,0,very_low,baseline
SUTTER AVENUE-RUTLAND ROAD,BROOKLYN,2027-07-01,0.01702,0,very_low,baseline
SUTTER AVENUE-RUTLAND ROAD,BROOKLYN,2027-08-01,0.018312,0,very_low,baseline
SUTTER AVENUE-RUTLAND ROAD,BROOKLYN,2027-09-01,0.018454,0,very_low,baseline
SUTTER AVENUE-RUTLAND ROAD,BROOKLYN,2027-10-01,0.015923,0,very_low,baseline
SUTTER AVENUE-RUTLAND ROAD,BROOKLYN,2027-11-01,0.015828,0,very_low,baseline
SUTTER AVENUE-RUTLAND ROAD,BROOKLYN,2027-12-01,0.015071,0,very_low,baseline
SUTTER AVENUE-RUTLAND ROAD,BROOKLYN,2028-01-01,0.016346,0,very_low,baseline
SUTTER AVENUE-RUTLAND ROAD,BROOKLYN,2028-02-01,0.018053,0,very_low,baseline
SUTTER AVENUE-RUTLAND ROAD,BROOKLYN,2028-03-01,0.016312,0,very_low,baseline
SUTTER AVENUE-RUTLAND ROAD,BROOKLYN,2028-04-01,0.016226,0,very_low,baseline
SUTTER AVENUE-RUTLAND ROAD,BROOKLYN,2028-05-01,0.024604,0,very_low,baseline
SUTTER AVENUE-RUTLAND ROAD,BROOKLYN,2028-06-01,0.025864,0,very_low,baseline
SUTTER AVENUE-RUTLAND ROAD,BROOKLYN,2028-07-01,0.025882,0,very_low,baseline
SUTTER AVENUE-RUTLAND ROAD,BROOKLYN,2028-08-01,0.029309,0,very_low,baseline
SUTTER AVENUE-RUTLAND ROAD,BROOKLYN,2028-09-01,0.029876,0,very_low,baseline
SUTTER AVENUE-RUTLAND ROAD,BROOKLYN,2028-10-01,0.024751,0,very_low,baseline
SUTTER AVENUE-RUTLAND ROAD,BROOKLYN,2028-11-01,0.018735,0,very_low,baseline
SUTTER AVENUE-RUTLAND ROAD,BROOKLYN,2028-12-01,0.01784,0,very_low,baseline
SUTTER AVENUE-RUTLAND ROAD,BROOKLYN,2029-01-01,0.024818,0,very_low,baseline
SUTTER AVENUE-RUTLAND ROAD,BROOKLYN,2029-02-01,0.028058,0,very_low,baseline
SUTTER AVENUE-RUTLAND ROAD,BROOKLYN,2029-03-01,0.024267,0,very_low,baseline
SUTTER AVENUE-RUTLAND ROAD,BROOKLYN,2029-04-01,0.023553,0,very_low,baseline
SUTTER AVENUE-RUTLAND ROAD,BROOKLYN,2029-05-01,0.024604,0,very_low,baseline
SUTTER AVENUE-RUTLAND ROAD,BROOKLYN,2029-06-01,0.025864,0,very_low,baseline
SUTTER AVENUE-RUTLAND ROAD,BROOKLYN,2029-07-01,0.025882,0,very_low,baseline
SUTTER AVENUE-RUTLAND ROAD,BROOKLYN,2029-08-01,0.029309,0,very_low,baseline
SUTTER AVENUE-RUTLAND ROAD,BROOKLYN,2029-09-01,0.029876,0,very_low,baseline
SUTTER AVENUE-RUTLAND ROAD,BROOKLYN,2029-10-01,0.024751,0,very_low,baseline
SUTTER AVENUE-RUTLAND ROAD,BROOKLYN,2029-11-01,0.018735,0,very_low,baseline
SUTTER AVENUE-RUTLAND ROAD,BROOKLYN,2029-12-01,0.01784,0,very_low,baseline
TREMONT AVENUE,BRONX,2027-01-01,0.553693,1,medium,baseline
TREMONT AVENUE,BRONX,2027-02-01,0.728531,1,high,baseline
TREMONT AVENUE,BRONX,2027-03-01,0.659777,1,high,baseline
TREMONT AVENUE,BRONX,2027-04-01,0.665419,1,high,baseline
TREMONT AVENUE,BRONX,2027-05-01,0.742099,1,high,baseline
TREMONT AVENUE,BRONX,2027-06-01,0.772243,1,high,baseline
TREMONT AVENUE,BRONX,2027-07-01,0.778435,1,high,baseline
TREMONT AVENUE,BRONX,2027-08-01,0.781812,1,high,baseline
TREMONT AVENUE,BRONX,2027-09-01,0.780789,1,high,baseline
TREMONT AVENUE,BRONX,2027-10-01,0.775712,1,high,baseline
TREMONT AVENUE,BRONX,2027-11-01,0.773425,1,high,baseline
TREMONT AVENUE,BRONX,2027-12-01,0.771674,1,high,baseline
TREMONT AVENUE,BRONX,2028-01-01,0.727474,1,high,baseline
TREMONT AVENUE,BRONX,2028-02-01,0.729501,1,high,baseline
TREMONT AVENUE,BRONX,2028-03-01,0.748587,1,high,baseline
TREMONT AVENUE,BRONX,2028-04-01,0.757631,1,high,baseline
TREMONT AVENUE,BRONX,2028-05-01,0.766066,1,high,baseline
TREMONT AVENUE,BRONX,2028-06-01,0.765582,1,high,baseline
TREMONT AVENUE,BRONX,2028-07-01,0.771902,1,high,baseline
TREMONT AVENUE,BRONX,2028-08-01,0.775349,1,high,baseline
TREMONT AVENUE,BRONX,2028-09-01,0.780789,1,high,baseline
TREMONT AVENUE,BRONX,2028-10-01,0.775712,1,high,baseline
TREMONT AVENUE,BRONX,2028-11-01,0.773425,1,high,baseline
TREMONT AVENUE,BRONX,2028-12-01,0.771674,1,high,baseline
TREMONT AVENUE,BRONX,2029-01-01,0.727474,1,high,baseline
TREMONT AVENUE,BRONX,2029-02-01,0.729501,1,high,baseline
TREMONT AVENUE,BRONX,2029-03-01,0.748587,1,high,baseline
TREMONT AVENUE,BRONX,2029-04-01,0.757631,1,high,baseline
TREMONT AVENUE,BRONX,2029-05-01,0.766066,1,high,baseline
TREMONT AVENUE,BRONX,2029-06-01,0.765582,1,high,baseline
TREMONT AVENUE,BRONX,2029-07-01,0.771902,1,high,baseline
TREMONT AVENUE,BRONX,2029-08-01,0.775349,1,high,baseline
TREMONT AVENUE,BRONX,2029-09-01,0.780789,1,high,baseline
TREMONT AVENUE,BRONX,2029-10-01,0.775712,1,high,baseline
TREMONT AVENUE,BRONX,2029-11-01,0.773425,1,high,baseline
TREMONT AVENUE,BRONX,2029-12-01,0.771674,1,high,baseline
UNION SQUARE,MANHATTAN,2027-01-01,0.000578,0,very_low,baseline
UNION SQUARE,MANHATTAN,2027-02-01,0.000626,0,very_low,baseline
UNION SQUARE,MANHATTAN,2027-03-01,0.000727,0,very_low,baseline
UNION SQUARE,MANHATTAN,2027-04-01,0.000995,0,very_low,baseline
UNION SQUARE,MANHATTAN,2027-05-01,0.001002,0,very_low,baseline
UNION SQUARE,MANHATTAN,2027-06-01,0.000875,0,very_low,baseline
UNION SQUARE,MANHATTAN,2027-07-01,0.000871,0,very_low,baseline
UNION SQUARE,MANHATTAN,2027-08-01,0.000985,0,very_low,baseline
UNION SQUARE,MANHATTAN,2027-09-01,0.001035,0,very_low,baseline
UNION SQUARE,MANHATTAN,2027-10-01,0.00093,0,very_low,baseline
UNION SQUARE,MANHATTAN,2027-11-01,0.000775,0,very_low,baseline
UNION SQUARE,MANHATTAN,2027-12-01,0.000773,0,very_low,baseline
UNION SQUARE,MANHATTAN,2028-01-01,0.000832,0,very_low,baseline
UNION SQUARE,MANHATTAN,2028-02-01,0.000933,0,very_low,baseline
UNION SQUARE,MANHATTAN,2028-03-01,0.000868,0,very_low,baseline
UNION SQUARE,MANHATTAN,2028-04-01,0.000845,0,very_low,baseline
UNION SQUARE,MANHATTAN,2028-05-01,0.000868,0,very_low,baseline
UNION SQUARE,MANHATTAN,2028-06-01,0.000875,0,very_low,baseline
UNION SQUARE,MANHATTAN,2028-07-01,0.000871,0,very_low,baseline
UNION SQUARE,MANHATTAN,2028-08-01,0.000985,0,very_low,baseline
UNION SQUARE,MANHATTAN,2028-09-01,0.001035,0,very_low,baseline
UNION SQUARE,MANHATTAN,2028-10-01,0.00093,0,very_low,baseline
UNION SQUARE,MANHATTAN,2028-11-01,0.000775,0,very_low,baseline
UNION SQUARE,MANHATTAN,2028-12-01,0.000773,0,very_low,baseline
UNION SQUARE,MANHATTAN,2029-01-01,0.000832,0,very_low,baseline
UNION SQUARE,MANHATTAN,2029-02-01,0.000933,0,very_low,baseline
UNION SQUARE,MANHATTAN,2029-03-01,0.000868,0,very_low,baseline
UNION SQUARE,MANHATTAN,2029-04-01,0.000845,0,very_low,baseline
UNION SQUARE,MANHATTAN,2029-05-01,0.000868,0,very_low,baseline
UNION SQUARE,MANHATTAN,2029-06-01,0.000875,0,very_low,baseline
UNION SQUARE,MANHATTAN,2029-07-01,0.000871,0,very_low,baseline
UNION SQUARE,MANHATTAN,2029-08-01,0.000985,0,very_low,baseline
UNION SQUARE,MANHATTAN,2029-09-01,0.001035,0,very_low,baseline
UNION SQUARE,MANHATTAN,2029-10-01,0.00093,0,very_low,baseline
UNION SQUARE,MANHATTAN,2029-11-01,0.000775,0,very_low,baseline
UNION SQUARE,MANHATTAN,2029-12-01,0.000773,0,very_low,baseline
UNION STREET,BROOKLYN,2027-01-01,0.000132,0,very_low,baseline
UNION STREET,BROOKLYN,2027-02-01,0.000112,0,very_low,baseline
UNION STREET,BROOKLYN,2027-03-01,0.000103,0,very_low,baseline
UNION STREET,BROOKLYN,2027-04-01,0.000116,0,very_low,baseline
UNION STREET,BROOKLYN,2027-05-01,0.000144,0,very_low,baseline
UNION STREET,BROOKLYN,2027-06-01,0.000147,0,very_low,baseline
UNION STREET,BROOKLYN,2027-07-01,0.00015,0,very_low,baseline
UNION STREET,BROOKLYN,2027-08-01,0.000153,0,very_low,baseline
UNION STREET,BROOKLYN,2027-09-01,0.000161,0,very_low,baseline
UNION STREET,BROOKLYN,2027-10-01,0.000141,0,very_low,baseline
UNION STREET,BROOKLYN,2027-11-01,0.00013,0,very_low,baseline
UNION STREET,BROOKLYN,2027-12-01,0.000124,0,very_low,baseline
UNION STREET,BROOKLYN,2028-01-01,0.000143,0,very_low,baseline
UNION STREET,BROOKLYN,2028-02-01,0.000149,0,very_low,baseline
UNION STREET,BROOKLYN,2028-03-01,0.000148,0,very_low,baseline
UNION STREET,BROOKLYN,2028-04-01,0.000146,0,very_low,baseline
UNION STREET,BROOKLYN,2028-05-01,0.00015,0,very_low,baseline
UNION STREET,BROOKLYN,2028-06-01,0.000147,0,very_low,baseline
UNION STREET,BROOKLYN,2028-07-01,0.00015,0,very_low,baseline
UNION STREET,BROOKLYN,2028-08-01,0.000153,0,very_low,baseline
UNION STREET,BROOKLYN,2028-09-01,0.000161,0,very_low,baseline
UNION STREET,BROOKLYN,2028-10-01,0.000141,0,very_low,baseline
UNION STREET,BROOKLYN,2028-11-01,0.00013,0,very_low,baseline
UNION STREET,BROOKLYN,2028-12-01,0.000124,0,very_low,baseline
UNION STREET,BROOKLYN,2029-01-01,0.000143,0,very_low,baseline
UNION STREET,BROOKLYN,2029-02-01,0.000149,0,very_low,baseline
UNION STREET,BROOKLYN,2029-03-01,0.000148,0,very_low,baseline
UNION STREET,BROOKLYN,2029-04-01,0.000146,0,very_low,baseline
UNION STREET,BROOKLYN,2029-05-01,0.00015,0,very_low,baseline
UNION STREET,BROOKLYN,2029-06-01,0.000147,0,very_low,baseline
UNION STREET,BROOKLYN,2029-07-01,0.00015,0,very_low,baseline
UNION STREET,BROOKLYN,2029-08-01,0.000153,0,very_low,baseline
UNION STREET,BROOKLYN,2029-09-01,0.000161,0,very_low,baseline
UNION STREET,BROOKLYN,2029-10-01,0.000141,0,very_low,baseline
UNION STREET,BROOKLYN,2029-11-01,0.00013,0,very_low,baseline
UNION STREET,BROOKLYN,2029-12-01,0.000124,0,very_low,baseline
UNION TURNPIKE-KEW GARDENS,QUEENS,2027-01-01,0.045427,0,very_low,baseline
UNION TURNPIKE-KEW GARDENS,QUEENS,2027-02-01,0.051118,1,very_low,baseline
UNION TURNPIKE-KEW GARDENS,QUEENS,2027-03-01,0.037216,0,very_low,baseline
UNION TURNPIKE-KEW GARDENS,QUEENS,2027-04-01,0.027417,0,very_low,baseline
UNION TURNPIKE-KEW GARDENS,QUEENS,2027-05-01,0.021771,0,very_low,baseline
UNION TURNPIKE-KEW GARDENS,QUEENS,2027-06-01,0.031523,0,very_low,baseline
UNION TURNPIKE-KEW GARDENS,QUEENS,2027-07-01,0.032074,0,very_low,baseline
UNION TURNPIKE-KEW GARDENS,QUEENS,2027-08-01,0.034306,0,very_low,baseline
UNION TURNPIKE-KEW GARDENS,QUEENS,2027-09-01,0.037134,0,very_low,baseline
UNION TURNPIKE-KEW GARDENS,QUEENS,2027-10-01,0.032628,0,very_low,baseline
UNION TURNPIKE-KEW GARDENS,QUEENS,2027-11-01,0.031782,0,very_low,baseline
UNION TURNPIKE-KEW GARDENS,QUEENS,2027-12-01,0.035495,0,very_low,baseline
UNION TURNPIKE-KEW GARDENS,QUEENS,2028-01-01,0.032413,0,very_low,baseline
UNION TURNPIKE-KEW GARDENS,QUEENS,2028-02-01,0.030232,0,very_low,baseline
UNION TURNPIKE-KEW GARDENS,QUEENS,2028-03-01,0.056209,1,very_low,baseline
UNION TURNPIKE-KEW GARDENS,QUEENS,2028-04-01,0.033647,0,very_low,baseline
UNION TURNPIKE-KEW GARDENS,QUEENS,2028-05-01,0.029959,0,very_low,baseline
UNION TURNPIKE-KEW GARDENS,QUEENS,2028-06-01,0.030474,0,very_low,baseline
UNION TURNPIKE-KEW GARDENS,QUEENS,2028-07-01,0.031006,0,very_low,baseline
UNION TURNPIKE-KEW GARDENS,QUEENS,2028-08-01,0.035127,0,very_low,baseline
UNION TURNPIKE-KEW GARDENS,QUEENS,2028-09-01,0.038381,0,very_low,baseline
UNION TURNPIKE-KEW GARDENS,QUEENS,2028-10-01,0.03341,0,very_low,baseline
UNION TURNPIKE-KEW GARDENS,QUEENS,2028-11-01,0.032544,0,very_low,baseline
UNION TURNPIKE-KEW GARDENS,QUEENS,2028-12-01,0.032439,0,very_low,baseline
UNION TURNPIKE-KEW GARDENS,QUEENS,2029-01-01,0.032413,0,very_low,baseline
UNION TURNPIKE-KEW GARDENS,QUEENS,2029-02-01,0.030232,0,very_low,baseline
UNION TURNPIKE-KEW GARDENS,QUEENS,2029-03-01,0.028662,0,very_low,baseline
UNION TURNPIKE-KEW GARDENS,QUEENS,2029-04-01,0.056209,1,very_low,baseline
UNION TURNPIKE-KEW GARDENS,QUEENS,2029-05-01,0.035115,0,very_low,baseline
UNION TURNPIKE-KEW GARDENS,QUEENS,2029-06-01,0.030514,0,very_low,baseline
UNION TURNPIKE-KEW GARDENS,QUEENS,2029-07-01,0.031007,0,very_low,baseline
UNION TURNPIKE-KEW GARDENS,QUEENS,2029-08-01,0.035127,0,very_low,baseline
UNION TURNPIKE-KEW GARDENS,QUEENS,2029-09-01,0.03802,0,very_low,baseline
UNION TURNPIKE-KEW GARDENS,QUEENS,2029-10-01,0.033728,0,very_low,baseline
UNION TURNPIKE-KEW GARDENS,QUEENS,2029-11-01,0.032544,0,very_low,baseline
UNION TURNPIKE-KEW GARDENS,QUEENS,2029-12-01,0.032439,0,very_low,baseline
UTICA AVE.-CROWN HEIGHTS,BROOKLYN,2027-01-01,0.547489,1,medium,baseline
UTICA AVE.-CROWN HEIGHTS,BROOKLYN,2027-02-01,0.78575,1,high,baseline
UTICA AVE.-CROWN HEIGHTS,BROOKLYN,2027-03-01,0.85866,1,very_high,baseline
UTICA AVE.-CROWN HEIGHTS,BROOKLYN,2027-04-01,0.868102,1,very_high,baseline
UTICA AVE.-CROWN HEIGHTS,BROOKLYN,2027-05-01,0.787356,1,high,baseline
UTICA AVE.-CROWN HEIGHTS,BROOKLYN,2027-06-01,0.884827,1,very_high,baseline
UTICA AVE.-CROWN HEIGHTS,BROOKLYN,2027-07-01,0.900014,1,very_high,baseline
UTICA AVE.-CROWN HEIGHTS,BROOKLYN,2027-08-01,0.913942,1,very_high,baseline
UTICA AVE.-CROWN HEIGHTS,BROOKLYN,2027-09-01,0.921036,1,very_high,baseline
UTICA AVE.-CROWN HEIGHTS,BROOKLYN,2027-10-01,0.925642,1,very_high,baseline
UTICA AVE.-CROWN HEIGHTS,BROOKLYN,2027-11-01,0.927001,1,very_high,baseline
UTICA AVE.-CROWN HEIGHTS,BROOKLYN,2027-12-01,0.930397,1,very_high,baseline
UTICA AVE.-CROWN HEIGHTS,BROOKLYN,2028-01-01,0.917237,1,very_high,baseline
UTICA AVE.-CROWN HEIGHTS,BROOKLYN,2028-02-01,0.921525,1,very_high,baseline
UTICA AVE.-CROWN HEIGHTS,BROOKLYN,2028-03-01,0.923084,1,very_high,baseline
UTICA AVE.-CROWN HEIGHTS,BROOKLYN,2028-04-01,0.922349,1,very_high,baseline
UTICA AVE.-CROWN HEIGHTS,BROOKLYN,2028-05-01,0.924454,1,very_high,baseline
UTICA AVE.-CROWN HEIGHTS,BROOKLYN,2028-06-01,0.925309,1,very_high,baseline
UTICA AVE.-CROWN HEIGHTS,BROOKLYN,2028-07-01,0.925483,1,very_high,baseline
UTICA AVE.-CROWN HEIGHTS,BROOKLYN,2028-08-01,0.926252,1,very_high,baseline
UTICA AVE.-CROWN HEIGHTS,BROOKLYN,2028-09-01,0.92663,1,very_high,baseline
UTICA AVE.-CROWN HEIGHTS,BROOKLYN,2028-10-01,0.929169,1,very_high,baseline
UTICA AVE.-CROWN HEIGHTS,BROOKLYN,2028-11-01,0.930249,1,very_high,baseline
UTICA AVE.-CROWN HEIGHTS,BROOKLYN,2028-12-01,0.930397,1,very_high,baseline
UTICA AVE.-CROWN HEIGHTS,BROOKLYN,2029-01-01,0.917237,1,very_high,baseline
UTICA AVE.-CROWN HEIGHTS,BROOKLYN,2029-02-01,0.921525,1,very_high,baseline
UTICA AVE.-CROWN HEIGHTS,BROOKLYN,2029-03-01,0.923084,1,very_high,baseline
UTICA AVE.-CROWN HEIGHTS,BROOKLYN,2029-04-01,0.922349,1,very_high,baseline
UTICA AVE.-CROWN HEIGHTS,BROOKLYN,2029-05-01,0.924454,1,very_high,baseline
UTICA AVE.-CROWN HEIGHTS,BROOKLYN,2029-06-01,0.925309,1,very_high,baseline
UTICA AVE.-CROWN HEIGHTS,BROOKLYN,2029-07-01,0.925483,1,very_high,baseline
UTICA AVE.-CROWN HEIGHTS,BROOKLYN,2029-08-01,0.926252,1,very_high,baseline
UTICA AVE.-CROWN HEIGHTS,BROOKLYN,2029-09-01,0.92663,1,very_high,baseline
UTICA AVE.-CROWN HEIGHTS,BROOKLYN,2029-10-01,0.929169,1,very_high,baseline
UTICA AVE.-CROWN HEIGHTS,BROOKLYN,2029-11-01,0.930249,1,very_high,baseline
UTICA AVE.-CROWN HEIGHTS,BROOKLYN,2029-12-01,0.930397,1,very_high,baseline
UTICA AVENUE,BROOKLYN,2027-01-01,0.027419,0,very_low,baseline
UTICA AVENUE,BROOKLYN,2027-02-01,0.027441,0,very_low,baseline
UTICA AVENUE,BROOKLYN,2027-03-01,0.057908,1,very_low,baseline
UTICA AVENUE,BROOKLYN,2027-04-01,0.057888,1,very_low,baseline
UTICA AVENUE,BROOKLYN,2027-05-01,0.082702,1,very_low,baseline
UTICA AVENUE,BROOKLYN,2027-06-01,0.119867,1,very_low,baseline
UTICA AVENUE,BROOKLYN,2027-07-01,0.127158,1,very_low,baseline
UTICA AVENUE,BROOKLYN,2027-08-01,0.145229,1,very_low,baseline
UTICA AVENUE,BROOKLYN,2027-09-01,0.158973,1,very_low,baseline
UTICA AVENUE,BROOKLYN,2027-10-01,0.182083,1,very_low,baseline
UTICA AVENUE,BROOKLYN,2027-11-01,0.177744,1,very_low,baseline
UTICA AVENUE,BROOKLYN,2027-12-01,0.174621,1,very_low,baseline
UTICA AVENUE,BROOKLYN,2028-01-01,0.17113,1,very_low,baseline
UTICA AVENUE,BROOKLYN,2028-02-01,0.177885,1,very_low,baseline
UTICA AVENUE,BROOKLYN,2028-03-01,0.184628,1,very_low,baseline
UTICA AVENUE,BROOKLYN,2028-04-01,0.182806,1,very_low,baseline
UTICA AVENUE,BROOKLYN,2028-05-01,0.187015,1,very_low,baseline
UTICA AVENUE,BROOKLYN,2028-06-01,0.189911,1,very_low,baseline
UTICA AVENUE,BROOKLYN,2028-07-01,0.189592,1,very_low,baseline
UTICA AVENUE,BROOKLYN,2028-08-01,0.198162,1,very_low,baseline
UTICA AVENUE,BROOKLYN,2028-09-01,0.201849,1,low,baseline
UTICA AVENUE,BROOKLYN,2028-10-01,0.19786,1,very_low,baseline
UTICA AVENUE,BROOKLYN,2028-11-01,0.185058,1,very_low,baseline
UTICA AVENUE,BROOKLYN,2028-12-01,0.180511,1,very_low,baseline
UTICA AVENUE,BROOKLYN,2029-01-01,0.180043,1,very_low,baseline
UTICA AVENUE,BROOKLYN,2029-02-01,0.177885,1,very_low,baseline
UTICA AVENUE,BROOKLYN,2029-03-01,0.184628,1,very_low,baseline
UTICA AVENUE,BROOKLYN,2029-04-01,0.182806,1,very_low,baseline
UTICA AVENUE,BROOKLYN,2029-05-01,0.187015,1,very_low,baseline
UTICA AVENUE,BROOKLYN,2029-06-01,0.189911,1,very_low,baseline
UTICA AVENUE,BROOKLYN,2029-07-01,0.189592,1,very_low,baseline
UTICA AVENUE,BROOKLYN,2029-08-01,0.198162,1,very_low,baseline
UTICA AVENUE,BROOKLYN,2029-09-01,0.201849,1,low,baseline
UTICA AVENUE,BROOKLYN,2029-10-01,0.19786,1,very_low,baseline
UTICA AVENUE,BROOKLYN,2029-11-01,0.185058,1,very_low,baseline
UTICA AVENUE,BROOKLYN,2029-12-01,0.180511,1,very_low,baseline
VAN SICLEN AVENUE,BROOKLYN,2027-01-01,0.00032,0,very_low,baseline
VAN SICLEN AVENUE,BROOKLYN,2027-02-01,0.000526,0,very_low,baseline
VAN SICLEN AVENUE,BROOKLYN,2027-03-01,0.000557,0,very_low,baseline
VAN SICLEN AVENUE,BROOKLYN,2027-04-01,0.000486,0,very_low,baseline
VAN SICLEN AVENUE,BROOKLYN,2027-05-01,0.000714,0,very_low,baseline
VAN SICLEN AVENUE,BROOKLYN,2027-06-01,0.000709,0,very_low,baseline
VAN SICLEN AVENUE,BROOKLYN,2027-07-01,0.00068,0,very_low,baseline
VAN SICLEN AVENUE,BROOKLYN,2027-08-01,0.000755,0,very_low,baseline
VAN SICLEN AVENUE,BROOKLYN,2027-09-01,0.000784,0,very_low,baseline
VAN SICLEN AVENUE,BROOKLYN,2027-10-01,0.000664,0,very_low,baseline
VAN SICLEN AVENUE,BROOKLYN,2027-11-01,0.000539,0,very_low,baseline
VAN SICLEN AVENUE,BROOKLYN,2027-12-01,0.000518,0,very_low,baseline
VAN SICLEN AVENUE,BROOKLYN,2028-01-01,0.000672,0,very_low,baseline
VAN SICLEN AVENUE,BROOKLYN,2028-02-01,0.000699,0,very_low,baseline
VAN SICLEN AVENUE,BROOKLYN,2028-03-01,0.00071,0,very_low,baseline
VAN SICLEN AVENUE,BROOKLYN,2028-04-01,0.000684,0,very_low,baseline
VAN SICLEN AVENUE,BROOKLYN,2028-05-01,0.000703,0,very_low,baseline
VAN SICLEN AVENUE,BROOKLYN,2028-06-01,0.000709,0,very_low,baseline
VAN SICLEN AVENUE,BROOKLYN,2028-07-01,0.00068,0,very_low,baseline
VAN SICLEN AVENUE,BROOKLYN,2028-08-01,0.000755,0,very_low,baseline
VAN SICLEN AVENUE,BROOKLYN,2028-09-01,0.000784,0,very_low,baseline
VAN SICLEN AVENUE,BROOKLYN,2028-10-01,0.000664,0,very_low,baseline
VAN SICLEN AVENUE,BROOKLYN,2028-11-01,0.000539,0,very_low,baseline
VAN SICLEN AVENUE,BROOKLYN,2028-12-01,0.000518,0,very_low,baseline
VAN SICLEN AVENUE,BROOKLYN,2029-01-01,0.000672,0,very_low,baseline
VAN SICLEN AVENUE,BROOKLYN,2029-02-01,0.000699,0,very_low,baseline
VAN SICLEN AVENUE,BROOKLYN,2029-03-01,0.00071,0,very_low,baseline
VAN SICLEN AVENUE,BROOKLYN,2029-04-01,0.000684,0,very_low,baseline
VAN SICLEN AVENUE,BROOKLYN,2029-05-01,0.000703,0,very_low,baseline
VAN SICLEN AVENUE,BROOKLYN,2029-06-01,0.000709,0,very_low,baseline
VAN SICLEN AVENUE,BROOKLYN,2029-07-01,0.00068,0,very_low,baseline
VAN SICLEN AVENUE,BROOKLYN,2029-08-01,0.000755,0,very_low,baseline
VAN SICLEN AVENUE,BROOKLYN,2029-09-01,0.000784,0,very_low,baseline
VAN SICLEN AVENUE,BROOKLYN,2029-10-01,0.000664,0,very_low,baseline
VAN SICLEN AVENUE,BROOKLYN,2029-11-01,0.000539,0,very_low,baseline
VAN SICLEN AVENUE,BROOKLYN,2029-12-01,0.000518,0,very_low,baseline
VAN WYCK BLVD.-BRIARWOOD,QUEENS,2027-01-01,0.000445,0,very_low,baseline
VAN WYCK BLVD.-BRIARWOOD,QUEENS,2027-02-01,0.000416,0,very_low,baseline
VAN WYCK BLVD.-BRIARWOOD,QUEENS,2027-03-01,0.000476,0,very_low,baseline
VAN WYCK BLVD.-BRIARWOOD,QUEENS,2027-04-01,0.000443,0,very_low,baseline
VAN WYCK BLVD.-BRIARWOOD,QUEENS,2027-05-01,0.000472,0,very_low,baseline
VAN WYCK BLVD.-BRIARWOOD,QUEENS,2027-06-01,0.000506,0,very_low,baseline
VAN WYCK BLVD.-BRIARWOOD,QUEENS,2027-07-01,0.000476,0,very_low,baseline
VAN WYCK BLVD.-BRIARWOOD,QUEENS,2027-08-01,0.000481,0,very_low,baseline
VAN WYCK BLVD.-BRIARWOOD,QUEENS,2027-09-01,0.000616,0,very_low,baseline
VAN WYCK BLVD.-BRIARWOOD,QUEENS,2027-10-01,0.000487,0,very_low,baseline
VAN WYCK BLVD.-BRIARWOOD,QUEENS,2027-11-01,0.000411,0,very_low,baseline
VAN WYCK BLVD.-BRIARWOOD,QUEENS,2027-12-01,0.000395,0,very_low,baseline
VAN WYCK BLVD.-BRIARWOOD,QUEENS,2028-01-01,0.000547,0,very_low,baseline
VAN WYCK BLVD.-BRIARWOOD,QUEENS,2028-02-01,0.000542,0,very_low,baseline
VAN WYCK BLVD.-BRIARWOOD,QUEENS,2028-03-01,0.000565,0,very_low,baseline
VAN WYCK BLVD.-BRIARWOOD,QUEENS,2028-04-01,0.000565,0,very_low,baseline
VAN WYCK BLVD.-BRIARWOOD,QUEENS,2028-05-01,0.00058,0,very_low,baseline
VAN WYCK BLVD.-BRIARWOOD,QUEENS,2028-06-01,0.000582,0,very_low,baseline
VAN WYCK BLVD.-BRIARWOOD,QUEENS,2028-07-01,0.000547,0,very_low,baseline
VAN WYCK BLVD.-BRIARWOOD,QUEENS,2028-08-01,0.000593,0,very_low,baseline
VAN WYCK BLVD.-BRIARWOOD,QUEENS,2028-09-01,0.000616,0,very_low,baseline
VAN WYCK BLVD.-BRIARWOOD,QUEENS,2028-10-01,0.000487,0,very_low,baseline
VAN WYCK BLVD.-BRIARWOOD,QUEENS,2028-11-01,0.000411,0,very_low,baseline
VAN WYCK BLVD.-BRIARWOOD,QUEENS,2028-12-01,0.000395,0,very_low,baseline
VAN WYCK BLVD.-BRIARWOOD,QUEENS,2029-01-01,0.000547,0,very_low,baseline
VAN WYCK BLVD.-BRIARWOOD,QUEENS,2029-02-01,0.000542,0,very_low,baseline
VAN WYCK BLVD.-BRIARWOOD,QUEENS,2029-03-01,0.000565,0,very_low,baseline
VAN WYCK BLVD.-BRIARWOOD,QUEENS,2029-04-01,0.000565,0,very_low,baseline
VAN WYCK BLVD.-BRIARWOOD,QUEENS,2029-05-01,0.00058,0,very_low,baseline
VAN WYCK BLVD.-BRIARWOOD,QUEENS,2029-06-01,0.000582,0,very_low,baseline
VAN WYCK BLVD.-BRIARWOOD,QUEENS,2029-07-01,0.000547,0,very_low,baseline
VAN WYCK BLVD.-BRIARWOOD,QUEENS,2029-08-01,0.000593,0,very_low,baseline
VAN WYCK BLVD.-BRIARWOOD,QUEENS,2029-09-01,0.000616,0,very_low,baseline
VAN WYCK BLVD.-BRIARWOOD,QUEENS,2029-10-01,0.000487,0,very_low,baseline
VAN WYCK BLVD.-BRIARWOOD,QUEENS,2029-11-01,0.000411,0,very_low,baseline
VAN WYCK BLVD.-BRIARWOOD,QUEENS,2029-12-01,0.000395,0,very_low,baseline
VERNON BLVD.-JACKSON AVE.,QUEENS,2027-01-01,0.006239,0,very_low,baseline
VERNON BLVD.-JACKSON AVE.,QUEENS,2027-02-01,0.012032,0,very_low,baseline
VERNON BLVD.-JACKSON AVE.,QUEENS,2027-03-01,0.058813,1,very_low,baseline
VERNON BLVD.-JACKSON AVE.,QUEENS,2027-04-01,0.038002,0,very_low,baseline
VERNON BLVD.-JACKSON AVE.,QUEENS,2027-05-01,0.040436,0,very_low,baseline
VERNON BLVD.-JACKSON AVE.,QUEENS,2027-06-01,0.05302,1,very_low,baseline
VERNON BLVD.-JACKSON AVE.,QUEENS,2027-07-01,0.053072,1,very_low,baseline
VERNON BLVD.-JACKSON AVE.,QUEENS,2027-08-01,0.056584,1,very_low,baseline
VERNON BLVD.-JACKSON AVE.,QUEENS,2027-09-01,0.068242,1,very_low,baseline
VERNON BLVD.-JACKSON AVE.,QUEENS,2027-10-01,0.060187,1,very_low,baseline
VERNON BLVD.-JACKSON AVE.,QUEENS,2027-11-01,0.056062,1,very_low,baseline
VERNON BLVD.-JACKSON AVE.,QUEENS,2027-12-01,0.057474,1,very_low,baseline
VERNON BLVD.-JACKSON AVE.,QUEENS,2028-01-01,0.071217,1,very_low,baseline
VERNON BLVD.-JACKSON AVE.,QUEENS,2028-02-01,0.070219,1,very_low,baseline
VERNON BLVD.-JACKSON AVE.,QUEENS,2028-03-01,0.07118,1,very_low,baseline
VERNON BLVD.-JACKSON AVE.,QUEENS,2028-04-01,0.070262,1,very_low,baseline
VERNON BLVD.-JACKSON AVE.,QUEENS,2028-05-01,0.075349,1,very_low,baseline
VERNON BLVD.-JACKSON AVE.,QUEENS,2028-06-01,0.075918,1,very_low,baseline
VERNON BLVD.-JACKSON AVE.,QUEENS,2028-07-01,0.075479,1,very_low,baseline
VERNON BLVD.-JACKSON AVE.,QUEENS,2028-08-01,0.073528,1,very_low,baseline
VERNON BLVD.-JACKSON AVE.,QUEENS,2028-09-01,0.070898,1,very_low,baseline
VERNON BLVD.-JACKSON AVE.,QUEENS,2028-10-01,0.062186,1,very_low,baseline
VERNON BLVD.-JACKSON AVE.,QUEENS,2028-11-01,0.059785,1,very_low,baseline
VERNON BLVD.-JACKSON AVE.,QUEENS,2028-12-01,0.057045,1,very_low,baseline
VERNON BLVD.-JACKSON AVE.,QUEENS,2029-01-01,0.071843,1,very_low,baseline
VERNON BLVD.-JACKSON AVE.,QUEENS,2029-02-01,0.070837,1,very_low,baseline
VERNON BLVD.-JACKSON AVE.,QUEENS,2029-03-01,0.073236,1,very_low,baseline
VERNON BLVD.-JACKSON AVE.,QUEENS,2029-04-01,0.072293,1,very_low,baseline
VERNON BLVD.-JACKSON AVE.,QUEENS,2029-05-01,0.075349,1,very_low,baseline
VERNON BLVD.-JACKSON AVE.,QUEENS,2029-06-01,0.075918,1,very_low,baseline
VERNON BLVD.-JACKSON AVE.,QUEENS,2029-07-01,0.075479,1,very_low,baseline
VERNON BLVD.-JACKSON AVE.,QUEENS,2029-08-01,0.073528,1,very_low,baseline
VERNON BLVD.-JACKSON AVE.,QUEENS,2029-09-01,0.070898,1,very_low,baseline
VERNON BLVD.-JACKSON AVE.,QUEENS,2029-10-01,0.062186,1,very_low,baseline
VERNON BLVD.-JACKSON AVE.,QUEENS,2029-11-01,0.059785,1,very_low,baseline
VERNON BLVD.-JACKSON AVE.,QUEENS,2029-12-01,0.057045,1,very_low,baseline
W. 4 STREET,MANHATTAN,2027-01-01,0.192022,1,very_low,baseline
W. 4 STREET,MANHATTAN,2027-02-01,0.287592,1,low,baseline
W. 4 STREET,MANHATTAN,2027-03-01,0.333651,1,low,baseline
W. 4 STREET,MANHATTAN,2027-04-01,0.426997,1,medium,baseline
W. 4 STREET,MANHATTAN,2027-05-01,0.460136,1,medium,baseline
W. 4 STREET,MANHATTAN,2027-06-01,0.604091,1,high,baseline
W. 4 STREET,MANHATTAN,2027-07-01,0.614285,1,high,baseline
W. 4 STREET,MANHATTAN,2027-08-01,0.614989,1,high,baseline
W. 4 STREET,MANHATTAN,2027-09-01,0.615414,1,high,baseline
W. 4 STREET,MANHATTAN,2027-10-01,0.609639,1,high,baseline
W. 4 STREET,MANHATTAN,2027-11-01,0.61682,1,high,baseline
W. 4 STREET,MANHATTAN,2027-12-01,0.613919,1,high,baseline
W. 4 STREET,MANHATTAN,2028-01-01,0.624562,1,high,baseline
W. 4 STREET,MANHATTAN,2028-02-01,0.626962,1,high,baseline
W. 4 STREET,MANHATTAN,2028-03-01,0.631332,1,high,baseline
W. 4 STREET,MANHATTAN,2028-04-01,0.626221,1,high,baseline
W. 4 STREET,MANHATTAN,2028-05-01,0.627025,1,high,baseline
W. 4 STREET,MANHATTAN,2028-06-01,0.627707,1,high,baseline
W. 4 STREET,MANHATTAN,2028-07-01,0.625317,1,high,baseline
W. 4 STREET,MANHATTAN,2028-08-01,0.623922,1,high,baseline
W. 4 STREET,MANHATTAN,2028-09-01,0.629313,1,high,baseline
W. 4 STREET,MANHATTAN,2028-10-01,0.623619,1,high,baseline
W. 4 STREET,MANHATTAN,2028-11-01,0.61682,1,high,baseline
W. 4 STREET,MANHATTAN,2028-12-01,0.613919,1,high,baseline
W. 4 STREET,MANHATTAN,2029-01-01,0.624562,1,high,baseline
W. 4 STREET,MANHATTAN,2029-02-01,0.626962,1,high,baseline
W. 4 STREET,MANHATTAN,2029-03-01,0.631332,1,high,baseline
W. 4 STREET,MANHATTAN,2029-04-01,0.626221,1,high,baseline
W. 4 STREET,MANHATTAN,2029-05-01,0.627025,1,high,baseline
W. 4 STREET,MANHATTAN,2029-06-01,0.627707,1,high,baseline
W. 4 STREET,MANHATTAN,2029-07-01,0.625317,1,high,baseline
W. 4 STREET,MANHATTAN,2029-08-01,0.623922,1,high,baseline
W. 4 STREET,MANHATTAN,2029-09-01,0.629313,1,high,baseline
W. 4 STREET,MANHATTAN,2029-10-01,0.623619,1,high,baseline
W. 4 STREET,MANHATTAN,2029-11-01,0.61682,1,high,baseline
W. 4 STREET,MANHATTAN,2029-12-01,0.613919,1,high,baseline
WALL STREET,MANHATTAN,2027-01-01,0.000345,0,very_low,baseline
WALL STREET,MANHATTAN,2027-02-01,0.000268,0,very_low,baseline
WALL STREET,MANHATTAN,2027-03-01,0.000266,0,very_low,baseline
WALL STREET,MANHATTAN,2027-04-01,0.000278,0,very_low,baseline
WALL STREET,MANHATTAN,2027-05-01,0.000296,0,very_low,baseline
WALL STREET,MANHATTAN,2027-06-01,0.000308,0,very_low,baseline
WALL STREET,MANHATTAN,2027-07-01,0.000318,0,very_low,baseline
WALL STREET,MANHATTAN,2027-08-01,0.000323,0,very_low,baseline
WALL STREET,MANHATTAN,2027-09-01,0.00033,0,very_low,baseline
WALL STREET,MANHATTAN,2027-10-01,0.000286,0,very_low,baseline
WALL STREET,MANHATTAN,2027-11-01,0.00023,0,very_low,baseline
WALL STREET,MANHATTAN,2027-12-01,0.000219,0,very_low,baseline
WALL STREET,MANHATTAN,2028-01-01,0.000273,0,very_low,baseline
WALL STREET,MANHATTAN,2028-02-01,0.000291,0,very_low,baseline
WALL STREET,MANHATTAN,2028-03-01,0.00029,0,very_low,baseline
WALL STREET,MANHATTAN,2028-04-01,0.000289,0,very_low,baseline
WALL STREET,MANHATTAN,2028-05-01,0.000296,0,very_low,baseline
WALL STREET,MANHATTAN,2028-06-01,0.000308,0,very_low,baseline
WALL STREET,MANHATTAN,2028-07-01,0.000318,0,very_low,baseline
WALL STREET,MANHATTAN,2028-08-01,0.000323,0,very_low,baseline
WALL STREET,MANHATTAN,2028-09-01,0.00033,0,very_low,baseline
WALL STREET,MANHATTAN,2028-10-01,0.000286,0,very_low,baseline
WALL STREET,MANHATTAN,2028-11-01,0.00023,0,very_low,baseline
WALL STREET,MANHATTAN,2028-12-01,0.000219,0,very_low,baseline
WALL STREET,MANHATTAN,2029-01-01,0.000273,0,very_low,baseline
WALL STREET,MANHATTAN,2029-02-01,0.000291,0,very_low,baseline
WALL STREET,MANHATTAN,2029-03-01,0.00029,0,very_low,baseline
WALL STREET,MANHATTAN,2029-04-01,0.000289,0,very_low,baseline
WALL STREET,MANHATTAN,2029-05-01,0.000296,0,very_low,baseline
WALL STREET,MANHATTAN,2029-06-01,0.000308,0,very_low,baseline
WALL STREET,MANHATTAN,2029-07-01,0.000318,0,very_low,baseline
WALL STREET,MANHATTAN,2029-08-01,0.000323,0,very_low,baseline
WALL STREET,MANHATTAN,2029-09-01,0.00033,0,very_low,baseline
WALL STREET,MANHATTAN,2029-10-01,0.000286,0,very_low,baseline
WALL STREET,MANHATTAN,2029-11-01,0.00023,0,very_low,baseline
WALL STREET,MANHATTAN,2029-12-01,0.000219,0,very_low,baseline
WEST 34 STREET/HUDSON YARDS,MANHATTAN,2027-01-01,0.030714,0,very_low,baseline
WEST 34 STREET/HUDSON YARDS,MANHATTAN,2027-02-01,0.063633,1,very_low,baseline
WEST 34 STREET/HUDSON YARDS,MANHATTAN,2027-03-01,0.076614,1,very_low,baseline
WEST 34 STREET/HUDSON YARDS,MANHATTAN,2027-04-01,0.108982,1,very_low,baseline
WEST 34 STREET/HUDSON YARDS,MANHATTAN,2027-05-01,0.090304,1,very_low,baseline
WEST 34 STREET/HUDSON YARDS,MANHATTAN,2027-06-01,0.069183,1,very_low,baseline
WEST 34 STREET/HUDSON YARDS,MANHATTAN,2027-07-01,0.070448,1,very_low,baseline
WEST 34 STREET/HUDSON YARDS,MANHATTAN,2027-08-01,0.072155,1,very_low,baseline
WEST 34 STREET/HUDSON YARDS,MANHATTAN,2027-09-01,0.075265,1,very_low,baseline
WEST 34 STREET/HUDSON YARDS,MANHATTAN,2027-10-01,0.070657,1,very_low,baseline
WEST 34 STREET/HUDSON YARDS,MANHATTAN,2027-11-01,0.06649,1,very_low,baseline
WEST 34 STREET/HUDSON YARDS,MANHATTAN,2027-12-01,0.062213,1,very_low,baseline
WEST 34 STREET/HUDSON YARDS,MANHATTAN,2028-01-01,0.068812,1,very_low,baseline
WEST 34 STREET/HUDSON YARDS,MANHATTAN,2028-02-01,0.071587,1,very_low,baseline
WEST 34 STREET/HUDSON YARDS,MANHATTAN,2028-03-01,0.071592,1,very_low,baseline
WEST 34 STREET/HUDSON YARDS,MANHATTAN,2028-04-01,0.070669,1,very_low,baseline
WEST 34 STREET/HUDSON YARDS,MANHATTAN,2028-05-01,0.073662,1,very_low,baseline
WEST 34 STREET/HUDSON YARDS,MANHATTAN,2028-06-01,0.076433,1,very_low,baseline
WEST 34 STREET/HUDSON YARDS,MANHATTAN,2028-07-01,0.078223,1,very_low,baseline
WEST 34 STREET/HUDSON YARDS,MANHATTAN,2028-08-01,0.07813,1,very_low,baseline
WEST 34 STREET/HUDSON YARDS,MANHATTAN,2028-09-01,0.077401,1,very_low,baseline
WEST 34 STREET/HUDSON YARDS,MANHATTAN,2028-10-01,0.072159,1,very_low,baseline
WEST 34 STREET/HUDSON YARDS,MANHATTAN,2028-11-01,0.06791,1,very_low,baseline
WEST 34 STREET/HUDSON YARDS,MANHATTAN,2028-12-01,0.064824,1,very_low,baseline
WEST 34 STREET/HUDSON YARDS,MANHATTAN,2029-01-01,0.068812,1,very_low,baseline
WEST 34 STREET/HUDSON YARDS,MANHATTAN,2029-02-01,0.071587,1,very_low,baseline
WEST 34 STREET/HUDSON YARDS,MANHATTAN,2029-03-01,0.071592,1,very_low,baseline
WEST 34 STREET/HUDSON YARDS,MANHATTAN,2029-04-01,0.070669,1,very_low,baseline
WEST 34 STREET/HUDSON YARDS,MANHATTAN,2029-05-01,0.073662,1,very_low,baseline
WEST 34 STREET/HUDSON YARDS,MANHATTAN,2029-06-01,0.076433,1,very_low,baseline
WEST 34 STREET/HUDSON YARDS,MANHATTAN,2029-07-01,0.078223,1,very_low,baseline
WEST 34 STREET/HUDSON YARDS,MANHATTAN,2029-08-01,0.07813,1,very_low,baseline
WEST 34 STREET/HUDSON YARDS,MANHATTAN,2029-09-01,0.077401,1,very_low,baseline
WEST 34 STREET/HUDSON YARDS,MANHATTAN,2029-10-01,0.072159,1,very_low,baseline
WEST 34 STREET/HUDSON YARDS,MANHATTAN,2029-11-01,0.06791,1,very_low,baseline
WEST 34 STREET/HUDSON YARDS,MANHATTAN,2029-12-01,0.064824,1,very_low,baseline
WEST 8 STREET-NY AQUARIUM,BROOKLYN,2027-01-01,0.000212,0,very_low,baseline
WEST 8 STREET-NY AQUARIUM,BROOKLYN,2027-02-01,0.000268,0,very_low,baseline
WEST 8 STREET-NY AQUARIUM,BROOKLYN,2027-03-01,0.000285,0,very_low,baseline
WEST 8 STREET-NY AQUARIUM,BROOKLYN,2027-04-01,0.00034,0,very_low,baseline
WEST 8 STREET-NY AQUARIUM,BROOKLYN,2027-05-01,0.000306,0,very_low,baseline
WEST 8 STREET-NY AQUARIUM,BROOKLYN,2027-06-01,0.000283,0,very_low,baseline
WEST 8 STREET-NY AQUARIUM,BROOKLYN,2027-07-01,0.000292,0,very_low,baseline
WEST 8 STREET-NY AQUARIUM,BROOKLYN,2027-08-01,0.000299,0,very_low,baseline
WEST 8 STREET-NY AQUARIUM,BROOKLYN,2027-09-01,0.000306,0,very_low,baseline
WEST 8 STREET-NY AQUARIUM,BROOKLYN,2027-10-01,0.000265,0,very_low,baseline
WEST 8 STREET-NY AQUARIUM,BROOKLYN,2027-11-01,0.000207,0,very_low,baseline
WEST 8 STREET-NY AQUARIUM,BROOKLYN,2027-12-01,0.000196,0,very_low,baseline
WEST 8 STREET-NY AQUARIUM,BROOKLYN,2028-01-01,0.000257,0,very_low,baseline
WEST 8 STREET-NY AQUARIUM,BROOKLYN,2028-02-01,0.000279,0,very_low,baseline
WEST 8 STREET-NY AQUARIUM,BROOKLYN,2028-03-01,0.000261,0,very_low,baseline
WEST 8 STREET-NY AQUARIUM,BROOKLYN,2028-04-01,0.000266,0,very_low,baseline
WEST 8 STREET-NY AQUARIUM,BROOKLYN,2028-05-01,0.000273,0,very_low,baseline
WEST 8 STREET-NY AQUARIUM,BROOKLYN,2028-06-01,0.000283,0,very_low,baseline
WEST 8 STREET-NY AQUARIUM,BROOKLYN,2028-07-01,0.000292,0,very_low,baseline
WEST 8 STREET-NY AQUARIUM,BROOKLYN,2028-08-01,0.000299,0,very_low,baseline
WEST 8 STREET-NY AQUARIUM,BROOKLYN,2028-09-01,0.000306,0,very_low,baseline
WEST 8 STREET-NY AQUARIUM,BROOKLYN,2028-10-01,0.000265,0,very_low,baseline
WEST 8 STREET-NY AQUARIUM,BROOKLYN,2028-11-01,0.000207,0,very_low,baseline
WEST 8 STREET-NY AQUARIUM,BROOKLYN,2028-12-01,0.000196,0,very_low,baseline
WEST 8 STREET-NY AQUARIUM,BROOKLYN,2029-01-01,0.000257,0,very_low,baseline
WEST 8 STREET-NY AQUARIUM,BROOKLYN,2029-02-01,0.000279,0,very_low,baseline
WEST 8 STREET-NY AQUARIUM,BROOKLYN,2029-03-01,0.000261,0,very_low,baseline
WEST 8 STREET-NY AQUARIUM,BROOKLYN,2029-04-01,0.000266,0,very_low,baseline
WEST 8 STREET-NY AQUARIUM,BROOKLYN,2029-05-01,0.000273,0,very_low,baseline
WEST 8 STREET-NY AQUARIUM,BROOKLYN,2029-06-01,0.000283,0,very_low,baseline
WEST 8 STREET-NY AQUARIUM,BROOKLYN,2029-07-01,0.000292,0,very_low,baseline
WEST 8 STREET-NY AQUARIUM,BROOKLYN,2029-08-01,0.000299,0,very_low,baseline
WEST 8 STREET-NY AQUARIUM,BROOKLYN,2029-09-01,0.000306,0,very_low,baseline
WEST 8 STREET-NY AQUARIUM,BROOKLYN,2029-10-01,0.000265,0,very_low,baseline
WEST 8 STREET-NY AQUARIUM,BROOKLYN,2029-11-01,0.000207,0,very_low,baseline
WEST 8 STREET-NY AQUARIUM,BROOKLYN,2029-12-01,0.000196,0,very_low,baseline
WHITEHALL ST.-SOUTH FERRY,MANHATTAN,2027-01-01,0.0003,0,very_low,baseline
WHITEHALL ST.-SOUTH FERRY,MANHATTAN,2027-02-01,0.000365,0,very_low,baseline
WHITEHALL ST.-SOUTH FERRY,MANHATTAN,2027-03-01,0.000346,0,very_low,baseline
WHITEHALL ST.-SOUTH FERRY,MANHATTAN,2027-04-01,0.000325,0,very_low,baseline
WHITEHALL ST.-SOUTH FERRY,MANHATTAN,2027-05-01,0.000349,0,very_low,baseline
WHITEHALL ST.-SOUTH FERRY,MANHATTAN,2027-06-01,0.000331,0,very_low,baseline
WHITEHALL ST.-SOUTH FERRY,MANHATTAN,2027-07-01,0.000342,0,very_low,baseline
WHITEHALL ST.-SOUTH FERRY,MANHATTAN,2027-08-01,0.000359,0,very_low,baseline
WHITEHALL ST.-SOUTH FERRY,MANHATTAN,2027-09-01,0.000367,0,very_low,baseline
WHITEHALL ST.-SOUTH FERRY,MANHATTAN,2027-10-01,0.000318,0,very_low,baseline
WHITEHALL ST.-SOUTH FERRY,MANHATTAN,2027-11-01,0.000248,0,very_low,baseline
WHITEHALL ST.-SOUTH FERRY,MANHATTAN,2027-12-01,0.000236,0,very_low,baseline
WHITEHALL ST.-SOUTH FERRY,MANHATTAN,2028-01-01,0.000307,0,very_low,baseline
WHITEHALL ST.-SOUTH FERRY,MANHATTAN,2028-02-01,0.000334,0,very_low,baseline
WHITEHALL ST.-SOUTH FERRY,MANHATTAN,2028-03-01,0.000312,0,very_low,baseline
WHITEHALL ST.-SOUTH FERRY,MANHATTAN,2028-04-01,0.00031,0,very_low,baseline
WHITEHALL ST.-SOUTH FERRY,MANHATTAN,2028-05-01,0.000319,0,very_low,baseline
WHITEHALL ST.-SOUTH FERRY,MANHATTAN,2028-06-01,0.000331,0,very_low,baseline
WHITEHALL ST.-SOUTH FERRY,MANHATTAN,2028-07-01,0.000342,0,very_low,baseline
WHITEHALL ST.-SOUTH FERRY,MANHATTAN,2028-08-01,0.000359,0,very_low,baseline
WHITEHALL ST.-SOUTH FERRY,MANHATTAN,2028-09-01,0.000367,0,very_low,baseline
WHITEHALL ST.-SOUTH FERRY,MANHATTAN,2028-10-01,0.000318,0,very_low,baseline
WHITEHALL ST.-SOUTH FERRY,MANHATTAN,2028-11-01,0.000248,0,very_low,baseline
WHITEHALL ST.-SOUTH FERRY,MANHATTAN,2028-12-01,0.000236,0,very_low,baseline
WHITEHALL ST.-SOUTH FERRY,MANHATTAN,2029-01-01,0.000307,0,very_low,baseline
WHITEHALL ST.-SOUTH FERRY,MANHATTAN,2029-02-01,0.000334,0,very_low,baseline
WHITEHALL ST.-SOUTH FERRY,MANHATTAN,2029-03-01,0.000312,0,very_low,baseline
WHITEHALL ST.-SOUTH FERRY,MANHATTAN,2029-04-01,0.00031,0,very_low,baseline
WHITEHALL ST.-SOUTH FERRY,MANHATTAN,2029-05-01,0.000319,0,very_low,baseline
WHITEHALL ST.-SOUTH FERRY,MANHATTAN,2029-06-01,0.000331,0,very_low,baseline
WHITEHALL ST.-SOUTH FERRY,MANHATTAN,2029-07-01,0.000342,0,very_low,baseline
WHITEHALL ST.-SOUTH FERRY,MANHATTAN,2029-08-01,0.000359,0,very_low,baseline
WHITEHALL ST.-SOUTH FERRY,MANHATTAN,2029-09-01,0.000367,0,very_low,baseline
WHITEHALL ST.-SOUTH FERRY,MANHATTAN,2029-10-01,0.000318,0,very_low,baseline
WHITEHALL ST.-SOUTH FERRY,MANHATTAN,2029-11-01,0.000248,0,very_low,baseline
WHITEHALL ST.-SOUTH FERRY,MANHATTAN,2029-12-01,0.000236,0,very_low,baseline
WHITLOCK AVENUE,BRONX,2027-01-01,0.0003,0,very_low,baseline
WHITLOCK AVENUE,BRONX,2027-02-01,0.000368,0,very_low,baseline
WHITLOCK AVENUE,BRONX,2027-03-01,0.00055,0,very_low,baseline
WHITLOCK AVENUE,BRONX,2027-04-01,0.000465,0,very_low,baseline
WHITLOCK AVENUE,BRONX,2027-05-01,0.000444,0,very_low,baseline
WHITLOCK AVENUE,BRONX,2027-06-01,0.000467,0,very_low,baseline
WHITLOCK AVENUE,BRONX,2027-07-01,0.000455,0,very_low,baseline
WHITLOCK AVENUE,BRONX,2027-08-01,0.000462,0,very_low,baseline
WHITLOCK AVENUE,BRONX,2027-09-01,0.000473,0,very_low,baseline
WHITLOCK AVENUE,BRONX,2027-10-01,0.000415,0,very_low,baseline
WHITLOCK AVENUE,BRONX,2027-11-01,0.000334,0,very_low,baseline
WHITLOCK AVENUE,BRONX,2027-12-01,0.000317,0,very_low,baseline
WHITLOCK AVENUE,BRONX,2028-01-01,0.000445,0,very_low,baseline
WHITLOCK AVENUE,BRONX,2028-02-01,0.000484,0,very_low,baseline
WHITLOCK AVENUE,BRONX,2028-03-01,0.000453,0,very_low,baseline
WHITLOCK AVENUE,BRONX,2028-04-01,0.000449,0,very_low,baseline
WHITLOCK AVENUE,BRONX,2028-05-01,0.000452,0,very_low,baseline
WHITLOCK AVENUE,BRONX,2028-06-01,0.000467,0,very_low,baseline
WHITLOCK AVENUE,BRONX,2028-07-01,0.000455,0,very_low,baseline
WHITLOCK AVENUE,BRONX,2028-08-01,0.000462,0,very_low,baseline
WHITLOCK AVENUE,BRONX,2028-09-01,0.000473,0,very_low,baseline
WHITLOCK AVENUE,BRONX,2028-10-01,0.000415,0,very_low,baseline
WHITLOCK AVENUE,BRONX,2028-11-01,0.000334,0,very_low,baseline
WHITLOCK AVENUE,BRONX,2028-12-01,0.000317,0,very_low,baseline
WHITLOCK AVENUE,BRONX,2029-01-01,0.000445,0,very_low,baseline
WHITLOCK AVENUE,BRONX,2029-02-01,0.000484,0,very_low,baseline
WHITLOCK AVENUE,BRONX,2029-03-01,0.000453,0,very_low,baseline
WHITLOCK AVENUE,BRONX,2029-04-01,0.000449,0,very_low,baseline
WHITLOCK AVENUE,BRONX,2029-05-01,0.000452,0,very_low,baseline
WHITLOCK AVENUE,BRONX,2029-06-01,0.000467,0,very_low,baseline
WHITLOCK AVENUE,BRONX,2029-07-01,0.000455,0,very_low,baseline
WHITLOCK AVENUE,BRONX,2029-08-01,0.000462,0,very_low,baseline
WHITLOCK AVENUE,BRONX,2029-09-01,0.000473,0,very_low,baseline
WHITLOCK AVENUE,BRONX,2029-10-01,0.000415,0,very_low,baseline
WHITLOCK AVENUE,BRONX,2029-11-01,0.000334,0,very_low,baseline
WHITLOCK AVENUE,BRONX,2029-12-01,0.000317,0,very_low,baseline
WILLETS POINT-SHEA STADIUM,QUEENS,2027-01-01,0.000766,0,very_low,baseline
WILLETS POINT-SHEA STADIUM,QUEENS,2027-02-01,0.000423,0,very_low,baseline
WILLETS POINT-SHEA STADIUM,QUEENS,2027-03-01,0.00094,0,very_low,baseline
WILLETS POINT-SHEA STADIUM,QUEENS,2027-04-01,0.000896,0,very_low,baseline
WILLETS POINT-SHEA STADIUM,QUEENS,2027-05-01,0.00074,0,very_low,baseline
WILLETS POINT-SHEA STADIUM,QUEENS,2027-06-01,0.000743,0,very_low,baseline
WILLETS POINT-SHEA STADIUM,QUEENS,2027-07-01,0.000724,0,very_low,baseline
WILLETS POINT-SHEA STADIUM,QUEENS,2027-08-01,0.000774,0,very_low,baseline
WILLETS POINT-SHEA STADIUM,QUEENS,2027-09-01,0.000795,0,very_low,baseline
WILLETS POINT-SHEA STADIUM,QUEENS,2027-10-01,0.000644,0,very_low,baseline
WILLETS POINT-SHEA STADIUM,QUEENS,2027-11-01,0.000589,0,very_low,baseline
WILLETS POINT-SHEA STADIUM,QUEENS,2027-12-01,0.000566,0,very_low,baseline
WILLETS POINT-SHEA STADIUM,QUEENS,2028-01-01,0.000754,0,very_low,baseline
WILLETS POINT-SHEA STADIUM,QUEENS,2028-02-01,0.000799,0,very_low,baseline
WILLETS POINT-SHEA STADIUM,QUEENS,2028-03-01,0.000736,0,very_low,baseline
WILLETS POINT-SHEA STADIUM,QUEENS,2028-04-01,0.000718,0,very_low,baseline
WILLETS POINT-SHEA STADIUM,QUEENS,2028-05-01,0.000737,0,very_low,baseline
WILLETS POINT-SHEA STADIUM,QUEENS,2028-06-01,0.000743,0,very_low,baseline
WILLETS POINT-SHEA STADIUM,QUEENS,2028-07-01,0.000724,0,very_low,baseline
WILLETS POINT-SHEA STADIUM,QUEENS,2028-08-01,0.000774,0,very_low,baseline
WILLETS POINT-SHEA STADIUM,QUEENS,2028-09-01,0.000795,0,very_low,baseline
WILLETS POINT-SHEA STADIUM,QUEENS,2028-10-01,0.000644,0,very_low,baseline
WILLETS POINT-SHEA STADIUM,QUEENS,2028-11-01,0.000589,0,very_low,baseline
WILLETS POINT-SHEA STADIUM,QUEENS,2028-12-01,0.000566,0,very_low,baseline
WILLETS POINT-SHEA STADIUM,QUEENS,2029-01-01,0.000754,0,very_low,baseline
WILLETS POINT-SHEA STADIUM,QUEENS,2029-02-01,0.000799,0,very_low,baseline
WILLETS POINT-SHEA STADIUM,QUEENS,2029-03-01,0.000736,0,very_low,baseline
WILLETS POINT-SHEA STADIUM,QUEENS,2029-04-01,0.000718,0,very_low,baseline
WILLETS POINT-SHEA STADIUM,QUEENS,2029-05-01,0.000737,0,very_low,baseline
WILLETS POINT-SHEA STADIUM,QUEENS,2029-06-01,0.000743,0,very_low,baseline
WILLETS POINT-SHEA STADIUM,QUEENS,2029-07-01,0.000724,0,very_low,baseline
WILLETS POINT-SHEA STADIUM,QUEENS,2029-08-01,0.000774,0,very_low,baseline
WILLETS POINT-SHEA STADIUM,QUEENS,2029-09-01,0.000795,0,very_low,baseline
WILLETS POINT-SHEA STADIUM,QUEENS,2029-10-01,0.000644,0,very_low,baseline
WILLETS POINT-SHEA STADIUM,QUEENS,2029-11-01,0.000589,0,very_low,baseline
WILLETS POINT-SHEA STADIUM,QUEENS,2029-12-01,0.000566,0,very_low,baseline
WILSON AVENUE,BROOKLYN,2027-01-01,0.00708,0,very_low,baseline
WILSON AVENUE,BROOKLYN,2027-02-01,0.004298,0,very_low,baseline
WILSON AVENUE,BROOKLYN,2027-03-01,0.00175,0,very_low,baseline
WILSON AVENUE,BROOKLYN,2027-04-01,0.001235,0,very_low,baseline
WILSON AVENUE,BROOKLYN,2027-05-01,0.001648,0,very_low,baseline
WILSON AVENUE,BROOKLYN,2027-06-01,0.002727,0,very_low,baseline
WILSON AVENUE,BROOKLYN,2027-07-01,0.002877,0,very_low,baseline
WILSON AVENUE,BROOKLYN,2027-08-01,0.00292,0,very_low,baseline
WILSON AVENUE,BROOKLYN,2027-09-01,0.003032,0,very_low,baseline
WILSON AVENUE,BROOKLYN,2027-10-01,0.002628,0,very_low,baseline
WILSON AVENUE,BROOKLYN,2027-11-01,0.002449,0,very_low,baseline
WILSON AVENUE,BROOKLYN,2027-12-01,0.00233,0,very_low,baseline
WILSON AVENUE,BROOKLYN,2028-01-01,0.002843,0,very_low,baseline
WILSON AVENUE,BROOKLYN,2028-02-01,0.002859,0,very_low,baseline
WILSON AVENUE,BROOKLYN,2028-03-01,0.002822,0,very_low,baseline
WILSON AVENUE,BROOKLYN,2028-04-01,0.002787,0,very_low,baseline
WILSON AVENUE,BROOKLYN,2028-05-01,0.002914,0,very_low,baseline
WILSON AVENUE,BROOKLYN,2028-06-01,0.002727,0,very_low,baseline
WILSON AVENUE,BROOKLYN,2028-07-01,0.002877,0,very_low,baseline
WILSON AVENUE,BROOKLYN,2028-08-01,0.00292,0,very_low,baseline
WILSON AVENUE,BROOKLYN,2028-09-01,0.003032,0,very_low,baseline
WILSON AVENUE,BROOKLYN,2028-10-01,0.002628,0,very_low,baseline
WILSON AVENUE,BROOKLYN,2028-11-01,0.002449,0,very_low,baseline
WILSON AVENUE,BROOKLYN,2028-12-01,0.00233,0,very_low,baseline
WILSON AVENUE,BROOKLYN,2029-01-01,0.002843,0,very_low,baseline
WILSON AVENUE,BROOKLYN,2029-02-01,0.002859,0,very_low,baseline
WILSON AVENUE,BROOKLYN,2029-03-01,0.002822,0,very_low,baseline
WILSON AVENUE,BROOKLYN,2029-04-01,0.002787,0,very_low,baseline
WILSON AVENUE,BROOKLYN,2029-05-01,0.002914,0,very_low,baseline
WILSON AVENUE,BROOKLYN,2029-06-01,0.002727,0,very_low,baseline
WILSON AVENUE,BROOKLYN,2029-07-01,0.002877,0,very_low,baseline
WILSON AVENUE,BROOKLYN,2029-08-01,0.00292,0,very_low,baseline
WILSON AVENUE,BROOKLYN,2029-09-01,0.003032,0,very_low,baseline
WILSON AVENUE,BROOKLYN,2029-10-01,0.002628,0,very_low,baseline
WILSON AVENUE,BROOKLYN,2029-11-01,0.002449,0,very_low,baseline
WILSON AVENUE,BROOKLYN,2029-12-01,0.00233,0,very_low,baseline
WINTHROP STREET,BROOKLYN,2027-01-01,0.000261,0,very_low,baseline
WINTHROP STREET,BROOKLYN,2027-02-01,0.000142,0,very_low,baseline
WINTHROP STREET,BROOKLYN,2027-03-01,0.000114,0,very_low,baseline
WINTHROP STREET,BROOKLYN,2027-04-01,0.000132,0,very_low,baseline
WINTHROP STREET,BROOKLYN,2027-05-01,0.000144,0,very_low,baseline
WINTHROP STREET,BROOKLYN,2027-06-01,0.000148,0,very_low,baseline
WINTHROP STREET,BROOKLYN,2027-07-01,0.000154,0,very_low,baseline
WINTHROP STREET,BROOKLYN,2027-08-01,0.000162,0,very_low,baseline
WINTHROP STREET,BROOKLYN,2027-09-01,0.00017,0,very_low,baseline
WINTHROP STREET,BROOKLYN,2027-10-01,0.000149,0,very_low,baseline
WINTHROP STREET,BROOKLYN,2027-11-01,0.000137,0,very_low,baseline
WINTHROP STREET,BROOKLYN,2027-12-01,0.000131,0,very_low,baseline
WINTHROP STREET,BROOKLYN,2028-01-01,0.000144,0,very_low,baseline
WINTHROP STREET,BROOKLYN,2028-02-01,0.00015,0,very_low,baseline
WINTHROP STREET,BROOKLYN,2028-03-01,0.000149,0,very_low,baseline
WINTHROP STREET,BROOKLYN,2028-04-01,0.000147,0,very_low,baseline
WINTHROP STREET,BROOKLYN,2028-05-01,0.000151,0,very_low,baseline
WINTHROP STREET,BROOKLYN,2028-06-01,0.000148,0,very_low,baseline
WINTHROP STREET,BROOKLYN,2028-07-01,0.000154,0,very_low,baseline
WINTHROP STREET,BROOKLYN,2028-08-01,0.000162,0,very_low,baseline
WINTHROP STREET,BROOKLYN,2028-09-01,0.00017,0,very_low,baseline
WINTHROP STREET,BROOKLYN,2028-10-01,0.000149,0,very_low,baseline
WINTHROP STREET,BROOKLYN,2028-11-01,0.000137,0,very_low,baseline
WINTHROP STREET,BROOKLYN,2028-12-01,0.000131,0,very_low,baseline
WINTHROP STREET,BROOKLYN,2029-01-01,0.000144,0,very_low,baseline
WINTHROP STREET,BROOKLYN,2029-02-01,0.00015,0,very_low,baseline
WINTHROP STREET,BROOKLYN,2029-03-01,0.000149,0,very_low,baseline
WINTHROP STREET,BROOKLYN,2029-04-01,0.000147,0,very_low,baseline
WINTHROP STREET,BROOKLYN,2029-05-01,0.000151,0,very_low,baseline
WINTHROP STREET,BROOKLYN,2029-06-01,0.000148,0,very_low,baseline
WINTHROP STREET,BROOKLYN,2029-07-01,0.000154,0,very_low,baseline
WINTHROP STREET,BROOKLYN,2029-08-01,0.000162,0,very_low,baseline
WINTHROP STREET,BROOKLYN,2029-09-01,0.00017,0,very_low,baseline
WINTHROP STREET,BROOKLYN,2029-10-01,0.000149,0,very_low,baseline
WINTHROP STREET,BROOKLYN,2029-11-01,0.000137,0,very_low,baseline
WINTHROP STREET,BROOKLYN,2029-12-01,0.000131,0,very_low,baseline
WOODHAVEN BLVD.,QUEENS,2027-01-01,0.058743,1,very_low,baseline
WOODHAVEN BLVD.,QUEENS,2027-02-01,0.040149,0,very_low,baseline
WOODHAVEN BLVD.,QUEENS,2027-03-01,0.106598,1,very_low,baseline
WOODHAVEN BLVD.,QUEENS,2027-04-01,0.072631,1,very_low,baseline
WOODHAVEN BLVD.,QUEENS,2027-05-01,0.099053,1,very_low,baseline
WOODHAVEN BLVD.,QUEENS,2027-06-01,0.139154,1,very_low,baseline
WOODHAVEN BLVD.,QUEENS,2027-07-01,0.137353,1,very_low,baseline
WOODHAVEN BLVD.,QUEENS,2027-08-01,0.12534,1,very_low,baseline
WOODHAVEN BLVD.,QUEENS,2027-09-01,0.127049,1,very_low,baseline
WOODHAVEN BLVD.,QUEENS,2027-10-01,0.111445,1,very_low,baseline
WOODHAVEN BLVD.,QUEENS,2027-11-01,0.105145,1,very_low,baseline
WOODHAVEN BLVD.,QUEENS,2027-12-01,0.098644,1,very_low,baseline
WOODHAVEN BLVD.,QUEENS,2028-01-01,0.1195,1,very_low,baseline
WOODHAVEN BLVD.,QUEENS,2028-02-01,0.124046,1,very_low,baseline
WOODHAVEN BLVD.,QUEENS,2028-03-01,0.127569,1,very_low,baseline
WOODHAVEN BLVD.,QUEENS,2028-04-01,0.126021,1,very_low,baseline
WOODHAVEN BLVD.,QUEENS,2028-05-01,0.131028,1,very_low,baseline
WOODHAVEN BLVD.,QUEENS,2028-06-01,0.134867,1,very_low,baseline
WOODHAVEN BLVD.,QUEENS,2028-07-01,0.134136,1,very_low,baseline
WOODHAVEN BLVD.,QUEENS,2028-08-01,0.128319,1,very_low,baseline
WOODHAVEN BLVD.,QUEENS,2028-09-01,0.125298,1,very_low,baseline
WOODHAVEN BLVD.,QUEENS,2028-10-01,0.111593,1,very_low,baseline
WOODHAVEN BLVD.,QUEENS,2028-11-01,0.105286,1,very_low,baseline
WOODHAVEN BLVD.,QUEENS,2028-12-01,0.100685,1,very_low,baseline
WOODHAVEN BLVD.,QUEENS,2029-01-01,0.1195,1,very_low,baseline
WOODHAVEN BLVD.,QUEENS,2029-02-01,0.124046,1,very_low,baseline
WOODHAVEN BLVD.,QUEENS,2029-03-01,0.127569,1,very_low,baseline
WOODHAVEN BLVD.,QUEENS,2029-04-01,0.126021,1,very_low,baseline
WOODHAVEN BLVD.,QUEENS,2029-05-01,0.131028,1,very_low,baseline
WOODHAVEN BLVD.,QUEENS,2029-06-01,0.134867,1,very_low,baseline
WOODHAVEN BLVD.,QUEENS,2029-07-01,0.134136,1,very_low,baseline
WOODHAVEN BLVD.,QUEENS,2029-08-01,0.128319,1,very_low,baseline
WOODHAVEN BLVD.,QUEENS,2029-09-01,0.125298,1,very_low,baseline
WOODHAVEN BLVD.,QUEENS,2029-10-01,0.111593,1,very_low,baseline
WOODHAVEN BLVD.,QUEENS,2029-11-01,0.105286,1,very_low,baseline
WOODHAVEN BLVD.,QUEENS,2029-12-01,0.100685,1,very_low,baseline
WOODLAWN,BRONX,2027-01-01,0.03376,0,very_low,baseline
WOODLAWN,BRONX,2027-02-01,0.022779,0,very_low,baseline
WOODLAWN,BRONX,2027-03-01,0.008853,0,very_low,baseline
WOODLAWN,BRONX,2027-04-01,0.012393,0,very_low,baseline
WOODLAWN,BRONX,2027-05-01,0.007393,0,very_low,baseline
WOODLAWN,BRONX,2027-06-01,0.009447,0,very_low,baseline
WOODLAWN,BRONX,2027-07-01,0.009145,0,very_low,baseline
WOODLAWN,BRONX,2027-08-01,0.009117,0,very_low,baseline
WOODLAWN,BRONX,2027-09-01,0.009247,0,very_low,baseline
WOODLAWN,BRONX,2027-10-01,0.007747,0,very_low,baseline
WOODLAWN,BRONX,2027-11-01,0.006379,0,very_low,baseline
WOODLAWN,BRONX,2027-12-01,0.005862,0,very_low,baseline
WOODLAWN,BRONX,2028-01-01,0.010906,0,very_low,baseline
WOODLAWN,BRONX,2028-02-01,0.01097,0,very_low,baseline
WOODLAWN,BRONX,2028-03-01,0.010653,0,very_low,baseline
WOODLAWN,BRONX,2028-04-01,0.009964,0,very_low,baseline
WOODLAWN,BRONX,2028-05-01,0.00984,0,very_low,baseline
WOODLAWN,BRONX,2028-06-01,0.009447,0,very_low,baseline
WOODLAWN,BRONX,2028-07-01,0.009145,0,very_low,baseline
WOODLAWN,BRONX,2028-08-01,0.009117,0,very_low,baseline
WOODLAWN,BRONX,2028-09-01,0.009247,0,very_low,baseline
WOODLAWN,BRONX,2028-10-01,0.007747,0,very_low,baseline
WOODLAWN,BRONX,2028-11-01,0.006379,0,very_low,baseline
WOODLAWN,BRONX,2028-12-01,0.005862,0,very_low,baseline
WOODLAWN,BRONX,2029-01-01,0.010906,0,very_low,baseline
WOODLAWN,BRONX,2029-02-01,0.01097,0,very_low,baseline
WOODLAWN,BRONX,2029-03-01,0.010653,0,very_low,baseline
WOODLAWN,BRONX,2029-04-01,0.009964,0,very_low,baseline
WOODLAWN,BRONX,2029-05-01,0.00984,0,very_low,baseline
WOODLAWN,BRONX,2029-06-01,0.009447,0,very_low,baseline
WOODLAWN,BRONX,2029-07-01,0.009145,0,very_low,baseline
WOODLAWN,BRONX,2029-08-01,0.009117,0,very_low,baseline
WOODLAWN,BRONX,2029-09-01,0.009247,0,very_low,baseline
WOODLAWN,BRONX,2029-10-01,0.007747,0,very_low,baseline
WOODLAWN,BRONX,2029-11-01,0.006379,0,very_low,baseline
WOODLAWN,BRONX,2029-12-01,0.005862,0,very_low,baseline
WYCKOFF AVENUE,BROOKLYN,2027-01-01,0.001521,0,very_low,baseline
WYCKOFF AVENUE,BROOKLYN,2027-02-01,0.001775,0,very_low,baseline
WYCKOFF AVENUE,BROOKLYN,2027-03-01,0.001612,0,very_low,baseline
WYCKOFF AVENUE,BROOKLYN,2027-04-01,0.001526,0,very_low,baseline
WYCKOFF AVENUE,BROOKLYN,2027-05-01,0.002082,0,very_low,baseline
WYCKOFF AVENUE,BROOKLYN,2027-06-01,0.001639,0,very_low,baseline
WYCKOFF AVENUE,BROOKLYN,2027-07-01,0.001638,0,very_low,baseline
WYCKOFF AVENUE,BROOKLYN,2027-08-01,0.001788,0,very_low,baseline
WYCKOFF AVENUE,BROOKLYN,2027-09-01,0.002013,0,very_low,baseline
WYCKOFF AVENUE,BROOKLYN,2027-10-01,0.00184,0,very_low,baseline
WYCKOFF AVENUE,BROOKLYN,2027-11-01,0.001856,0,very_low,baseline
WYCKOFF AVENUE,BROOKLYN,2027-12-01,0.00179,0,very_low,baseline
WYCKOFF AVENUE,BROOKLYN,2028-01-01,0.001561,0,very_low,baseline
WYCKOFF AVENUE,BROOKLYN,2028-02-01,0.00149,0,very_low,baseline
WYCKOFF AVENUE,BROOKLYN,2028-03-01,0.001618,0,very_low,baseline
WYCKOFF AVENUE,BROOKLYN,2028-04-01,0.001657,0,very_low,baseline
WYCKOFF AVENUE,BROOKLYN,2028-05-01,0.00172,0,very_low,baseline
WYCKOFF AVENUE,BROOKLYN,2028-06-01,0.001639,0,very_low,baseline
WYCKOFF AVENUE,BROOKLYN,2028-07-01,0.001638,0,very_low,baseline
WYCKOFF AVENUE,BROOKLYN,2028-08-01,0.001788,0,very_low,baseline
WYCKOFF AVENUE,BROOKLYN,2028-09-01,0.002013,0,very_low,baseline
WYCKOFF AVENUE,BROOKLYN,2028-10-01,0.00184,0,very_low,baseline
WYCKOFF AVENUE,BROOKLYN,2028-11-01,0.001856,0,very_low,baseline
WYCKOFF AVENUE,BROOKLYN,2028-12-01,0.00179,0,very_low,baseline
WYCKOFF AVENUE,BROOKLYN,2029-01-01,0.001561,0,very_low,baseline
WYCKOFF AVENUE,BROOKLYN,2029-02-01,0.00149,0,very_low,baseline
WYCKOFF AVENUE,BROOKLYN,2029-03-01,0.001618,0,very_low,baseline
WYCKOFF AVENUE,BROOKLYN,2029-04-01,0.001657,0,very_low,baseline
WYCKOFF AVENUE,BROOKLYN,2029-05-01,0.00172,0,very_low,baseline
WYCKOFF AVENUE,BROOKLYN,2029-06-01,0.001639,0,very_low,baseline
WYCKOFF AVENUE,BROOKLYN,2029-07-01,0.001638,0,very_low,baseline
WYCKOFF AVENUE,BROOKLYN,2029-08-01,0.001788,0,very_low,baseline
WYCKOFF AVENUE,BROOKLYN,2029-09-01,0.002013,0,very_low,baseline
WYCKOFF AVENUE,BROOKLYN,2029-10-01,0.00184,0,very_low,baseline
WYCKOFF AVENUE,BROOKLYN,2029-11-01,0.001856,0,very_low,baseline
WYCKOFF AVENUE,BROOKLYN,2029-12-01,0.00179,0,very_low,baseline
YORK STREET,BROOKLYN,2027-01-01,0.000749,0,very_low,baseline
YORK STREET,BROOKLYN,2027-02-01,0.000524,0,very_low,baseline
YORK STREET,BROOKLYN,2027-03-01,0.00053,0,very_low,baseline
YORK STREET,BROOKLYN,2027-04-01,0.000462,0,very_low,baseline
YORK STREET,BROOKLYN,2027-05-01,0.000392,0,very_low,baseline
YORK STREET,BROOKLYN,2027-06-01,0.000374,0,very_low,baseline
YORK STREET,BROOKLYN,2027-07-01,0.000362,0,very_low,baseline
YORK STREET,BROOKLYN,2027-08-01,0.000399,0,very_low,baseline
YORK STREET,BROOKLYN,2027-09-01,0.000425,0,very_low,baseline
YORK STREET,BROOKLYN,2027-10-01,0.000369,0,very_low,baseline
YORK STREET,BROOKLYN,2027-11-01,0.000329,0,very_low,baseline
YORK STREET,BROOKLYN,2027-12-01,0.000327,0,very_low,baseline
YORK STREET,BROOKLYN,2028-01-01,0.00036,0,very_low,baseline
YORK STREET,BROOKLYN,2028-02-01,0.000351,0,very_low,baseline
YORK STREET,BROOKLYN,2028-03-01,0.000363,0,very_low,baseline
YORK STREET,BROOKLYN,2028-04-01,0.000363,0,very_low,baseline
YORK STREET,BROOKLYN,2028-05-01,0.000373,0,very_low,baseline
YORK STREET,BROOKLYN,2028-06-01,0.000374,0,very_low,baseline
YORK STREET,BROOKLYN,2028-07-01,0.000362,0,very_low,baseline
YORK STREET,BROOKLYN,2028-08-01,0.000399,0,very_low,baseline
YORK STREET,BROOKLYN,2028-09-01,0.000425,0,very_low,baseline
YORK STREET,BROOKLYN,2028-10-01,0.000369,0,very_low,baseline
YORK STREET,BROOKLYN,2028-11-01,0.000329,0,very_low,baseline
YORK STREET,BROOKLYN,2028-12-01,0.000327,0,very_low,baseline
YORK STREET,BROOKLYN,2029-01-01,0.00036,0,very_low,baseline
YORK STREET,BROOKLYN,2029-02-01,0.000351,0,very_low,baseline
YORK STREET,BROOKLYN,2029-03-01,0.000363,0,very_low,baseline
YORK STREET,BROOKLYN,2029-04-01,0.000363,0,very_low,baseline
YORK STREET,BROOKLYN,2029-05-01,0.000373,0,very_low,baseline
YORK STREET,BROOKLYN,2029-06-01,0.000374,0,very_low,baseline
YORK STREET,BROOKLYN,2029-07-01,0.000362,0,very_low,baseline
YORK STREET,BROOKLYN,2029-08-01,0.000399,0,very_low,baseline
YORK STREET,BROOKLYN,2029-09-01,0.000425,0,very_low,baseline
YORK STREET,BROOKLYN,2029-10-01,0.000369,0,very_low,baseline
YORK STREET,BROOKLYN,2029-11-01,0.000329,0,very_low,baseline
YORK STREET,BROOKLYN,2029-12-01,0.000327,0,very_low,baseline
ZEREGA AVENUE,BRONX,2027-01-01,0.000201,0,very_low,baseline
ZEREGA AVENUE,BRONX,2027-02-01,0.000136,0,very_low,baseline
ZEREGA AVENUE,BRONX,2027-03-01,0.000117,0,very_low,baseline
ZEREGA AVENUE,BRONX,2027-04-01,0.000128,0,very_low,baseline
ZEREGA AVENUE,BRONX,2027-05-01,0.00014,0,very_low,baseline
ZEREGA AVENUE,BRONX,2027-06-01,0.000167,0,very_low,baseline
ZEREGA AVENUE,BRONX,2027-07-01,0.000171,0,very_low,baseline
ZEREGA AVENUE,BRONX,2027-08-01,0.000175,0,very_low,baseline
ZEREGA AVENUE,BRONX,2027-09-01,0.000183,0,very_low,baseline
ZEREGA AVENUE,BRONX,2027-10-01,0.000154,0,very_low,baseline
ZEREGA AVENUE,BRONX,2027-11-01,0.000143,0,very_low,baseline
ZEREGA AVENUE,BRONX,2027-12-01,0.000136,0,very_low,baseline
ZEREGA AVENUE,BRONX,2028-01-01,0.000163,0,very_low,baseline
ZEREGA AVENUE,BRONX,2028-02-01,0.00017,0,very_low,baseline
ZEREGA AVENUE,BRONX,2028-03-01,0.000168,0,very_low,baseline
ZEREGA AVENUE,BRONX,2028-04-01,0.000166,0,very_low,baseline
ZEREGA AVENUE,BRONX,2028-05-01,0.000171,0,very_low,baseline
ZEREGA AVENUE,BRONX,2028-06-01,0.000167,0,very_low,baseline
ZEREGA AVENUE,BRONX,2028-07-01,0.000171,0,very_low,baseline
ZEREGA AVENUE,BRONX,2028-08-01,0.000175,0,very_low,baseline
ZEREGA AVENUE,BRONX,2028-09-01,0.000183,0,very_low,baseline
ZEREGA AVENUE,BRONX,2028-10-01,0.000154,0,very_low,baseline
ZEREGA AVENUE,BRONX,2028-11-01,0.000143,0,very_low,baseline
ZEREGA AVENUE,BRONX,2028-12-01,0.000136,0,very_low,baseline
ZEREGA AVENUE,BRONX,2029-01-01,0.000163,0,very_low,baseline
ZEREGA AVENUE,BRONX,2029-02-01,0.00017,0,very_low,baseline
ZEREGA AVENUE,BRONX,2029-03-01,0.000168,0,very_low,baseline
ZEREGA AVENUE,BRONX,2029-04-01,0.000166,0,very_low,baseline
ZEREGA AVENUE,BRONX,2029-05-01,0.000171,0,very_low,baseline
ZEREGA AVENUE,BRONX,2029-06-01,0.000167,0,very_low,baseline
ZEREGA AVENUE,BRONX,2029-07-01,0.000171,0,very_low,baseline
ZEREGA AVENUE,BRONX,2029-08-01,0.000175,0,very_low,baseline
ZEREGA AVENUE,BRONX,2029-09-01,0.000183,0,very_low,baseline
ZEREGA AVENUE,BRONX,2029-10-01,0.000154,0,very_low,baseline
ZEREGA AVENUE,BRONX,2029-11-01,0.000143,0,very_low,baseline
ZEREGA AVENUE,BRONX,2029-12-01,0.000136,0,very_low,baseline
